item_id,platform,acquired_utc,local_date,wrs_path,wrs_row,cloud_cover_percent,city_coverage_fraction,lwir11_href,qa_pixel_href,qa_href,cdist_href,qa_radsat_href
LC08_L2SP_041036_20200516_02_T1,landsat-8,2020-05-16T18:27:45.431567+00:00,2020-05-16,041,036,6.7,0.9999999999999992,https://landsateuwest.blob.core.windows.net/landsat-c2/level-2/standard/oli-tirs/2020/041/036/LC08_L2SP_041036_20200516_20200820_02_T1/LC08_L2SP_041036_20200516_20200820_02_T1_ST_B10.TIF,https://landsateuwest.blob.core.windows.net/landsat-c2/level-2/standard/oli-tirs/2020/041/036/LC08_L2SP_041036_20200516_20200820_02_T1/LC08_L2SP_041036_20200516_20200820_02_T1_QA_PIXEL.TIF,https://landsateuwest.blob.core.windows.net/landsat-c2/level-2/standard/oli-tirs/2020/041/036/LC08_L2SP_041036_20200516_20200820_02_T1/LC08_L2SP_041036_20200516_20200820_02_T1_ST_QA.TIF,https://landsateuwest.blob.core.windows.net/landsat-c2/level-2/standard/oli-tirs/2020/041/036/LC08_L2SP_041036_20200516_20200820_02_T1/LC08_L2SP_041036_20200516_20200820_02_T1_ST_CDIST.TIF,https://landsateuwest.blob.core.windows.net/landsat-c2/level-2/standard/oli-tirs/2020/041/036/LC08_L2SP_041036_20200516_20200820_02_T1/LC08_L2SP_041036_20200516_20200820_02_T1_QA_RADSAT.TIF
LC08_L2SP_041036_20200601_02_T1,landsat-8,2020-06-01T18:27:50.386539+00:00,2020-06-01,041,036,31.06,0.9999999999999992,https://landsateuwest.blob.core.windows.net/landsat-c2/level-2/standard/oli-tirs/2020/041/036/LC08_L2SP_041036_20200601_20200824_02_T1/LC08_L2SP_041036_20200601_20200824_02_T1_ST_B10.TIF,https://landsateuwest.blob.core.windows.net/landsat-c2/level-2/standard/oli-tirs/2020/041/036/LC08_L2SP_041036_20200601_20200824_02_T1/LC08_L2SP_041036_20200601_20200824_02_T1_QA_PIXEL.TIF,https://landsateuwest.blob.core.windows.net/landsat-c2/level-2/standard/oli-tirs/2020/041/036/LC08_L2SP_041036_20200601_20200824_02_T1/LC08_L2SP_041036_20200601_20200824_02_T1_ST_QA.TIF,https://landsateuwest.blob.core.windows.net/landsat-c2/level-2/standard/oli-tirs/2020/041/036/LC08_L2SP_041036_20200601_20200824_02_T1/LC08_L2SP_041036_20200601_20200824_02_T1_ST_CDIST.TIF,https://landsateuwest.blob.core.windows.net/landsat-c2/level-2/standard/oli-tirs/2020/041/036/LC08_L2SP_041036_20200601_20200824_02_T1/LC08_L2SP_041036_20200601_20200824_02_T1_QA_RADSAT.TIF
LC08_L2SP_041036_20200617_02_T1,landsat-8,2020-06-17T18:28:00.236661+00:00,2020-06-17,041,036,21.47,0.9999999999999992,https://landsateuwest.blob.core.windows.net/landsat-c2/level-2/standard/oli-tirs/2020/041/036/LC08_L2SP_041036_20200617_20200824_02_T1/LC08_L2SP_041036_20200617_20200824_02_T1_ST_B10.TIF,https://landsateuwest.blob.core.windows.net/landsat-c2/level-2/standard/oli-tirs/2020/041/036/LC08_L2SP_041036_20200617_20200824_02_T1/LC08_L2SP_041036_20200617_20200824_02_T1_QA_PIXEL.TIF,https://landsateuwest.blob.core.windows.net/landsat-c2/level-2/standard/oli-tirs/2020/041/036/LC08_L2SP_041036_20200617_20200824_02_T1/LC08_L2SP_041036_20200617_20200824_02_T1_ST_QA.TIF,https://landsateuwest.blob.core.windows.net/landsat-c2/level-2/standard/oli-tirs/2020/041/036/LC08_L2SP_041036_20200617_20200824_02_T1/LC08_L2SP_041036_20200617_20200824_02_T1_ST_CDIST.TIF,https://landsateuwest.blob.core.windows.net/landsat-c2/level-2/standard/oli-tirs/2020/041/036/LC08_L2SP_041036_20200617_20200824_02_T1/LC08_L2SP_041036_20200617_20200824_02_T1_QA_RADSAT.TIF
LC08_L2SP_041036_20200703_02_T1,landsat-8,2020-07-03T18:28:08.021113+00:00,2020-07-03,041,036,0.1,0.9999999999999992,https://landsateuwest.blob.core.windows.net/landsat-c2/level-2/standard/oli-tirs/2020/041/036/LC08_L2SP_041036_20200703_20200913_02_T1/LC08_L2SP_041036_20200703_20200913_02_T1_ST_B10.TIF,https://landsateuwest.blob.core.windows.net/landsat-c2/level-2/standard/oli-tirs/2020/041/036/LC08_L2SP_041036_20200703_20200913_02_T1/LC08_L2SP_041036_20200703_20200913_02_T1_QA_PIXEL.TIF,https://landsateuwest.blob.core.windows.net/landsat-c2/level-2/standard/oli-tirs/2020/041/036/LC08_L2SP_041036_20200703_20200913_02_T1/LC08_L2SP_041036_20200703_20200913_02_T1_ST_QA.TIF,https://landsateuwest.blob.core.windows.net/landsat-c2/level-2/standard/oli-tirs/2020/041/036/LC08_L2SP_041036_20200703_20200913_02_T1/LC08_L2SP_041036_20200703_20200913_02_T1_ST_CDIST.TIF,https://landsateuwest.blob.core.windows.net/landsat-c2/level-2/standard/oli-tirs/2020/041/036/LC08_L2SP_041036_20200703_20200913_02_T1/LC08_L2SP_041036_20200703_20200913_02_T1_QA_RADSAT.TIF
LC08_L2SP_041036_20200719_02_T1,landsat-8,2020-07-19T18:28:13.806053+00:00,2020-07-19,041,036,6.48,0.9999999999999992,https://landsateuwest.blob.core.windows.net/landsat-c2/level-2/standard/oli-tirs/2020/041/036/LC08_L2SP_041036_20200719_20210330_02_T1/LC08_L2SP_041036_20200719_20210330_02_T1_ST_B10.TIF,https://landsateuwest.blob.core.windows.net/landsat-c2/level-2/standard/oli-tirs/2020/041/036/LC08_L2SP_041036_20200719_20210330_02_T1/LC08_L2SP_041036_20200719_20210330_02_T1_QA_PIXEL.TIF,https://landsateuwest.blob.core.windows.net/landsat-c2/level-2/standard/oli-tirs/2020/041/036/LC08_L2SP_041036_20200719_20210330_02_T1/LC08_L2SP_041036_20200719_20210330_02_T1_ST_QA.TIF,https://landsateuwest.blob.core.windows.net/landsat-c2/level-2/standard/oli-tirs/2020/041/036/LC08_L2SP_041036_20200719_20210330_02_T1/LC08_L2SP_041036_20200719_20210330_02_T1_ST_CDIST.TIF,https://landsateuwest.blob.core.windows.net/landsat-c2/level-2/standard/oli-tirs/2020/041/036/LC08_L2SP_041036_20200719_20210330_02_T1/LC08_L2SP_041036_20200719_20210330_02_T1_QA_RADSAT.TIF
LC08_L2SP_041036_20200804_02_T1,landsat-8,2020-08-04T18:28:17.620792+00:00,2020-08-04,041,036,15.32,0.9999999999999992,https://landsateuwest.blob.core.windows.net/landsat-c2/level-2/standard/oli-tirs/2020/041/036/LC08_L2SP_041036_20200804_20200914_02_T1/LC08_L2SP_041036_20200804_20200914_02_T1_ST_B10.TIF,https://landsateuwest.blob.core.windows.net/landsat-c2/level-2/standard/oli-tirs/2020/041/036/LC08_L2SP_041036_20200804_20200914_02_T1/LC08_L2SP_041036_20200804_20200914_02_T1_QA_PIXEL.TIF,https://landsateuwest.blob.core.windows.net/landsat-c2/level-2/standard/oli-tirs/2020/041/036/LC08_L2SP_041036_20200804_20200914_02_T1/LC08_L2SP_041036_20200804_20200914_02_T1_ST_QA.TIF,https://landsateuwest.blob.core.windows.net/landsat-c2/level-2/standard/oli-tirs/2020/041/036/LC08_L2SP_041036_20200804_20200914_02_T1/LC08_L2SP_041036_20200804_20200914_02_T1_ST_CDIST.TIF,https://landsateuwest.blob.core.windows.net/landsat-c2/level-2/standard/oli-tirs/2020/041/036/LC08_L2SP_041036_20200804_20200914_02_T1/LC08_L2SP_041036_20200804_20200914_02_T1_QA_RADSAT.TIF
LC08_L2SP_041036_20200820_02_T1,landsat-8,2020-08-20T18:28:23.781183+00:00,2020-08-20,041,036,0.19,0.9999999999999992,https://landsateuwest.blob.core.windows.net/landsat-c2/level-2/standard/oli-tirs/2020/041/036/LC08_L2SP_041036_20200820_20200905_02_T1/LC08_L2SP_041036_20200820_20200905_02_T1_ST_B10.TIF,https://landsateuwest.blob.core.windows.net/landsat-c2/level-2/standard/oli-tirs/2020/041/036/LC08_L2SP_041036_20200820_20200905_02_T1/LC08_L2SP_041036_20200820_20200905_02_T1_QA_PIXEL.TIF,https://landsateuwest.blob.core.windows.net/landsat-c2/level-2/standard/oli-tirs/2020/041/036/LC08_L2SP_041036_20200820_20200905_02_T1/LC08_L2SP_041036_20200820_20200905_02_T1_ST_QA.TIF,https://landsateuwest.blob.core.windows.net/landsat-c2/level-2/standard/oli-tirs/2020/041/036/LC08_L2SP_041036_20200820_20200905_02_T1/LC08_L2SP_041036_20200820_20200905_02_T1_ST_CDIST.TIF,https://landsateuwest.blob.core.windows.net/landsat-c2/level-2/standard/oli-tirs/2020/041/036/LC08_L2SP_041036_20200820_20200905_02_T1/LC08_L2SP_041036_20200820_20200905_02_T1_QA_RADSAT.TIF
LC08_L2SP_041036_20200905_02_T1,landsat-8,2020-09-05T18:28:31.330346+00:00,2020-09-05,041,036,1.07,0.9999999999999992,https://landsateuwest.blob.core.windows.net/landsat-c2/level-2/standard/oli-tirs/2020/041/036/LC08_L2SP_041036_20200905_20200918_02_T1/LC08_L2SP_041036_20200905_20200918_02_T1_ST_B10.TIF,https://landsateuwest.blob.core.windows.net/landsat-c2/level-2/standard/oli-tirs/2020/041/036/LC08_L2SP_041036_20200905_20200918_02_T1/LC08_L2SP_041036_20200905_20200918_02_T1_QA_PIXEL.TIF,https://landsateuwest.blob.core.windows.net/landsat-c2/level-2/standard/oli-tirs/2020/041/036/LC08_L2SP_041036_20200905_20200918_02_T1/LC08_L2SP_041036_20200905_20200918_02_T1_ST_QA.TIF,https://landsateuwest.blob.core.windows.net/landsat-c2/level-2/standard/oli-tirs/2020/041/036/LC08_L2SP_041036_20200905_20200918_02_T1/LC08_L2SP_041036_20200905_20200918_02_T1_ST_CDIST.TIF,https://landsateuwest.blob.core.windows.net/landsat-c2/level-2/standard/oli-tirs/2020/041/036/LC08_L2SP_041036_20200905_20200918_02_T1/LC08_L2SP_041036_20200905_20200918_02_T1_QA_RADSAT.TIF
LC08_L2SP_041036_20200921_02_T1,landsat-8,2020-09-21T18:28:36.731621+00:00,2020-09-21,041,036,7.33,0.9999999999999992,https://landsateuwest.blob.core.windows.net/landsat-c2/level-2/standard/oli-tirs/2020/041/036/LC08_L2SP_041036_20200921_20201006_02_T1/LC08_L2SP_041036_20200921_20201006_02_T1_ST_B10.TIF,https://landsateuwest.blob.core.windows.net/landsat-c2/level-2/standard/oli-tirs/2020/041/036/LC08_L2SP_041036_20200921_20201006_02_T1/LC08_L2SP_041036_20200921_20201006_02_T1_QA_PIXEL.TIF,https://landsateuwest.blob.core.windows.net/landsat-c2/level-2/standard/oli-tirs/2020/041/036/LC08_L2SP_041036_20200921_20201006_02_T1/LC08_L2SP_041036_20200921_20201006_02_T1_ST_QA.TIF,https://landsateuwest.blob.core.windows.net/landsat-c2/level-2/standard/oli-tirs/2020/041/036/LC08_L2SP_041036_20200921_20201006_02_T1/LC08_L2SP_041036_20200921_20201006_02_T1_ST_CDIST.TIF,https://landsateuwest.blob.core.windows.net/landsat-c2/level-2/standard/oli-tirs/2020/041/036/LC08_L2SP_041036_20200921_20201006_02_T1/LC08_L2SP_041036_20200921_20201006_02_T1_QA_RADSAT.TIF
LC08_L2SP_041036_20201007_02_T1,landsat-8,2020-10-07T18:28:39.748875+00:00,2020-10-07,041,036,1.66,0.9999999999999992,https://landsateuwest.blob.core.windows.net/landsat-c2/level-2/standard/oli-tirs/2020/041/036/LC08_L2SP_041036_20201007_20220526_02_T1/LC08_L2SP_041036_20201007_20220526_02_T1_ST_B10.TIF,https://landsateuwest.blob.core.windows.net/landsat-c2/level-2/standard/oli-tirs/2020/041/036/LC08_L2SP_041036_20201007_20220526_02_T1/LC08_L2SP_041036_20201007_20220526_02_T1_QA_PIXEL.TIF,https://landsateuwest.blob.core.windows.net/landsat-c2/level-2/standard/oli-tirs/2020/041/036/LC08_L2SP_041036_20201007_20220526_02_T1/LC08_L2SP_041036_20201007_20220526_02_T1_ST_QA.TIF,https://landsateuwest.blob.core.windows.net/landsat-c2/level-2/standard/oli-tirs/2020/041/036/LC08_L2SP_041036_20201007_20220526_02_T1/LC08_L2SP_041036_20201007_20220526_02_T1_ST_CDIST.TIF,https://landsateuwest.blob.core.windows.net/landsat-c2/level-2/standard/oli-tirs/2020/041/036/LC08_L2SP_041036_20201007_20220526_02_T1/LC08_L2SP_041036_20201007_20220526_02_T1_QA_RADSAT.TIF
LC08_L2SP_041036_20201023_02_T1,landsat-8,2020-10-23T18:28:40.090724+00:00,2020-10-23,041,036,39.76,0.9999999999999992,https://landsateuwest.blob.core.windows.net/landsat-c2/level-2/standard/oli-tirs/2020/041/036/LC08_L2SP_041036_20201023_20201105_02_T1/LC08_L2SP_041036_20201023_20201105_02_T1_ST_B10.TIF,https://landsateuwest.blob.core.windows.net/landsat-c2/level-2/standard/oli-tirs/2020/041/036/LC08_L2SP_041036_20201023_20201105_02_T1/LC08_L2SP_041036_20201023_20201105_02_T1_QA_PIXEL.TIF,https://landsateuwest.blob.core.windows.net/landsat-c2/level-2/standard/oli-tirs/2020/041/036/LC08_L2SP_041036_20201023_20201105_02_T1/LC08_L2SP_041036_20201023_20201105_02_T1_ST_QA.TIF,https://landsateuwest.blob.core.windows.net/landsat-c2/level-2/standard/oli-tirs/2020/041/036/LC08_L2SP_041036_20201023_20201105_02_T1/LC08_L2SP_041036_20201023_20201105_02_T1_ST_CDIST.TIF,https://landsateuwest.blob.core.windows.net/landsat-c2/level-2/standard/oli-tirs/2020/041/036/LC08_L2SP_041036_20201023_20201105_02_T1/LC08_L2SP_041036_20201023_20201105_02_T1_QA_RADSAT.TIF
LC08_L2SP_041036_20210503_02_T1,landsat-8,2021-05-03T18:27:50.902193+00:00,2021-05-03,041,036,0.16,0.9999999999999992,https://landsateuwest.blob.core.windows.net/landsat-c2/level-2/standard/oli-tirs/2021/041/036/LC08_L2SP_041036_20210503_20210508_02_T1/LC08_L2SP_041036_20210503_20210508_02_T1_ST_B10.TIF,https://landsateuwest.blob.core.windows.net/landsat-c2/level-2/standard/oli-tirs/2021/041/036/LC08_L2SP_041036_20210503_20210508_02_T1/LC08_L2SP_041036_20210503_20210508_02_T1_QA_PIXEL.TIF,https://landsateuwest.blob.core.windows.net/landsat-c2/level-2/standard/oli-tirs/2021/041/036/LC08_L2SP_041036_20210503_20210508_02_T1/LC08_L2SP_041036_20210503_20210508_02_T1_ST_QA.TIF,https://landsateuwest.blob.core.windows.net/landsat-c2/level-2/standard/oli-tirs/2021/041/036/LC08_L2SP_041036_20210503_20210508_02_T1/LC08_L2SP_041036_20210503_20210508_02_T1_ST_CDIST.TIF,https://landsateuwest.blob.core.windows.net/landsat-c2/level-2/standard/oli-tirs/2021/041/036/LC08_L2SP_041036_20210503_20210508_02_T1/LC08_L2SP_041036_20210503_20210508_02_T1_QA_RADSAT.TIF
LC08_L2SP_041036_20210519_02_T1,landsat-8,2021-05-19T18:27:58.042992+00:00,2021-05-19,041,036,14.29,0.9999999999999992,https://landsateuwest.blob.core.windows.net/landsat-c2/level-2/standard/oli-tirs/2021/041/036/LC08_L2SP_041036_20210519_20210528_02_T1/LC08_L2SP_041036_20210519_20210528_02_T1_ST_B10.TIF,https://landsateuwest.blob.core.windows.net/landsat-c2/level-2/standard/oli-tirs/2021/041/036/LC08_L2SP_041036_20210519_20210528_02_T1/LC08_L2SP_041036_20210519_20210528_02_T1_QA_PIXEL.TIF,https://landsateuwest.blob.core.windows.net/landsat-c2/level-2/standard/oli-tirs/2021/041/036/LC08_L2SP_041036_20210519_20210528_02_T1/LC08_L2SP_041036_20210519_20210528_02_T1_ST_QA.TIF,https://landsateuwest.blob.core.windows.net/landsat-c2/level-2/standard/oli-tirs/2021/041/036/LC08_L2SP_041036_20210519_20210528_02_T1/LC08_L2SP_041036_20210519_20210528_02_T1_ST_CDIST.TIF,https://landsateuwest.blob.core.windows.net/landsat-c2/level-2/standard/oli-tirs/2021/041/036/LC08_L2SP_041036_20210519_20210528_02_T1/LC08_L2SP_041036_20210519_20210528_02_T1_QA_RADSAT.TIF
LC08_L2SP_041036_20210604_02_T1,landsat-8,2021-06-04T18:28:06.332453+00:00,2021-06-04,041,036,11.08,0.9999999999999992,https://landsateuwest.blob.core.windows.net/landsat-c2/level-2/standard/oli-tirs/2021/041/036/LC08_L2SP_041036_20210604_20210614_02_T1/LC08_L2SP_041036_20210604_20210614_02_T1_ST_B10.TIF,https://landsateuwest.blob.core.windows.net/landsat-c2/level-2/standard/oli-tirs/2021/041/036/LC08_L2SP_041036_20210604_20210614_02_T1/LC08_L2SP_041036_20210604_20210614_02_T1_QA_PIXEL.TIF,https://landsateuwest.blob.core.windows.net/landsat-c2/level-2/standard/oli-tirs/2021/041/036/LC08_L2SP_041036_20210604_20210614_02_T1/LC08_L2SP_041036_20210604_20210614_02_T1_ST_QA.TIF,https://landsateuwest.blob.core.windows.net/landsat-c2/level-2/standard/oli-tirs/2021/041/036/LC08_L2SP_041036_20210604_20210614_02_T1/LC08_L2SP_041036_20210604_20210614_02_T1_ST_CDIST.TIF,https://landsateuwest.blob.core.windows.net/landsat-c2/level-2/standard/oli-tirs/2021/041/036/LC08_L2SP_041036_20210604_20210614_02_T1/LC08_L2SP_041036_20210604_20210614_02_T1_QA_RADSAT.TIF
LC08_L2SP_041036_20210620_02_T1,landsat-8,2021-06-20T18:28:11.769274+00:00,2021-06-20,041,036,11.25,0.9999999999999992,https://landsateuwest.blob.core.windows.net/landsat-c2/level-2/standard/oli-tirs/2021/041/036/LC08_L2SP_041036_20210620_20210629_02_T1/LC08_L2SP_041036_20210620_20210629_02_T1_ST_B10.TIF,https://landsateuwest.blob.core.windows.net/landsat-c2/level-2/standard/oli-tirs/2021/041/036/LC08_L2SP_041036_20210620_20210629_02_T1/LC08_L2SP_041036_20210620_20210629_02_T1_QA_PIXEL.TIF,https://landsateuwest.blob.core.windows.net/landsat-c2/level-2/standard/oli-tirs/2021/041/036/LC08_L2SP_041036_20210620_20210629_02_T1/LC08_L2SP_041036_20210620_20210629_02_T1_ST_QA.TIF,https://landsateuwest.blob.core.windows.net/landsat-c2/level-2/standard/oli-tirs/2021/041/036/LC08_L2SP_041036_20210620_20210629_02_T1/LC08_L2SP_041036_20210620_20210629_02_T1_ST_CDIST.TIF,https://landsateuwest.blob.core.windows.net/landsat-c2/level-2/standard/oli-tirs/2021/041/036/LC08_L2SP_041036_20210620_20210629_02_T1/LC08_L2SP_041036_20210620_20210629_02_T1_QA_RADSAT.TIF
LC08_L2SP_041036_20210706_02_T1,landsat-8,2021-07-06T18:28:14.356954+00:00,2021-07-06,041,036,7.31,0.9999999999999992,https://landsateuwest.blob.core.windows.net/landsat-c2/level-2/standard/oli-tirs/2021/041/036/LC08_L2SP_041036_20210706_20210713_02_T1/LC08_L2SP_041036_20210706_20210713_02_T1_ST_B10.TIF,https://landsateuwest.blob.core.windows.net/landsat-c2/level-2/standard/oli-tirs/2021/041/036/LC08_L2SP_041036_20210706_20210713_02_T1/LC08_L2SP_041036_20210706_20210713_02_T1_QA_PIXEL.TIF,https://landsateuwest.blob.core.windows.net/landsat-c2/level-2/standard/oli-tirs/2021/041/036/LC08_L2SP_041036_20210706_20210713_02_T1/LC08_L2SP_041036_20210706_20210713_02_T1_ST_QA.TIF,https://landsateuwest.blob.core.windows.net/landsat-c2/level-2/standard/oli-tirs/2021/041/036/LC08_L2SP_041036_20210706_20210713_02_T1/LC08_L2SP_041036_20210706_20210713_02_T1_ST_CDIST.TIF,https://landsateuwest.blob.core.windows.net/landsat-c2/level-2/standard/oli-tirs/2021/041/036/LC08_L2SP_041036_20210706_20210713_02_T1/LC08_L2SP_041036_20210706_20210713_02_T1_QA_RADSAT.TIF
LC08_L2SP_041036_20210722_02_T1,landsat-8,2021-07-22T18:28:18.740626+00:00,2021-07-22,041,036,14.78,0.9999999999999992,https://landsateuwest.blob.core.windows.net/landsat-c2/level-2/standard/oli-tirs/2021/041/036/LC08_L2SP_041036_20210722_20210729_02_T1/LC08_L2SP_041036_20210722_20210729_02_T1_ST_B10.TIF,https://landsateuwest.blob.core.windows.net/landsat-c2/level-2/standard/oli-tirs/2021/041/036/LC08_L2SP_041036_20210722_20210729_02_T1/LC08_L2SP_041036_20210722_20210729_02_T1_QA_PIXEL.TIF,https://landsateuwest.blob.core.windows.net/landsat-c2/level-2/standard/oli-tirs/2021/041/036/LC08_L2SP_041036_20210722_20210729_02_T1/LC08_L2SP_041036_20210722_20210729_02_T1_ST_QA.TIF,https://landsateuwest.blob.core.windows.net/landsat-c2/level-2/standard/oli-tirs/2021/041/036/LC08_L2SP_041036_20210722_20210729_02_T1/LC08_L2SP_041036_20210722_20210729_02_T1_ST_CDIST.TIF,https://landsateuwest.blob.core.windows.net/landsat-c2/level-2/standard/oli-tirs/2021/041/036/LC08_L2SP_041036_20210722_20210729_02_T1/LC08_L2SP_041036_20210722_20210729_02_T1_QA_RADSAT.TIF
LC08_L2SP_041036_20210807_02_T1,landsat-8,2021-08-07T18:28:26.218316+00:00,2021-08-07,041,036,7.49,0.9999999999999992,https://landsateuwest.blob.core.windows.net/landsat-c2/level-2/standard/oli-tirs/2021/041/036/LC08_L2SP_041036_20210807_20210818_02_T1/LC08_L2SP_041036_20210807_20210818_02_T1_ST_B10.TIF,https://landsateuwest.blob.core.windows.net/landsat-c2/level-2/standard/oli-tirs/2021/041/036/LC08_L2SP_041036_20210807_20210818_02_T1/LC08_L2SP_041036_20210807_20210818_02_T1_QA_PIXEL.TIF,https://landsateuwest.blob.core.windows.net/landsat-c2/level-2/standard/oli-tirs/2021/041/036/LC08_L2SP_041036_20210807_20210818_02_T1/LC08_L2SP_041036_20210807_20210818_02_T1_ST_QA.TIF,https://landsateuwest.blob.core.windows.net/landsat-c2/level-2/standard/oli-tirs/2021/041/036/LC08_L2SP_041036_20210807_20210818_02_T1/LC08_L2SP_041036_20210807_20210818_02_T1_ST_CDIST.TIF,https://landsateuwest.blob.core.windows.net/landsat-c2/level-2/standard/oli-tirs/2021/041/036/LC08_L2SP_041036_20210807_20210818_02_T1/LC08_L2SP_041036_20210807_20210818_02_T1_QA_RADSAT.TIF
LC08_L2SP_041036_20210823_02_T1,landsat-8,2021-08-23T18:28:31.095039+00:00,2021-08-23,041,036,18.42,0.9999999999999992,https://landsateuwest.blob.core.windows.net/landsat-c2/level-2/standard/oli-tirs/2021/041/036/LC08_L2SP_041036_20210823_20210901_02_T1/LC08_L2SP_041036_20210823_20210901_02_T1_ST_B10.TIF,https://landsateuwest.blob.core.windows.net/landsat-c2/level-2/standard/oli-tirs/2021/041/036/LC08_L2SP_041036_20210823_20210901_02_T1/LC08_L2SP_041036_20210823_20210901_02_T1_QA_PIXEL.TIF,https://landsateuwest.blob.core.windows.net/landsat-c2/level-2/standard/oli-tirs/2021/041/036/LC08_L2SP_041036_20210823_20210901_02_T1/LC08_L2SP_041036_20210823_20210901_02_T1_ST_QA.TIF,https://landsateuwest.blob.core.windows.net/landsat-c2/level-2/standard/oli-tirs/2021/041/036/LC08_L2SP_041036_20210823_20210901_02_T1/LC08_L2SP_041036_20210823_20210901_02_T1_ST_CDIST.TIF,https://landsateuwest.blob.core.windows.net/landsat-c2/level-2/standard/oli-tirs/2021/041/036/LC08_L2SP_041036_20210823_20210901_02_T1/LC08_L2SP_041036_20210823_20210901_02_T1_QA_RADSAT.TIF
LC08_L2SP_041036_20210908_02_T1,landsat-8,2021-09-08T18:28:35.876308+00:00,2021-09-08,041,036,10.72,0.9999999999999992,https://landsateuwest.blob.core.windows.net/landsat-c2/level-2/standard/oli-tirs/2021/041/036/LC08_L2SP_041036_20210908_20210916_02_T1/LC08_L2SP_041036_20210908_20210916_02_T1_ST_B10.TIF,https://landsateuwest.blob.core.windows.net/landsat-c2/level-2/standard/oli-tirs/2021/041/036/LC08_L2SP_041036_20210908_20210916_02_T1/LC08_L2SP_041036_20210908_20210916_02_T1_QA_PIXEL.TIF,https://landsateuwest.blob.core.windows.net/landsat-c2/level-2/standard/oli-tirs/2021/041/036/LC08_L2SP_041036_20210908_20210916_02_T1/LC08_L2SP_041036_20210908_20210916_02_T1_ST_QA.TIF,https://landsateuwest.blob.core.windows.net/landsat-c2/level-2/standard/oli-tirs/2021/041/036/LC08_L2SP_041036_20210908_20210916_02_T1/LC08_L2SP_041036_20210908_20210916_02_T1_ST_CDIST.TIF,https://landsateuwest.blob.core.windows.net/landsat-c2/level-2/standard/oli-tirs/2021/041/036/LC08_L2SP_041036_20210908_20210916_02_T1/LC08_L2SP_041036_20210908_20210916_02_T1_QA_RADSAT.TIF
LC08_L2SP_041036_20210924_02_T1,landsat-8,2021-09-24T18:28:38.752113+00:00,2021-09-24,041,036,16.16,0.9999999999999992,https://landsateuwest.blob.core.windows.net/landsat-c2/level-2/standard/oli-tirs/2021/041/036/LC08_L2SP_041036_20210924_20210930_02_T1/LC08_L2SP_041036_20210924_20210930_02_T1_ST_B10.TIF,https://landsateuwest.blob.core.windows.net/landsat-c2/level-2/standard/oli-tirs/2021/041/036/LC08_L2SP_041036_20210924_20210930_02_T1/LC08_L2SP_041036_20210924_20210930_02_T1_QA_PIXEL.TIF,https://landsateuwest.blob.core.windows.net/landsat-c2/level-2/standard/oli-tirs/2021/041/036/LC08_L2SP_041036_20210924_20210930_02_T1/LC08_L2SP_041036_20210924_20210930_02_T1_ST_QA.TIF,https://landsateuwest.blob.core.windows.net/landsat-c2/level-2/standard/oli-tirs/2021/041/036/LC08_L2SP_041036_20210924_20210930_02_T1/LC08_L2SP_041036_20210924_20210930_02_T1_ST_CDIST.TIF,https://landsateuwest.blob.core.windows.net/landsat-c2/level-2/standard/oli-tirs/2021/041/036/LC08_L2SP_041036_20210924_20210930_02_T1/LC08_L2SP_041036_20210924_20210930_02_T1_QA_RADSAT.TIF
LC08_L2SP_041036_20211010_02_T1,landsat-8,2021-10-10T18:28:44.589313+00:00,2021-10-10,041,036,0.06,0.9999999999999992,https://landsateuwest.blob.core.windows.net/landsat-c2/level-2/standard/oli-tirs/2021/041/036/LC08_L2SP_041036_20211010_20211019_02_T1/LC08_L2SP_041036_20211010_20211019_02_T1_ST_B10.TIF,https://landsateuwest.blob.core.windows.net/landsat-c2/level-2/standard/oli-tirs/2021/041/036/LC08_L2SP_041036_20211010_20211019_02_T1/LC08_L2SP_041036_20211010_20211019_02_T1_QA_PIXEL.TIF,https://landsateuwest.blob.core.windows.net/landsat-c2/level-2/standard/oli-tirs/2021/041/036/LC08_L2SP_041036_20211010_20211019_02_T1/LC08_L2SP_041036_20211010_20211019_02_T1_ST_QA.TIF,https://landsateuwest.blob.core.windows.net/landsat-c2/level-2/standard/oli-tirs/2021/041/036/LC08_L2SP_041036_20211010_20211019_02_T1/LC08_L2SP_041036_20211010_20211019_02_T1_ST_CDIST.TIF,https://landsateuwest.blob.core.windows.net/landsat-c2/level-2/standard/oli-tirs/2021/041/036/LC08_L2SP_041036_20211010_20211019_02_T1/LC08_L2SP_041036_20211010_20211019_02_T1_QA_RADSAT.TIF
LC08_L2SP_041036_20211026_02_T1,landsat-8,2021-10-26T18:28:46.115286+00:00,2021-10-26,041,036,10.08,0.9999999999999992,https://landsateuwest.blob.core.windows.net/landsat-c2/level-2/standard/oli-tirs/2021/041/036/LC08_L2SP_041036_20211026_20211104_02_T1/LC08_L2SP_041036_20211026_20211104_02_T1_ST_B10.TIF,https://landsateuwest.blob.core.windows.net/landsat-c2/level-2/standard/oli-tirs/2021/041/036/LC08_L2SP_041036_20211026_20211104_02_T1/LC08_L2SP_041036_20211026_20211104_02_T1_QA_PIXEL.TIF,https://landsateuwest.blob.core.windows.net/landsat-c2/level-2/standard/oli-tirs/2021/041/036/LC08_L2SP_041036_20211026_20211104_02_T1/LC08_L2SP_041036_20211026_20211104_02_T1_ST_QA.TIF,https://landsateuwest.blob.core.windows.net/landsat-c2/level-2/standard/oli-tirs/2021/041/036/LC08_L2SP_041036_20211026_20211104_02_T1/LC08_L2SP_041036_20211026_20211104_02_T1_ST_CDIST.TIF,https://landsateuwest.blob.core.windows.net/landsat-c2/level-2/standard/oli-tirs/2021/041/036/LC08_L2SP_041036_20211026_20211104_02_T1/LC08_L2SP_041036_20211026_20211104_02_T1_QA_RADSAT.TIF
LC08_L2SP_041036_20220506_02_T1,landsat-8,2022-05-06T18:28:11.495371+00:00,2022-05-06,041,036,0.58,0.9999999999999992,https://landsateuwest.blob.core.windows.net/landsat-c2/level-2/standard/oli-tirs/2022/041/036/LC08_L2SP_041036_20220506_20220512_02_T1/LC08_L2SP_041036_20220506_20220512_02_T1_ST_B10.TIF,https://landsateuwest.blob.core.windows.net/landsat-c2/level-2/standard/oli-tirs/2022/041/036/LC08_L2SP_041036_20220506_20220512_02_T1/LC08_L2SP_041036_20220506_20220512_02_T1_QA_PIXEL.TIF,https://landsateuwest.blob.core.windows.net/landsat-c2/level-2/standard/oli-tirs/2022/041/036/LC08_L2SP_041036_20220506_20220512_02_T1/LC08_L2SP_041036_20220506_20220512_02_T1_ST_QA.TIF,https://landsateuwest.blob.core.windows.net/landsat-c2/level-2/standard/oli-tirs/2022/041/036/LC08_L2SP_041036_20220506_20220512_02_T1/LC08_L2SP_041036_20220506_20220512_02_T1_ST_CDIST.TIF,https://landsateuwest.blob.core.windows.net/landsat-c2/level-2/standard/oli-tirs/2022/041/036/LC08_L2SP_041036_20220506_20220512_02_T1/LC08_L2SP_041036_20220506_20220512_02_T1_QA_RADSAT.TIF
LC08_L2SP_041036_20220522_02_T1,landsat-8,2022-05-22T18:28:16.559245+00:00,2022-05-22,041,036,7.16,0.9999999999999992,https://landsateuwest.blob.core.windows.net/landsat-c2/level-2/standard/oli-tirs/2022/041/036/LC08_L2SP_041036_20220522_20220525_02_T1/LC08_L2SP_041036_20220522_20220525_02_T1_ST_B10.TIF,https://landsateuwest.blob.core.windows.net/landsat-c2/level-2/standard/oli-tirs/2022/041/036/LC08_L2SP_041036_20220522_20220525_02_T1/LC08_L2SP_041036_20220522_20220525_02_T1_QA_PIXEL.TIF,https://landsateuwest.blob.core.windows.net/landsat-c2/level-2/standard/oli-tirs/2022/041/036/LC08_L2SP_041036_20220522_20220525_02_T1/LC08_L2SP_041036_20220522_20220525_02_T1_ST_QA.TIF,https://landsateuwest.blob.core.windows.net/landsat-c2/level-2/standard/oli-tirs/2022/041/036/LC08_L2SP_041036_20220522_20220525_02_T1/LC08_L2SP_041036_20220522_20220525_02_T1_ST_CDIST.TIF,https://landsateuwest.blob.core.windows.net/landsat-c2/level-2/standard/oli-tirs/2022/041/036/LC08_L2SP_041036_20220522_20220525_02_T1/LC08_L2SP_041036_20220522_20220525_02_T1_QA_RADSAT.TIF
LC08_L2SP_041036_20220607_02_T1,landsat-8,2022-06-07T18:28:25.371401+00:00,2022-06-07,041,036,10.98,0.9999999999999992,https://landsateuwest.blob.core.windows.net/landsat-c2/level-2/standard/oli-tirs/2022/041/036/LC08_L2SP_041036_20220607_20220616_02_T1/LC08_L2SP_041036_20220607_20220616_02_T1_ST_B10.TIF,https://landsateuwest.blob.core.windows.net/landsat-c2/level-2/standard/oli-tirs/2022/041/036/LC08_L2SP_041036_20220607_20220616_02_T1/LC08_L2SP_041036_20220607_20220616_02_T1_QA_PIXEL.TIF,https://landsateuwest.blob.core.windows.net/landsat-c2/level-2/standard/oli-tirs/2022/041/036/LC08_L2SP_041036_20220607_20220616_02_T1/LC08_L2SP_041036_20220607_20220616_02_T1_ST_QA.TIF,https://landsateuwest.blob.core.windows.net/landsat-c2/level-2/standard/oli-tirs/2022/041/036/LC08_L2SP_041036_20220607_20220616_02_T1/LC08_L2SP_041036_20220607_20220616_02_T1_ST_CDIST.TIF,https://landsateuwest.blob.core.windows.net/landsat-c2/level-2/standard/oli-tirs/2022/041/036/LC08_L2SP_041036_20220607_20220616_02_T1/LC08_L2SP_041036_20220607_20220616_02_T1_QA_RADSAT.TIF
LC08_L2SP_041036_20220623_02_T1,landsat-8,2022-06-23T18:28:33.693826+00:00,2022-06-23,041,036,4.59,0.9999999999999992,https://landsateuwest.blob.core.windows.net/landsat-c2/level-2/standard/oli-tirs/2022/041/036/LC08_L2SP_041036_20220623_20220705_02_T1/LC08_L2SP_041036_20220623_20220705_02_T1_ST_B10.TIF,https://landsateuwest.blob.core.windows.net/landsat-c2/level-2/standard/oli-tirs/2022/041/036/LC08_L2SP_041036_20220623_20220705_02_T1/LC08_L2SP_041036_20220623_20220705_02_T1_QA_PIXEL.TIF,https://landsateuwest.blob.core.windows.net/landsat-c2/level-2/standard/oli-tirs/2022/041/036/LC08_L2SP_041036_20220623_20220705_02_T1/LC08_L2SP_041036_20220623_20220705_02_T1_ST_QA.TIF,https://landsateuwest.blob.core.windows.net/landsat-c2/level-2/standard/oli-tirs/2022/041/036/LC08_L2SP_041036_20220623_20220705_02_T1/LC08_L2SP_041036_20220623_20220705_02_T1_ST_CDIST.TIF,https://landsateuwest.blob.core.windows.net/landsat-c2/level-2/standard/oli-tirs/2022/041/036/LC08_L2SP_041036_20220623_20220705_02_T1/LC08_L2SP_041036_20220623_20220705_02_T1_QA_RADSAT.TIF
LC08_L2SP_041036_20220709_02_T1,landsat-8,2022-07-09T18:28:34.288703+00:00,2022-07-09,041,036,9.41,0.9999999999999992,https://landsateuwest.blob.core.windows.net/landsat-c2/level-2/standard/oli-tirs/2022/041/036/LC08_L2SP_041036_20220709_20220721_02_T1/LC08_L2SP_041036_20220709_20220721_02_T1_ST_B10.TIF,https://landsateuwest.blob.core.windows.net/landsat-c2/level-2/standard/oli-tirs/2022/041/036/LC08_L2SP_041036_20220709_20220721_02_T1/LC08_L2SP_041036_20220709_20220721_02_T1_QA_PIXEL.TIF,https://landsateuwest.blob.core.windows.net/landsat-c2/level-2/standard/oli-tirs/2022/041/036/LC08_L2SP_041036_20220709_20220721_02_T1/LC08_L2SP_041036_20220709_20220721_02_T1_ST_QA.TIF,https://landsateuwest.blob.core.windows.net/landsat-c2/level-2/standard/oli-tirs/2022/041/036/LC08_L2SP_041036_20220709_20220721_02_T1/LC08_L2SP_041036_20220709_20220721_02_T1_ST_CDIST.TIF,https://landsateuwest.blob.core.windows.net/landsat-c2/level-2/standard/oli-tirs/2022/041/036/LC08_L2SP_041036_20220709_20220721_02_T1/LC08_L2SP_041036_20220709_20220721_02_T1_QA_RADSAT.TIF
LC08_L2SP_041036_20220725_02_T1,landsat-8,2022-07-25T18:28:41.463271+00:00,2022-07-25,041,036,24.07,0.9999999999999992,https://landsateuwest.blob.core.windows.net/landsat-c2/level-2/standard/oli-tirs/2022/041/036/LC08_L2SP_041036_20220725_20220801_02_T1/LC08_L2SP_041036_20220725_20220801_02_T1_ST_B10.TIF,https://landsateuwest.blob.core.windows.net/landsat-c2/level-2/standard/oli-tirs/2022/041/036/LC08_L2SP_041036_20220725_20220801_02_T1/LC08_L2SP_041036_20220725_20220801_02_T1_QA_PIXEL.TIF,https://landsateuwest.blob.core.windows.net/landsat-c2/level-2/standard/oli-tirs/2022/041/036/LC08_L2SP_041036_20220725_20220801_02_T1/LC08_L2SP_041036_20220725_20220801_02_T1_ST_QA.TIF,https://landsateuwest.blob.core.windows.net/landsat-c2/level-2/standard/oli-tirs/2022/041/036/LC08_L2SP_041036_20220725_20220801_02_T1/LC08_L2SP_041036_20220725_20220801_02_T1_ST_CDIST.TIF,https://landsateuwest.blob.core.windows.net/landsat-c2/level-2/standard/oli-tirs/2022/041/036/LC08_L2SP_041036_20220725_20220801_02_T1/LC08_L2SP_041036_20220725_20220801_02_T1_QA_RADSAT.TIF
LC08_L2SP_041036_20220826_02_T1,landsat-8,2022-08-26T18:28:52.291083+00:00,2022-08-26,041,036,7.23,0.9999999999999992,https://landsateuwest.blob.core.windows.net/landsat-c2/level-2/standard/oli-tirs/2022/041/036/LC08_L2SP_041036_20220826_20220909_02_T1/LC08_L2SP_041036_20220826_20220909_02_T1_ST_B10.TIF,https://landsateuwest.blob.core.windows.net/landsat-c2/level-2/standard/oli-tirs/2022/041/036/LC08_L2SP_041036_20220826_20220909_02_T1/LC08_L2SP_041036_20220826_20220909_02_T1_QA_PIXEL.TIF,https://landsateuwest.blob.core.windows.net/landsat-c2/level-2/standard/oli-tirs/2022/041/036/LC08_L2SP_041036_20220826_20220909_02_T1/LC08_L2SP_041036_20220826_20220909_02_T1_ST_QA.TIF,https://landsateuwest.blob.core.windows.net/landsat-c2/level-2/standard/oli-tirs/2022/041/036/LC08_L2SP_041036_20220826_20220909_02_T1/LC08_L2SP_041036_20220826_20220909_02_T1_ST_CDIST.TIF,https://landsateuwest.blob.core.windows.net/landsat-c2/level-2/standard/oli-tirs/2022/041/036/LC08_L2SP_041036_20220826_20220909_02_T1/LC08_L2SP_041036_20220826_20220909_02_T1_QA_RADSAT.TIF
LC08_L2SP_041036_20220911_02_T1,landsat-8,2022-09-11T18:28:56.728735+00:00,2022-09-11,041,036,35.55,0.9999999999999992,https://landsateuwest.blob.core.windows.net/landsat-c2/level-2/standard/oli-tirs/2022/041/036/LC08_L2SP_041036_20220911_20231107_02_T1/LC08_L2SP_041036_20220911_20231107_02_T1_ST_B10.TIF,https://landsateuwest.blob.core.windows.net/landsat-c2/level-2/standard/oli-tirs/2022/041/036/LC08_L2SP_041036_20220911_20231107_02_T1/LC08_L2SP_041036_20220911_20231107_02_T1_QA_PIXEL.TIF,https://landsateuwest.blob.core.windows.net/landsat-c2/level-2/standard/oli-tirs/2022/041/036/LC08_L2SP_041036_20220911_20231107_02_T1/LC08_L2SP_041036_20220911_20231107_02_T1_ST_QA.TIF,https://landsateuwest.blob.core.windows.net/landsat-c2/level-2/standard/oli-tirs/2022/041/036/LC08_L2SP_041036_20220911_20231107_02_T1/LC08_L2SP_041036_20220911_20231107_02_T1_ST_CDIST.TIF,https://landsateuwest.blob.core.windows.net/landsat-c2/level-2/standard/oli-tirs/2022/041/036/LC08_L2SP_041036_20220911_20231107_02_T1/LC08_L2SP_041036_20220911_20231107_02_T1_QA_RADSAT.TIF
LC08_L2SP_041036_20220927_02_T1,landsat-8,2022-09-27T18:28:58.876609+00:00,2022-09-27,041,036,6.97,0.9999999999999992,https://landsateuwest.blob.core.windows.net/landsat-c2/level-2/standard/oli-tirs/2022/041/036/LC08_L2SP_041036_20220927_20221004_02_T1/LC08_L2SP_041036_20220927_20221004_02_T1_ST_B10.TIF,https://landsateuwest.blob.core.windows.net/landsat-c2/level-2/standard/oli-tirs/2022/041/036/LC08_L2SP_041036_20220927_20221004_02_T1/LC08_L2SP_041036_20220927_20221004_02_T1_QA_PIXEL.TIF,https://landsateuwest.blob.core.windows.net/landsat-c2/level-2/standard/oli-tirs/2022/041/036/LC08_L2SP_041036_20220927_20221004_02_T1/LC08_L2SP_041036_20220927_20221004_02_T1_ST_QA.TIF,https://landsateuwest.blob.core.windows.net/landsat-c2/level-2/standard/oli-tirs/2022/041/036/LC08_L2SP_041036_20220927_20221004_02_T1/LC08_L2SP_041036_20220927_20221004_02_T1_ST_CDIST.TIF,https://landsateuwest.blob.core.windows.net/landsat-c2/level-2/standard/oli-tirs/2022/041/036/LC08_L2SP_041036_20220927_20221004_02_T1/LC08_L2SP_041036_20220927_20221004_02_T1_QA_RADSAT.TIF
LC08_L2SP_041036_20221013_02_T1,landsat-8,2022-10-13T18:28:49.342350+00:00,2022-10-13,041,036,24.94,0.9999999999999992,https://landsateuwest.blob.core.windows.net/landsat-c2/level-2/standard/oli-tirs/2022/041/036/LC08_L2SP_041036_20221013_20221020_02_T1/LC08_L2SP_041036_20221013_20221020_02_T1_ST_B10.TIF,https://landsateuwest.blob.core.windows.net/landsat-c2/level-2/standard/oli-tirs/2022/041/036/LC08_L2SP_041036_20221013_20221020_02_T1/LC08_L2SP_041036_20221013_20221020_02_T1_QA_PIXEL.TIF,https://landsateuwest.blob.core.windows.net/landsat-c2/level-2/standard/oli-tirs/2022/041/036/LC08_L2SP_041036_20221013_20221020_02_T1/LC08_L2SP_041036_20221013_20221020_02_T1_ST_QA.TIF,https://landsateuwest.blob.core.windows.net/landsat-c2/level-2/standard/oli-tirs/2022/041/036/LC08_L2SP_041036_20221013_20221020_02_T1/LC08_L2SP_041036_20221013_20221020_02_T1_ST_CDIST.TIF,https://landsateuwest.blob.core.windows.net/landsat-c2/level-2/standard/oli-tirs/2022/041/036/LC08_L2SP_041036_20221013_20221020_02_T1/LC08_L2SP_041036_20221013_20221020_02_T1_QA_RADSAT.TIF
LC08_L2SP_041036_20221029_02_T1,landsat-8,2022-10-29T18:28:58.502092+00:00,2022-10-29,041,036,0.07,0.9999999999999992,https://landsateuwest.blob.core.windows.net/landsat-c2/level-2/standard/oli-tirs/2022/041/036/LC08_L2SP_041036_20221029_20221108_02_T1/LC08_L2SP_041036_20221029_20221108_02_T1_ST_B10.TIF,https://landsateuwest.blob.core.windows.net/landsat-c2/level-2/standard/oli-tirs/2022/041/036/LC08_L2SP_041036_20221029_20221108_02_T1/LC08_L2SP_041036_20221029_20221108_02_T1_QA_PIXEL.TIF,https://landsateuwest.blob.core.windows.net/landsat-c2/level-2/standard/oli-tirs/2022/041/036/LC08_L2SP_041036_20221029_20221108_02_T1/LC08_L2SP_041036_20221029_20221108_02_T1_ST_QA.TIF,https://landsateuwest.blob.core.windows.net/landsat-c2/level-2/standard/oli-tirs/2022/041/036/LC08_L2SP_041036_20221029_20221108_02_T1/LC08_L2SP_041036_20221029_20221108_02_T1_ST_CDIST.TIF,https://landsateuwest.blob.core.windows.net/landsat-c2/level-2/standard/oli-tirs/2022/041/036/LC08_L2SP_041036_20221029_20221108_02_T1/LC08_L2SP_041036_20221029_20221108_02_T1_QA_RADSAT.TIF
LC08_L2SP_041036_20230509_02_T1,landsat-8,2023-05-09T18:27:40.732393+00:00,2023-05-09,041,036,44.71,0.9999999999999992,https://landsateuwest.blob.core.windows.net/landsat-c2/level-2/standard/oli-tirs/2023/041/036/LC08_L2SP_041036_20230509_20230517_02_T1/LC08_L2SP_041036_20230509_20230517_02_T1_ST_B10.TIF,https://landsateuwest.blob.core.windows.net/landsat-c2/level-2/standard/oli-tirs/2023/041/036/LC08_L2SP_041036_20230509_20230517_02_T1/LC08_L2SP_041036_20230509_20230517_02_T1_QA_PIXEL.TIF,https://landsateuwest.blob.core.windows.net/landsat-c2/level-2/standard/oli-tirs/2023/041/036/LC08_L2SP_041036_20230509_20230517_02_T1/LC08_L2SP_041036_20230509_20230517_02_T1_ST_QA.TIF,https://landsateuwest.blob.core.windows.net/landsat-c2/level-2/standard/oli-tirs/2023/041/036/LC08_L2SP_041036_20230509_20230517_02_T1/LC08_L2SP_041036_20230509_20230517_02_T1_ST_CDIST.TIF,https://landsateuwest.blob.core.windows.net/landsat-c2/level-2/standard/oli-tirs/2023/041/036/LC08_L2SP_041036_20230509_20230517_02_T1/LC08_L2SP_041036_20230509_20230517_02_T1_QA_RADSAT.TIF
LC08_L2SP_041036_20230525_02_T1,landsat-8,2023-05-25T18:27:38.506164+00:00,2023-05-25,041,036,43.5,0.9999999999999992,https://landsateuwest.blob.core.windows.net/landsat-c2/level-2/standard/oli-tirs/2023/041/036/LC08_L2SP_041036_20230525_20230603_02_T1/LC08_L2SP_041036_20230525_20230603_02_T1_ST_B10.TIF,https://landsateuwest.blob.core.windows.net/landsat-c2/level-2/standard/oli-tirs/2023/041/036/LC08_L2SP_041036_20230525_20230603_02_T1/LC08_L2SP_041036_20230525_20230603_02_T1_QA_PIXEL.TIF,https://landsateuwest.blob.core.windows.net/landsat-c2/level-2/standard/oli-tirs/2023/041/036/LC08_L2SP_041036_20230525_20230603_02_T1/LC08_L2SP_041036_20230525_20230603_02_T1_ST_QA.TIF,https://landsateuwest.blob.core.windows.net/landsat-c2/level-2/standard/oli-tirs/2023/041/036/LC08_L2SP_041036_20230525_20230603_02_T1/LC08_L2SP_041036_20230525_20230603_02_T1_ST_CDIST.TIF,https://landsateuwest.blob.core.windows.net/landsat-c2/level-2/standard/oli-tirs/2023/041/036/LC08_L2SP_041036_20230525_20230603_02_T1/LC08_L2SP_041036_20230525_20230603_02_T1_QA_RADSAT.TIF
LC08_L2SP_041036_20230610_02_T1,landsat-8,2023-06-10T18:27:45.693751+00:00,2023-06-10,041,036,67.69,0.9999999999999992,https://landsateuwest.blob.core.windows.net/landsat-c2/level-2/standard/oli-tirs/2023/041/036/LC08_L2SP_041036_20230610_20230614_02_T1/LC08_L2SP_041036_20230610_20230614_02_T1_ST_B10.TIF,https://landsateuwest.blob.core.windows.net/landsat-c2/level-2/standard/oli-tirs/2023/041/036/LC08_L2SP_041036_20230610_20230614_02_T1/LC08_L2SP_041036_20230610_20230614_02_T1_QA_PIXEL.TIF,https://landsateuwest.blob.core.windows.net/landsat-c2/level-2/standard/oli-tirs/2023/041/036/LC08_L2SP_041036_20230610_20230614_02_T1/LC08_L2SP_041036_20230610_20230614_02_T1_ST_QA.TIF,https://landsateuwest.blob.core.windows.net/landsat-c2/level-2/standard/oli-tirs/2023/041/036/LC08_L2SP_041036_20230610_20230614_02_T1/LC08_L2SP_041036_20230610_20230614_02_T1_ST_CDIST.TIF,https://landsateuwest.blob.core.windows.net/landsat-c2/level-2/standard/oli-tirs/2023/041/036/LC08_L2SP_041036_20230610_20230614_02_T1/LC08_L2SP_041036_20230610_20230614_02_T1_QA_RADSAT.TIF
LC08_L2SP_041036_20230626_02_T1,landsat-8,2023-06-26T18:27:52.615415+00:00,2023-06-26,041,036,0.43,0.9999999999999992,https://landsateuwest.blob.core.windows.net/landsat-c2/level-2/standard/oli-tirs/2023/041/036/LC08_L2SP_041036_20230626_20230710_02_T1/LC08_L2SP_041036_20230626_20230710_02_T1_ST_B10.TIF,https://landsateuwest.blob.core.windows.net/landsat-c2/level-2/standard/oli-tirs/2023/041/036/LC08_L2SP_041036_20230626_20230710_02_T1/LC08_L2SP_041036_20230626_20230710_02_T1_QA_PIXEL.TIF,https://landsateuwest.blob.core.windows.net/landsat-c2/level-2/standard/oli-tirs/2023/041/036/LC08_L2SP_041036_20230626_20230710_02_T1/LC08_L2SP_041036_20230626_20230710_02_T1_ST_QA.TIF,https://landsateuwest.blob.core.windows.net/landsat-c2/level-2/standard/oli-tirs/2023/041/036/LC08_L2SP_041036_20230626_20230710_02_T1/LC08_L2SP_041036_20230626_20230710_02_T1_ST_CDIST.TIF,https://landsateuwest.blob.core.windows.net/landsat-c2/level-2/standard/oli-tirs/2023/041/036/LC08_L2SP_041036_20230626_20230710_02_T1/LC08_L2SP_041036_20230626_20230710_02_T1_QA_RADSAT.TIF
LC08_L2SP_041036_20230712_02_T1,landsat-8,2023-07-12T18:28:02.179376+00:00,2023-07-12,041,036,0.09,0.9999999999999992,https://landsateuwest.blob.core.windows.net/landsat-c2/level-2/standard/oli-tirs/2023/041/036/LC08_L2SP_041036_20230712_20230724_02_T1/LC08_L2SP_041036_20230712_20230724_02_T1_ST_B10.TIF,https://landsateuwest.blob.core.windows.net/landsat-c2/level-2/standard/oli-tirs/2023/041/036/LC08_L2SP_041036_20230712_20230724_02_T1/LC08_L2SP_041036_20230712_20230724_02_T1_QA_PIXEL.TIF,https://landsateuwest.blob.core.windows.net/landsat-c2/level-2/standard/oli-tirs/2023/041/036/LC08_L2SP_041036_20230712_20230724_02_T1/LC08_L2SP_041036_20230712_20230724_02_T1_ST_QA.TIF,https://landsateuwest.blob.core.windows.net/landsat-c2/level-2/standard/oli-tirs/2023/041/036/LC08_L2SP_041036_20230712_20230724_02_T1/LC08_L2SP_041036_20230712_20230724_02_T1_ST_CDIST.TIF,https://landsateuwest.blob.core.windows.net/landsat-c2/level-2/standard/oli-tirs/2023/041/036/LC08_L2SP_041036_20230712_20230724_02_T1/LC08_L2SP_041036_20230712_20230724_02_T1_QA_RADSAT.TIF
LC08_L2SP_041036_20230728_02_T1,landsat-8,2023-07-28T18:28:08.781500+00:00,2023-07-28,041,036,6.53,0.9999999999999992,https://landsateuwest.blob.core.windows.net/landsat-c2/level-2/standard/oli-tirs/2023/041/036/LC08_L2SP_041036_20230728_20230805_02_T1/LC08_L2SP_041036_20230728_20230805_02_T1_ST_B10.TIF,https://landsateuwest.blob.core.windows.net/landsat-c2/level-2/standard/oli-tirs/2023/041/036/LC08_L2SP_041036_20230728_20230805_02_T1/LC08_L2SP_041036_20230728_20230805_02_T1_QA_PIXEL.TIF,https://landsateuwest.blob.core.windows.net/landsat-c2/level-2/standard/oli-tirs/2023/041/036/LC08_L2SP_041036_20230728_20230805_02_T1/LC08_L2SP_041036_20230728_20230805_02_T1_ST_QA.TIF,https://landsateuwest.blob.core.windows.net/landsat-c2/level-2/standard/oli-tirs/2023/041/036/LC08_L2SP_041036_20230728_20230805_02_T1/LC08_L2SP_041036_20230728_20230805_02_T1_ST_CDIST.TIF,https://landsateuwest.blob.core.windows.net/landsat-c2/level-2/standard/oli-tirs/2023/041/036/LC08_L2SP_041036_20230728_20230805_02_T1/LC08_L2SP_041036_20230728_20230805_02_T1_QA_RADSAT.TIF
LC08_L2SP_041036_20230813_02_T1,landsat-8,2023-08-13T18:28:13.807650+00:00,2023-08-13,041,036,9.78,0.9999999999999992,https://landsateuwest.blob.core.windows.net/landsat-c2/level-2/standard/oli-tirs/2023/041/036/LC08_L2SP_041036_20230813_20230819_02_T1/LC08_L2SP_041036_20230813_20230819_02_T1_ST_B10.TIF,https://landsateuwest.blob.core.windows.net/landsat-c2/level-2/standard/oli-tirs/2023/041/036/LC08_L2SP_041036_20230813_20230819_02_T1/LC08_L2SP_041036_20230813_20230819_02_T1_QA_PIXEL.TIF,https://landsateuwest.blob.core.windows.net/landsat-c2/level-2/standard/oli-tirs/2023/041/036/LC08_L2SP_041036_20230813_20230819_02_T1/LC08_L2SP_041036_20230813_20230819_02_T1_ST_QA.TIF,https://landsateuwest.blob.core.windows.net/landsat-c2/level-2/standard/oli-tirs/2023/041/036/LC08_L2SP_041036_20230813_20230819_02_T1/LC08_L2SP_041036_20230813_20230819_02_T1_ST_CDIST.TIF,https://landsateuwest.blob.core.windows.net/landsat-c2/level-2/standard/oli-tirs/2023/041/036/LC08_L2SP_041036_20230813_20230819_02_T1/LC08_L2SP_041036_20230813_20230819_02_T1_QA_RADSAT.TIF
LC08_L2SP_041036_20230829_02_T1,landsat-8,2023-08-29T18:28:20.063961+00:00,2023-08-29,041,036,0.01,0.9999999999999992,https://landsateuwest.blob.core.windows.net/landsat-c2/level-2/standard/oli-tirs/2023/041/036/LC08_L2SP_041036_20230829_20230906_02_T1/LC08_L2SP_041036_20230829_20230906_02_T1_ST_B10.TIF,https://landsateuwest.blob.core.windows.net/landsat-c2/level-2/standard/oli-tirs/2023/041/036/LC08_L2SP_041036_20230829_20230906_02_T1/LC08_L2SP_041036_20230829_20230906_02_T1_QA_PIXEL.TIF,https://landsateuwest.blob.core.windows.net/landsat-c2/level-2/standard/oli-tirs/2023/041/036/LC08_L2SP_041036_20230829_20230906_02_T1/LC08_L2SP_041036_20230829_20230906_02_T1_ST_QA.TIF,https://landsateuwest.blob.core.windows.net/landsat-c2/level-2/standard/oli-tirs/2023/041/036/LC08_L2SP_041036_20230829_20230906_02_T1/LC08_L2SP_041036_20230829_20230906_02_T1_ST_CDIST.TIF,https://landsateuwest.blob.core.windows.net/landsat-c2/level-2/standard/oli-tirs/2023/041/036/LC08_L2SP_041036_20230829_20230906_02_T1/LC08_L2SP_041036_20230829_20230906_02_T1_QA_RADSAT.TIF
LC08_L2SP_041036_20230914_02_T1,landsat-8,2023-09-14T18:28:23.314088+00:00,2023-09-14,041,036,9.77,0.9999999999999992,https://landsateuwest.blob.core.windows.net/landsat-c2/level-2/standard/oli-tirs/2023/041/036/LC08_L2SP_041036_20230914_20230919_02_T1/LC08_L2SP_041036_20230914_20230919_02_T1_ST_B10.TIF,https://landsateuwest.blob.core.windows.net/landsat-c2/level-2/standard/oli-tirs/2023/041/036/LC08_L2SP_041036_20230914_20230919_02_T1/LC08_L2SP_041036_20230914_20230919_02_T1_QA_PIXEL.TIF,https://landsateuwest.blob.core.windows.net/landsat-c2/level-2/standard/oli-tirs/2023/041/036/LC08_L2SP_041036_20230914_20230919_02_T1/LC08_L2SP_041036_20230914_20230919_02_T1_ST_QA.TIF,https://landsateuwest.blob.core.windows.net/landsat-c2/level-2/standard/oli-tirs/2023/041/036/LC08_L2SP_041036_20230914_20230919_02_T1/LC08_L2SP_041036_20230914_20230919_02_T1_ST_CDIST.TIF,https://landsateuwest.blob.core.windows.net/landsat-c2/level-2/standard/oli-tirs/2023/041/036/LC08_L2SP_041036_20230914_20230919_02_T1/LC08_L2SP_041036_20230914_20230919_02_T1_QA_RADSAT.TIF
LC08_L2SP_041036_20230930_02_T1,landsat-8,2023-09-30T18:28:27.614059+00:00,2023-09-30,041,036,91.86,0.9999999999999992,https://landsateuwest.blob.core.windows.net/landsat-c2/level-2/standard/oli-tirs/2023/041/036/LC08_L2SP_041036_20230930_20231010_02_T1/LC08_L2SP_041036_20230930_20231010_02_T1_ST_B10.TIF,https://landsateuwest.blob.core.windows.net/landsat-c2/level-2/standard/oli-tirs/2023/041/036/LC08_L2SP_041036_20230930_20231010_02_T1/LC08_L2SP_041036_20230930_20231010_02_T1_QA_PIXEL.TIF,https://landsateuwest.blob.core.windows.net/landsat-c2/level-2/standard/oli-tirs/2023/041/036/LC08_L2SP_041036_20230930_20231010_02_T1/LC08_L2SP_041036_20230930_20231010_02_T1_ST_QA.TIF,https://landsateuwest.blob.core.windows.net/landsat-c2/level-2/standard/oli-tirs/2023/041/036/LC08_L2SP_041036_20230930_20231010_02_T1/LC08_L2SP_041036_20230930_20231010_02_T1_ST_CDIST.TIF,https://landsateuwest.blob.core.windows.net/landsat-c2/level-2/standard/oli-tirs/2023/041/036/LC08_L2SP_041036_20230930_20231010_02_T1/LC08_L2SP_041036_20230930_20231010_02_T1_QA_RADSAT.TIF
LC08_L2SP_041036_20231016_02_T1,landsat-8,2023-10-16T18:28:29.507588+00:00,2023-10-16,041,036,2.58,0.9999999999999992,https://landsateuwest.blob.core.windows.net/landsat-c2/level-2/standard/oli-tirs/2023/041/036/LC08_L2SP_041036_20231016_20231103_02_T1/LC08_L2SP_041036_20231016_20231103_02_T1_ST_B10.TIF,https://landsateuwest.blob.core.windows.net/landsat-c2/level-2/standard/oli-tirs/2023/041/036/LC08_L2SP_041036_20231016_20231103_02_T1/LC08_L2SP_041036_20231016_20231103_02_T1_QA_PIXEL.TIF,https://landsateuwest.blob.core.windows.net/landsat-c2/level-2/standard/oli-tirs/2023/041/036/LC08_L2SP_041036_20231016_20231103_02_T1/LC08_L2SP_041036_20231016_20231103_02_T1_ST_QA.TIF,https://landsateuwest.blob.core.windows.net/landsat-c2/level-2/standard/oli-tirs/2023/041/036/LC08_L2SP_041036_20231016_20231103_02_T1/LC08_L2SP_041036_20231016_20231103_02_T1_ST_CDIST.TIF,https://landsateuwest.blob.core.windows.net/landsat-c2/level-2/standard/oli-tirs/2023/041/036/LC08_L2SP_041036_20231016_20231103_02_T1/LC08_L2SP_041036_20231016_20231103_02_T1_QA_RADSAT.TIF
LC08_L2SP_041036_20240511_02_T1,landsat-8,2024-05-11T18:27:34.209963+00:00,2024-05-11,041,036,15.04,0.9999999999999992,https://landsateuwest.blob.core.windows.net/landsat-c2/level-2/standard/oli-tirs/2024/041/036/LC08_L2SP_041036_20240511_20240520_02_T1/LC08_L2SP_041036_20240511_20240520_02_T1_ST_B10.TIF,https://landsateuwest.blob.core.windows.net/landsat-c2/level-2/standard/oli-tirs/2024/041/036/LC08_L2SP_041036_20240511_20240520_02_T1/LC08_L2SP_041036_20240511_20240520_02_T1_QA_PIXEL.TIF,https://landsateuwest.blob.core.windows.net/landsat-c2/level-2/standard/oli-tirs/2024/041/036/LC08_L2SP_041036_20240511_20240520_02_T1/LC08_L2SP_041036_20240511_20240520_02_T1_ST_QA.TIF,https://landsateuwest.blob.core.windows.net/landsat-c2/level-2/standard/oli-tirs/2024/041/036/LC08_L2SP_041036_20240511_20240520_02_T1/LC08_L2SP_041036_20240511_20240520_02_T1_ST_CDIST.TIF,https://landsateuwest.blob.core.windows.net/landsat-c2/level-2/standard/oli-tirs/2024/041/036/LC08_L2SP_041036_20240511_20240520_02_T1/LC08_L2SP_041036_20240511_20240520_02_T1_QA_RADSAT.TIF
LC08_L2SP_041036_20240527_02_T1,landsat-8,2024-05-27T18:27:23.051180+00:00,2024-05-27,041,036,13.48,0.9999999999999992,https://landsateuwest.blob.core.windows.net/landsat-c2/level-2/standard/oli-tirs/2024/041/036/LC08_L2SP_041036_20240527_20240611_02_T1/LC08_L2SP_041036_20240527_20240611_02_T1_ST_B10.TIF,https://landsateuwest.blob.core.windows.net/landsat-c2/level-2/standard/oli-tirs/2024/041/036/LC08_L2SP_041036_20240527_20240611_02_T1/LC08_L2SP_041036_20240527_20240611_02_T1_QA_PIXEL.TIF,https://landsateuwest.blob.core.windows.net/landsat-c2/level-2/standard/oli-tirs/2024/041/036/LC08_L2SP_041036_20240527_20240611_02_T1/LC08_L2SP_041036_20240527_20240611_02_T1_ST_QA.TIF,https://landsateuwest.blob.core.windows.net/landsat-c2/level-2/standard/oli-tirs/2024/041/036/LC08_L2SP_041036_20240527_20240611_02_T1/LC08_L2SP_041036_20240527_20240611_02_T1_ST_CDIST.TIF,https://landsateuwest.blob.core.windows.net/landsat-c2/level-2/standard/oli-tirs/2024/041/036/LC08_L2SP_041036_20240527_20240611_02_T1/LC08_L2SP_041036_20240527_20240611_02_T1_QA_RADSAT.TIF
LC08_L2SP_041036_20240612_02_T1,landsat-8,2024-06-12T18:27:24.143712+00:00,2024-06-12,041,036,17.79,0.9999999999999992,https://landsateuwest.blob.core.windows.net/landsat-c2/level-2/standard/oli-tirs/2024/041/036/LC08_L2SP_041036_20240612_20240628_02_T1/LC08_L2SP_041036_20240612_20240628_02_T1_ST_B10.TIF,https://landsateuwest.blob.core.windows.net/landsat-c2/level-2/standard/oli-tirs/2024/041/036/LC08_L2SP_041036_20240612_20240628_02_T1/LC08_L2SP_041036_20240612_20240628_02_T1_QA_PIXEL.TIF,https://landsateuwest.blob.core.windows.net/landsat-c2/level-2/standard/oli-tirs/2024/041/036/LC08_L2SP_041036_20240612_20240628_02_T1/LC08_L2SP_041036_20240612_20240628_02_T1_ST_QA.TIF,https://landsateuwest.blob.core.windows.net/landsat-c2/level-2/standard/oli-tirs/2024/041/036/LC08_L2SP_041036_20240612_20240628_02_T1/LC08_L2SP_041036_20240612_20240628_02_T1_ST_CDIST.TIF,https://landsateuwest.blob.core.windows.net/landsat-c2/level-2/standard/oli-tirs/2024/041/036/LC08_L2SP_041036_20240612_20240628_02_T1/LC08_L2SP_041036_20240612_20240628_02_T1_QA_RADSAT.TIF
LC08_L2SP_041036_20240628_02_T1,landsat-8,2024-06-28T18:27:37.360839+00:00,2024-06-28,041,036,2.63,0.9999999999999992,https://landsateuwest.blob.core.windows.net/landsat-c2/level-2/standard/oli-tirs/2024/041/036/LC08_L2SP_041036_20240628_20240709_02_T1/LC08_L2SP_041036_20240628_20240709_02_T1_ST_B10.TIF,https://landsateuwest.blob.core.windows.net/landsat-c2/level-2/standard/oli-tirs/2024/041/036/LC08_L2SP_041036_20240628_20240709_02_T1/LC08_L2SP_041036_20240628_20240709_02_T1_QA_PIXEL.TIF,https://landsateuwest.blob.core.windows.net/landsat-c2/level-2/standard/oli-tirs/2024/041/036/LC08_L2SP_041036_20240628_20240709_02_T1/LC08_L2SP_041036_20240628_20240709_02_T1_ST_QA.TIF,https://landsateuwest.blob.core.windows.net/landsat-c2/level-2/standard/oli-tirs/2024/041/036/LC08_L2SP_041036_20240628_20240709_02_T1/LC08_L2SP_041036_20240628_20240709_02_T1_ST_CDIST.TIF,https://landsateuwest.blob.core.windows.net/landsat-c2/level-2/standard/oli-tirs/2024/041/036/LC08_L2SP_041036_20240628_20240709_02_T1/LC08_L2SP_041036_20240628_20240709_02_T1_QA_RADSAT.TIF
LC08_L2SP_041036_20240714_02_T1,landsat-8,2024-07-14T18:27:48.154748+00:00,2024-07-14,041,036,14.73,0.9999999999999992,https://landsateuwest.blob.core.windows.net/landsat-c2/level-2/standard/oli-tirs/2024/041/036/LC08_L2SP_041036_20240714_20240722_02_T1/LC08_L2SP_041036_20240714_20240722_02_T1_ST_B10.TIF,https://landsateuwest.blob.core.windows.net/landsat-c2/level-2/standard/oli-tirs/2024/041/036/LC08_L2SP_041036_20240714_20240722_02_T1/LC08_L2SP_041036_20240714_20240722_02_T1_QA_PIXEL.TIF,https://landsateuwest.blob.core.windows.net/landsat-c2/level-2/standard/oli-tirs/2024/041/036/LC08_L2SP_041036_20240714_20240722_02_T1/LC08_L2SP_041036_20240714_20240722_02_T1_ST_QA.TIF,https://landsateuwest.blob.core.windows.net/landsat-c2/level-2/standard/oli-tirs/2024/041/036/LC08_L2SP_041036_20240714_20240722_02_T1/LC08_L2SP_041036_20240714_20240722_02_T1_ST_CDIST.TIF,https://landsateuwest.blob.core.windows.net/landsat-c2/level-2/standard/oli-tirs/2024/041/036/LC08_L2SP_041036_20240714_20240722_02_T1/LC08_L2SP_041036_20240714_20240722_02_T1_QA_RADSAT.TIF
LC08_L2SP_041036_20240730_02_T1,landsat-8,2024-07-30T18:27:57.112143+00:00,2024-07-30,041,036,5.05,0.9999999999999992,https://landsateuwest.blob.core.windows.net/landsat-c2/level-2/standard/oli-tirs/2024/041/036/LC08_L2SP_041036_20240730_20240807_02_T1/LC08_L2SP_041036_20240730_20240807_02_T1_ST_B10.TIF,https://landsateuwest.blob.core.windows.net/landsat-c2/level-2/standard/oli-tirs/2024/041/036/LC08_L2SP_041036_20240730_20240807_02_T1/LC08_L2SP_041036_20240730_20240807_02_T1_QA_PIXEL.TIF,https://landsateuwest.blob.core.windows.net/landsat-c2/level-2/standard/oli-tirs/2024/041/036/LC08_L2SP_041036_20240730_20240807_02_T1/LC08_L2SP_041036_20240730_20240807_02_T1_ST_QA.TIF,https://landsateuwest.blob.core.windows.net/landsat-c2/level-2/standard/oli-tirs/2024/041/036/LC08_L2SP_041036_20240730_20240807_02_T1/LC08_L2SP_041036_20240730_20240807_02_T1_ST_CDIST.TIF,https://landsateuwest.blob.core.windows.net/landsat-c2/level-2/standard/oli-tirs/2024/041/036/LC08_L2SP_041036_20240730_20240807_02_T1/LC08_L2SP_041036_20240730_20240807_02_T1_QA_RADSAT.TIF
LC08_L2SP_041036_20240815_02_T1,landsat-8,2024-08-15T18:28:00.855584+00:00,2024-08-15,041,036,0.01,0.9999999999999992,https://landsateuwest.blob.core.windows.net/landsat-c2/level-2/standard/oli-tirs/2024/041/036/LC08_L2SP_041036_20240815_20240822_02_T1/LC08_L2SP_041036_20240815_20240822_02_T1_ST_B10.TIF,https://landsateuwest.blob.core.windows.net/landsat-c2/level-2/standard/oli-tirs/2024/041/036/LC08_L2SP_041036_20240815_20240822_02_T1/LC08_L2SP_041036_20240815_20240822_02_T1_QA_PIXEL.TIF,https://landsateuwest.blob.core.windows.net/landsat-c2/level-2/standard/oli-tirs/2024/041/036/LC08_L2SP_041036_20240815_20240822_02_T1/LC08_L2SP_041036_20240815_20240822_02_T1_ST_QA.TIF,https://landsateuwest.blob.core.windows.net/landsat-c2/level-2/standard/oli-tirs/2024/041/036/LC08_L2SP_041036_20240815_20240822_02_T1/LC08_L2SP_041036_20240815_20240822_02_T1_ST_CDIST.TIF,https://landsateuwest.blob.core.windows.net/landsat-c2/level-2/standard/oli-tirs/2024/041/036/LC08_L2SP_041036_20240815_20240822_02_T1/LC08_L2SP_041036_20240815_20240822_02_T1_QA_RADSAT.TIF
LC08_L2SP_041036_20240831_02_T1,landsat-8,2024-08-31T18:28:09.107038+00:00,2024-08-31,041,036,7.43,0.9999999999999992,https://landsateuwest.blob.core.windows.net/landsat-c2/level-2/standard/oli-tirs/2024/041/036/LC08_L2SP_041036_20240831_20240906_02_T1/LC08_L2SP_041036_20240831_20240906_02_T1_ST_B10.TIF,https://landsateuwest.blob.core.windows.net/landsat-c2/level-2/standard/oli-tirs/2024/041/036/LC08_L2SP_041036_20240831_20240906_02_T1/LC08_L2SP_041036_20240831_20240906_02_T1_QA_PIXEL.TIF,https://landsateuwest.blob.core.windows.net/landsat-c2/level-2/standard/oli-tirs/2024/041/036/LC08_L2SP_041036_20240831_20240906_02_T1/LC08_L2SP_041036_20240831_20240906_02_T1_ST_QA.TIF,https://landsateuwest.blob.core.windows.net/landsat-c2/level-2/standard/oli-tirs/2024/041/036/LC08_L2SP_041036_20240831_20240906_02_T1/LC08_L2SP_041036_20240831_20240906_02_T1_ST_CDIST.TIF,https://landsateuwest.blob.core.windows.net/landsat-c2/level-2/standard/oli-tirs/2024/041/036/LC08_L2SP_041036_20240831_20240906_02_T1/LC08_L2SP_041036_20240831_20240906_02_T1_QA_RADSAT.TIF
LC08_L2SP_041036_20240916_02_T1,landsat-8,2024-09-16T18:28:15.749411+00:00,2024-09-16,041,036,19.67,0.9999999999999992,https://landsateuwest.blob.core.windows.net/landsat-c2/level-2/standard/oli-tirs/2024/041/036/LC08_L2SP_041036_20240916_20240921_02_T1/LC08_L2SP_041036_20240916_20240921_02_T1_ST_B10.TIF,https://landsateuwest.blob.core.windows.net/landsat-c2/level-2/standard/oli-tirs/2024/041/036/LC08_L2SP_041036_20240916_20240921_02_T1/LC08_L2SP_041036_20240916_20240921_02_T1_QA_PIXEL.TIF,https://landsateuwest.blob.core.windows.net/landsat-c2/level-2/standard/oli-tirs/2024/041/036/LC08_L2SP_041036_20240916_20240921_02_T1/LC08_L2SP_041036_20240916_20240921_02_T1_ST_QA.TIF,https://landsateuwest.blob.core.windows.net/landsat-c2/level-2/standard/oli-tirs/2024/041/036/LC08_L2SP_041036_20240916_20240921_02_T1/LC08_L2SP_041036_20240916_20240921_02_T1_ST_CDIST.TIF,https://landsateuwest.blob.core.windows.net/landsat-c2/level-2/standard/oli-tirs/2024/041/036/LC08_L2SP_041036_20240916_20240921_02_T1/LC08_L2SP_041036_20240916_20240921_02_T1_QA_RADSAT.TIF
LC08_L2SP_041036_20241002_02_T1,landsat-8,2024-10-02T18:28:11.320537+00:00,2024-10-02,041,036,10.7,0.9999999999999992,https://landsateuwest.blob.core.windows.net/landsat-c2/level-2/standard/oli-tirs/2024/041/036/LC08_L2SP_041036_20241002_20241008_02_T1/LC08_L2SP_041036_20241002_20241008_02_T1_ST_B10.TIF,https://landsateuwest.blob.core.windows.net/landsat-c2/level-2/standard/oli-tirs/2024/041/036/LC08_L2SP_041036_20241002_20241008_02_T1/LC08_L2SP_041036_20241002_20241008_02_T1_QA_PIXEL.TIF,https://landsateuwest.blob.core.windows.net/landsat-c2/level-2/standard/oli-tirs/2024/041/036/LC08_L2SP_041036_20241002_20241008_02_T1/LC08_L2SP_041036_20241002_20241008_02_T1_ST_QA.TIF,https://landsateuwest.blob.core.windows.net/landsat-c2/level-2/standard/oli-tirs/2024/041/036/LC08_L2SP_041036_20241002_20241008_02_T1/LC08_L2SP_041036_20241002_20241008_02_T1_ST_CDIST.TIF,https://landsateuwest.blob.core.windows.net/landsat-c2/level-2/standard/oli-tirs/2024/041/036/LC08_L2SP_041036_20241002_20241008_02_T1/LC08_L2SP_041036_20241002_20241008_02_T1_QA_RADSAT.TIF
LC08_L2SP_041036_20241018_02_T1,landsat-8,2024-10-18T18:28:24.649937+00:00,2024-10-18,041,036,0.03,0.9999999999999992,https://landsateuwest.blob.core.windows.net/landsat-c2/level-2/standard/oli-tirs/2024/041/036/LC08_L2SP_041036_20241018_20241028_02_T1/LC08_L2SP_041036_20241018_20241028_02_T1_ST_B10.TIF,https://landsateuwest.blob.core.windows.net/landsat-c2/level-2/standard/oli-tirs/2024/041/036/LC08_L2SP_041036_20241018_20241028_02_T1/LC08_L2SP_041036_20241018_20241028_02_T1_QA_PIXEL.TIF,https://landsateuwest.blob.core.windows.net/landsat-c2/level-2/standard/oli-tirs/2024/041/036/LC08_L2SP_041036_20241018_20241028_02_T1/LC08_L2SP_041036_20241018_20241028_02_T1_ST_QA.TIF,https://landsateuwest.blob.core.windows.net/landsat-c2/level-2/standard/oli-tirs/2024/041/036/LC08_L2SP_041036_20241018_20241028_02_T1/LC08_L2SP_041036_20241018_20241028_02_T1_ST_CDIST.TIF,https://landsateuwest.blob.core.windows.net/landsat-c2/level-2/standard/oli-tirs/2024/041/036/LC08_L2SP_041036_20241018_20241028_02_T1/LC08_L2SP_041036_20241018_20241028_02_T1_QA_RADSAT.TIF
LC08_L2SP_041037_20200516_02_T1,landsat-8,2020-05-16T18:28:09.326842+00:00,2020-05-16,041,037,3.35,0.18144162365205613,https://landsateuwest.blob.core.windows.net/landsat-c2/level-2/standard/oli-tirs/2020/041/037/LC08_L2SP_041037_20200516_20200820_02_T1/LC08_L2SP_041037_20200516_20200820_02_T1_ST_B10.TIF,https://landsateuwest.blob.core.windows.net/landsat-c2/level-2/standard/oli-tirs/2020/041/037/LC08_L2SP_041037_20200516_20200820_02_T1/LC08_L2SP_041037_20200516_20200820_02_T1_QA_PIXEL.TIF,https://landsateuwest.blob.core.windows.net/landsat-c2/level-2/standard/oli-tirs/2020/041/037/LC08_L2SP_041037_20200516_20200820_02_T1/LC08_L2SP_041037_20200516_20200820_02_T1_ST_QA.TIF,https://landsateuwest.blob.core.windows.net/landsat-c2/level-2/standard/oli-tirs/2020/041/037/LC08_L2SP_041037_20200516_20200820_02_T1/LC08_L2SP_041037_20200516_20200820_02_T1_ST_CDIST.TIF,https://landsateuwest.blob.core.windows.net/landsat-c2/level-2/standard/oli-tirs/2020/041/037/LC08_L2SP_041037_20200516_20200820_02_T1/LC08_L2SP_041037_20200516_20200820_02_T1_QA_RADSAT.TIF
LC08_L2SP_041037_20200601_02_T1,landsat-8,2020-06-01T18:28:14.281814+00:00,2020-06-01,041,037,76.91,0.18778026840585932,https://landsateuwest.blob.core.windows.net/landsat-c2/level-2/standard/oli-tirs/2020/041/037/LC08_L2SP_041037_20200601_20200824_02_T1/LC08_L2SP_041037_20200601_20200824_02_T1_ST_B10.TIF,https://landsateuwest.blob.core.windows.net/landsat-c2/level-2/standard/oli-tirs/2020/041/037/LC08_L2SP_041037_20200601_20200824_02_T1/LC08_L2SP_041037_20200601_20200824_02_T1_QA_PIXEL.TIF,https://landsateuwest.blob.core.windows.net/landsat-c2/level-2/standard/oli-tirs/2020/041/037/LC08_L2SP_041037_20200601_20200824_02_T1/LC08_L2SP_041037_20200601_20200824_02_T1_ST_QA.TIF,https://landsateuwest.blob.core.windows.net/landsat-c2/level-2/standard/oli-tirs/2020/041/037/LC08_L2SP_041037_20200601_20200824_02_T1/LC08_L2SP_041037_20200601_20200824_02_T1_ST_CDIST.TIF,https://landsateuwest.blob.core.windows.net/landsat-c2/level-2/standard/oli-tirs/2020/041/037/LC08_L2SP_041037_20200601_20200824_02_T1/LC08_L2SP_041037_20200601_20200824_02_T1_QA_RADSAT.TIF
LC08_L2SP_041037_20200617_02_T1,landsat-8,2020-06-17T18:28:24.127701+00:00,2020-06-17,041,037,64.07,0.18392251965117043,https://landsateuwest.blob.core.windows.net/landsat-c2/level-2/standard/oli-tirs/2020/041/037/LC08_L2SP_041037_20200617_20200823_02_T1/LC08_L2SP_041037_20200617_20200823_02_T1_ST_B10.TIF,https://landsateuwest.blob.core.windows.net/landsat-c2/level-2/standard/oli-tirs/2020/041/037/LC08_L2SP_041037_20200617_20200823_02_T1/LC08_L2SP_041037_20200617_20200823_02_T1_QA_PIXEL.TIF,https://landsateuwest.blob.core.windows.net/landsat-c2/level-2/standard/oli-tirs/2020/041/037/LC08_L2SP_041037_20200617_20200823_02_T1/LC08_L2SP_041037_20200617_20200823_02_T1_ST_QA.TIF,https://landsateuwest.blob.core.windows.net/landsat-c2/level-2/standard/oli-tirs/2020/041/037/LC08_L2SP_041037_20200617_20200823_02_T1/LC08_L2SP_041037_20200617_20200823_02_T1_ST_CDIST.TIF,https://landsateuwest.blob.core.windows.net/landsat-c2/level-2/standard/oli-tirs/2020/041/037/LC08_L2SP_041037_20200617_20200823_02_T1/LC08_L2SP_041037_20200617_20200823_02_T1_QA_RADSAT.TIF
LC08_L2SP_041037_20200703_02_T1,landsat-8,2020-07-03T18:28:31.912153+00:00,2020-07-03,041,037,12.94,0.1818484364593932,https://landsateuwest.blob.core.windows.net/landsat-c2/level-2/standard/oli-tirs/2020/041/037/LC08_L2SP_041037_20200703_20200913_02_T1/LC08_L2SP_041037_20200703_20200913_02_T1_ST_B10.TIF,https://landsateuwest.blob.core.windows.net/landsat-c2/level-2/standard/oli-tirs/2020/041/037/LC08_L2SP_041037_20200703_20200913_02_T1/LC08_L2SP_041037_20200703_20200913_02_T1_QA_PIXEL.TIF,https://landsateuwest.blob.core.windows.net/landsat-c2/level-2/standard/oli-tirs/2020/041/037/LC08_L2SP_041037_20200703_20200913_02_T1/LC08_L2SP_041037_20200703_20200913_02_T1_ST_QA.TIF,https://landsateuwest.blob.core.windows.net/landsat-c2/level-2/standard/oli-tirs/2020/041/037/LC08_L2SP_041037_20200703_20200913_02_T1/LC08_L2SP_041037_20200703_20200913_02_T1_ST_CDIST.TIF,https://landsateuwest.blob.core.windows.net/landsat-c2/level-2/standard/oli-tirs/2020/041/037/LC08_L2SP_041037_20200703_20200913_02_T1/LC08_L2SP_041037_20200703_20200913_02_T1_QA_RADSAT.TIF
LC08_L2SP_041037_20200719_02_T1,landsat-8,2020-07-19T18:28:37.701329+00:00,2020-07-19,041,037,70.53,0.18418188678179925,https://landsateuwest.blob.core.windows.net/landsat-c2/level-2/standard/oli-tirs/2020/041/037/LC08_L2SP_041037_20200719_20210330_02_T1/LC08_L2SP_041037_20200719_20210330_02_T1_ST_B10.TIF,https://landsateuwest.blob.core.windows.net/landsat-c2/level-2/standard/oli-tirs/2020/041/037/LC08_L2SP_041037_20200719_20210330_02_T1/LC08_L2SP_041037_20200719_20210330_02_T1_QA_PIXEL.TIF,https://landsateuwest.blob.core.windows.net/landsat-c2/level-2/standard/oli-tirs/2020/041/037/LC08_L2SP_041037_20200719_20210330_02_T1/LC08_L2SP_041037_20200719_20210330_02_T1_ST_QA.TIF,https://landsateuwest.blob.core.windows.net/landsat-c2/level-2/standard/oli-tirs/2020/041/037/LC08_L2SP_041037_20200719_20210330_02_T1/LC08_L2SP_041037_20200719_20210330_02_T1_ST_CDIST.TIF,https://landsateuwest.blob.core.windows.net/landsat-c2/level-2/standard/oli-tirs/2020/041/037/LC08_L2SP_041037_20200719_20210330_02_T1/LC08_L2SP_041037_20200719_20210330_02_T1_QA_RADSAT.TIF
LC08_L2SP_041037_20200804_02_T1,landsat-8,2020-08-04T18:28:41.507596+00:00,2020-08-04,041,037,92.47,0.1907142253395632,https://landsateuwest.blob.core.windows.net/landsat-c2/level-2/standard/oli-tirs/2020/041/037/LC08_L2SP_041037_20200804_20200914_02_T1/LC08_L2SP_041037_20200804_20200914_02_T1_ST_B10.TIF,https://landsateuwest.blob.core.windows.net/landsat-c2/level-2/standard/oli-tirs/2020/041/037/LC08_L2SP_041037_20200804_20200914_02_T1/LC08_L2SP_041037_20200804_20200914_02_T1_QA_PIXEL.TIF,https://landsateuwest.blob.core.windows.net/landsat-c2/level-2/standard/oli-tirs/2020/041/037/LC08_L2SP_041037_20200804_20200914_02_T1/LC08_L2SP_041037_20200804_20200914_02_T1_ST_QA.TIF,https://landsateuwest.blob.core.windows.net/landsat-c2/level-2/standard/oli-tirs/2020/041/037/LC08_L2SP_041037_20200804_20200914_02_T1/LC08_L2SP_041037_20200804_20200914_02_T1_ST_CDIST.TIF,https://landsateuwest.blob.core.windows.net/landsat-c2/level-2/standard/oli-tirs/2020/041/037/LC08_L2SP_041037_20200804_20200914_02_T1/LC08_L2SP_041037_20200804_20200914_02_T1_QA_RADSAT.TIF
LC08_L2SP_041037_20200820_02_T1,landsat-8,2020-08-20T18:28:47.672222+00:00,2020-08-20,041,037,15.68,0.188912165362689,https://landsateuwest.blob.core.windows.net/landsat-c2/level-2/standard/oli-tirs/2020/041/037/LC08_L2SP_041037_20200820_20200905_02_T1/LC08_L2SP_041037_20200820_20200905_02_T1_ST_B10.TIF,https://landsateuwest.blob.core.windows.net/landsat-c2/level-2/standard/oli-tirs/2020/041/037/LC08_L2SP_041037_20200820_20200905_02_T1/LC08_L2SP_041037_20200820_20200905_02_T1_QA_PIXEL.TIF,https://landsateuwest.blob.core.windows.net/landsat-c2/level-2/standard/oli-tirs/2020/041/037/LC08_L2SP_041037_20200820_20200905_02_T1/LC08_L2SP_041037_20200820_20200905_02_T1_ST_QA.TIF,https://landsateuwest.blob.core.windows.net/landsat-c2/level-2/standard/oli-tirs/2020/041/037/LC08_L2SP_041037_20200820_20200905_02_T1/LC08_L2SP_041037_20200820_20200905_02_T1_ST_CDIST.TIF,https://landsateuwest.blob.core.windows.net/landsat-c2/level-2/standard/oli-tirs/2020/041/037/LC08_L2SP_041037_20200820_20200905_02_T1/LC08_L2SP_041037_20200820_20200905_02_T1_QA_RADSAT.TIF
LC08_L2SP_041037_20200905_02_T1,landsat-8,2020-09-05T18:28:55.225621+00:00,2020-09-05,041,037,0.04,0.18285920001530379,https://landsateuwest.blob.core.windows.net/landsat-c2/level-2/standard/oli-tirs/2020/041/037/LC08_L2SP_041037_20200905_20200918_02_T1/LC08_L2SP_041037_20200905_20200918_02_T1_ST_B10.TIF,https://landsateuwest.blob.core.windows.net/landsat-c2/level-2/standard/oli-tirs/2020/041/037/LC08_L2SP_041037_20200905_20200918_02_T1/LC08_L2SP_041037_20200905_20200918_02_T1_QA_PIXEL.TIF,https://landsateuwest.blob.core.windows.net/landsat-c2/level-2/standard/oli-tirs/2020/041/037/LC08_L2SP_041037_20200905_20200918_02_T1/LC08_L2SP_041037_20200905_20200918_02_T1_ST_QA.TIF,https://landsateuwest.blob.core.windows.net/landsat-c2/level-2/standard/oli-tirs/2020/041/037/LC08_L2SP_041037_20200905_20200918_02_T1/LC08_L2SP_041037_20200905_20200918_02_T1_ST_CDIST.TIF,https://landsateuwest.blob.core.windows.net/landsat-c2/level-2/standard/oli-tirs/2020/041/037/LC08_L2SP_041037_20200905_20200918_02_T1/LC08_L2SP_041037_20200905_20200918_02_T1_QA_RADSAT.TIF
LC08_L2SP_041037_20200921_02_T1,landsat-8,2020-09-21T18:29:00.626897+00:00,2020-09-21,041,037,80.32,0.17927678753748402,https://landsateuwest.blob.core.windows.net/landsat-c2/level-2/standard/oli-tirs/2020/041/037/LC08_L2SP_041037_20200921_20201006_02_T1/LC08_L2SP_041037_20200921_20201006_02_T1_ST_B10.TIF,https://landsateuwest.blob.core.windows.net/landsat-c2/level-2/standard/oli-tirs/2020/041/037/LC08_L2SP_041037_20200921_20201006_02_T1/LC08_L2SP_041037_20200921_20201006_02_T1_QA_PIXEL.TIF,https://landsateuwest.blob.core.windows.net/landsat-c2/level-2/standard/oli-tirs/2020/041/037/LC08_L2SP_041037_20200921_20201006_02_T1/LC08_L2SP_041037_20200921_20201006_02_T1_ST_QA.TIF,https://landsateuwest.blob.core.windows.net/landsat-c2/level-2/standard/oli-tirs/2020/041/037/LC08_L2SP_041037_20200921_20201006_02_T1/LC08_L2SP_041037_20200921_20201006_02_T1_ST_CDIST.TIF,https://landsateuwest.blob.core.windows.net/landsat-c2/level-2/standard/oli-tirs/2020/041/037/LC08_L2SP_041037_20200921_20201006_02_T1/LC08_L2SP_041037_20200921_20201006_02_T1_QA_RADSAT.TIF
LC08_L2SP_041037_20201007_02_T1,landsat-8,2020-10-07T18:29:03.644150+00:00,2020-10-07,041,037,65.99,0.17891190779123098,https://landsateuwest.blob.core.windows.net/landsat-c2/level-2/standard/oli-tirs/2020/041/037/LC08_L2SP_041037_20201007_20220526_02_T1/LC08_L2SP_041037_20201007_20220526_02_T1_ST_B10.TIF,https://landsateuwest.blob.core.windows.net/landsat-c2/level-2/standard/oli-tirs/2020/041/037/LC08_L2SP_041037_20201007_20220526_02_T1/LC08_L2SP_041037_20201007_20220526_02_T1_QA_PIXEL.TIF,https://landsateuwest.blob.core.windows.net/landsat-c2/level-2/standard/oli-tirs/2020/041/037/LC08_L2SP_041037_20201007_20220526_02_T1/LC08_L2SP_041037_20201007_20220526_02_T1_ST_QA.TIF,https://landsateuwest.blob.core.windows.net/landsat-c2/level-2/standard/oli-tirs/2020/041/037/LC08_L2SP_041037_20201007_20220526_02_T1/LC08_L2SP_041037_20201007_20220526_02_T1_ST_CDIST.TIF,https://landsateuwest.blob.core.windows.net/landsat-c2/level-2/standard/oli-tirs/2020/041/037/LC08_L2SP_041037_20201007_20220526_02_T1/LC08_L2SP_041037_20201007_20220526_02_T1_QA_RADSAT.TIF
LC08_L2SP_041037_20201023_02_T1,landsat-8,2020-10-23T18:29:03.977528+00:00,2020-10-23,041,037,96.66,0.1809208212450542,https://landsateuwest.blob.core.windows.net/landsat-c2/level-2/standard/oli-tirs/2020/041/037/LC08_L2SP_041037_20201023_20201105_02_T1/LC08_L2SP_041037_20201023_20201105_02_T1_ST_B10.TIF,https://landsateuwest.blob.core.windows.net/landsat-c2/level-2/standard/oli-tirs/2020/041/037/LC08_L2SP_041037_20201023_20201105_02_T1/LC08_L2SP_041037_20201023_20201105_02_T1_QA_PIXEL.TIF,https://landsateuwest.blob.core.windows.net/landsat-c2/level-2/standard/oli-tirs/2020/041/037/LC08_L2SP_041037_20201023_20201105_02_T1/LC08_L2SP_041037_20201023_20201105_02_T1_ST_QA.TIF,https://landsateuwest.blob.core.windows.net/landsat-c2/level-2/standard/oli-tirs/2020/041/037/LC08_L2SP_041037_20201023_20201105_02_T1/LC08_L2SP_041037_20201023_20201105_02_T1_ST_CDIST.TIF,https://landsateuwest.blob.core.windows.net/landsat-c2/level-2/standard/oli-tirs/2020/041/037/LC08_L2SP_041037_20201023_20201105_02_T1/LC08_L2SP_041037_20201023_20201105_02_T1_QA_RADSAT.TIF
LC08_L2SP_041037_20210503_02_T1,landsat-8,2021-05-03T18:28:14.793233+00:00,2021-05-03,041,037,20.45,0.1684550928795068,https://landsateuwest.blob.core.windows.net/landsat-c2/level-2/standard/oli-tirs/2021/041/037/LC08_L2SP_041037_20210503_20210508_02_T1/LC08_L2SP_041037_20210503_20210508_02_T1_ST_B10.TIF,https://landsateuwest.blob.core.windows.net/landsat-c2/level-2/standard/oli-tirs/2021/041/037/LC08_L2SP_041037_20210503_20210508_02_T1/LC08_L2SP_041037_20210503_20210508_02_T1_QA_PIXEL.TIF,https://landsateuwest.blob.core.windows.net/landsat-c2/level-2/standard/oli-tirs/2021/041/037/LC08_L2SP_041037_20210503_20210508_02_T1/LC08_L2SP_041037_20210503_20210508_02_T1_ST_QA.TIF,https://landsateuwest.blob.core.windows.net/landsat-c2/level-2/standard/oli-tirs/2021/041/037/LC08_L2SP_041037_20210503_20210508_02_T1/LC08_L2SP_041037_20210503_20210508_02_T1_ST_CDIST.TIF,https://landsateuwest.blob.core.windows.net/landsat-c2/level-2/standard/oli-tirs/2021/041/037/LC08_L2SP_041037_20210503_20210508_02_T1/LC08_L2SP_041037_20210503_20210508_02_T1_QA_RADSAT.TIF
LC08_L2SP_041037_20210519_02_T1,landsat-8,2021-05-19T18:28:21.938267+00:00,2021-05-19,041,037,59.59,0.17483345945433623,https://landsateuwest.blob.core.windows.net/landsat-c2/level-2/standard/oli-tirs/2021/041/037/LC08_L2SP_041037_20210519_20210528_02_T1/LC08_L2SP_041037_20210519_20210528_02_T1_ST_B10.TIF,https://landsateuwest.blob.core.windows.net/landsat-c2/level-2/standard/oli-tirs/2021/041/037/LC08_L2SP_041037_20210519_20210528_02_T1/LC08_L2SP_041037_20210519_20210528_02_T1_QA_PIXEL.TIF,https://landsateuwest.blob.core.windows.net/landsat-c2/level-2/standard/oli-tirs/2021/041/037/LC08_L2SP_041037_20210519_20210528_02_T1/LC08_L2SP_041037_20210519_20210528_02_T1_ST_QA.TIF,https://landsateuwest.blob.core.windows.net/landsat-c2/level-2/standard/oli-tirs/2021/041/037/LC08_L2SP_041037_20210519_20210528_02_T1/LC08_L2SP_041037_20210519_20210528_02_T1_ST_CDIST.TIF,https://landsateuwest.blob.core.windows.net/landsat-c2/level-2/standard/oli-tirs/2021/041/037/LC08_L2SP_041037_20210519_20210528_02_T1/LC08_L2SP_041037_20210519_20210528_02_T1_QA_RADSAT.TIF
LC08_L2SP_041037_20210604_02_T1,landsat-8,2021-06-04T18:28:30.219256+00:00,2021-06-04,041,037,91.08,0.17342997095196155,https://landsateuwest.blob.core.windows.net/landsat-c2/level-2/standard/oli-tirs/2021/041/037/LC08_L2SP_041037_20210604_20210614_02_T1/LC08_L2SP_041037_20210604_20210614_02_T1_ST_B10.TIF,https://landsateuwest.blob.core.windows.net/landsat-c2/level-2/standard/oli-tirs/2021/041/037/LC08_L2SP_041037_20210604_20210614_02_T1/LC08_L2SP_041037_20210604_20210614_02_T1_QA_PIXEL.TIF,https://landsateuwest.blob.core.windows.net/landsat-c2/level-2/standard/oli-tirs/2021/041/037/LC08_L2SP_041037_20210604_20210614_02_T1/LC08_L2SP_041037_20210604_20210614_02_T1_ST_QA.TIF,https://landsateuwest.blob.core.windows.net/landsat-c2/level-2/standard/oli-tirs/2021/041/037/LC08_L2SP_041037_20210604_20210614_02_T1/LC08_L2SP_041037_20210604_20210614_02_T1_ST_CDIST.TIF,https://landsateuwest.blob.core.windows.net/landsat-c2/level-2/standard/oli-tirs/2021/041/037/LC08_L2SP_041037_20210604_20210614_02_T1/LC08_L2SP_041037_20210604_20210614_02_T1_QA_RADSAT.TIF
LC08_L2SP_041037_20210620_02_T1,landsat-8,2021-06-20T18:28:35.664549+00:00,2021-06-20,041,037,91.27,0.1758637123398775,https://landsateuwest.blob.core.windows.net/landsat-c2/level-2/standard/oli-tirs/2021/041/037/LC08_L2SP_041037_20210620_20210629_02_T1/LC08_L2SP_041037_20210620_20210629_02_T1_ST_B10.TIF,https://landsateuwest.blob.core.windows.net/landsat-c2/level-2/standard/oli-tirs/2021/041/037/LC08_L2SP_041037_20210620_20210629_02_T1/LC08_L2SP_041037_20210620_20210629_02_T1_QA_PIXEL.TIF,https://landsateuwest.blob.core.windows.net/landsat-c2/level-2/standard/oli-tirs/2021/041/037/LC08_L2SP_041037_20210620_20210629_02_T1/LC08_L2SP_041037_20210620_20210629_02_T1_ST_QA.TIF,https://landsateuwest.blob.core.windows.net/landsat-c2/level-2/standard/oli-tirs/2021/041/037/LC08_L2SP_041037_20210620_20210629_02_T1/LC08_L2SP_041037_20210620_20210629_02_T1_ST_CDIST.TIF,https://landsateuwest.blob.core.windows.net/landsat-c2/level-2/standard/oli-tirs/2021/041/037/LC08_L2SP_041037_20210620_20210629_02_T1/LC08_L2SP_041037_20210620_20210629_02_T1_QA_RADSAT.TIF
LC08_L2SP_041037_20210706_02_T1,landsat-8,2021-07-06T18:28:38.252231+00:00,2021-07-06,041,037,83.52,0.18386161748095942,https://landsateuwest.blob.core.windows.net/landsat-c2/level-2/standard/oli-tirs/2021/041/037/LC08_L2SP_041037_20210706_20210713_02_T1/LC08_L2SP_041037_20210706_20210713_02_T1_ST_B10.TIF,https://landsateuwest.blob.core.windows.net/landsat-c2/level-2/standard/oli-tirs/2021/041/037/LC08_L2SP_041037_20210706_20210713_02_T1/LC08_L2SP_041037_20210706_20210713_02_T1_QA_PIXEL.TIF,https://landsateuwest.blob.core.windows.net/landsat-c2/level-2/standard/oli-tirs/2021/041/037/LC08_L2SP_041037_20210706_20210713_02_T1/LC08_L2SP_041037_20210706_20210713_02_T1_ST_QA.TIF,https://landsateuwest.blob.core.windows.net/landsat-c2/level-2/standard/oli-tirs/2021/041/037/LC08_L2SP_041037_20210706_20210713_02_T1/LC08_L2SP_041037_20210706_20210713_02_T1_ST_CDIST.TIF,https://landsateuwest.blob.core.windows.net/landsat-c2/level-2/standard/oli-tirs/2021/041/037/LC08_L2SP_041037_20210706_20210713_02_T1/LC08_L2SP_041037_20210706_20210713_02_T1_QA_RADSAT.TIF
LC08_L2SP_041037_20210722_02_T1,landsat-8,2021-07-22T18:28:42.631665+00:00,2021-07-22,041,037,84.5,0.1884355245307444,https://landsateuwest.blob.core.windows.net/landsat-c2/level-2/standard/oli-tirs/2021/041/037/LC08_L2SP_041037_20210722_20210729_02_T1/LC08_L2SP_041037_20210722_20210729_02_T1_ST_B10.TIF,https://landsateuwest.blob.core.windows.net/landsat-c2/level-2/standard/oli-tirs/2021/041/037/LC08_L2SP_041037_20210722_20210729_02_T1/LC08_L2SP_041037_20210722_20210729_02_T1_QA_PIXEL.TIF,https://landsateuwest.blob.core.windows.net/landsat-c2/level-2/standard/oli-tirs/2021/041/037/LC08_L2SP_041037_20210722_20210729_02_T1/LC08_L2SP_041037_20210722_20210729_02_T1_ST_QA.TIF,https://landsateuwest.blob.core.windows.net/landsat-c2/level-2/standard/oli-tirs/2021/041/037/LC08_L2SP_041037_20210722_20210729_02_T1/LC08_L2SP_041037_20210722_20210729_02_T1_ST_CDIST.TIF,https://landsateuwest.blob.core.windows.net/landsat-c2/level-2/standard/oli-tirs/2021/041/037/LC08_L2SP_041037_20210722_20210729_02_T1/LC08_L2SP_041037_20210722_20210729_02_T1_QA_RADSAT.TIF
LC08_L2SP_041037_20210807_02_T1,landsat-8,2021-08-07T18:28:50.109355+00:00,2021-08-07,041,037,83.56,0.18526925723868906,https://landsateuwest.blob.core.windows.net/landsat-c2/level-2/standard/oli-tirs/2021/041/037/LC08_L2SP_041037_20210807_20210818_02_T1/LC08_L2SP_041037_20210807_20210818_02_T1_ST_B10.TIF,https://landsateuwest.blob.core.windows.net/landsat-c2/level-2/standard/oli-tirs/2021/041/037/LC08_L2SP_041037_20210807_20210818_02_T1/LC08_L2SP_041037_20210807_20210818_02_T1_QA_PIXEL.TIF,https://landsateuwest.blob.core.windows.net/landsat-c2/level-2/standard/oli-tirs/2021/041/037/LC08_L2SP_041037_20210807_20210818_02_T1/LC08_L2SP_041037_20210807_20210818_02_T1_ST_QA.TIF,https://landsateuwest.blob.core.windows.net/landsat-c2/level-2/standard/oli-tirs/2021/041/037/LC08_L2SP_041037_20210807_20210818_02_T1/LC08_L2SP_041037_20210807_20210818_02_T1_ST_CDIST.TIF,https://landsateuwest.blob.core.windows.net/landsat-c2/level-2/standard/oli-tirs/2021/041/037/LC08_L2SP_041037_20210807_20210818_02_T1/LC08_L2SP_041037_20210807_20210818_02_T1_QA_RADSAT.TIF
LC08_L2SP_041037_20210823_02_T1,landsat-8,2021-08-23T18:28:54.981842+00:00,2021-08-23,041,037,95.97,0.1856741440288907,https://landsateuwest.blob.core.windows.net/landsat-c2/level-2/standard/oli-tirs/2021/041/037/LC08_L2SP_041037_20210823_20210901_02_T1/LC08_L2SP_041037_20210823_20210901_02_T1_ST_B10.TIF,https://landsateuwest.blob.core.windows.net/landsat-c2/level-2/standard/oli-tirs/2021/041/037/LC08_L2SP_041037_20210823_20210901_02_T1/LC08_L2SP_041037_20210823_20210901_02_T1_QA_PIXEL.TIF,https://landsateuwest.blob.core.windows.net/landsat-c2/level-2/standard/oli-tirs/2021/041/037/LC08_L2SP_041037_20210823_20210901_02_T1/LC08_L2SP_041037_20210823_20210901_02_T1_ST_QA.TIF,https://landsateuwest.blob.core.windows.net/landsat-c2/level-2/standard/oli-tirs/2021/041/037/LC08_L2SP_041037_20210823_20210901_02_T1/LC08_L2SP_041037_20210823_20210901_02_T1_ST_CDIST.TIF,https://landsateuwest.blob.core.windows.net/landsat-c2/level-2/standard/oli-tirs/2021/041/037/LC08_L2SP_041037_20210823_20210901_02_T1/LC08_L2SP_041037_20210823_20210901_02_T1_QA_RADSAT.TIF
LC08_L2SP_041037_20210908_02_T1,landsat-8,2021-09-08T18:28:59.771584+00:00,2021-09-08,041,037,82.48,0.18357878575152908,https://landsateuwest.blob.core.windows.net/landsat-c2/level-2/standard/oli-tirs/2021/041/037/LC08_L2SP_041037_20210908_20210916_02_T1/LC08_L2SP_041037_20210908_20210916_02_T1_ST_B10.TIF,https://landsateuwest.blob.core.windows.net/landsat-c2/level-2/standard/oli-tirs/2021/041/037/LC08_L2SP_041037_20210908_20210916_02_T1/LC08_L2SP_041037_20210908_20210916_02_T1_QA_PIXEL.TIF,https://landsateuwest.blob.core.windows.net/landsat-c2/level-2/standard/oli-tirs/2021/041/037/LC08_L2SP_041037_20210908_20210916_02_T1/LC08_L2SP_041037_20210908_20210916_02_T1_ST_QA.TIF,https://landsateuwest.blob.core.windows.net/landsat-c2/level-2/standard/oli-tirs/2021/041/037/LC08_L2SP_041037_20210908_20210916_02_T1/LC08_L2SP_041037_20210908_20210916_02_T1_ST_CDIST.TIF,https://landsateuwest.blob.core.windows.net/landsat-c2/level-2/standard/oli-tirs/2021/041/037/LC08_L2SP_041037_20210908_20210916_02_T1/LC08_L2SP_041037_20210908_20210916_02_T1_QA_RADSAT.TIF
LC08_L2SP_041037_20210924_02_T1,landsat-8,2021-09-24T18:29:02.643153+00:00,2021-09-24,041,037,59.96,0.18357878575152908,https://landsateuwest.blob.core.windows.net/landsat-c2/level-2/standard/oli-tirs/2021/041/037/LC08_L2SP_041037_20210924_20210930_02_T1/LC08_L2SP_041037_20210924_20210930_02_T1_ST_B10.TIF,https://landsateuwest.blob.core.windows.net/landsat-c2/level-2/standard/oli-tirs/2021/041/037/LC08_L2SP_041037_20210924_20210930_02_T1/LC08_L2SP_041037_20210924_20210930_02_T1_QA_PIXEL.TIF,https://landsateuwest.blob.core.windows.net/landsat-c2/level-2/standard/oli-tirs/2021/041/037/LC08_L2SP_041037_20210924_20210930_02_T1/LC08_L2SP_041037_20210924_20210930_02_T1_ST_QA.TIF,https://landsateuwest.blob.core.windows.net/landsat-c2/level-2/standard/oli-tirs/2021/041/037/LC08_L2SP_041037_20210924_20210930_02_T1/LC08_L2SP_041037_20210924_20210930_02_T1_ST_CDIST.TIF,https://landsateuwest.blob.core.windows.net/landsat-c2/level-2/standard/oli-tirs/2021/041/037/LC08_L2SP_041037_20210924_20210930_02_T1/LC08_L2SP_041037_20210924_20210930_02_T1_QA_RADSAT.TIF
LC08_L2SP_041037_20211010_02_T1,landsat-8,2021-10-10T18:29:08.480352+00:00,2021-10-10,041,037,0.1,0.175618049082966,https://landsateuwest.blob.core.windows.net/landsat-c2/level-2/standard/oli-tirs/2021/041/037/LC08_L2SP_041037_20211010_20211019_02_T1/LC08_L2SP_041037_20211010_20211019_02_T1_ST_B10.TIF,https://landsateuwest.blob.core.windows.net/landsat-c2/level-2/standard/oli-tirs/2021/041/037/LC08_L2SP_041037_20211010_20211019_02_T1/LC08_L2SP_041037_20211010_20211019_02_T1_QA_PIXEL.TIF,https://landsateuwest.blob.core.windows.net/landsat-c2/level-2/standard/oli-tirs/2021/041/037/LC08_L2SP_041037_20211010_20211019_02_T1/LC08_L2SP_041037_20211010_20211019_02_T1_ST_QA.TIF,https://landsateuwest.blob.core.windows.net/landsat-c2/level-2/standard/oli-tirs/2021/041/037/LC08_L2SP_041037_20211010_20211019_02_T1/LC08_L2SP_041037_20211010_20211019_02_T1_ST_CDIST.TIF,https://landsateuwest.blob.core.windows.net/landsat-c2/level-2/standard/oli-tirs/2021/041/037/LC08_L2SP_041037_20211010_20211019_02_T1/LC08_L2SP_041037_20211010_20211019_02_T1_QA_RADSAT.TIF
LC08_L2SP_041037_20211026_02_T1,landsat-8,2021-10-26T18:29:10.006326+00:00,2021-10-26,041,037,1.72,0.17514906641387173,https://landsateuwest.blob.core.windows.net/landsat-c2/level-2/standard/oli-tirs/2021/041/037/LC08_L2SP_041037_20211026_20211104_02_T1/LC08_L2SP_041037_20211026_20211104_02_T1_ST_B10.TIF,https://landsateuwest.blob.core.windows.net/landsat-c2/level-2/standard/oli-tirs/2021/041/037/LC08_L2SP_041037_20211026_20211104_02_T1/LC08_L2SP_041037_20211026_20211104_02_T1_QA_PIXEL.TIF,https://landsateuwest.blob.core.windows.net/landsat-c2/level-2/standard/oli-tirs/2021/041/037/LC08_L2SP_041037_20211026_20211104_02_T1/LC08_L2SP_041037_20211026_20211104_02_T1_ST_QA.TIF,https://landsateuwest.blob.core.windows.net/landsat-c2/level-2/standard/oli-tirs/2021/041/037/LC08_L2SP_041037_20211026_20211104_02_T1/LC08_L2SP_041037_20211026_20211104_02_T1_ST_CDIST.TIF,https://landsateuwest.blob.core.windows.net/landsat-c2/level-2/standard/oli-tirs/2021/041/037/LC08_L2SP_041037_20211026_20211104_02_T1/LC08_L2SP_041037_20211026_20211104_02_T1_QA_RADSAT.TIF
LC08_L2SP_041037_20220506_02_T1,landsat-8,2022-05-06T18:28:35.390646+00:00,2022-05-06,041,037,22.75,0.176596349847803,https://landsateuwest.blob.core.windows.net/landsat-c2/level-2/standard/oli-tirs/2022/041/037/LC08_L2SP_041037_20220506_20220512_02_T1/LC08_L2SP_041037_20220506_20220512_02_T1_ST_B10.TIF,https://landsateuwest.blob.core.windows.net/landsat-c2/level-2/standard/oli-tirs/2022/041/037/LC08_L2SP_041037_20220506_20220512_02_T1/LC08_L2SP_041037_20220506_20220512_02_T1_QA_PIXEL.TIF,https://landsateuwest.blob.core.windows.net/landsat-c2/level-2/standard/oli-tirs/2022/041/037/LC08_L2SP_041037_20220506_20220512_02_T1/LC08_L2SP_041037_20220506_20220512_02_T1_ST_QA.TIF,https://landsateuwest.blob.core.windows.net/landsat-c2/level-2/standard/oli-tirs/2022/041/037/LC08_L2SP_041037_20220506_20220512_02_T1/LC08_L2SP_041037_20220506_20220512_02_T1_ST_CDIST.TIF,https://landsateuwest.blob.core.windows.net/landsat-c2/level-2/standard/oli-tirs/2022/041/037/LC08_L2SP_041037_20220506_20220512_02_T1/LC08_L2SP_041037_20220506_20220512_02_T1_QA_RADSAT.TIF
LC08_L2SP_041037_20220522_02_T1,landsat-8,2022-05-22T18:28:40.454522+00:00,2022-05-22,041,037,65.75,0.17921039823475676,https://landsateuwest.blob.core.windows.net/landsat-c2/level-2/standard/oli-tirs/2022/041/037/LC08_L2SP_041037_20220522_20220525_02_T1/LC08_L2SP_041037_20220522_20220525_02_T1_ST_B10.TIF,https://landsateuwest.blob.core.windows.net/landsat-c2/level-2/standard/oli-tirs/2022/041/037/LC08_L2SP_041037_20220522_20220525_02_T1/LC08_L2SP_041037_20220522_20220525_02_T1_QA_PIXEL.TIF,https://landsateuwest.blob.core.windows.net/landsat-c2/level-2/standard/oli-tirs/2022/041/037/LC08_L2SP_041037_20220522_20220525_02_T1/LC08_L2SP_041037_20220522_20220525_02_T1_ST_QA.TIF,https://landsateuwest.blob.core.windows.net/landsat-c2/level-2/standard/oli-tirs/2022/041/037/LC08_L2SP_041037_20220522_20220525_02_T1/LC08_L2SP_041037_20220522_20220525_02_T1_ST_CDIST.TIF,https://landsateuwest.blob.core.windows.net/landsat-c2/level-2/standard/oli-tirs/2022/041/037/LC08_L2SP_041037_20220522_20220525_02_T1/LC08_L2SP_041037_20220522_20220525_02_T1_QA_RADSAT.TIF
LC08_L2SP_041037_20220607_02_T1,landsat-8,2022-06-07T18:28:49.262441+00:00,2022-06-07,041,037,81.79,0.1752352632131934,https://landsateuwest.blob.core.windows.net/landsat-c2/level-2/standard/oli-tirs/2022/041/037/LC08_L2SP_041037_20220607_20220616_02_T1/LC08_L2SP_041037_20220607_20220616_02_T1_ST_B10.TIF,https://landsateuwest.blob.core.windows.net/landsat-c2/level-2/standard/oli-tirs/2022/041/037/LC08_L2SP_041037_20220607_20220616_02_T1/LC08_L2SP_041037_20220607_20220616_02_T1_QA_PIXEL.TIF,https://landsateuwest.blob.core.windows.net/landsat-c2/level-2/standard/oli-tirs/2022/041/037/LC08_L2SP_041037_20220607_20220616_02_T1/LC08_L2SP_041037_20220607_20220616_02_T1_ST_QA.TIF,https://landsateuwest.blob.core.windows.net/landsat-c2/level-2/standard/oli-tirs/2022/041/037/LC08_L2SP_041037_20220607_20220616_02_T1/LC08_L2SP_041037_20220607_20220616_02_T1_ST_CDIST.TIF,https://landsateuwest.blob.core.windows.net/landsat-c2/level-2/standard/oli-tirs/2022/041/037/LC08_L2SP_041037_20220607_20220616_02_T1/LC08_L2SP_041037_20220607_20220616_02_T1_QA_RADSAT.TIF
LC08_L2SP_041037_20220623_02_T1,landsat-8,2022-06-23T18:28:57.584865+00:00,2022-06-23,041,037,28.75,0.1721563871213744,https://landsateuwest.blob.core.windows.net/landsat-c2/level-2/standard/oli-tirs/2022/041/037/LC08_L2SP_041037_20220623_20220705_02_T1/LC08_L2SP_041037_20220623_20220705_02_T1_ST_B10.TIF,https://landsateuwest.blob.core.windows.net/landsat-c2/level-2/standard/oli-tirs/2022/041/037/LC08_L2SP_041037_20220623_20220705_02_T1/LC08_L2SP_041037_20220623_20220705_02_T1_QA_PIXEL.TIF,https://landsateuwest.blob.core.windows.net/landsat-c2/level-2/standard/oli-tirs/2022/041/037/LC08_L2SP_041037_20220623_20220705_02_T1/LC08_L2SP_041037_20220623_20220705_02_T1_ST_QA.TIF,https://landsateuwest.blob.core.windows.net/landsat-c2/level-2/standard/oli-tirs/2022/041/037/LC08_L2SP_041037_20220623_20220705_02_T1/LC08_L2SP_041037_20220623_20220705_02_T1_ST_CDIST.TIF,https://landsateuwest.blob.core.windows.net/landsat-c2/level-2/standard/oli-tirs/2022/041/037/LC08_L2SP_041037_20220623_20220705_02_T1/LC08_L2SP_041037_20220623_20220705_02_T1_QA_RADSAT.TIF
LC08_L2SP_041037_20220709_02_T1,landsat-8,2022-07-09T18:28:58.179742+00:00,2022-07-09,041,037,82.82,0.18087921362147477,https://landsateuwest.blob.core.windows.net/landsat-c2/level-2/standard/oli-tirs/2022/041/037/LC08_L2SP_041037_20220709_20220721_02_T1/LC08_L2SP_041037_20220709_20220721_02_T1_ST_B10.TIF,https://landsateuwest.blob.core.windows.net/landsat-c2/level-2/standard/oli-tirs/2022/041/037/LC08_L2SP_041037_20220709_20220721_02_T1/LC08_L2SP_041037_20220709_20220721_02_T1_QA_PIXEL.TIF,https://landsateuwest.blob.core.windows.net/landsat-c2/level-2/standard/oli-tirs/2022/041/037/LC08_L2SP_041037_20220709_20220721_02_T1/LC08_L2SP_041037_20220709_20220721_02_T1_ST_QA.TIF,https://landsateuwest.blob.core.windows.net/landsat-c2/level-2/standard/oli-tirs/2022/041/037/LC08_L2SP_041037_20220709_20220721_02_T1/LC08_L2SP_041037_20220709_20220721_02_T1_ST_CDIST.TIF,https://landsateuwest.blob.core.windows.net/landsat-c2/level-2/standard/oli-tirs/2022/041/037/LC08_L2SP_041037_20220709_20220721_02_T1/LC08_L2SP_041037_20220709_20220721_02_T1_QA_RADSAT.TIF
LC08_L2SP_041037_20220725_02_T1,landsat-8,2022-07-25T18:29:05.354311+00:00,2022-07-25,041,037,88.91,0.17734930979909255,https://landsateuwest.blob.core.windows.net/landsat-c2/level-2/standard/oli-tirs/2022/041/037/LC08_L2SP_041037_20220725_20220801_02_T1/LC08_L2SP_041037_20220725_20220801_02_T1_ST_B10.TIF,https://landsateuwest.blob.core.windows.net/landsat-c2/level-2/standard/oli-tirs/2022/041/037/LC08_L2SP_041037_20220725_20220801_02_T1/LC08_L2SP_041037_20220725_20220801_02_T1_QA_PIXEL.TIF,https://landsateuwest.blob.core.windows.net/landsat-c2/level-2/standard/oli-tirs/2022/041/037/LC08_L2SP_041037_20220725_20220801_02_T1/LC08_L2SP_041037_20220725_20220801_02_T1_ST_QA.TIF,https://landsateuwest.blob.core.windows.net/landsat-c2/level-2/standard/oli-tirs/2022/041/037/LC08_L2SP_041037_20220725_20220801_02_T1/LC08_L2SP_041037_20220725_20220801_02_T1_ST_CDIST.TIF,https://landsateuwest.blob.core.windows.net/landsat-c2/level-2/standard/oli-tirs/2022/041/037/LC08_L2SP_041037_20220725_20220801_02_T1/LC08_L2SP_041037_20220725_20220801_02_T1_QA_RADSAT.TIF
LC08_L2SP_041037_20220810_02_T1,landsat-8,2022-08-10T18:29:14.027423+00:00,2022-08-10,041,037,0.41,0.17048365481305375,https://landsateuwest.blob.core.windows.net/landsat-c2/level-2/standard/oli-tirs/2022/041/037/LC08_L2SP_041037_20220810_20220818_02_T1/LC08_L2SP_041037_20220810_20220818_02_T1_ST_B10.TIF,https://landsateuwest.blob.core.windows.net/landsat-c2/level-2/standard/oli-tirs/2022/041/037/LC08_L2SP_041037_20220810_20220818_02_T1/LC08_L2SP_041037_20220810_20220818_02_T1_QA_PIXEL.TIF,https://landsateuwest.blob.core.windows.net/landsat-c2/level-2/standard/oli-tirs/2022/041/037/LC08_L2SP_041037_20220810_20220818_02_T1/LC08_L2SP_041037_20220810_20220818_02_T1_ST_QA.TIF,https://landsateuwest.blob.core.windows.net/landsat-c2/level-2/standard/oli-tirs/2022/041/037/LC08_L2SP_041037_20220810_20220818_02_T1/LC08_L2SP_041037_20220810_20220818_02_T1_ST_CDIST.TIF,https://landsateuwest.blob.core.windows.net/landsat-c2/level-2/standard/oli-tirs/2022/041/037/LC08_L2SP_041037_20220810_20220818_02_T1/LC08_L2SP_041037_20220810_20220818_02_T1_QA_RADSAT.TIF
LC08_L2SP_041037_20220826_02_T1,landsat-8,2022-08-26T18:29:16.182122+00:00,2022-08-26,041,037,62.37,0.1728471407885608,https://landsateuwest.blob.core.windows.net/landsat-c2/level-2/standard/oli-tirs/2022/041/037/LC08_L2SP_041037_20220826_20220909_02_T1/LC08_L2SP_041037_20220826_20220909_02_T1_ST_B10.TIF,https://landsateuwest.blob.core.windows.net/landsat-c2/level-2/standard/oli-tirs/2022/041/037/LC08_L2SP_041037_20220826_20220909_02_T1/LC08_L2SP_041037_20220826_20220909_02_T1_QA_PIXEL.TIF,https://landsateuwest.blob.core.windows.net/landsat-c2/level-2/standard/oli-tirs/2022/041/037/LC08_L2SP_041037_20220826_20220909_02_T1/LC08_L2SP_041037_20220826_20220909_02_T1_ST_QA.TIF,https://landsateuwest.blob.core.windows.net/landsat-c2/level-2/standard/oli-tirs/2022/041/037/LC08_L2SP_041037_20220826_20220909_02_T1/LC08_L2SP_041037_20220826_20220909_02_T1_ST_CDIST.TIF,https://landsateuwest.blob.core.windows.net/landsat-c2/level-2/standard/oli-tirs/2022/041/037/LC08_L2SP_041037_20220826_20220909_02_T1/LC08_L2SP_041037_20220826_20220909_02_T1_QA_RADSAT.TIF
LC08_L2SP_041037_20220927_02_T1,landsat-8,2022-09-27T18:29:22.763413+00:00,2022-09-27,041,037,16.47,0.1703101912325334,https://landsateuwest.blob.core.windows.net/landsat-c2/level-2/standard/oli-tirs/2022/041/037/LC08_L2SP_041037_20220927_20221004_02_T1/LC08_L2SP_041037_20220927_20221004_02_T1_ST_B10.TIF,https://landsateuwest.blob.core.windows.net/landsat-c2/level-2/standard/oli-tirs/2022/041/037/LC08_L2SP_041037_20220927_20221004_02_T1/LC08_L2SP_041037_20220927_20221004_02_T1_QA_PIXEL.TIF,https://landsateuwest.blob.core.windows.net/landsat-c2/level-2/standard/oli-tirs/2022/041/037/LC08_L2SP_041037_20220927_20221004_02_T1/LC08_L2SP_041037_20220927_20221004_02_T1_ST_QA.TIF,https://landsateuwest.blob.core.windows.net/landsat-c2/level-2/standard/oli-tirs/2022/041/037/LC08_L2SP_041037_20220927_20221004_02_T1/LC08_L2SP_041037_20220927_20221004_02_T1_ST_CDIST.TIF,https://landsateuwest.blob.core.windows.net/landsat-c2/level-2/standard/oli-tirs/2022/041/037/LC08_L2SP_041037_20220927_20221004_02_T1/LC08_L2SP_041037_20220927_20221004_02_T1_QA_RADSAT.TIF
LC08_L2SP_041037_20221013_02_T1,landsat-8,2022-10-13T18:29:13.237626+00:00,2022-10-13,041,037,98.8,0.18702313246445934,https://landsateuwest.blob.core.windows.net/landsat-c2/level-2/standard/oli-tirs/2022/041/037/LC08_L2SP_041037_20221013_20221020_02_T1/LC08_L2SP_041037_20221013_20221020_02_T1_ST_B10.TIF,https://landsateuwest.blob.core.windows.net/landsat-c2/level-2/standard/oli-tirs/2022/041/037/LC08_L2SP_041037_20221013_20221020_02_T1/LC08_L2SP_041037_20221013_20221020_02_T1_QA_PIXEL.TIF,https://landsateuwest.blob.core.windows.net/landsat-c2/level-2/standard/oli-tirs/2022/041/037/LC08_L2SP_041037_20221013_20221020_02_T1/LC08_L2SP_041037_20221013_20221020_02_T1_ST_QA.TIF,https://landsateuwest.blob.core.windows.net/landsat-c2/level-2/standard/oli-tirs/2022/041/037/LC08_L2SP_041037_20221013_20221020_02_T1/LC08_L2SP_041037_20221013_20221020_02_T1_ST_CDIST.TIF,https://landsateuwest.blob.core.windows.net/landsat-c2/level-2/standard/oli-tirs/2022/041/037/LC08_L2SP_041037_20221013_20221020_02_T1/LC08_L2SP_041037_20221013_20221020_02_T1_QA_RADSAT.TIF
LC08_L2SP_041037_20221029_02_T1,landsat-8,2022-10-29T18:29:22.388896+00:00,2022-10-29,041,037,0.52,0.17064010169848226,https://landsateuwest.blob.core.windows.net/landsat-c2/level-2/standard/oli-tirs/2022/041/037/LC08_L2SP_041037_20221029_20221108_02_T1/LC08_L2SP_041037_20221029_20221108_02_T1_ST_B10.TIF,https://landsateuwest.blob.core.windows.net/landsat-c2/level-2/standard/oli-tirs/2022/041/037/LC08_L2SP_041037_20221029_20221108_02_T1/LC08_L2SP_041037_20221029_20221108_02_T1_QA_PIXEL.TIF,https://landsateuwest.blob.core.windows.net/landsat-c2/level-2/standard/oli-tirs/2022/041/037/LC08_L2SP_041037_20221029_20221108_02_T1/LC08_L2SP_041037_20221029_20221108_02_T1_ST_QA.TIF,https://landsateuwest.blob.core.windows.net/landsat-c2/level-2/standard/oli-tirs/2022/041/037/LC08_L2SP_041037_20221029_20221108_02_T1/LC08_L2SP_041037_20221029_20221108_02_T1_ST_CDIST.TIF,https://landsateuwest.blob.core.windows.net/landsat-c2/level-2/standard/oli-tirs/2022/041/037/LC08_L2SP_041037_20221029_20221108_02_T1/LC08_L2SP_041037_20221029_20221108_02_T1_QA_RADSAT.TIF
LC08_L2SP_041037_20230509_02_T1,landsat-8,2023-05-09T18:28:04.623433+00:00,2023-05-09,041,037,26.7,0.16651138059952297,https://landsateuwest.blob.core.windows.net/landsat-c2/level-2/standard/oli-tirs/2023/041/037/LC08_L2SP_041037_20230509_20230517_02_T1/LC08_L2SP_041037_20230509_20230517_02_T1_ST_B10.TIF,https://landsateuwest.blob.core.windows.net/landsat-c2/level-2/standard/oli-tirs/2023/041/037/LC08_L2SP_041037_20230509_20230517_02_T1/LC08_L2SP_041037_20230509_20230517_02_T1_QA_PIXEL.TIF,https://landsateuwest.blob.core.windows.net/landsat-c2/level-2/standard/oli-tirs/2023/041/037/LC08_L2SP_041037_20230509_20230517_02_T1/LC08_L2SP_041037_20230509_20230517_02_T1_ST_QA.TIF,https://landsateuwest.blob.core.windows.net/landsat-c2/level-2/standard/oli-tirs/2023/041/037/LC08_L2SP_041037_20230509_20230517_02_T1/LC08_L2SP_041037_20230509_20230517_02_T1_ST_CDIST.TIF,https://landsateuwest.blob.core.windows.net/landsat-c2/level-2/standard/oli-tirs/2023/041/037/LC08_L2SP_041037_20230509_20230517_02_T1/LC08_L2SP_041037_20230509_20230517_02_T1_QA_RADSAT.TIF
LC08_L2SP_041037_20230626_02_T1,landsat-8,2023-06-26T18:28:16.506457+00:00,2023-06-26,041,037,64.73,0.18301584025187403,https://landsateuwest.blob.core.windows.net/landsat-c2/level-2/standard/oli-tirs/2023/041/037/LC08_L2SP_041037_20230626_20230710_02_T1/LC08_L2SP_041037_20230626_20230710_02_T1_ST_B10.TIF,https://landsateuwest.blob.core.windows.net/landsat-c2/level-2/standard/oli-tirs/2023/041/037/LC08_L2SP_041037_20230626_20230710_02_T1/LC08_L2SP_041037_20230626_20230710_02_T1_QA_PIXEL.TIF,https://landsateuwest.blob.core.windows.net/landsat-c2/level-2/standard/oli-tirs/2023/041/037/LC08_L2SP_041037_20230626_20230710_02_T1/LC08_L2SP_041037_20230626_20230710_02_T1_ST_QA.TIF,https://landsateuwest.blob.core.windows.net/landsat-c2/level-2/standard/oli-tirs/2023/041/037/LC08_L2SP_041037_20230626_20230710_02_T1/LC08_L2SP_041037_20230626_20230710_02_T1_ST_CDIST.TIF,https://landsateuwest.blob.core.windows.net/landsat-c2/level-2/standard/oli-tirs/2023/041/037/LC08_L2SP_041037_20230626_20230710_02_T1/LC08_L2SP_041037_20230626_20230710_02_T1_QA_RADSAT.TIF
LC08_L2SP_041037_20230712_02_T1,landsat-8,2023-07-12T18:28:26.070416+00:00,2023-07-12,041,037,14.68,0.17851799201305873,https://landsateuwest.blob.core.windows.net/landsat-c2/level-2/standard/oli-tirs/2023/041/037/LC08_L2SP_041037_20230712_20230724_02_T1/LC08_L2SP_041037_20230712_20230724_02_T1_ST_B10.TIF,https://landsateuwest.blob.core.windows.net/landsat-c2/level-2/standard/oli-tirs/2023/041/037/LC08_L2SP_041037_20230712_20230724_02_T1/LC08_L2SP_041037_20230712_20230724_02_T1_QA_PIXEL.TIF,https://landsateuwest.blob.core.windows.net/landsat-c2/level-2/standard/oli-tirs/2023/041/037/LC08_L2SP_041037_20230712_20230724_02_T1/LC08_L2SP_041037_20230712_20230724_02_T1_ST_QA.TIF,https://landsateuwest.blob.core.windows.net/landsat-c2/level-2/standard/oli-tirs/2023/041/037/LC08_L2SP_041037_20230712_20230724_02_T1/LC08_L2SP_041037_20230712_20230724_02_T1_ST_CDIST.TIF,https://landsateuwest.blob.core.windows.net/landsat-c2/level-2/standard/oli-tirs/2023/041/037/LC08_L2SP_041037_20230712_20230724_02_T1/LC08_L2SP_041037_20230712_20230724_02_T1_QA_RADSAT.TIF
LC08_L2SP_041037_20230728_02_T1,landsat-8,2023-07-28T18:28:32.672539+00:00,2023-07-28,041,037,44.04,0.1796513618826136,https://landsateuwest.blob.core.windows.net/landsat-c2/level-2/standard/oli-tirs/2023/041/037/LC08_L2SP_041037_20230728_20230805_02_T1/LC08_L2SP_041037_20230728_20230805_02_T1_ST_B10.TIF,https://landsateuwest.blob.core.windows.net/landsat-c2/level-2/standard/oli-tirs/2023/041/037/LC08_L2SP_041037_20230728_20230805_02_T1/LC08_L2SP_041037_20230728_20230805_02_T1_QA_PIXEL.TIF,https://landsateuwest.blob.core.windows.net/landsat-c2/level-2/standard/oli-tirs/2023/041/037/LC08_L2SP_041037_20230728_20230805_02_T1/LC08_L2SP_041037_20230728_20230805_02_T1_ST_QA.TIF,https://landsateuwest.blob.core.windows.net/landsat-c2/level-2/standard/oli-tirs/2023/041/037/LC08_L2SP_041037_20230728_20230805_02_T1/LC08_L2SP_041037_20230728_20230805_02_T1_ST_CDIST.TIF,https://landsateuwest.blob.core.windows.net/landsat-c2/level-2/standard/oli-tirs/2023/041/037/LC08_L2SP_041037_20230728_20230805_02_T1/LC08_L2SP_041037_20230728_20230805_02_T1_QA_RADSAT.TIF
LC08_L2SP_041037_20230813_02_T1,landsat-8,2023-08-13T18:28:37.702926+00:00,2023-08-13,041,037,84.97,0.18131530214849867,https://landsateuwest.blob.core.windows.net/landsat-c2/level-2/standard/oli-tirs/2023/041/037/LC08_L2SP_041037_20230813_20230819_02_T1/LC08_L2SP_041037_20230813_20230819_02_T1_ST_B10.TIF,https://landsateuwest.blob.core.windows.net/landsat-c2/level-2/standard/oli-tirs/2023/041/037/LC08_L2SP_041037_20230813_20230819_02_T1/LC08_L2SP_041037_20230813_20230819_02_T1_QA_PIXEL.TIF,https://landsateuwest.blob.core.windows.net/landsat-c2/level-2/standard/oli-tirs/2023/041/037/LC08_L2SP_041037_20230813_20230819_02_T1/LC08_L2SP_041037_20230813_20230819_02_T1_ST_QA.TIF,https://landsateuwest.blob.core.windows.net/landsat-c2/level-2/standard/oli-tirs/2023/041/037/LC08_L2SP_041037_20230813_20230819_02_T1/LC08_L2SP_041037_20230813_20230819_02_T1_ST_CDIST.TIF,https://landsateuwest.blob.core.windows.net/landsat-c2/level-2/standard/oli-tirs/2023/041/037/LC08_L2SP_041037_20230813_20230819_02_T1/LC08_L2SP_041037_20230813_20230819_02_T1_QA_RADSAT.TIF
LC08_L2SP_041037_20230829_02_T1,landsat-8,2023-08-29T18:28:43.963473+00:00,2023-08-29,041,037,3.92,0.17910079889060418,https://landsateuwest.blob.core.windows.net/landsat-c2/level-2/standard/oli-tirs/2023/041/037/LC08_L2SP_041037_20230829_20230906_02_T1/LC08_L2SP_041037_20230829_20230906_02_T1_ST_B10.TIF,https://landsateuwest.blob.core.windows.net/landsat-c2/level-2/standard/oli-tirs/2023/041/037/LC08_L2SP_041037_20230829_20230906_02_T1/LC08_L2SP_041037_20230829_20230906_02_T1_QA_PIXEL.TIF,https://landsateuwest.blob.core.windows.net/landsat-c2/level-2/standard/oli-tirs/2023/041/037/LC08_L2SP_041037_20230829_20230906_02_T1/LC08_L2SP_041037_20230829_20230906_02_T1_ST_QA.TIF,https://landsateuwest.blob.core.windows.net/landsat-c2/level-2/standard/oli-tirs/2023/041/037/LC08_L2SP_041037_20230829_20230906_02_T1/LC08_L2SP_041037_20230829_20230906_02_T1_ST_CDIST.TIF,https://landsateuwest.blob.core.windows.net/landsat-c2/level-2/standard/oli-tirs/2023/041/037/LC08_L2SP_041037_20230829_20230906_02_T1/LC08_L2SP_041037_20230829_20230906_02_T1_QA_RADSAT.TIF
LC08_L2SP_041037_20230914_02_T1,landsat-8,2023-09-14T18:28:47.209363+00:00,2023-09-14,041,037,87.37,0.18109999990985978,https://landsateuwest.blob.core.windows.net/landsat-c2/level-2/standard/oli-tirs/2023/041/037/LC08_L2SP_041037_20230914_20230919_02_T1/LC08_L2SP_041037_20230914_20230919_02_T1_ST_B10.TIF,https://landsateuwest.blob.core.windows.net/landsat-c2/level-2/standard/oli-tirs/2023/041/037/LC08_L2SP_041037_20230914_20230919_02_T1/LC08_L2SP_041037_20230914_20230919_02_T1_QA_PIXEL.TIF,https://landsateuwest.blob.core.windows.net/landsat-c2/level-2/standard/oli-tirs/2023/041/037/LC08_L2SP_041037_20230914_20230919_02_T1/LC08_L2SP_041037_20230914_20230919_02_T1_ST_QA.TIF,https://landsateuwest.blob.core.windows.net/landsat-c2/level-2/standard/oli-tirs/2023/041/037/LC08_L2SP_041037_20230914_20230919_02_T1/LC08_L2SP_041037_20230914_20230919_02_T1_ST_CDIST.TIF,https://landsateuwest.blob.core.windows.net/landsat-c2/level-2/standard/oli-tirs/2023/041/037/LC08_L2SP_041037_20230914_20230919_02_T1/LC08_L2SP_041037_20230914_20230919_02_T1_QA_RADSAT.TIF
LC08_L2SP_041037_20230930_02_T1,landsat-8,2023-09-30T18:28:51.505100+00:00,2023-09-30,041,037,63.52,0.1786279966547663,https://landsateuwest.blob.core.windows.net/landsat-c2/level-2/standard/oli-tirs/2023/041/037/LC08_L2SP_041037_20230930_20231010_02_T1/LC08_L2SP_041037_20230930_20231010_02_T1_ST_B10.TIF,https://landsateuwest.blob.core.windows.net/landsat-c2/level-2/standard/oli-tirs/2023/041/037/LC08_L2SP_041037_20230930_20231010_02_T1/LC08_L2SP_041037_20230930_20231010_02_T1_QA_PIXEL.TIF,https://landsateuwest.blob.core.windows.net/landsat-c2/level-2/standard/oli-tirs/2023/041/037/LC08_L2SP_041037_20230930_20231010_02_T1/LC08_L2SP_041037_20230930_20231010_02_T1_ST_QA.TIF,https://landsateuwest.blob.core.windows.net/landsat-c2/level-2/standard/oli-tirs/2023/041/037/LC08_L2SP_041037_20230930_20231010_02_T1/LC08_L2SP_041037_20230930_20231010_02_T1_ST_CDIST.TIF,https://landsateuwest.blob.core.windows.net/landsat-c2/level-2/standard/oli-tirs/2023/041/037/LC08_L2SP_041037_20230930_20231010_02_T1/LC08_L2SP_041037_20230930_20231010_02_T1_QA_RADSAT.TIF
LC08_L2SP_041037_20231016_02_T1,landsat-8,2023-10-16T18:28:53.398629+00:00,2023-10-16,041,037,50.12,0.17959809089488749,https://landsateuwest.blob.core.windows.net/landsat-c2/level-2/standard/oli-tirs/2023/041/037/LC08_L2SP_041037_20231016_20231103_02_T1/LC08_L2SP_041037_20231016_20231103_02_T1_ST_B10.TIF,https://landsateuwest.blob.core.windows.net/landsat-c2/level-2/standard/oli-tirs/2023/041/037/LC08_L2SP_041037_20231016_20231103_02_T1/LC08_L2SP_041037_20231016_20231103_02_T1_QA_PIXEL.TIF,https://landsateuwest.blob.core.windows.net/landsat-c2/level-2/standard/oli-tirs/2023/041/037/LC08_L2SP_041037_20231016_20231103_02_T1/LC08_L2SP_041037_20231016_20231103_02_T1_ST_QA.TIF,https://landsateuwest.blob.core.windows.net/landsat-c2/level-2/standard/oli-tirs/2023/041/037/LC08_L2SP_041037_20231016_20231103_02_T1/LC08_L2SP_041037_20231016_20231103_02_T1_ST_CDIST.TIF,https://landsateuwest.blob.core.windows.net/landsat-c2/level-2/standard/oli-tirs/2023/041/037/LC08_L2SP_041037_20231016_20231103_02_T1/LC08_L2SP_041037_20231016_20231103_02_T1_QA_RADSAT.TIF
LC08_L2SP_041037_20240511_02_T1,landsat-8,2024-05-11T18:27:58.096766+00:00,2024-05-11,041,037,92.73,0.16790913739082708,https://landsateuwest.blob.core.windows.net/landsat-c2/level-2/standard/oli-tirs/2024/041/037/LC08_L2SP_041037_20240511_20240520_02_T1/LC08_L2SP_041037_20240511_20240520_02_T1_ST_B10.TIF,https://landsateuwest.blob.core.windows.net/landsat-c2/level-2/standard/oli-tirs/2024/041/037/LC08_L2SP_041037_20240511_20240520_02_T1/LC08_L2SP_041037_20240511_20240520_02_T1_QA_PIXEL.TIF,https://landsateuwest.blob.core.windows.net/landsat-c2/level-2/standard/oli-tirs/2024/041/037/LC08_L2SP_041037_20240511_20240520_02_T1/LC08_L2SP_041037_20240511_20240520_02_T1_ST_QA.TIF,https://landsateuwest.blob.core.windows.net/landsat-c2/level-2/standard/oli-tirs/2024/041/037/LC08_L2SP_041037_20240511_20240520_02_T1/LC08_L2SP_041037_20240511_20240520_02_T1_ST_CDIST.TIF,https://landsateuwest.blob.core.windows.net/landsat-c2/level-2/standard/oli-tirs/2024/041/037/LC08_L2SP_041037_20240511_20240520_02_T1/LC08_L2SP_041037_20240511_20240520_02_T1_QA_RADSAT.TIF
LC08_L2SP_041037_20240527_02_T1,landsat-8,2024-05-27T18:27:46.942220+00:00,2024-05-27,041,037,93.84,0.1670655803084972,https://landsateuwest.blob.core.windows.net/landsat-c2/level-2/standard/oli-tirs/2024/041/037/LC08_L2SP_041037_20240527_20240611_02_T1/LC08_L2SP_041037_20240527_20240611_02_T1_ST_B10.TIF,https://landsateuwest.blob.core.windows.net/landsat-c2/level-2/standard/oli-tirs/2024/041/037/LC08_L2SP_041037_20240527_20240611_02_T1/LC08_L2SP_041037_20240527_20240611_02_T1_QA_PIXEL.TIF,https://landsateuwest.blob.core.windows.net/landsat-c2/level-2/standard/oli-tirs/2024/041/037/LC08_L2SP_041037_20240527_20240611_02_T1/LC08_L2SP_041037_20240527_20240611_02_T1_ST_QA.TIF,https://landsateuwest.blob.core.windows.net/landsat-c2/level-2/standard/oli-tirs/2024/041/037/LC08_L2SP_041037_20240527_20240611_02_T1/LC08_L2SP_041037_20240527_20240611_02_T1_ST_CDIST.TIF,https://landsateuwest.blob.core.windows.net/landsat-c2/level-2/standard/oli-tirs/2024/041/037/LC08_L2SP_041037_20240527_20240611_02_T1/LC08_L2SP_041037_20240527_20240611_02_T1_QA_RADSAT.TIF
LC08_L2SP_041037_20240612_02_T1,landsat-8,2024-06-12T18:27:48.043224+00:00,2024-06-12,041,037,95.48,0.18478031827865862,https://landsateuwest.blob.core.windows.net/landsat-c2/level-2/standard/oli-tirs/2024/041/037/LC08_L2SP_041037_20240612_20240628_02_T1/LC08_L2SP_041037_20240612_20240628_02_T1_ST_B10.TIF,https://landsateuwest.blob.core.windows.net/landsat-c2/level-2/standard/oli-tirs/2024/041/037/LC08_L2SP_041037_20240612_20240628_02_T1/LC08_L2SP_041037_20240612_20240628_02_T1_QA_PIXEL.TIF,https://landsateuwest.blob.core.windows.net/landsat-c2/level-2/standard/oli-tirs/2024/041/037/LC08_L2SP_041037_20240612_20240628_02_T1/LC08_L2SP_041037_20240612_20240628_02_T1_ST_QA.TIF,https://landsateuwest.blob.core.windows.net/landsat-c2/level-2/standard/oli-tirs/2024/041/037/LC08_L2SP_041037_20240612_20240628_02_T1/LC08_L2SP_041037_20240612_20240628_02_T1_ST_CDIST.TIF,https://landsateuwest.blob.core.windows.net/landsat-c2/level-2/standard/oli-tirs/2024/041/037/LC08_L2SP_041037_20240612_20240628_02_T1/LC08_L2SP_041037_20240612_20240628_02_T1_QA_RADSAT.TIF
LC08_L2SP_041037_20240628_02_T1,landsat-8,2024-06-28T18:28:01.251879+00:00,2024-06-28,041,037,75.21,0.17986989153893926,https://landsateuwest.blob.core.windows.net/landsat-c2/level-2/standard/oli-tirs/2024/041/037/LC08_L2SP_041037_20240628_20240709_02_T1/LC08_L2SP_041037_20240628_20240709_02_T1_ST_B10.TIF,https://landsateuwest.blob.core.windows.net/landsat-c2/level-2/standard/oli-tirs/2024/041/037/LC08_L2SP_041037_20240628_20240709_02_T1/LC08_L2SP_041037_20240628_20240709_02_T1_QA_PIXEL.TIF,https://landsateuwest.blob.core.windows.net/landsat-c2/level-2/standard/oli-tirs/2024/041/037/LC08_L2SP_041037_20240628_20240709_02_T1/LC08_L2SP_041037_20240628_20240709_02_T1_ST_QA.TIF,https://landsateuwest.blob.core.windows.net/landsat-c2/level-2/standard/oli-tirs/2024/041/037/LC08_L2SP_041037_20240628_20240709_02_T1/LC08_L2SP_041037_20240628_20240709_02_T1_ST_CDIST.TIF,https://landsateuwest.blob.core.windows.net/landsat-c2/level-2/standard/oli-tirs/2024/041/037/LC08_L2SP_041037_20240628_20240709_02_T1/LC08_L2SP_041037_20240628_20240709_02_T1_QA_RADSAT.TIF
LC08_L2SP_041037_20240714_02_T1,landsat-8,2024-07-14T18:28:12.045787+00:00,2024-07-14,041,037,83.52,0.1752237750893987,https://landsateuwest.blob.core.windows.net/landsat-c2/level-2/standard/oli-tirs/2024/041/037/LC08_L2SP_041037_20240714_20240722_02_T1/LC08_L2SP_041037_20240714_20240722_02_T1_ST_B10.TIF,https://landsateuwest.blob.core.windows.net/landsat-c2/level-2/standard/oli-tirs/2024/041/037/LC08_L2SP_041037_20240714_20240722_02_T1/LC08_L2SP_041037_20240714_20240722_02_T1_QA_PIXEL.TIF,https://landsateuwest.blob.core.windows.net/landsat-c2/level-2/standard/oli-tirs/2024/041/037/LC08_L2SP_041037_20240714_20240722_02_T1/LC08_L2SP_041037_20240714_20240722_02_T1_ST_QA.TIF,https://landsateuwest.blob.core.windows.net/landsat-c2/level-2/standard/oli-tirs/2024/041/037/LC08_L2SP_041037_20240714_20240722_02_T1/LC08_L2SP_041037_20240714_20240722_02_T1_ST_CDIST.TIF,https://landsateuwest.blob.core.windows.net/landsat-c2/level-2/standard/oli-tirs/2024/041/037/LC08_L2SP_041037_20240714_20240722_02_T1/LC08_L2SP_041037_20240714_20240722_02_T1_QA_RADSAT.TIF
LC08_L2SP_041037_20240730_02_T1,landsat-8,2024-07-30T18:28:20.994711+00:00,2024-07-30,041,037,60.78,0.17473675977437864,https://landsateuwest.blob.core.windows.net/landsat-c2/level-2/standard/oli-tirs/2024/041/037/LC08_L2SP_041037_20240730_20240807_02_T1/LC08_L2SP_041037_20240730_20240807_02_T1_ST_B10.TIF,https://landsateuwest.blob.core.windows.net/landsat-c2/level-2/standard/oli-tirs/2024/041/037/LC08_L2SP_041037_20240730_20240807_02_T1/LC08_L2SP_041037_20240730_20240807_02_T1_QA_PIXEL.TIF,https://landsateuwest.blob.core.windows.net/landsat-c2/level-2/standard/oli-tirs/2024/041/037/LC08_L2SP_041037_20240730_20240807_02_T1/LC08_L2SP_041037_20240730_20240807_02_T1_ST_QA.TIF,https://landsateuwest.blob.core.windows.net/landsat-c2/level-2/standard/oli-tirs/2024/041/037/LC08_L2SP_041037_20240730_20240807_02_T1/LC08_L2SP_041037_20240730_20240807_02_T1_ST_CDIST.TIF,https://landsateuwest.blob.core.windows.net/landsat-c2/level-2/standard/oli-tirs/2024/041/037/LC08_L2SP_041037_20240730_20240807_02_T1/LC08_L2SP_041037_20240730_20240807_02_T1_QA_RADSAT.TIF
LC08_L2SP_041037_20240815_02_T1,landsat-8,2024-08-15T18:28:24.742388+00:00,2024-08-15,041,037,1.23,0.1801643318924326,https://landsateuwest.blob.core.windows.net/landsat-c2/level-2/standard/oli-tirs/2024/041/037/LC08_L2SP_041037_20240815_20240822_02_T1/LC08_L2SP_041037_20240815_20240822_02_T1_ST_B10.TIF,https://landsateuwest.blob.core.windows.net/landsat-c2/level-2/standard/oli-tirs/2024/041/037/LC08_L2SP_041037_20240815_20240822_02_T1/LC08_L2SP_041037_20240815_20240822_02_T1_QA_PIXEL.TIF,https://landsateuwest.blob.core.windows.net/landsat-c2/level-2/standard/oli-tirs/2024/041/037/LC08_L2SP_041037_20240815_20240822_02_T1/LC08_L2SP_041037_20240815_20240822_02_T1_ST_QA.TIF,https://landsateuwest.blob.core.windows.net/landsat-c2/level-2/standard/oli-tirs/2024/041/037/LC08_L2SP_041037_20240815_20240822_02_T1/LC08_L2SP_041037_20240815_20240822_02_T1_ST_CDIST.TIF,https://landsateuwest.blob.core.windows.net/landsat-c2/level-2/standard/oli-tirs/2024/041/037/LC08_L2SP_041037_20240815_20240822_02_T1/LC08_L2SP_041037_20240815_20240822_02_T1_QA_RADSAT.TIF
LC08_L2SP_041037_20240831_02_T1,landsat-8,2024-08-31T18:28:32.998078+00:00,2024-08-31,041,037,78.05,0.17619273533900626,https://landsateuwest.blob.core.windows.net/landsat-c2/level-2/standard/oli-tirs/2024/041/037/LC08_L2SP_041037_20240831_20240906_02_T1/LC08_L2SP_041037_20240831_20240906_02_T1_ST_B10.TIF,https://landsateuwest.blob.core.windows.net/landsat-c2/level-2/standard/oli-tirs/2024/041/037/LC08_L2SP_041037_20240831_20240906_02_T1/LC08_L2SP_041037_20240831_20240906_02_T1_QA_PIXEL.TIF,https://landsateuwest.blob.core.windows.net/landsat-c2/level-2/standard/oli-tirs/2024/041/037/LC08_L2SP_041037_20240831_20240906_02_T1/LC08_L2SP_041037_20240831_20240906_02_T1_ST_QA.TIF,https://landsateuwest.blob.core.windows.net/landsat-c2/level-2/standard/oli-tirs/2024/041/037/LC08_L2SP_041037_20240831_20240906_02_T1/LC08_L2SP_041037_20240831_20240906_02_T1_ST_CDIST.TIF,https://landsateuwest.blob.core.windows.net/landsat-c2/level-2/standard/oli-tirs/2024/041/037/LC08_L2SP_041037_20240831_20240906_02_T1/LC08_L2SP_041037_20240831_20240906_02_T1_QA_RADSAT.TIF
LC08_L2SP_041037_20240916_02_T1,landsat-8,2024-09-16T18:28:39.648924+00:00,2024-09-16,041,037,14.33,0.1731661952512614,https://landsateuwest.blob.core.windows.net/landsat-c2/level-2/standard/oli-tirs/2024/041/037/LC08_L2SP_041037_20240916_20240921_02_T1/LC08_L2SP_041037_20240916_20240921_02_T1_ST_B10.TIF,https://landsateuwest.blob.core.windows.net/landsat-c2/level-2/standard/oli-tirs/2024/041/037/LC08_L2SP_041037_20240916_20240921_02_T1/LC08_L2SP_041037_20240916_20240921_02_T1_QA_PIXEL.TIF,https://landsateuwest.blob.core.windows.net/landsat-c2/level-2/standard/oli-tirs/2024/041/037/LC08_L2SP_041037_20240916_20240921_02_T1/LC08_L2SP_041037_20240916_20240921_02_T1_ST_QA.TIF,https://landsateuwest.blob.core.windows.net/landsat-c2/level-2/standard/oli-tirs/2024/041/037/LC08_L2SP_041037_20240916_20240921_02_T1/LC08_L2SP_041037_20240916_20240921_02_T1_ST_CDIST.TIF,https://landsateuwest.blob.core.windows.net/landsat-c2/level-2/standard/oli-tirs/2024/041/037/LC08_L2SP_041037_20240916_20240921_02_T1/LC08_L2SP_041037_20240916_20240921_02_T1_QA_RADSAT.TIF
LC08_L2SP_041037_20241002_02_T1,landsat-8,2024-10-02T18:28:35.215814+00:00,2024-10-02,041,037,55.23,0.18906500997359738,https://landsateuwest.blob.core.windows.net/landsat-c2/level-2/standard/oli-tirs/2024/041/037/LC08_L2SP_041037_20241002_20241008_02_T1/LC08_L2SP_041037_20241002_20241008_02_T1_ST_B10.TIF,https://landsateuwest.blob.core.windows.net/landsat-c2/level-2/standard/oli-tirs/2024/041/037/LC08_L2SP_041037_20241002_20241008_02_T1/LC08_L2SP_041037_20241002_20241008_02_T1_QA_PIXEL.TIF,https://landsateuwest.blob.core.windows.net/landsat-c2/level-2/standard/oli-tirs/2024/041/037/LC08_L2SP_041037_20241002_20241008_02_T1/LC08_L2SP_041037_20241002_20241008_02_T1_ST_QA.TIF,https://landsateuwest.blob.core.windows.net/landsat-c2/level-2/standard/oli-tirs/2024/041/037/LC08_L2SP_041037_20241002_20241008_02_T1/LC08_L2SP_041037_20241002_20241008_02_T1_ST_CDIST.TIF,https://landsateuwest.blob.core.windows.net/landsat-c2/level-2/standard/oli-tirs/2024/041/037/LC08_L2SP_041037_20241002_20241008_02_T1/LC08_L2SP_041037_20241002_20241008_02_T1_QA_RADSAT.TIF
LC08_L2SP_041037_20241018_02_T1,landsat-8,2024-10-18T18:28:48.549450+00:00,2024-10-18,041,037,0.2,0.1701687409178345,https://landsateuwest.blob.core.windows.net/landsat-c2/level-2/standard/oli-tirs/2024/041/037/LC08_L2SP_041037_20241018_20241028_02_T1/LC08_L2SP_041037_20241018_20241028_02_T1_ST_B10.TIF,https://landsateuwest.blob.core.windows.net/landsat-c2/level-2/standard/oli-tirs/2024/041/037/LC08_L2SP_041037_20241018_20241028_02_T1/LC08_L2SP_041037_20241018_20241028_02_T1_QA_PIXEL.TIF,https://landsateuwest.blob.core.windows.net/landsat-c2/level-2/standard/oli-tirs/2024/041/037/LC08_L2SP_041037_20241018_20241028_02_T1/LC08_L2SP_041037_20241018_20241028_02_T1_ST_QA.TIF,https://landsateuwest.blob.core.windows.net/landsat-c2/level-2/standard/oli-tirs/2024/041/037/LC08_L2SP_041037_20241018_20241028_02_T1/LC08_L2SP_041037_20241018_20241028_02_T1_ST_CDIST.TIF,https://landsateuwest.blob.core.windows.net/landsat-c2/level-2/standard/oli-tirs/2024/041/037/LC08_L2SP_041037_20241018_20241028_02_T1/LC08_L2SP_041037_20241018_20241028_02_T1_QA_RADSAT.TIF
LC09_L2SP_041036_20220514_02_T1,landsat-9,2022-05-14T18:27:55.971267+00:00,2022-05-14,041,036,0.49,0.9999999999999992,https://landsateuwest.blob.core.windows.net/landsat-c2/level-2/standard/oli-tirs/2022/041/036/LC09_L2SP_041036_20220514_20220516_02_T1/LC09_L2SP_041036_20220514_20220516_02_T1_ST_B10.TIF,https://landsateuwest.blob.core.windows.net/landsat-c2/level-2/standard/oli-tirs/2022/041/036/LC09_L2SP_041036_20220514_20220516_02_T1/LC09_L2SP_041036_20220514_20220516_02_T1_QA_PIXEL.TIF,https://landsateuwest.blob.core.windows.net/landsat-c2/level-2/standard/oli-tirs/2022/041/036/LC09_L2SP_041036_20220514_20220516_02_T1/LC09_L2SP_041036_20220514_20220516_02_T1_ST_QA.TIF,https://landsateuwest.blob.core.windows.net/landsat-c2/level-2/standard/oli-tirs/2022/041/036/LC09_L2SP_041036_20220514_20220516_02_T1/LC09_L2SP_041036_20220514_20220516_02_T1_ST_CDIST.TIF,https://landsateuwest.blob.core.windows.net/landsat-c2/level-2/standard/oli-tirs/2022/041/036/LC09_L2SP_041036_20220514_20220516_02_T1/LC09_L2SP_041036_20220514_20220516_02_T1_QA_RADSAT.TIF
LC09_L2SP_041036_20220530_02_T1,landsat-9,2022-05-30T18:27:51.299670+00:00,2022-05-30,041,036,0.06,0.9999999999999992,https://landsateuwest.blob.core.windows.net/landsat-c2/level-2/standard/oli-tirs/2022/041/036/LC09_L2SP_041036_20220530_20230414_02_T1/LC09_L2SP_041036_20220530_20230414_02_T1_ST_B10.TIF,https://landsateuwest.blob.core.windows.net/landsat-c2/level-2/standard/oli-tirs/2022/041/036/LC09_L2SP_041036_20220530_20230414_02_T1/LC09_L2SP_041036_20220530_20230414_02_T1_QA_PIXEL.TIF,https://landsateuwest.blob.core.windows.net/landsat-c2/level-2/standard/oli-tirs/2022/041/036/LC09_L2SP_041036_20220530_20230414_02_T1/LC09_L2SP_041036_20220530_20230414_02_T1_ST_QA.TIF,https://landsateuwest.blob.core.windows.net/landsat-c2/level-2/standard/oli-tirs/2022/041/036/LC09_L2SP_041036_20220530_20230414_02_T1/LC09_L2SP_041036_20220530_20230414_02_T1_ST_CDIST.TIF,https://landsateuwest.blob.core.windows.net/landsat-c2/level-2/standard/oli-tirs/2022/041/036/LC09_L2SP_041036_20220530_20230414_02_T1/LC09_L2SP_041036_20220530_20230414_02_T1_QA_RADSAT.TIF
LC09_L2SP_041036_20220615_02_T1,landsat-9,2022-06-15T18:27:57.674714+00:00,2022-06-15,041,036,0.21,0.9999999999999992,https://landsateuwest.blob.core.windows.net/landsat-c2/level-2/standard/oli-tirs/2022/041/036/LC09_L2SP_041036_20220615_20220617_02_T1/LC09_L2SP_041036_20220615_20220617_02_T1_ST_B10.TIF,https://landsateuwest.blob.core.windows.net/landsat-c2/level-2/standard/oli-tirs/2022/041/036/LC09_L2SP_041036_20220615_20220617_02_T1/LC09_L2SP_041036_20220615_20220617_02_T1_QA_PIXEL.TIF,https://landsateuwest.blob.core.windows.net/landsat-c2/level-2/standard/oli-tirs/2022/041/036/LC09_L2SP_041036_20220615_20220617_02_T1/LC09_L2SP_041036_20220615_20220617_02_T1_ST_QA.TIF,https://landsateuwest.blob.core.windows.net/landsat-c2/level-2/standard/oli-tirs/2022/041/036/LC09_L2SP_041036_20220615_20220617_02_T1/LC09_L2SP_041036_20220615_20220617_02_T1_ST_CDIST.TIF,https://landsateuwest.blob.core.windows.net/landsat-c2/level-2/standard/oli-tirs/2022/041/036/LC09_L2SP_041036_20220615_20220617_02_T1/LC09_L2SP_041036_20220615_20220617_02_T1_QA_RADSAT.TIF
LC09_L2SP_041036_20220701_02_T1,landsat-9,2022-07-01T18:28:12.389676+00:00,2022-07-01,041,036,6.5,0.9999999999999992,https://landsateuwest.blob.core.windows.net/landsat-c2/level-2/standard/oli-tirs/2022/041/036/LC09_L2SP_041036_20220701_20220703_02_T1/LC09_L2SP_041036_20220701_20220703_02_T1_ST_B10.TIF,https://landsateuwest.blob.core.windows.net/landsat-c2/level-2/standard/oli-tirs/2022/041/036/LC09_L2SP_041036_20220701_20220703_02_T1/LC09_L2SP_041036_20220701_20220703_02_T1_QA_PIXEL.TIF,https://landsateuwest.blob.core.windows.net/landsat-c2/level-2/standard/oli-tirs/2022/041/036/LC09_L2SP_041036_20220701_20220703_02_T1/LC09_L2SP_041036_20220701_20220703_02_T1_ST_QA.TIF,https://landsateuwest.blob.core.windows.net/landsat-c2/level-2/standard/oli-tirs/2022/041/036/LC09_L2SP_041036_20220701_20220703_02_T1/LC09_L2SP_041036_20220701_20220703_02_T1_ST_CDIST.TIF,https://landsateuwest.blob.core.windows.net/landsat-c2/level-2/standard/oli-tirs/2022/041/036/LC09_L2SP_041036_20220701_20220703_02_T1/LC09_L2SP_041036_20220701_20220703_02_T1_QA_RADSAT.TIF
LC09_L2SP_041036_20220717_02_T1,landsat-9,2022-07-17T18:28:11.125628+00:00,2022-07-17,041,036,10.9,0.9999999999999992,https://landsateuwest.blob.core.windows.net/landsat-c2/level-2/standard/oli-tirs/2022/041/036/LC09_L2SP_041036_20220717_20220719_02_T1/LC09_L2SP_041036_20220717_20220719_02_T1_ST_B10.TIF,https://landsateuwest.blob.core.windows.net/landsat-c2/level-2/standard/oli-tirs/2022/041/036/LC09_L2SP_041036_20220717_20220719_02_T1/LC09_L2SP_041036_20220717_20220719_02_T1_QA_PIXEL.TIF,https://landsateuwest.blob.core.windows.net/landsat-c2/level-2/standard/oli-tirs/2022/041/036/LC09_L2SP_041036_20220717_20220719_02_T1/LC09_L2SP_041036_20220717_20220719_02_T1_ST_QA.TIF,https://landsateuwest.blob.core.windows.net/landsat-c2/level-2/standard/oli-tirs/2022/041/036/LC09_L2SP_041036_20220717_20220719_02_T1/LC09_L2SP_041036_20220717_20220719_02_T1_ST_CDIST.TIF,https://landsateuwest.blob.core.windows.net/landsat-c2/level-2/standard/oli-tirs/2022/041/036/LC09_L2SP_041036_20220717_20220719_02_T1/LC09_L2SP_041036_20220717_20220719_02_T1_QA_RADSAT.TIF
LC09_L2SP_041036_20220802_02_T1,landsat-9,2022-08-02T18:28:25.166481+00:00,2022-08-02,041,036,2.88,0.9999999999999992,https://landsateuwest.blob.core.windows.net/landsat-c2/level-2/standard/oli-tirs/2022/041/036/LC09_L2SP_041036_20220802_20220804_02_T1/LC09_L2SP_041036_20220802_20220804_02_T1_ST_B10.TIF,https://landsateuwest.blob.core.windows.net/landsat-c2/level-2/standard/oli-tirs/2022/041/036/LC09_L2SP_041036_20220802_20220804_02_T1/LC09_L2SP_041036_20220802_20220804_02_T1_QA_PIXEL.TIF,https://landsateuwest.blob.core.windows.net/landsat-c2/level-2/standard/oli-tirs/2022/041/036/LC09_L2SP_041036_20220802_20220804_02_T1/LC09_L2SP_041036_20220802_20220804_02_T1_ST_QA.TIF,https://landsateuwest.blob.core.windows.net/landsat-c2/level-2/standard/oli-tirs/2022/041/036/LC09_L2SP_041036_20220802_20220804_02_T1/LC09_L2SP_041036_20220802_20220804_02_T1_ST_CDIST.TIF,https://landsateuwest.blob.core.windows.net/landsat-c2/level-2/standard/oli-tirs/2022/041/036/LC09_L2SP_041036_20220802_20220804_02_T1/LC09_L2SP_041036_20220802_20220804_02_T1_QA_RADSAT.TIF
LC09_L2SP_041036_20220818_02_T1,landsat-9,2022-08-18T18:28:32.946430+00:00,2022-08-18,041,036,13.49,0.9999999999999992,https://landsateuwest.blob.core.windows.net/landsat-c2/level-2/standard/oli-tirs/2022/041/036/LC09_L2SP_041036_20220818_20220822_02_T1/LC09_L2SP_041036_20220818_20220822_02_T1_ST_B10.TIF,https://landsateuwest.blob.core.windows.net/landsat-c2/level-2/standard/oli-tirs/2022/041/036/LC09_L2SP_041036_20220818_20220822_02_T1/LC09_L2SP_041036_20220818_20220822_02_T1_QA_PIXEL.TIF,https://landsateuwest.blob.core.windows.net/landsat-c2/level-2/standard/oli-tirs/2022/041/036/LC09_L2SP_041036_20220818_20220822_02_T1/LC09_L2SP_041036_20220818_20220822_02_T1_ST_QA.TIF,https://landsateuwest.blob.core.windows.net/landsat-c2/level-2/standard/oli-tirs/2022/041/036/LC09_L2SP_041036_20220818_20220822_02_T1/LC09_L2SP_041036_20220818_20220822_02_T1_ST_CDIST.TIF,https://landsateuwest.blob.core.windows.net/landsat-c2/level-2/standard/oli-tirs/2022/041/036/LC09_L2SP_041036_20220818_20220822_02_T1/LC09_L2SP_041036_20220818_20220822_02_T1_QA_RADSAT.TIF
LC09_L2SP_041036_20220903_02_T1,landsat-9,2022-09-03T18:28:33.961261+00:00,2022-09-03,041,036,0.2,0.9999999999999992,https://landsateuwest.blob.core.windows.net/landsat-c2/level-2/standard/oli-tirs/2022/041/036/LC09_L2SP_041036_20220903_20220905_02_T1/LC09_L2SP_041036_20220903_20220905_02_T1_ST_B10.TIF,https://landsateuwest.blob.core.windows.net/landsat-c2/level-2/standard/oli-tirs/2022/041/036/LC09_L2SP_041036_20220903_20220905_02_T1/LC09_L2SP_041036_20220903_20220905_02_T1_QA_PIXEL.TIF,https://landsateuwest.blob.core.windows.net/landsat-c2/level-2/standard/oli-tirs/2022/041/036/LC09_L2SP_041036_20220903_20220905_02_T1/LC09_L2SP_041036_20220903_20220905_02_T1_ST_QA.TIF,https://landsateuwest.blob.core.windows.net/landsat-c2/level-2/standard/oli-tirs/2022/041/036/LC09_L2SP_041036_20220903_20220905_02_T1/LC09_L2SP_041036_20220903_20220905_02_T1_ST_CDIST.TIF,https://landsateuwest.blob.core.windows.net/landsat-c2/level-2/standard/oli-tirs/2022/041/036/LC09_L2SP_041036_20220903_20220905_02_T1/LC09_L2SP_041036_20220903_20220905_02_T1_QA_RADSAT.TIF
LC09_L2SP_041036_20221005_02_T1,landsat-9,2022-10-05T18:28:40.785005+00:00,2022-10-05,041,036,9.49,0.9999999999999992,https://landsateuwest.blob.core.windows.net/landsat-c2/level-2/standard/oli-tirs/2022/041/036/LC09_L2SP_041036_20221005_20221007_02_T1/LC09_L2SP_041036_20221005_20221007_02_T1_ST_B10.TIF,https://landsateuwest.blob.core.windows.net/landsat-c2/level-2/standard/oli-tirs/2022/041/036/LC09_L2SP_041036_20221005_20221007_02_T1/LC09_L2SP_041036_20221005_20221007_02_T1_QA_PIXEL.TIF,https://landsateuwest.blob.core.windows.net/landsat-c2/level-2/standard/oli-tirs/2022/041/036/LC09_L2SP_041036_20221005_20221007_02_T1/LC09_L2SP_041036_20221005_20221007_02_T1_ST_QA.TIF,https://landsateuwest.blob.core.windows.net/landsat-c2/level-2/standard/oli-tirs/2022/041/036/LC09_L2SP_041036_20221005_20221007_02_T1/LC09_L2SP_041036_20221005_20221007_02_T1_ST_CDIST.TIF,https://landsateuwest.blob.core.windows.net/landsat-c2/level-2/standard/oli-tirs/2022/041/036/LC09_L2SP_041036_20221005_20221007_02_T1/LC09_L2SP_041036_20221005_20221007_02_T1_QA_RADSAT.TIF
LC09_L2SP_041036_20221021_02_T1,landsat-9,2022-10-21T18:28:47.496660+00:00,2022-10-21,041,036,7.08,0.9999999999999992,https://landsateuwest.blob.core.windows.net/landsat-c2/level-2/standard/oli-tirs/2022/041/036/LC09_L2SP_041036_20221021_20221024_02_T1/LC09_L2SP_041036_20221021_20221024_02_T1_ST_B10.TIF,https://landsateuwest.blob.core.windows.net/landsat-c2/level-2/standard/oli-tirs/2022/041/036/LC09_L2SP_041036_20221021_20221024_02_T1/LC09_L2SP_041036_20221021_20221024_02_T1_QA_PIXEL.TIF,https://landsateuwest.blob.core.windows.net/landsat-c2/level-2/standard/oli-tirs/2022/041/036/LC09_L2SP_041036_20221021_20221024_02_T1/LC09_L2SP_041036_20221021_20221024_02_T1_ST_QA.TIF,https://landsateuwest.blob.core.windows.net/landsat-c2/level-2/standard/oli-tirs/2022/041/036/LC09_L2SP_041036_20221021_20221024_02_T1/LC09_L2SP_041036_20221021_20221024_02_T1_ST_CDIST.TIF,https://landsateuwest.blob.core.windows.net/landsat-c2/level-2/standard/oli-tirs/2022/041/036/LC09_L2SP_041036_20221021_20221024_02_T1/LC09_L2SP_041036_20221021_20221024_02_T1_QA_RADSAT.TIF
LC09_L2SP_041036_20230501_02_T1,landsat-9,2023-05-01T18:28:02.470969+00:00,2023-05-01,041,036,37.98,0.9999999999999992,https://landsateuwest.blob.core.windows.net/landsat-c2/level-2/standard/oli-tirs/2023/041/036/LC09_L2SP_041036_20230501_20230503_02_T1/LC09_L2SP_041036_20230501_20230503_02_T1_ST_B10.TIF,https://landsateuwest.blob.core.windows.net/landsat-c2/level-2/standard/oli-tirs/2023/041/036/LC09_L2SP_041036_20230501_20230503_02_T1/LC09_L2SP_041036_20230501_20230503_02_T1_QA_PIXEL.TIF,https://landsateuwest.blob.core.windows.net/landsat-c2/level-2/standard/oli-tirs/2023/041/036/LC09_L2SP_041036_20230501_20230503_02_T1/LC09_L2SP_041036_20230501_20230503_02_T1_ST_QA.TIF,https://landsateuwest.blob.core.windows.net/landsat-c2/level-2/standard/oli-tirs/2023/041/036/LC09_L2SP_041036_20230501_20230503_02_T1/LC09_L2SP_041036_20230501_20230503_02_T1_ST_CDIST.TIF,https://landsateuwest.blob.core.windows.net/landsat-c2/level-2/standard/oli-tirs/2023/041/036/LC09_L2SP_041036_20230501_20230503_02_T1/LC09_L2SP_041036_20230501_20230503_02_T1_QA_RADSAT.TIF
LC09_L2SP_041036_20230517_02_T1,landsat-9,2023-05-17T18:27:55.151520+00:00,2023-05-17,041,036,14.75,0.9999999999999992,https://landsateuwest.blob.core.windows.net/landsat-c2/level-2/standard/oli-tirs/2023/041/036/LC09_L2SP_041036_20230517_20230519_02_T1/LC09_L2SP_041036_20230517_20230519_02_T1_ST_B10.TIF,https://landsateuwest.blob.core.windows.net/landsat-c2/level-2/standard/oli-tirs/2023/041/036/LC09_L2SP_041036_20230517_20230519_02_T1/LC09_L2SP_041036_20230517_20230519_02_T1_QA_PIXEL.TIF,https://landsateuwest.blob.core.windows.net/landsat-c2/level-2/standard/oli-tirs/2023/041/036/LC09_L2SP_041036_20230517_20230519_02_T1/LC09_L2SP_041036_20230517_20230519_02_T1_ST_QA.TIF,https://landsateuwest.blob.core.windows.net/landsat-c2/level-2/standard/oli-tirs/2023/041/036/LC09_L2SP_041036_20230517_20230519_02_T1/LC09_L2SP_041036_20230517_20230519_02_T1_ST_CDIST.TIF,https://landsateuwest.blob.core.windows.net/landsat-c2/level-2/standard/oli-tirs/2023/041/036/LC09_L2SP_041036_20230517_20230519_02_T1/LC09_L2SP_041036_20230517_20230519_02_T1_QA_RADSAT.TIF
LC09_L2SP_041036_20230602_02_T1,landsat-9,2023-06-02T18:27:47.984689+00:00,2023-06-02,041,036,25.78,0.9999999999999992,https://landsateuwest.blob.core.windows.net/landsat-c2/level-2/standard/oli-tirs/2023/041/036/LC09_L2SP_041036_20230602_20230604_02_T1/LC09_L2SP_041036_20230602_20230604_02_T1_ST_B10.TIF,https://landsateuwest.blob.core.windows.net/landsat-c2/level-2/standard/oli-tirs/2023/041/036/LC09_L2SP_041036_20230602_20230604_02_T1/LC09_L2SP_041036_20230602_20230604_02_T1_QA_PIXEL.TIF,https://landsateuwest.blob.core.windows.net/landsat-c2/level-2/standard/oli-tirs/2023/041/036/LC09_L2SP_041036_20230602_20230604_02_T1/LC09_L2SP_041036_20230602_20230604_02_T1_ST_QA.TIF,https://landsateuwest.blob.core.windows.net/landsat-c2/level-2/standard/oli-tirs/2023/041/036/LC09_L2SP_041036_20230602_20230604_02_T1/LC09_L2SP_041036_20230602_20230604_02_T1_ST_CDIST.TIF,https://landsateuwest.blob.core.windows.net/landsat-c2/level-2/standard/oli-tirs/2023/041/036/LC09_L2SP_041036_20230602_20230604_02_T1/LC09_L2SP_041036_20230602_20230604_02_T1_QA_RADSAT.TIF
LC09_L2SP_041036_20230618_02_T1,landsat-9,2023-06-18T18:27:39.520722+00:00,2023-06-18,041,036,27.04,0.9999999999999992,https://landsateuwest.blob.core.windows.net/landsat-c2/level-2/standard/oli-tirs/2023/041/036/LC09_L2SP_041036_20230618_20230620_02_T1/LC09_L2SP_041036_20230618_20230620_02_T1_ST_B10.TIF,https://landsateuwest.blob.core.windows.net/landsat-c2/level-2/standard/oli-tirs/2023/041/036/LC09_L2SP_041036_20230618_20230620_02_T1/LC09_L2SP_041036_20230618_20230620_02_T1_QA_PIXEL.TIF,https://landsateuwest.blob.core.windows.net/landsat-c2/level-2/standard/oli-tirs/2023/041/036/LC09_L2SP_041036_20230618_20230620_02_T1/LC09_L2SP_041036_20230618_20230620_02_T1_ST_QA.TIF,https://landsateuwest.blob.core.windows.net/landsat-c2/level-2/standard/oli-tirs/2023/041/036/LC09_L2SP_041036_20230618_20230620_02_T1/LC09_L2SP_041036_20230618_20230620_02_T1_ST_CDIST.TIF,https://landsateuwest.blob.core.windows.net/landsat-c2/level-2/standard/oli-tirs/2023/041/036/LC09_L2SP_041036_20230618_20230620_02_T1/LC09_L2SP_041036_20230618_20230620_02_T1_QA_RADSAT.TIF
LC09_L2SP_041036_20230704_02_T1,landsat-9,2023-07-04T18:27:51.458373+00:00,2023-07-04,041,036,8.88,0.9999999999999992,https://landsateuwest.blob.core.windows.net/landsat-c2/level-2/standard/oli-tirs/2023/041/036/LC09_L2SP_041036_20230704_20230706_02_T1/LC09_L2SP_041036_20230704_20230706_02_T1_ST_B10.TIF,https://landsateuwest.blob.core.windows.net/landsat-c2/level-2/standard/oli-tirs/2023/041/036/LC09_L2SP_041036_20230704_20230706_02_T1/LC09_L2SP_041036_20230704_20230706_02_T1_QA_PIXEL.TIF,https://landsateuwest.blob.core.windows.net/landsat-c2/level-2/standard/oli-tirs/2023/041/036/LC09_L2SP_041036_20230704_20230706_02_T1/LC09_L2SP_041036_20230704_20230706_02_T1_ST_QA.TIF,https://landsateuwest.blob.core.windows.net/landsat-c2/level-2/standard/oli-tirs/2023/041/036/LC09_L2SP_041036_20230704_20230706_02_T1/LC09_L2SP_041036_20230704_20230706_02_T1_ST_CDIST.TIF,https://landsateuwest.blob.core.windows.net/landsat-c2/level-2/standard/oli-tirs/2023/041/036/LC09_L2SP_041036_20230704_20230706_02_T1/LC09_L2SP_041036_20230704_20230706_02_T1_QA_RADSAT.TIF
LC09_L2SP_041036_20230720_02_T1,landsat-9,2023-07-20T18:27:56.035239+00:00,2023-07-20,041,036,3.33,0.9999999999999992,https://landsateuwest.blob.core.windows.net/landsat-c2/level-2/standard/oli-tirs/2023/041/036/LC09_L2SP_041036_20230720_20230801_02_T1/LC09_L2SP_041036_20230720_20230801_02_T1_ST_B10.TIF,https://landsateuwest.blob.core.windows.net/landsat-c2/level-2/standard/oli-tirs/2023/041/036/LC09_L2SP_041036_20230720_20230801_02_T1/LC09_L2SP_041036_20230720_20230801_02_T1_QA_PIXEL.TIF,https://landsateuwest.blob.core.windows.net/landsat-c2/level-2/standard/oli-tirs/2023/041/036/LC09_L2SP_041036_20230720_20230801_02_T1/LC09_L2SP_041036_20230720_20230801_02_T1_ST_QA.TIF,https://landsateuwest.blob.core.windows.net/landsat-c2/level-2/standard/oli-tirs/2023/041/036/LC09_L2SP_041036_20230720_20230801_02_T1/LC09_L2SP_041036_20230720_20230801_02_T1_ST_CDIST.TIF,https://landsateuwest.blob.core.windows.net/landsat-c2/level-2/standard/oli-tirs/2023/041/036/LC09_L2SP_041036_20230720_20230801_02_T1/LC09_L2SP_041036_20230720_20230801_02_T1_QA_RADSAT.TIF
LC09_L2SP_041036_20230805_02_T1,landsat-9,2023-08-05T18:28:05.064253+00:00,2023-08-05,041,036,3.1,0.9999999999999992,https://landsateuwest.blob.core.windows.net/landsat-c2/level-2/standard/oli-tirs/2023/041/036/LC09_L2SP_041036_20230805_20230808_02_T1/LC09_L2SP_041036_20230805_20230808_02_T1_ST_B10.TIF,https://landsateuwest.blob.core.windows.net/landsat-c2/level-2/standard/oli-tirs/2023/041/036/LC09_L2SP_041036_20230805_20230808_02_T1/LC09_L2SP_041036_20230805_20230808_02_T1_QA_PIXEL.TIF,https://landsateuwest.blob.core.windows.net/landsat-c2/level-2/standard/oli-tirs/2023/041/036/LC09_L2SP_041036_20230805_20230808_02_T1/LC09_L2SP_041036_20230805_20230808_02_T1_ST_QA.TIF,https://landsateuwest.blob.core.windows.net/landsat-c2/level-2/standard/oli-tirs/2023/041/036/LC09_L2SP_041036_20230805_20230808_02_T1/LC09_L2SP_041036_20230805_20230808_02_T1_ST_CDIST.TIF,https://landsateuwest.blob.core.windows.net/landsat-c2/level-2/standard/oli-tirs/2023/041/036/LC09_L2SP_041036_20230805_20230808_02_T1/LC09_L2SP_041036_20230805_20230808_02_T1_QA_RADSAT.TIF
LC09_L2SP_041036_20230821_02_T1,landsat-9,2023-08-21T18:28:09.941269+00:00,2023-08-21,041,036,50.97,0.9999999999999992,https://landsateuwest.blob.core.windows.net/landsat-c2/level-2/standard/oli-tirs/2023/041/036/LC09_L2SP_041036_20230821_20230823_02_T1/LC09_L2SP_041036_20230821_20230823_02_T1_ST_B10.TIF,https://landsateuwest.blob.core.windows.net/landsat-c2/level-2/standard/oli-tirs/2023/041/036/LC09_L2SP_041036_20230821_20230823_02_T1/LC09_L2SP_041036_20230821_20230823_02_T1_QA_PIXEL.TIF,https://landsateuwest.blob.core.windows.net/landsat-c2/level-2/standard/oli-tirs/2023/041/036/LC09_L2SP_041036_20230821_20230823_02_T1/LC09_L2SP_041036_20230821_20230823_02_T1_ST_QA.TIF,https://landsateuwest.blob.core.windows.net/landsat-c2/level-2/standard/oli-tirs/2023/041/036/LC09_L2SP_041036_20230821_20230823_02_T1/LC09_L2SP_041036_20230821_20230823_02_T1_ST_CDIST.TIF,https://landsateuwest.blob.core.windows.net/landsat-c2/level-2/standard/oli-tirs/2023/041/036/LC09_L2SP_041036_20230821_20230823_02_T1/LC09_L2SP_041036_20230821_20230823_02_T1_QA_RADSAT.TIF
LC09_L2SP_041036_20230906_02_T1,landsat-9,2023-09-06T18:28:20.553207+00:00,2023-09-06,041,036,5.83,0.9999999999999992,https://landsateuwest.blob.core.windows.net/landsat-c2/level-2/standard/oli-tirs/2023/041/036/LC09_L2SP_041036_20230906_20230908_02_T1/LC09_L2SP_041036_20230906_20230908_02_T1_ST_B10.TIF,https://landsateuwest.blob.core.windows.net/landsat-c2/level-2/standard/oli-tirs/2023/041/036/LC09_L2SP_041036_20230906_20230908_02_T1/LC09_L2SP_041036_20230906_20230908_02_T1_QA_PIXEL.TIF,https://landsateuwest.blob.core.windows.net/landsat-c2/level-2/standard/oli-tirs/2023/041/036/LC09_L2SP_041036_20230906_20230908_02_T1/LC09_L2SP_041036_20230906_20230908_02_T1_ST_QA.TIF,https://landsateuwest.blob.core.windows.net/landsat-c2/level-2/standard/oli-tirs/2023/041/036/LC09_L2SP_041036_20230906_20230908_02_T1/LC09_L2SP_041036_20230906_20230908_02_T1_ST_CDIST.TIF,https://landsateuwest.blob.core.windows.net/landsat-c2/level-2/standard/oli-tirs/2023/041/036/LC09_L2SP_041036_20230906_20230908_02_T1/LC09_L2SP_041036_20230906_20230908_02_T1_QA_RADSAT.TIF
LC09_L2SP_041036_20230922_02_T1,landsat-9,2023-09-22T18:28:23.396346+00:00,2023-09-22,041,036,27.21,0.9999999999999992,https://landsateuwest.blob.core.windows.net/landsat-c2/level-2/standard/oli-tirs/2023/041/036/LC09_L2SP_041036_20230922_20230924_02_T1/LC09_L2SP_041036_20230922_20230924_02_T1_ST_B10.TIF,https://landsateuwest.blob.core.windows.net/landsat-c2/level-2/standard/oli-tirs/2023/041/036/LC09_L2SP_041036_20230922_20230924_02_T1/LC09_L2SP_041036_20230922_20230924_02_T1_QA_PIXEL.TIF,https://landsateuwest.blob.core.windows.net/landsat-c2/level-2/standard/oli-tirs/2023/041/036/LC09_L2SP_041036_20230922_20230924_02_T1/LC09_L2SP_041036_20230922_20230924_02_T1_ST_QA.TIF,https://landsateuwest.blob.core.windows.net/landsat-c2/level-2/standard/oli-tirs/2023/041/036/LC09_L2SP_041036_20230922_20230924_02_T1/LC09_L2SP_041036_20230922_20230924_02_T1_ST_CDIST.TIF,https://landsateuwest.blob.core.windows.net/landsat-c2/level-2/standard/oli-tirs/2023/041/036/LC09_L2SP_041036_20230922_20230924_02_T1/LC09_L2SP_041036_20230922_20230924_02_T1_QA_RADSAT.TIF
LC09_L2SP_041036_20231008_02_T1,landsat-9,2023-10-08T18:28:28.010352+00:00,2023-10-08,041,036,11.74,0.9999999999999992,https://landsateuwest.blob.core.windows.net/landsat-c2/level-2/standard/oli-tirs/2023/041/036/LC09_L2SP_041036_20231008_20231009_02_T1/LC09_L2SP_041036_20231008_20231009_02_T1_ST_B10.TIF,https://landsateuwest.blob.core.windows.net/landsat-c2/level-2/standard/oli-tirs/2023/041/036/LC09_L2SP_041036_20231008_20231009_02_T1/LC09_L2SP_041036_20231008_20231009_02_T1_QA_PIXEL.TIF,https://landsateuwest.blob.core.windows.net/landsat-c2/level-2/standard/oli-tirs/2023/041/036/LC09_L2SP_041036_20231008_20231009_02_T1/LC09_L2SP_041036_20231008_20231009_02_T1_ST_QA.TIF,https://landsateuwest.blob.core.windows.net/landsat-c2/level-2/standard/oli-tirs/2023/041/036/LC09_L2SP_041036_20231008_20231009_02_T1/LC09_L2SP_041036_20231008_20231009_02_T1_ST_CDIST.TIF,https://landsateuwest.blob.core.windows.net/landsat-c2/level-2/standard/oli-tirs/2023/041/036/LC09_L2SP_041036_20231008_20231009_02_T1/LC09_L2SP_041036_20231008_20231009_02_T1_QA_RADSAT.TIF
LC09_L2SP_041036_20231024_02_T1,landsat-9,2023-10-24T18:28:34.082347+00:00,2023-10-24,041,036,2.34,0.9999999999999992,https://landsateuwest.blob.core.windows.net/landsat-c2/level-2/standard/oli-tirs/2023/041/036/LC09_L2SP_041036_20231024_20231025_02_T1/LC09_L2SP_041036_20231024_20231025_02_T1_ST_B10.TIF,https://landsateuwest.blob.core.windows.net/landsat-c2/level-2/standard/oli-tirs/2023/041/036/LC09_L2SP_041036_20231024_20231025_02_T1/LC09_L2SP_041036_20231024_20231025_02_T1_QA_PIXEL.TIF,https://landsateuwest.blob.core.windows.net/landsat-c2/level-2/standard/oli-tirs/2023/041/036/LC09_L2SP_041036_20231024_20231025_02_T1/LC09_L2SP_041036_20231024_20231025_02_T1_ST_QA.TIF,https://landsateuwest.blob.core.windows.net/landsat-c2/level-2/standard/oli-tirs/2023/041/036/LC09_L2SP_041036_20231024_20231025_02_T1/LC09_L2SP_041036_20231024_20231025_02_T1_ST_CDIST.TIF,https://landsateuwest.blob.core.windows.net/landsat-c2/level-2/standard/oli-tirs/2023/041/036/LC09_L2SP_041036_20231024_20231025_02_T1/LC09_L2SP_041036_20231024_20231025_02_T1_QA_RADSAT.TIF
LC09_L2SP_041036_20240503_02_T1,landsat-9,2024-05-03T18:27:55.977047+00:00,2024-05-03,041,036,32.95,0.9999999999999992,https://landsateuwest.blob.core.windows.net/landsat-c2/level-2/standard/oli-tirs/2024/041/036/LC09_L2SP_041036_20240503_20240504_02_T1/LC09_L2SP_041036_20240503_20240504_02_T1_ST_B10.TIF,https://landsateuwest.blob.core.windows.net/landsat-c2/level-2/standard/oli-tirs/2024/041/036/LC09_L2SP_041036_20240503_20240504_02_T1/LC09_L2SP_041036_20240503_20240504_02_T1_QA_PIXEL.TIF,https://landsateuwest.blob.core.windows.net/landsat-c2/level-2/standard/oli-tirs/2024/041/036/LC09_L2SP_041036_20240503_20240504_02_T1/LC09_L2SP_041036_20240503_20240504_02_T1_ST_QA.TIF,https://landsateuwest.blob.core.windows.net/landsat-c2/level-2/standard/oli-tirs/2024/041/036/LC09_L2SP_041036_20240503_20240504_02_T1/LC09_L2SP_041036_20240503_20240504_02_T1_ST_CDIST.TIF,https://landsateuwest.blob.core.windows.net/landsat-c2/level-2/standard/oli-tirs/2024/041/036/LC09_L2SP_041036_20240503_20240504_02_T1/LC09_L2SP_041036_20240503_20240504_02_T1_QA_RADSAT.TIF
LC09_L2SP_041036_20240519_02_T1,landsat-9,2024-05-19T18:27:48.218370+00:00,2024-05-19,041,036,18.34,0.9999999999999992,https://landsateuwest.blob.core.windows.net/landsat-c2/level-2/standard/oli-tirs/2024/041/036/LC09_L2SP_041036_20240519_20240522_02_T1/LC09_L2SP_041036_20240519_20240522_02_T1_ST_B10.TIF,https://landsateuwest.blob.core.windows.net/landsat-c2/level-2/standard/oli-tirs/2024/041/036/LC09_L2SP_041036_20240519_20240522_02_T1/LC09_L2SP_041036_20240519_20240522_02_T1_QA_PIXEL.TIF,https://landsateuwest.blob.core.windows.net/landsat-c2/level-2/standard/oli-tirs/2024/041/036/LC09_L2SP_041036_20240519_20240522_02_T1/LC09_L2SP_041036_20240519_20240522_02_T1_ST_QA.TIF,https://landsateuwest.blob.core.windows.net/landsat-c2/level-2/standard/oli-tirs/2024/041/036/LC09_L2SP_041036_20240519_20240522_02_T1/LC09_L2SP_041036_20240519_20240522_02_T1_ST_CDIST.TIF,https://landsateuwest.blob.core.windows.net/landsat-c2/level-2/standard/oli-tirs/2024/041/036/LC09_L2SP_041036_20240519_20240522_02_T1/LC09_L2SP_041036_20240519_20240522_02_T1_QA_RADSAT.TIF
LC09_L2SP_041036_20240604_02_T1,landsat-9,2024-06-04T18:27:42.010605+00:00,2024-06-04,041,036,16.92,0.9999999999999992,https://landsateuwest.blob.core.windows.net/landsat-c2/level-2/standard/oli-tirs/2024/041/036/LC09_L2SP_041036_20240604_20240605_02_T1/LC09_L2SP_041036_20240604_20240605_02_T1_ST_B10.TIF,https://landsateuwest.blob.core.windows.net/landsat-c2/level-2/standard/oli-tirs/2024/041/036/LC09_L2SP_041036_20240604_20240605_02_T1/LC09_L2SP_041036_20240604_20240605_02_T1_QA_PIXEL.TIF,https://landsateuwest.blob.core.windows.net/landsat-c2/level-2/standard/oli-tirs/2024/041/036/LC09_L2SP_041036_20240604_20240605_02_T1/LC09_L2SP_041036_20240604_20240605_02_T1_ST_QA.TIF,https://landsateuwest.blob.core.windows.net/landsat-c2/level-2/standard/oli-tirs/2024/041/036/LC09_L2SP_041036_20240604_20240605_02_T1/LC09_L2SP_041036_20240604_20240605_02_T1_ST_CDIST.TIF,https://landsateuwest.blob.core.windows.net/landsat-c2/level-2/standard/oli-tirs/2024/041/036/LC09_L2SP_041036_20240604_20240605_02_T1/LC09_L2SP_041036_20240604_20240605_02_T1_QA_RADSAT.TIF
LC09_L2SP_041036_20240620_02_T1,landsat-9,2024-06-20T18:27:25.339487+00:00,2024-06-20,041,036,0.79,0.9999999999999992,https://landsateuwest.blob.core.windows.net/landsat-c2/level-2/standard/oli-tirs/2024/041/036/LC09_L2SP_041036_20240620_20240621_02_T1/LC09_L2SP_041036_20240620_20240621_02_T1_ST_B10.TIF,https://landsateuwest.blob.core.windows.net/landsat-c2/level-2/standard/oli-tirs/2024/041/036/LC09_L2SP_041036_20240620_20240621_02_T1/LC09_L2SP_041036_20240620_20240621_02_T1_QA_PIXEL.TIF,https://landsateuwest.blob.core.windows.net/landsat-c2/level-2/standard/oli-tirs/2024/041/036/LC09_L2SP_041036_20240620_20240621_02_T1/LC09_L2SP_041036_20240620_20240621_02_T1_ST_QA.TIF,https://landsateuwest.blob.core.windows.net/landsat-c2/level-2/standard/oli-tirs/2024/041/036/LC09_L2SP_041036_20240620_20240621_02_T1/LC09_L2SP_041036_20240620_20240621_02_T1_ST_CDIST.TIF,https://landsateuwest.blob.core.windows.net/landsat-c2/level-2/standard/oli-tirs/2024/041/036/LC09_L2SP_041036_20240620_20240621_02_T1/LC09_L2SP_041036_20240620_20240621_02_T1_QA_RADSAT.TIF
LC09_L2SP_041036_20240706_02_T1,landsat-9,2024-07-06T18:27:38.747817+00:00,2024-07-06,041,036,16.56,0.9999999999999992,https://landsateuwest.blob.core.windows.net/landsat-c2/level-2/standard/oli-tirs/2024/041/036/LC09_L2SP_041036_20240706_20240707_02_T1/LC09_L2SP_041036_20240706_20240707_02_T1_ST_B10.TIF,https://landsateuwest.blob.core.windows.net/landsat-c2/level-2/standard/oli-tirs/2024/041/036/LC09_L2SP_041036_20240706_20240707_02_T1/LC09_L2SP_041036_20240706_20240707_02_T1_QA_PIXEL.TIF,https://landsateuwest.blob.core.windows.net/landsat-c2/level-2/standard/oli-tirs/2024/041/036/LC09_L2SP_041036_20240706_20240707_02_T1/LC09_L2SP_041036_20240706_20240707_02_T1_ST_QA.TIF,https://landsateuwest.blob.core.windows.net/landsat-c2/level-2/standard/oli-tirs/2024/041/036/LC09_L2SP_041036_20240706_20240707_02_T1/LC09_L2SP_041036_20240706_20240707_02_T1_ST_CDIST.TIF,https://landsateuwest.blob.core.windows.net/landsat-c2/level-2/standard/oli-tirs/2024/041/036/LC09_L2SP_041036_20240706_20240707_02_T1/LC09_L2SP_041036_20240706_20240707_02_T1_QA_RADSAT.TIF
LC09_L2SP_041036_20240722_02_T1,landsat-9,2024-07-22T18:27:46.404260+00:00,2024-07-22,041,036,0.36,0.9999999999999992,https://landsateuwest.blob.core.windows.net/landsat-c2/level-2/standard/oli-tirs/2024/041/036/LC09_L2SP_041036_20240722_20240723_02_T1/LC09_L2SP_041036_20240722_20240723_02_T1_ST_B10.TIF,https://landsateuwest.blob.core.windows.net/landsat-c2/level-2/standard/oli-tirs/2024/041/036/LC09_L2SP_041036_20240722_20240723_02_T1/LC09_L2SP_041036_20240722_20240723_02_T1_QA_PIXEL.TIF,https://landsateuwest.blob.core.windows.net/landsat-c2/level-2/standard/oli-tirs/2024/041/036/LC09_L2SP_041036_20240722_20240723_02_T1/LC09_L2SP_041036_20240722_20240723_02_T1_ST_QA.TIF,https://landsateuwest.blob.core.windows.net/landsat-c2/level-2/standard/oli-tirs/2024/041/036/LC09_L2SP_041036_20240722_20240723_02_T1/LC09_L2SP_041036_20240722_20240723_02_T1_ST_CDIST.TIF,https://landsateuwest.blob.core.windows.net/landsat-c2/level-2/standard/oli-tirs/2024/041/036/LC09_L2SP_041036_20240722_20240723_02_T1/LC09_L2SP_041036_20240722_20240723_02_T1_QA_RADSAT.TIF
LC09_L2SP_041036_20240807_02_T1,landsat-9,2024-08-07T18:27:50.486006+00:00,2024-08-07,041,036,27.26,0.9999999999999992,https://landsateuwest.blob.core.windows.net/landsat-c2/level-2/standard/oli-tirs/2024/041/036/LC09_L2SP_041036_20240807_20240808_02_T1/LC09_L2SP_041036_20240807_20240808_02_T1_ST_B10.TIF,https://landsateuwest.blob.core.windows.net/landsat-c2/level-2/standard/oli-tirs/2024/041/036/LC09_L2SP_041036_20240807_20240808_02_T1/LC09_L2SP_041036_20240807_20240808_02_T1_QA_PIXEL.TIF,https://landsateuwest.blob.core.windows.net/landsat-c2/level-2/standard/oli-tirs/2024/041/036/LC09_L2SP_041036_20240807_20240808_02_T1/LC09_L2SP_041036_20240807_20240808_02_T1_ST_QA.TIF,https://landsateuwest.blob.core.windows.net/landsat-c2/level-2/standard/oli-tirs/2024/041/036/LC09_L2SP_041036_20240807_20240808_02_T1/LC09_L2SP_041036_20240807_20240808_02_T1_ST_CDIST.TIF,https://landsateuwest.blob.core.windows.net/landsat-c2/level-2/standard/oli-tirs/2024/041/036/LC09_L2SP_041036_20240807_20240808_02_T1/LC09_L2SP_041036_20240807_20240808_02_T1_QA_RADSAT.TIF
LC09_L2SP_041036_20240823_02_T1,landsat-9,2024-08-23T18:28:05.310504+00:00,2024-08-23,041,036,1.58,0.9999999999999992,https://landsateuwest.blob.core.windows.net/landsat-c2/level-2/standard/oli-tirs/2024/041/036/LC09_L2SP_041036_20240823_20240824_02_T1/LC09_L2SP_041036_20240823_20240824_02_T1_ST_B10.TIF,https://landsateuwest.blob.core.windows.net/landsat-c2/level-2/standard/oli-tirs/2024/041/036/LC09_L2SP_041036_20240823_20240824_02_T1/LC09_L2SP_041036_20240823_20240824_02_T1_QA_PIXEL.TIF,https://landsateuwest.blob.core.windows.net/landsat-c2/level-2/standard/oli-tirs/2024/041/036/LC09_L2SP_041036_20240823_20240824_02_T1/LC09_L2SP_041036_20240823_20240824_02_T1_ST_QA.TIF,https://landsateuwest.blob.core.windows.net/landsat-c2/level-2/standard/oli-tirs/2024/041/036/LC09_L2SP_041036_20240823_20240824_02_T1/LC09_L2SP_041036_20240823_20240824_02_T1_ST_CDIST.TIF,https://landsateuwest.blob.core.windows.net/landsat-c2/level-2/standard/oli-tirs/2024/041/036/LC09_L2SP_041036_20240823_20240824_02_T1/LC09_L2SP_041036_20240823_20240824_02_T1_QA_RADSAT.TIF
LC09_L2SP_041036_20240908_02_T1,landsat-9,2024-09-08T18:28:05.690367+00:00,2024-09-08,041,036,5.47,0.9999999999999992,https://landsateuwest.blob.core.windows.net/landsat-c2/level-2/standard/oli-tirs/2024/041/036/LC09_L2SP_041036_20240908_20240909_02_T1/LC09_L2SP_041036_20240908_20240909_02_T1_ST_B10.TIF,https://landsateuwest.blob.core.windows.net/landsat-c2/level-2/standard/oli-tirs/2024/041/036/LC09_L2SP_041036_20240908_20240909_02_T1/LC09_L2SP_041036_20240908_20240909_02_T1_QA_PIXEL.TIF,https://landsateuwest.blob.core.windows.net/landsat-c2/level-2/standard/oli-tirs/2024/041/036/LC09_L2SP_041036_20240908_20240909_02_T1/LC09_L2SP_041036_20240908_20240909_02_T1_ST_QA.TIF,https://landsateuwest.blob.core.windows.net/landsat-c2/level-2/standard/oli-tirs/2024/041/036/LC09_L2SP_041036_20240908_20240909_02_T1/LC09_L2SP_041036_20240908_20240909_02_T1_ST_CDIST.TIF,https://landsateuwest.blob.core.windows.net/landsat-c2/level-2/standard/oli-tirs/2024/041/036/LC09_L2SP_041036_20240908_20240909_02_T1/LC09_L2SP_041036_20240908_20240909_02_T1_QA_RADSAT.TIF
LC09_L2SP_041036_20240924_02_T1,landsat-9,2024-09-24T18:28:07.112579+00:00,2024-09-24,041,036,12.96,0.9999999999999992,https://landsateuwest.blob.core.windows.net/landsat-c2/level-2/standard/oli-tirs/2024/041/036/LC09_L2SP_041036_20240924_20240925_02_T1/LC09_L2SP_041036_20240924_20240925_02_T1_ST_B10.TIF,https://landsateuwest.blob.core.windows.net/landsat-c2/level-2/standard/oli-tirs/2024/041/036/LC09_L2SP_041036_20240924_20240925_02_T1/LC09_L2SP_041036_20240924_20240925_02_T1_QA_PIXEL.TIF,https://landsateuwest.blob.core.windows.net/landsat-c2/level-2/standard/oli-tirs/2024/041/036/LC09_L2SP_041036_20240924_20240925_02_T1/LC09_L2SP_041036_20240924_20240925_02_T1_ST_QA.TIF,https://landsateuwest.blob.core.windows.net/landsat-c2/level-2/standard/oli-tirs/2024/041/036/LC09_L2SP_041036_20240924_20240925_02_T1/LC09_L2SP_041036_20240924_20240925_02_T1_ST_CDIST.TIF,https://landsateuwest.blob.core.windows.net/landsat-c2/level-2/standard/oli-tirs/2024/041/036/LC09_L2SP_041036_20240924_20240925_02_T1/LC09_L2SP_041036_20240924_20240925_02_T1_QA_RADSAT.TIF
LC09_L2SP_041036_20241010_02_T1,landsat-9,2024-10-10T18:28:15.969522+00:00,2024-10-10,041,036,8.72,0.9999999999999992,https://landsateuwest.blob.core.windows.net/landsat-c2/level-2/standard/oli-tirs/2024/041/036/LC09_L2SP_041036_20241010_20241011_02_T1/LC09_L2SP_041036_20241010_20241011_02_T1_ST_B10.TIF,https://landsateuwest.blob.core.windows.net/landsat-c2/level-2/standard/oli-tirs/2024/041/036/LC09_L2SP_041036_20241010_20241011_02_T1/LC09_L2SP_041036_20241010_20241011_02_T1_QA_PIXEL.TIF,https://landsateuwest.blob.core.windows.net/landsat-c2/level-2/standard/oli-tirs/2024/041/036/LC09_L2SP_041036_20241010_20241011_02_T1/LC09_L2SP_041036_20241010_20241011_02_T1_ST_QA.TIF,https://landsateuwest.blob.core.windows.net/landsat-c2/level-2/standard/oli-tirs/2024/041/036/LC09_L2SP_041036_20241010_20241011_02_T1/LC09_L2SP_041036_20241010_20241011_02_T1_ST_CDIST.TIF,https://landsateuwest.blob.core.windows.net/landsat-c2/level-2/standard/oli-tirs/2024/041/036/LC09_L2SP_041036_20241010_20241011_02_T1/LC09_L2SP_041036_20241010_20241011_02_T1_QA_RADSAT.TIF
LC09_L2SP_041036_20241026_02_T1,landsat-9,2024-10-26T18:28:30.112540+00:00,2024-10-26,041,036,35.22,0.9999999999999992,https://landsateuwest.blob.core.windows.net/landsat-c2/level-2/standard/oli-tirs/2024/041/036/LC09_L2SP_041036_20241026_20241027_02_T1/LC09_L2SP_041036_20241026_20241027_02_T1_ST_B10.TIF,https://landsateuwest.blob.core.windows.net/landsat-c2/level-2/standard/oli-tirs/2024/041/036/LC09_L2SP_041036_20241026_20241027_02_T1/LC09_L2SP_041036_20241026_20241027_02_T1_QA_PIXEL.TIF,https://landsateuwest.blob.core.windows.net/landsat-c2/level-2/standard/oli-tirs/2024/041/036/LC09_L2SP_041036_20241026_20241027_02_T1/LC09_L2SP_041036_20241026_20241027_02_T1_ST_QA.TIF,https://landsateuwest.blob.core.windows.net/landsat-c2/level-2/standard/oli-tirs/2024/041/036/LC09_L2SP_041036_20241026_20241027_02_T1/LC09_L2SP_041036_20241026_20241027_02_T1_ST_CDIST.TIF,https://landsateuwest.blob.core.windows.net/landsat-c2/level-2/standard/oli-tirs/2024/041/036/LC09_L2SP_041036_20241026_20241027_02_T1/LC09_L2SP_041036_20241026_20241027_02_T1_QA_RADSAT.TIF
LC09_L2SP_041037_20220514_02_T1,landsat-9,2022-05-14T18:28:19.853810+00:00,2022-05-14,041,037,7.34,0.16518513098560014,https://landsateuwest.blob.core.windows.net/landsat-c2/level-2/standard/oli-tirs/2022/041/037/LC09_L2SP_041037_20220514_20220516_02_T1/LC09_L2SP_041037_20220514_20220516_02_T1_ST_B10.TIF,https://landsateuwest.blob.core.windows.net/landsat-c2/level-2/standard/oli-tirs/2022/041/037/LC09_L2SP_041037_20220514_20220516_02_T1/LC09_L2SP_041037_20220514_20220516_02_T1_QA_PIXEL.TIF,https://landsateuwest.blob.core.windows.net/landsat-c2/level-2/standard/oli-tirs/2022/041/037/LC09_L2SP_041037_20220514_20220516_02_T1/LC09_L2SP_041037_20220514_20220516_02_T1_ST_QA.TIF,https://landsateuwest.blob.core.windows.net/landsat-c2/level-2/standard/oli-tirs/2022/041/037/LC09_L2SP_041037_20220514_20220516_02_T1/LC09_L2SP_041037_20220514_20220516_02_T1_ST_CDIST.TIF,https://landsateuwest.blob.core.windows.net/landsat-c2/level-2/standard/oli-tirs/2022/041/037/LC09_L2SP_041037_20220514_20220516_02_T1/LC09_L2SP_041037_20220514_20220516_02_T1_QA_RADSAT.TIF
LC09_L2SP_041037_20220530_02_T1,landsat-9,2022-05-30T18:28:15.190685+00:00,2022-05-30,041,037,7.86,0.17378268125794089,https://landsateuwest.blob.core.windows.net/landsat-c2/level-2/standard/oli-tirs/2022/041/037/LC09_L2SP_041037_20220530_20220601_02_T1/LC09_L2SP_041037_20220530_20220601_02_T1_ST_B10.TIF,https://landsateuwest.blob.core.windows.net/landsat-c2/level-2/standard/oli-tirs/2022/041/037/LC09_L2SP_041037_20220530_20220601_02_T1/LC09_L2SP_041037_20220530_20220601_02_T1_QA_PIXEL.TIF,https://landsateuwest.blob.core.windows.net/landsat-c2/level-2/standard/oli-tirs/2022/041/037/LC09_L2SP_041037_20220530_20220601_02_T1/LC09_L2SP_041037_20220530_20220601_02_T1_ST_QA.TIF,https://landsateuwest.blob.core.windows.net/landsat-c2/level-2/standard/oli-tirs/2022/041/037/LC09_L2SP_041037_20220530_20220601_02_T1/LC09_L2SP_041037_20220530_20220601_02_T1_ST_CDIST.TIF,https://landsateuwest.blob.core.windows.net/landsat-c2/level-2/standard/oli-tirs/2022/041/037/LC09_L2SP_041037_20220530_20220601_02_T1/LC09_L2SP_041037_20220530_20220601_02_T1_QA_RADSAT.TIF
LC09_L2SP_041037_20220615_02_T1,landsat-9,2022-06-15T18:28:21.569965+00:00,2022-06-15,041,037,46.69,0.17700904968083214,https://landsateuwest.blob.core.windows.net/landsat-c2/level-2/standard/oli-tirs/2022/041/037/LC09_L2SP_041037_20220615_20220617_02_T1/LC09_L2SP_041037_20220615_20220617_02_T1_ST_B10.TIF,https://landsateuwest.blob.core.windows.net/landsat-c2/level-2/standard/oli-tirs/2022/041/037/LC09_L2SP_041037_20220615_20220617_02_T1/LC09_L2SP_041037_20220615_20220617_02_T1_QA_PIXEL.TIF,https://landsateuwest.blob.core.windows.net/landsat-c2/level-2/standard/oli-tirs/2022/041/037/LC09_L2SP_041037_20220615_20220617_02_T1/LC09_L2SP_041037_20220615_20220617_02_T1_ST_QA.TIF,https://landsateuwest.blob.core.windows.net/landsat-c2/level-2/standard/oli-tirs/2022/041/037/LC09_L2SP_041037_20220615_20220617_02_T1/LC09_L2SP_041037_20220615_20220617_02_T1_ST_CDIST.TIF,https://landsateuwest.blob.core.windows.net/landsat-c2/level-2/standard/oli-tirs/2022/041/037/LC09_L2SP_041037_20220615_20220617_02_T1/LC09_L2SP_041037_20220615_20220617_02_T1_QA_RADSAT.TIF
LC09_L2SP_041037_20220701_02_T1,landsat-9,2022-07-01T18:28:36.284927+00:00,2022-07-01,041,037,58.32,0.1670404207379247,https://landsateuwest.blob.core.windows.net/landsat-c2/level-2/standard/oli-tirs/2022/041/037/LC09_L2SP_041037_20220701_20220703_02_T1/LC09_L2SP_041037_20220701_20220703_02_T1_ST_B10.TIF,https://landsateuwest.blob.core.windows.net/landsat-c2/level-2/standard/oli-tirs/2022/041/037/LC09_L2SP_041037_20220701_20220703_02_T1/LC09_L2SP_041037_20220701_20220703_02_T1_QA_PIXEL.TIF,https://landsateuwest.blob.core.windows.net/landsat-c2/level-2/standard/oli-tirs/2022/041/037/LC09_L2SP_041037_20220701_20220703_02_T1/LC09_L2SP_041037_20220701_20220703_02_T1_ST_QA.TIF,https://landsateuwest.blob.core.windows.net/landsat-c2/level-2/standard/oli-tirs/2022/041/037/LC09_L2SP_041037_20220701_20220703_02_T1/LC09_L2SP_041037_20220701_20220703_02_T1_ST_CDIST.TIF,https://landsateuwest.blob.core.windows.net/landsat-c2/level-2/standard/oli-tirs/2022/041/037/LC09_L2SP_041037_20220701_20220703_02_T1/LC09_L2SP_041037_20220701_20220703_02_T1_QA_RADSAT.TIF
LC09_L2SP_041037_20220717_02_T1,landsat-9,2022-07-17T18:28:35.020880+00:00,2022-07-17,041,037,77.89,0.1824892471670358,https://landsateuwest.blob.core.windows.net/landsat-c2/level-2/standard/oli-tirs/2022/041/037/LC09_L2SP_041037_20220717_20220719_02_T1/LC09_L2SP_041037_20220717_20220719_02_T1_ST_B10.TIF,https://landsateuwest.blob.core.windows.net/landsat-c2/level-2/standard/oli-tirs/2022/041/037/LC09_L2SP_041037_20220717_20220719_02_T1/LC09_L2SP_041037_20220717_20220719_02_T1_QA_PIXEL.TIF,https://landsateuwest.blob.core.windows.net/landsat-c2/level-2/standard/oli-tirs/2022/041/037/LC09_L2SP_041037_20220717_20220719_02_T1/LC09_L2SP_041037_20220717_20220719_02_T1_ST_QA.TIF,https://landsateuwest.blob.core.windows.net/landsat-c2/level-2/standard/oli-tirs/2022/041/037/LC09_L2SP_041037_20220717_20220719_02_T1/LC09_L2SP_041037_20220717_20220719_02_T1_ST_CDIST.TIF,https://landsateuwest.blob.core.windows.net/landsat-c2/level-2/standard/oli-tirs/2022/041/037/LC09_L2SP_041037_20220717_20220719_02_T1/LC09_L2SP_041037_20220717_20220719_02_T1_QA_RADSAT.TIF
LC09_L2SP_041037_20220802_02_T1,landsat-9,2022-08-02T18:28:49.057496+00:00,2022-08-02,041,037,15.09,0.17107841993890557,https://landsateuwest.blob.core.windows.net/landsat-c2/level-2/standard/oli-tirs/2022/041/037/LC09_L2SP_041037_20220802_20220804_02_T1/LC09_L2SP_041037_20220802_20220804_02_T1_ST_B10.TIF,https://landsateuwest.blob.core.windows.net/landsat-c2/level-2/standard/oli-tirs/2022/041/037/LC09_L2SP_041037_20220802_20220804_02_T1/LC09_L2SP_041037_20220802_20220804_02_T1_QA_PIXEL.TIF,https://landsateuwest.blob.core.windows.net/landsat-c2/level-2/standard/oli-tirs/2022/041/037/LC09_L2SP_041037_20220802_20220804_02_T1/LC09_L2SP_041037_20220802_20220804_02_T1_ST_QA.TIF,https://landsateuwest.blob.core.windows.net/landsat-c2/level-2/standard/oli-tirs/2022/041/037/LC09_L2SP_041037_20220802_20220804_02_T1/LC09_L2SP_041037_20220802_20220804_02_T1_ST_CDIST.TIF,https://landsateuwest.blob.core.windows.net/landsat-c2/level-2/standard/oli-tirs/2022/041/037/LC09_L2SP_041037_20220802_20220804_02_T1/LC09_L2SP_041037_20220802_20220804_02_T1_QA_RADSAT.TIF
LC09_L2SP_041037_20220818_02_T1,landsat-9,2022-08-18T18:28:56.837446+00:00,2022-08-18,041,037,62.43,0.16892986336738516,https://landsateuwest.blob.core.windows.net/landsat-c2/level-2/standard/oli-tirs/2022/041/037/LC09_L2SP_041037_20220818_20220822_02_T1/LC09_L2SP_041037_20220818_20220822_02_T1_ST_B10.TIF,https://landsateuwest.blob.core.windows.net/landsat-c2/level-2/standard/oli-tirs/2022/041/037/LC09_L2SP_041037_20220818_20220822_02_T1/LC09_L2SP_041037_20220818_20220822_02_T1_QA_PIXEL.TIF,https://landsateuwest.blob.core.windows.net/landsat-c2/level-2/standard/oli-tirs/2022/041/037/LC09_L2SP_041037_20220818_20220822_02_T1/LC09_L2SP_041037_20220818_20220822_02_T1_ST_QA.TIF,https://landsateuwest.blob.core.windows.net/landsat-c2/level-2/standard/oli-tirs/2022/041/037/LC09_L2SP_041037_20220818_20220822_02_T1/LC09_L2SP_041037_20220818_20220822_02_T1_ST_CDIST.TIF,https://landsateuwest.blob.core.windows.net/landsat-c2/level-2/standard/oli-tirs/2022/041/037/LC09_L2SP_041037_20220818_20220822_02_T1/LC09_L2SP_041037_20220818_20220822_02_T1_QA_RADSAT.TIF
LC09_L2SP_041037_20220903_02_T1,landsat-9,2022-09-03T18:28:57.852276+00:00,2022-09-03,041,037,24.35,0.17684417217448906,https://landsateuwest.blob.core.windows.net/landsat-c2/level-2/standard/oli-tirs/2022/041/037/LC09_L2SP_041037_20220903_20220905_02_T1/LC09_L2SP_041037_20220903_20220905_02_T1_ST_B10.TIF,https://landsateuwest.blob.core.windows.net/landsat-c2/level-2/standard/oli-tirs/2022/041/037/LC09_L2SP_041037_20220903_20220905_02_T1/LC09_L2SP_041037_20220903_20220905_02_T1_QA_PIXEL.TIF,https://landsateuwest.blob.core.windows.net/landsat-c2/level-2/standard/oli-tirs/2022/041/037/LC09_L2SP_041037_20220903_20220905_02_T1/LC09_L2SP_041037_20220903_20220905_02_T1_ST_QA.TIF,https://landsateuwest.blob.core.windows.net/landsat-c2/level-2/standard/oli-tirs/2022/041/037/LC09_L2SP_041037_20220903_20220905_02_T1/LC09_L2SP_041037_20220903_20220905_02_T1_ST_CDIST.TIF,https://landsateuwest.blob.core.windows.net/landsat-c2/level-2/standard/oli-tirs/2022/041/037/LC09_L2SP_041037_20220903_20220905_02_T1/LC09_L2SP_041037_20220903_20220905_02_T1_QA_RADSAT.TIF
LC09_L2SP_041037_20221005_02_T1,landsat-9,2022-10-05T18:29:04.676021+00:00,2022-10-05,041,037,84.04,0.17851987988925488,https://landsateuwest.blob.core.windows.net/landsat-c2/level-2/standard/oli-tirs/2022/041/037/LC09_L2SP_041037_20221005_20221007_02_T1/LC09_L2SP_041037_20221005_20221007_02_T1_ST_B10.TIF,https://landsateuwest.blob.core.windows.net/landsat-c2/level-2/standard/oli-tirs/2022/041/037/LC09_L2SP_041037_20221005_20221007_02_T1/LC09_L2SP_041037_20221005_20221007_02_T1_QA_PIXEL.TIF,https://landsateuwest.blob.core.windows.net/landsat-c2/level-2/standard/oli-tirs/2022/041/037/LC09_L2SP_041037_20221005_20221007_02_T1/LC09_L2SP_041037_20221005_20221007_02_T1_ST_QA.TIF,https://landsateuwest.blob.core.windows.net/landsat-c2/level-2/standard/oli-tirs/2022/041/037/LC09_L2SP_041037_20221005_20221007_02_T1/LC09_L2SP_041037_20221005_20221007_02_T1_ST_CDIST.TIF,https://landsateuwest.blob.core.windows.net/landsat-c2/level-2/standard/oli-tirs/2022/041/037/LC09_L2SP_041037_20221005_20221007_02_T1/LC09_L2SP_041037_20221005_20221007_02_T1_QA_RADSAT.TIF
LC09_L2SP_041037_20221021_02_T1,landsat-9,2022-10-21T18:29:11.387674+00:00,2022-10-21,041,037,60.55,0.17108183144747485,https://landsateuwest.blob.core.windows.net/landsat-c2/level-2/standard/oli-tirs/2022/041/037/LC09_L2SP_041037_20221021_20230325_02_T1/LC09_L2SP_041037_20221021_20230325_02_T1_ST_B10.TIF,https://landsateuwest.blob.core.windows.net/landsat-c2/level-2/standard/oli-tirs/2022/041/037/LC09_L2SP_041037_20221021_20230325_02_T1/LC09_L2SP_041037_20221021_20230325_02_T1_QA_PIXEL.TIF,https://landsateuwest.blob.core.windows.net/landsat-c2/level-2/standard/oli-tirs/2022/041/037/LC09_L2SP_041037_20221021_20230325_02_T1/LC09_L2SP_041037_20221021_20230325_02_T1_ST_QA.TIF,https://landsateuwest.blob.core.windows.net/landsat-c2/level-2/standard/oli-tirs/2022/041/037/LC09_L2SP_041037_20221021_20230325_02_T1/LC09_L2SP_041037_20221021_20230325_02_T1_ST_CDIST.TIF,https://landsateuwest.blob.core.windows.net/landsat-c2/level-2/standard/oli-tirs/2022/041/037/LC09_L2SP_041037_20221021_20230325_02_T1/LC09_L2SP_041037_20221021_20230325_02_T1_QA_RADSAT.TIF
LC09_L2SP_041037_20230501_02_T1,landsat-9,2023-05-01T18:28:26.361984+00:00,2023-05-01,041,037,46.45,0.16948379171442185,https://landsateuwest.blob.core.windows.net/landsat-c2/level-2/standard/oli-tirs/2023/041/037/LC09_L2SP_041037_20230501_20230503_02_T1/LC09_L2SP_041037_20230501_20230503_02_T1_ST_B10.TIF,https://landsateuwest.blob.core.windows.net/landsat-c2/level-2/standard/oli-tirs/2023/041/037/LC09_L2SP_041037_20230501_20230503_02_T1/LC09_L2SP_041037_20230501_20230503_02_T1_QA_PIXEL.TIF,https://landsateuwest.blob.core.windows.net/landsat-c2/level-2/standard/oli-tirs/2023/041/037/LC09_L2SP_041037_20230501_20230503_02_T1/LC09_L2SP_041037_20230501_20230503_02_T1_ST_QA.TIF,https://landsateuwest.blob.core.windows.net/landsat-c2/level-2/standard/oli-tirs/2023/041/037/LC09_L2SP_041037_20230501_20230503_02_T1/LC09_L2SP_041037_20230501_20230503_02_T1_ST_CDIST.TIF,https://landsateuwest.blob.core.windows.net/landsat-c2/level-2/standard/oli-tirs/2023/041/037/LC09_L2SP_041037_20230501_20230503_02_T1/LC09_L2SP_041037_20230501_20230503_02_T1_QA_RADSAT.TIF
LC09_L2SP_041037_20230517_02_T1,landsat-9,2023-05-17T18:28:19.038299+00:00,2023-05-17,041,037,93.12,0.1658645520386938,https://landsateuwest.blob.core.windows.net/landsat-c2/level-2/standard/oli-tirs/2023/041/037/LC09_L2SP_041037_20230517_20230519_02_T1/LC09_L2SP_041037_20230517_20230519_02_T1_ST_B10.TIF,https://landsateuwest.blob.core.windows.net/landsat-c2/level-2/standard/oli-tirs/2023/041/037/LC09_L2SP_041037_20230517_20230519_02_T1/LC09_L2SP_041037_20230517_20230519_02_T1_QA_PIXEL.TIF,https://landsateuwest.blob.core.windows.net/landsat-c2/level-2/standard/oli-tirs/2023/041/037/LC09_L2SP_041037_20230517_20230519_02_T1/LC09_L2SP_041037_20230517_20230519_02_T1_ST_QA.TIF,https://landsateuwest.blob.core.windows.net/landsat-c2/level-2/standard/oli-tirs/2023/041/037/LC09_L2SP_041037_20230517_20230519_02_T1/LC09_L2SP_041037_20230517_20230519_02_T1_ST_CDIST.TIF,https://landsateuwest.blob.core.windows.net/landsat-c2/level-2/standard/oli-tirs/2023/041/037/LC09_L2SP_041037_20230517_20230519_02_T1/LC09_L2SP_041037_20230517_20230519_02_T1_QA_RADSAT.TIF
LC09_L2SP_041037_20230602_02_T1,landsat-9,2023-06-02T18:28:11.871467+00:00,2023-06-02,041,037,50.84,0.1612787259293787,https://landsateuwest.blob.core.windows.net/landsat-c2/level-2/standard/oli-tirs/2023/041/037/LC09_L2SP_041037_20230602_20230604_02_T1/LC09_L2SP_041037_20230602_20230604_02_T1_ST_B10.TIF,https://landsateuwest.blob.core.windows.net/landsat-c2/level-2/standard/oli-tirs/2023/041/037/LC09_L2SP_041037_20230602_20230604_02_T1/LC09_L2SP_041037_20230602_20230604_02_T1_QA_PIXEL.TIF,https://landsateuwest.blob.core.windows.net/landsat-c2/level-2/standard/oli-tirs/2023/041/037/LC09_L2SP_041037_20230602_20230604_02_T1/LC09_L2SP_041037_20230602_20230604_02_T1_ST_QA.TIF,https://landsateuwest.blob.core.windows.net/landsat-c2/level-2/standard/oli-tirs/2023/041/037/LC09_L2SP_041037_20230602_20230604_02_T1/LC09_L2SP_041037_20230602_20230604_02_T1_ST_CDIST.TIF,https://landsateuwest.blob.core.windows.net/landsat-c2/level-2/standard/oli-tirs/2023/041/037/LC09_L2SP_041037_20230602_20230604_02_T1/LC09_L2SP_041037_20230602_20230604_02_T1_QA_RADSAT.TIF
LC09_L2SP_041037_20230618_02_T1,landsat-9,2023-06-18T18:28:03.411737+00:00,2023-06-18,041,037,98.37,0.17390647177519766,https://landsateuwest.blob.core.windows.net/landsat-c2/level-2/standard/oli-tirs/2023/041/037/LC09_L2SP_041037_20230618_20230620_02_T1/LC09_L2SP_041037_20230618_20230620_02_T1_ST_B10.TIF,https://landsateuwest.blob.core.windows.net/landsat-c2/level-2/standard/oli-tirs/2023/041/037/LC09_L2SP_041037_20230618_20230620_02_T1/LC09_L2SP_041037_20230618_20230620_02_T1_QA_PIXEL.TIF,https://landsateuwest.blob.core.windows.net/landsat-c2/level-2/standard/oli-tirs/2023/041/037/LC09_L2SP_041037_20230618_20230620_02_T1/LC09_L2SP_041037_20230618_20230620_02_T1_ST_QA.TIF,https://landsateuwest.blob.core.windows.net/landsat-c2/level-2/standard/oli-tirs/2023/041/037/LC09_L2SP_041037_20230618_20230620_02_T1/LC09_L2SP_041037_20230618_20230620_02_T1_ST_CDIST.TIF,https://landsateuwest.blob.core.windows.net/landsat-c2/level-2/standard/oli-tirs/2023/041/037/LC09_L2SP_041037_20230618_20230620_02_T1/LC09_L2SP_041037_20230618_20230620_02_T1_QA_RADSAT.TIF
LC09_L2SP_041037_20230704_02_T1,landsat-9,2023-07-04T18:28:15.353624+00:00,2023-07-04,041,037,85.17,0.16886751581773732,https://landsateuwest.blob.core.windows.net/landsat-c2/level-2/standard/oli-tirs/2023/041/037/LC09_L2SP_041037_20230704_20230706_02_T1/LC09_L2SP_041037_20230704_20230706_02_T1_ST_B10.TIF,https://landsateuwest.blob.core.windows.net/landsat-c2/level-2/standard/oli-tirs/2023/041/037/LC09_L2SP_041037_20230704_20230706_02_T1/LC09_L2SP_041037_20230704_20230706_02_T1_QA_PIXEL.TIF,https://landsateuwest.blob.core.windows.net/landsat-c2/level-2/standard/oli-tirs/2023/041/037/LC09_L2SP_041037_20230704_20230706_02_T1/LC09_L2SP_041037_20230704_20230706_02_T1_ST_QA.TIF,https://landsateuwest.blob.core.windows.net/landsat-c2/level-2/standard/oli-tirs/2023/041/037/LC09_L2SP_041037_20230704_20230706_02_T1/LC09_L2SP_041037_20230704_20230706_02_T1_ST_CDIST.TIF,https://landsateuwest.blob.core.windows.net/landsat-c2/level-2/standard/oli-tirs/2023/041/037/LC09_L2SP_041037_20230704_20230706_02_T1/LC09_L2SP_041037_20230704_20230706_02_T1_QA_RADSAT.TIF
LC09_L2SP_041037_20230720_02_T1,landsat-9,2023-07-20T18:28:19.926255+00:00,2023-07-20,041,037,59.57,0.1762462801420074,https://landsateuwest.blob.core.windows.net/landsat-c2/level-2/standard/oli-tirs/2023/041/037/LC09_L2SP_041037_20230720_20230801_02_T1/LC09_L2SP_041037_20230720_20230801_02_T1_ST_B10.TIF,https://landsateuwest.blob.core.windows.net/landsat-c2/level-2/standard/oli-tirs/2023/041/037/LC09_L2SP_041037_20230720_20230801_02_T1/LC09_L2SP_041037_20230720_20230801_02_T1_QA_PIXEL.TIF,https://landsateuwest.blob.core.windows.net/landsat-c2/level-2/standard/oli-tirs/2023/041/037/LC09_L2SP_041037_20230720_20230801_02_T1/LC09_L2SP_041037_20230720_20230801_02_T1_ST_QA.TIF,https://landsateuwest.blob.core.windows.net/landsat-c2/level-2/standard/oli-tirs/2023/041/037/LC09_L2SP_041037_20230720_20230801_02_T1/LC09_L2SP_041037_20230720_20230801_02_T1_ST_CDIST.TIF,https://landsateuwest.blob.core.windows.net/landsat-c2/level-2/standard/oli-tirs/2023/041/037/LC09_L2SP_041037_20230720_20230801_02_T1/LC09_L2SP_041037_20230720_20230801_02_T1_QA_RADSAT.TIF
LC09_L2SP_041037_20230805_02_T1,landsat-9,2023-08-05T18:28:28.955269+00:00,2023-08-05,041,037,59.12,0.17509729675107918,https://landsateuwest.blob.core.windows.net/landsat-c2/level-2/standard/oli-tirs/2023/041/037/LC09_L2SP_041037_20230805_20230808_02_T1/LC09_L2SP_041037_20230805_20230808_02_T1_ST_B10.TIF,https://landsateuwest.blob.core.windows.net/landsat-c2/level-2/standard/oli-tirs/2023/041/037/LC09_L2SP_041037_20230805_20230808_02_T1/LC09_L2SP_041037_20230805_20230808_02_T1_QA_PIXEL.TIF,https://landsateuwest.blob.core.windows.net/landsat-c2/level-2/standard/oli-tirs/2023/041/037/LC09_L2SP_041037_20230805_20230808_02_T1/LC09_L2SP_041037_20230805_20230808_02_T1_ST_QA.TIF,https://landsateuwest.blob.core.windows.net/landsat-c2/level-2/standard/oli-tirs/2023/041/037/LC09_L2SP_041037_20230805_20230808_02_T1/LC09_L2SP_041037_20230805_20230808_02_T1_ST_CDIST.TIF,https://landsateuwest.blob.core.windows.net/landsat-c2/level-2/standard/oli-tirs/2023/041/037/LC09_L2SP_041037_20230805_20230808_02_T1/LC09_L2SP_041037_20230805_20230808_02_T1_QA_RADSAT.TIF
LC09_L2SP_041037_20230821_02_T1,landsat-9,2023-08-21T18:28:33.828048+00:00,2023-08-21,041,037,64.31,0.17961366050445887,https://landsateuwest.blob.core.windows.net/landsat-c2/level-2/standard/oli-tirs/2023/041/037/LC09_L2SP_041037_20230821_20230823_02_T1/LC09_L2SP_041037_20230821_20230823_02_T1_ST_B10.TIF,https://landsateuwest.blob.core.windows.net/landsat-c2/level-2/standard/oli-tirs/2023/041/037/LC09_L2SP_041037_20230821_20230823_02_T1/LC09_L2SP_041037_20230821_20230823_02_T1_QA_PIXEL.TIF,https://landsateuwest.blob.core.windows.net/landsat-c2/level-2/standard/oli-tirs/2023/041/037/LC09_L2SP_041037_20230821_20230823_02_T1/LC09_L2SP_041037_20230821_20230823_02_T1_ST_QA.TIF,https://landsateuwest.blob.core.windows.net/landsat-c2/level-2/standard/oli-tirs/2023/041/037/LC09_L2SP_041037_20230821_20230823_02_T1/LC09_L2SP_041037_20230821_20230823_02_T1_ST_CDIST.TIF,https://landsateuwest.blob.core.windows.net/landsat-c2/level-2/standard/oli-tirs/2023/041/037/LC09_L2SP_041037_20230821_20230823_02_T1/LC09_L2SP_041037_20230821_20230823_02_T1_QA_RADSAT.TIF
LC09_L2SP_041037_20230906_02_T1,landsat-9,2023-09-06T18:28:44.448458+00:00,2023-09-06,041,037,43.41,0.17131904639413578,https://landsateuwest.blob.core.windows.net/landsat-c2/level-2/standard/oli-tirs/2023/041/037/LC09_L2SP_041037_20230906_20230908_02_T1/LC09_L2SP_041037_20230906_20230908_02_T1_ST_B10.TIF,https://landsateuwest.blob.core.windows.net/landsat-c2/level-2/standard/oli-tirs/2023/041/037/LC09_L2SP_041037_20230906_20230908_02_T1/LC09_L2SP_041037_20230906_20230908_02_T1_QA_PIXEL.TIF,https://landsateuwest.blob.core.windows.net/landsat-c2/level-2/standard/oli-tirs/2023/041/037/LC09_L2SP_041037_20230906_20230908_02_T1/LC09_L2SP_041037_20230906_20230908_02_T1_ST_QA.TIF,https://landsateuwest.blob.core.windows.net/landsat-c2/level-2/standard/oli-tirs/2023/041/037/LC09_L2SP_041037_20230906_20230908_02_T1/LC09_L2SP_041037_20230906_20230908_02_T1_ST_CDIST.TIF,https://landsateuwest.blob.core.windows.net/landsat-c2/level-2/standard/oli-tirs/2023/041/037/LC09_L2SP_041037_20230906_20230908_02_T1/LC09_L2SP_041037_20230906_20230908_02_T1_QA_RADSAT.TIF
LC09_L2SP_041037_20230922_02_T1,landsat-9,2023-09-22T18:28:47.291597+00:00,2023-09-22,041,037,79.16,0.17581925475406493,https://landsateuwest.blob.core.windows.net/landsat-c2/level-2/standard/oli-tirs/2023/041/037/LC09_L2SP_041037_20230922_20230924_02_T1/LC09_L2SP_041037_20230922_20230924_02_T1_ST_B10.TIF,https://landsateuwest.blob.core.windows.net/landsat-c2/level-2/standard/oli-tirs/2023/041/037/LC09_L2SP_041037_20230922_20230924_02_T1/LC09_L2SP_041037_20230922_20230924_02_T1_QA_PIXEL.TIF,https://landsateuwest.blob.core.windows.net/landsat-c2/level-2/standard/oli-tirs/2023/041/037/LC09_L2SP_041037_20230922_20230924_02_T1/LC09_L2SP_041037_20230922_20230924_02_T1_ST_QA.TIF,https://landsateuwest.blob.core.windows.net/landsat-c2/level-2/standard/oli-tirs/2023/041/037/LC09_L2SP_041037_20230922_20230924_02_T1/LC09_L2SP_041037_20230922_20230924_02_T1_ST_CDIST.TIF,https://landsateuwest.blob.core.windows.net/landsat-c2/level-2/standard/oli-tirs/2023/041/037/LC09_L2SP_041037_20230922_20230924_02_T1/LC09_L2SP_041037_20230922_20230924_02_T1_QA_RADSAT.TIF
LC09_L2SP_041037_20231008_02_T1,landsat-9,2023-10-08T18:28:51.909840+00:00,2023-10-08,041,037,82.87,0.17428645852352223,https://landsateuwest.blob.core.windows.net/landsat-c2/level-2/standard/oli-tirs/2023/041/037/LC09_L2SP_041037_20231008_20231009_02_T1/LC09_L2SP_041037_20231008_20231009_02_T1_ST_B10.TIF,https://landsateuwest.blob.core.windows.net/landsat-c2/level-2/standard/oli-tirs/2023/041/037/LC09_L2SP_041037_20231008_20231009_02_T1/LC09_L2SP_041037_20231008_20231009_02_T1_QA_PIXEL.TIF,https://landsateuwest.blob.core.windows.net/landsat-c2/level-2/standard/oli-tirs/2023/041/037/LC09_L2SP_041037_20231008_20231009_02_T1/LC09_L2SP_041037_20231008_20231009_02_T1_ST_QA.TIF,https://landsateuwest.blob.core.windows.net/landsat-c2/level-2/standard/oli-tirs/2023/041/037/LC09_L2SP_041037_20231008_20231009_02_T1/LC09_L2SP_041037_20231008_20231009_02_T1_ST_CDIST.TIF,https://landsateuwest.blob.core.windows.net/landsat-c2/level-2/standard/oli-tirs/2023/041/037/LC09_L2SP_041037_20231008_20231009_02_T1/LC09_L2SP_041037_20231008_20231009_02_T1_QA_RADSAT.TIF
LC09_L2SP_041037_20231024_02_T1,landsat-9,2023-10-24T18:28:57.977600+00:00,2023-10-24,041,037,59.27,0.17012227555562792,https://landsateuwest.blob.core.windows.net/landsat-c2/level-2/standard/oli-tirs/2023/041/037/LC09_L2SP_041037_20231024_20231025_02_T1/LC09_L2SP_041037_20231024_20231025_02_T1_ST_B10.TIF,https://landsateuwest.blob.core.windows.net/landsat-c2/level-2/standard/oli-tirs/2023/041/037/LC09_L2SP_041037_20231024_20231025_02_T1/LC09_L2SP_041037_20231024_20231025_02_T1_QA_PIXEL.TIF,https://landsateuwest.blob.core.windows.net/landsat-c2/level-2/standard/oli-tirs/2023/041/037/LC09_L2SP_041037_20231024_20231025_02_T1/LC09_L2SP_041037_20231024_20231025_02_T1_ST_QA.TIF,https://landsateuwest.blob.core.windows.net/landsat-c2/level-2/standard/oli-tirs/2023/041/037/LC09_L2SP_041037_20231024_20231025_02_T1/LC09_L2SP_041037_20231024_20231025_02_T1_ST_CDIST.TIF,https://landsateuwest.blob.core.windows.net/landsat-c2/level-2/standard/oli-tirs/2023/041/037/LC09_L2SP_041037_20231024_20231025_02_T1/LC09_L2SP_041037_20231024_20231025_02_T1_QA_RADSAT.TIF
LC09_L2SP_041037_20240503_02_T1,landsat-9,2024-05-03T18:28:19.863826+00:00,2024-05-03,041,037,91.88,0.1715194067255003,https://landsateuwest.blob.core.windows.net/landsat-c2/level-2/standard/oli-tirs/2024/041/037/LC09_L2SP_041037_20240503_20240504_02_T1/LC09_L2SP_041037_20240503_20240504_02_T1_ST_B10.TIF,https://landsateuwest.blob.core.windows.net/landsat-c2/level-2/standard/oli-tirs/2024/041/037/LC09_L2SP_041037_20240503_20240504_02_T1/LC09_L2SP_041037_20240503_20240504_02_T1_QA_PIXEL.TIF,https://landsateuwest.blob.core.windows.net/landsat-c2/level-2/standard/oli-tirs/2024/041/037/LC09_L2SP_041037_20240503_20240504_02_T1/LC09_L2SP_041037_20240503_20240504_02_T1_ST_QA.TIF,https://landsateuwest.blob.core.windows.net/landsat-c2/level-2/standard/oli-tirs/2024/041/037/LC09_L2SP_041037_20240503_20240504_02_T1/LC09_L2SP_041037_20240503_20240504_02_T1_ST_CDIST.TIF,https://landsateuwest.blob.core.windows.net/landsat-c2/level-2/standard/oli-tirs/2024/041/037/LC09_L2SP_041037_20240503_20240504_02_T1/LC09_L2SP_041037_20240503_20240504_02_T1_QA_RADSAT.TIF
LC09_L2SP_041037_20240519_02_T1,landsat-9,2024-05-19T18:28:12.105149+00:00,2024-05-19,041,037,85.6,0.16868649007543624,https://landsateuwest.blob.core.windows.net/landsat-c2/level-2/standard/oli-tirs/2024/041/037/LC09_L2SP_041037_20240519_20240522_02_T1/LC09_L2SP_041037_20240519_20240522_02_T1_ST_B10.TIF,https://landsateuwest.blob.core.windows.net/landsat-c2/level-2/standard/oli-tirs/2024/041/037/LC09_L2SP_041037_20240519_20240522_02_T1/LC09_L2SP_041037_20240519_20240522_02_T1_QA_PIXEL.TIF,https://landsateuwest.blob.core.windows.net/landsat-c2/level-2/standard/oli-tirs/2024/041/037/LC09_L2SP_041037_20240519_20240522_02_T1/LC09_L2SP_041037_20240519_20240522_02_T1_ST_QA.TIF,https://landsateuwest.blob.core.windows.net/landsat-c2/level-2/standard/oli-tirs/2024/041/037/LC09_L2SP_041037_20240519_20240522_02_T1/LC09_L2SP_041037_20240519_20240522_02_T1_ST_CDIST.TIF,https://landsateuwest.blob.core.windows.net/landsat-c2/level-2/standard/oli-tirs/2024/041/037/LC09_L2SP_041037_20240519_20240522_02_T1/LC09_L2SP_041037_20240519_20240522_02_T1_QA_RADSAT.TIF
LC09_L2SP_041037_20240604_02_T1,landsat-9,2024-06-04T18:28:05.893150+00:00,2024-06-04,041,037,97.27,0.16443150696635508,https://landsateuwest.blob.core.windows.net/landsat-c2/level-2/standard/oli-tirs/2024/041/037/LC09_L2SP_041037_20240604_20240605_02_T1/LC09_L2SP_041037_20240604_20240605_02_T1_ST_B10.TIF,https://landsateuwest.blob.core.windows.net/landsat-c2/level-2/standard/oli-tirs/2024/041/037/LC09_L2SP_041037_20240604_20240605_02_T1/LC09_L2SP_041037_20240604_20240605_02_T1_QA_PIXEL.TIF,https://landsateuwest.blob.core.windows.net/landsat-c2/level-2/standard/oli-tirs/2024/041/037/LC09_L2SP_041037_20240604_20240605_02_T1/LC09_L2SP_041037_20240604_20240605_02_T1_ST_QA.TIF,https://landsateuwest.blob.core.windows.net/landsat-c2/level-2/standard/oli-tirs/2024/041/037/LC09_L2SP_041037_20240604_20240605_02_T1/LC09_L2SP_041037_20240604_20240605_02_T1_ST_CDIST.TIF,https://landsateuwest.blob.core.windows.net/landsat-c2/level-2/standard/oli-tirs/2024/041/037/LC09_L2SP_041037_20240604_20240605_02_T1/LC09_L2SP_041037_20240604_20240605_02_T1_QA_RADSAT.TIF
LC09_L2SP_041037_20240620_02_T1,landsat-9,2024-06-20T18:27:49.226266+00:00,2024-06-20,041,037,20.45,0.17433209530505578,https://landsateuwest.blob.core.windows.net/landsat-c2/level-2/standard/oli-tirs/2024/041/037/LC09_L2SP_041037_20240620_20240621_02_T1/LC09_L2SP_041037_20240620_20240621_02_T1_ST_B10.TIF,https://landsateuwest.blob.core.windows.net/landsat-c2/level-2/standard/oli-tirs/2024/041/037/LC09_L2SP_041037_20240620_20240621_02_T1/LC09_L2SP_041037_20240620_20240621_02_T1_QA_PIXEL.TIF,https://landsateuwest.blob.core.windows.net/landsat-c2/level-2/standard/oli-tirs/2024/041/037/LC09_L2SP_041037_20240620_20240621_02_T1/LC09_L2SP_041037_20240620_20240621_02_T1_ST_QA.TIF,https://landsateuwest.blob.core.windows.net/landsat-c2/level-2/standard/oli-tirs/2024/041/037/LC09_L2SP_041037_20240620_20240621_02_T1/LC09_L2SP_041037_20240620_20240621_02_T1_ST_CDIST.TIF,https://landsateuwest.blob.core.windows.net/landsat-c2/level-2/standard/oli-tirs/2024/041/037/LC09_L2SP_041037_20240620_20240621_02_T1/LC09_L2SP_041037_20240620_20240621_02_T1_QA_RADSAT.TIF
LC09_L2SP_041037_20240706_02_T1,landsat-9,2024-07-06T18:28:02.643068+00:00,2024-07-06,041,037,89.72,0.16674164405551936,https://landsateuwest.blob.core.windows.net/landsat-c2/level-2/standard/oli-tirs/2024/041/037/LC09_L2SP_041037_20240706_20240707_02_T1/LC09_L2SP_041037_20240706_20240707_02_T1_ST_B10.TIF,https://landsateuwest.blob.core.windows.net/landsat-c2/level-2/standard/oli-tirs/2024/041/037/LC09_L2SP_041037_20240706_20240707_02_T1/LC09_L2SP_041037_20240706_20240707_02_T1_QA_PIXEL.TIF,https://landsateuwest.blob.core.windows.net/landsat-c2/level-2/standard/oli-tirs/2024/041/037/LC09_L2SP_041037_20240706_20240707_02_T1/LC09_L2SP_041037_20240706_20240707_02_T1_ST_QA.TIF,https://landsateuwest.blob.core.windows.net/landsat-c2/level-2/standard/oli-tirs/2024/041/037/LC09_L2SP_041037_20240706_20240707_02_T1/LC09_L2SP_041037_20240706_20240707_02_T1_ST_CDIST.TIF,https://landsateuwest.blob.core.windows.net/landsat-c2/level-2/standard/oli-tirs/2024/041/037/LC09_L2SP_041037_20240706_20240707_02_T1/LC09_L2SP_041037_20240706_20240707_02_T1_QA_RADSAT.TIF
LC09_L2SP_041037_20240722_02_T1,landsat-9,2024-07-22T18:28:10.291039+00:00,2024-07-22,041,037,56.2,0.17039106173794918,https://landsateuwest.blob.core.windows.net/landsat-c2/level-2/standard/oli-tirs/2024/041/037/LC09_L2SP_041037_20240722_20240723_02_T1/LC09_L2SP_041037_20240722_20240723_02_T1_ST_B10.TIF,https://landsateuwest.blob.core.windows.net/landsat-c2/level-2/standard/oli-tirs/2024/041/037/LC09_L2SP_041037_20240722_20240723_02_T1/LC09_L2SP_041037_20240722_20240723_02_T1_QA_PIXEL.TIF,https://landsateuwest.blob.core.windows.net/landsat-c2/level-2/standard/oli-tirs/2024/041/037/LC09_L2SP_041037_20240722_20240723_02_T1/LC09_L2SP_041037_20240722_20240723_02_T1_ST_QA.TIF,https://landsateuwest.blob.core.windows.net/landsat-c2/level-2/standard/oli-tirs/2024/041/037/LC09_L2SP_041037_20240722_20240723_02_T1/LC09_L2SP_041037_20240722_20240723_02_T1_ST_CDIST.TIF,https://landsateuwest.blob.core.windows.net/landsat-c2/level-2/standard/oli-tirs/2024/041/037/LC09_L2SP_041037_20240722_20240723_02_T1/LC09_L2SP_041037_20240722_20240723_02_T1_QA_RADSAT.TIF
LC09_L2SP_041037_20240807_02_T1,landsat-9,2024-08-07T18:28:14.377022+00:00,2024-08-07,041,037,75.52,0.1780385354568102,https://landsateuwest.blob.core.windows.net/landsat-c2/level-2/standard/oli-tirs/2024/041/037/LC09_L2SP_041037_20240807_20240808_02_T1/LC09_L2SP_041037_20240807_20240808_02_T1_ST_B10.TIF,https://landsateuwest.blob.core.windows.net/landsat-c2/level-2/standard/oli-tirs/2024/041/037/LC09_L2SP_041037_20240807_20240808_02_T1/LC09_L2SP_041037_20240807_20240808_02_T1_QA_PIXEL.TIF,https://landsateuwest.blob.core.windows.net/landsat-c2/level-2/standard/oli-tirs/2024/041/037/LC09_L2SP_041037_20240807_20240808_02_T1/LC09_L2SP_041037_20240807_20240808_02_T1_ST_QA.TIF,https://landsateuwest.blob.core.windows.net/landsat-c2/level-2/standard/oli-tirs/2024/041/037/LC09_L2SP_041037_20240807_20240808_02_T1/LC09_L2SP_041037_20240807_20240808_02_T1_ST_CDIST.TIF,https://landsateuwest.blob.core.windows.net/landsat-c2/level-2/standard/oli-tirs/2024/041/037/LC09_L2SP_041037_20240807_20240808_02_T1/LC09_L2SP_041037_20240807_20240808_02_T1_QA_RADSAT.TIF
LC09_L2SP_041037_20240823_02_T1,landsat-9,2024-08-23T18:28:29.205755+00:00,2024-08-23,041,037,19.68,0.16691855611724188,https://landsateuwest.blob.core.windows.net/landsat-c2/level-2/standard/oli-tirs/2024/041/037/LC09_L2SP_041037_20240823_20240824_02_T1/LC09_L2SP_041037_20240823_20240824_02_T1_ST_B10.TIF,https://landsateuwest.blob.core.windows.net/landsat-c2/level-2/standard/oli-tirs/2024/041/037/LC09_L2SP_041037_20240823_20240824_02_T1/LC09_L2SP_041037_20240823_20240824_02_T1_QA_PIXEL.TIF,https://landsateuwest.blob.core.windows.net/landsat-c2/level-2/standard/oli-tirs/2024/041/037/LC09_L2SP_041037_20240823_20240824_02_T1/LC09_L2SP_041037_20240823_20240824_02_T1_ST_QA.TIF,https://landsateuwest.blob.core.windows.net/landsat-c2/level-2/standard/oli-tirs/2024/041/037/LC09_L2SP_041037_20240823_20240824_02_T1/LC09_L2SP_041037_20240823_20240824_02_T1_ST_CDIST.TIF,https://landsateuwest.blob.core.windows.net/landsat-c2/level-2/standard/oli-tirs/2024/041/037/LC09_L2SP_041037_20240823_20240824_02_T1/LC09_L2SP_041037_20240823_20240824_02_T1_QA_RADSAT.TIF
LC09_L2SP_041037_20240908_02_T1,landsat-9,2024-09-08T18:28:29.581382+00:00,2024-09-08,041,037,4.09,0.17827510165960866,https://landsateuwest.blob.core.windows.net/landsat-c2/level-2/standard/oli-tirs/2024/041/037/LC09_L2SP_041037_20240908_20240909_02_T1/LC09_L2SP_041037_20240908_20240909_02_T1_ST_B10.TIF,https://landsateuwest.blob.core.windows.net/landsat-c2/level-2/standard/oli-tirs/2024/041/037/LC09_L2SP_041037_20240908_20240909_02_T1/LC09_L2SP_041037_20240908_20240909_02_T1_QA_PIXEL.TIF,https://landsateuwest.blob.core.windows.net/landsat-c2/level-2/standard/oli-tirs/2024/041/037/LC09_L2SP_041037_20240908_20240909_02_T1/LC09_L2SP_041037_20240908_20240909_02_T1_ST_QA.TIF,https://landsateuwest.blob.core.windows.net/landsat-c2/level-2/standard/oli-tirs/2024/041/037/LC09_L2SP_041037_20240908_20240909_02_T1/LC09_L2SP_041037_20240908_20240909_02_T1_ST_CDIST.TIF,https://landsateuwest.blob.core.windows.net/landsat-c2/level-2/standard/oli-tirs/2024/041/037/LC09_L2SP_041037_20240908_20240909_02_T1/LC09_L2SP_041037_20240908_20240909_02_T1_QA_RADSAT.TIF
LC09_L2SP_041037_20240924_02_T1,landsat-9,2024-09-24T18:28:31.003595+00:00,2024-09-24,041,037,91.07,0.18636085770453661,https://landsateuwest.blob.core.windows.net/landsat-c2/level-2/standard/oli-tirs/2024/041/037/LC09_L2SP_041037_20240924_20240925_02_T1/LC09_L2SP_041037_20240924_20240925_02_T1_ST_B10.TIF,https://landsateuwest.blob.core.windows.net/landsat-c2/level-2/standard/oli-tirs/2024/041/037/LC09_L2SP_041037_20240924_20240925_02_T1/LC09_L2SP_041037_20240924_20240925_02_T1_QA_PIXEL.TIF,https://landsateuwest.blob.core.windows.net/landsat-c2/level-2/standard/oli-tirs/2024/041/037/LC09_L2SP_041037_20240924_20240925_02_T1/LC09_L2SP_041037_20240924_20240925_02_T1_ST_QA.TIF,https://landsateuwest.blob.core.windows.net/landsat-c2/level-2/standard/oli-tirs/2024/041/037/LC09_L2SP_041037_20240924_20240925_02_T1/LC09_L2SP_041037_20240924_20240925_02_T1_ST_CDIST.TIF,https://landsateuwest.blob.core.windows.net/landsat-c2/level-2/standard/oli-tirs/2024/041/037/LC09_L2SP_041037_20240924_20240925_02_T1/LC09_L2SP_041037_20240924_20240925_02_T1_QA_RADSAT.TIF
LC09_L2SP_041037_20241010_02_T1,landsat-9,2024-10-10T18:28:39.860538+00:00,2024-10-10,041,037,86.51,0.1779037037118752,https://landsateuwest.blob.core.windows.net/landsat-c2/level-2/standard/oli-tirs/2024/041/037/LC09_L2SP_041037_20241010_20241011_02_T1/LC09_L2SP_041037_20241010_20241011_02_T1_ST_B10.TIF,https://landsateuwest.blob.core.windows.net/landsat-c2/level-2/standard/oli-tirs/2024/041/037/LC09_L2SP_041037_20241010_20241011_02_T1/LC09_L2SP_041037_20241010_20241011_02_T1_QA_PIXEL.TIF,https://landsateuwest.blob.core.windows.net/landsat-c2/level-2/standard/oli-tirs/2024/041/037/LC09_L2SP_041037_20241010_20241011_02_T1/LC09_L2SP_041037_20241010_20241011_02_T1_ST_QA.TIF,https://landsateuwest.blob.core.windows.net/landsat-c2/level-2/standard/oli-tirs/2024/041/037/LC09_L2SP_041037_20241010_20241011_02_T1/LC09_L2SP_041037_20241010_20241011_02_T1_ST_CDIST.TIF,https://landsateuwest.blob.core.windows.net/landsat-c2/level-2/standard/oli-tirs/2024/041/037/LC09_L2SP_041037_20241010_20241011_02_T1/LC09_L2SP_041037_20241010_20241011_02_T1_QA_RADSAT.TIF
LC09_L2SP_041037_20241026_02_T1,landsat-9,2024-10-26T18:28:54.007792+00:00,2024-10-26,041,037,44.92,0.16205643248098242,https://landsateuwest.blob.core.windows.net/landsat-c2/level-2/standard/oli-tirs/2024/041/037/LC09_L2SP_041037_20241026_20241027_02_T1/LC09_L2SP_041037_20241026_20241027_02_T1_ST_B10.TIF,https://landsateuwest.blob.core.windows.net/landsat-c2/level-2/standard/oli-tirs/2024/041/037/LC09_L2SP_041037_20241026_20241027_02_T1/LC09_L2SP_041037_20241026_20241027_02_T1_QA_PIXEL.TIF,https://landsateuwest.blob.core.windows.net/landsat-c2/level-2/standard/oli-tirs/2024/041/037/LC09_L2SP_041037_20241026_20241027_02_T1/LC09_L2SP_041037_20241026_20241027_02_T1_ST_QA.TIF,https://landsateuwest.blob.core.windows.net/landsat-c2/level-2/standard/oli-tirs/2024/041/037/LC09_L2SP_041037_20241026_20241027_02_T1/LC09_L2SP_041037_20241026_20241027_02_T1_ST_CDIST.TIF,https://landsateuwest.blob.core.windows.net/landsat-c2/level-2/standard/oli-tirs/2024/041/037/LC09_L2SP_041037_20241026_20241027_02_T1/LC09_L2SP_041037_20241026_20241027_02_T1_QA_RADSAT.TIF
