target_date,physical_acquisition_id,acquisition_local_date,lag_days
2020-05-16,sentinel-2a|2020-03-19T18:30:51.024000Z|R27|GS2A_20200319T183051_024763,2020-03-19,58
2020-05-16,sentinel-2a|2020-03-29T18:29:41.024000Z|R27|GS2A_20200329T182941_024906,2020-03-29,48
2020-05-16,sentinel-2a|2020-04-08T18:29:21.024000Z|R27|GS2A_20200408T182921_025049,2020-04-08,38
2020-05-16,sentinel-2a|2020-04-18T18:29:21.024000Z|R27|GS2A_20200418T182921_025192,2020-04-18,28
2020-05-16,sentinel-2a|2020-04-28T18:29:21.024000Z|R27|GS2A_20200428T182921_025335,2020-04-28,18
2020-05-16,sentinel-2a|2020-05-08T18:29:21.024000Z|R27|GS2A_20200508T182921_025478,2020-05-08,8
2020-05-16,sentinel-2b|2020-03-24T18:29:19.024000Z|R27|GS2B_20200324T182919_015926,2020-03-24,53
2020-05-16,sentinel-2b|2020-04-03T18:29:19.024000Z|R27|GS2B_20200403T182919_016069,2020-04-03,43
2020-05-16,sentinel-2b|2020-04-13T18:29:19.024000Z|R27|GS2B_20200413T182919_016212,2020-04-13,33
2020-05-16,sentinel-2b|2020-04-23T18:29:09.024000Z|R27|GS2B_20200423T182909_016355,2020-04-23,23
2020-05-16,sentinel-2b|2020-05-03T18:29:19.024000Z|R27|GS2B_20200503T182919_016498,2020-05-03,13
2020-05-16,sentinel-2b|2020-05-13T18:29:19.024000Z|R27|GS2B_20200513T182919_016641,2020-05-13,3
2020-06-01,sentinel-2a|2020-04-08T18:29:21.024000Z|R27|GS2A_20200408T182921_025049,2020-04-08,54
2020-06-01,sentinel-2a|2020-04-18T18:29:21.024000Z|R27|GS2A_20200418T182921_025192,2020-04-18,44
2020-06-01,sentinel-2a|2020-04-28T18:29:21.024000Z|R27|GS2A_20200428T182921_025335,2020-04-28,34
2020-06-01,sentinel-2a|2020-05-08T18:29:21.024000Z|R27|GS2A_20200508T182921_025478,2020-05-08,24
2020-06-01,sentinel-2a|2020-05-18T18:29:21.024000Z|R27|GS2A_20200518T182921_025621,2020-05-18,14
2020-06-01,sentinel-2a|2020-05-28T18:29:21.024000Z|R27|GS2A_20200528T182921_025764,2020-05-28,4
2020-06-01,sentinel-2b|2020-04-03T18:29:19.024000Z|R27|GS2B_20200403T182919_016069,2020-04-03,59
2020-06-01,sentinel-2b|2020-04-13T18:29:19.024000Z|R27|GS2B_20200413T182919_016212,2020-04-13,49
2020-06-01,sentinel-2b|2020-04-23T18:29:09.024000Z|R27|GS2B_20200423T182909_016355,2020-04-23,39
2020-06-01,sentinel-2b|2020-05-03T18:29:19.024000Z|R27|GS2B_20200503T182919_016498,2020-05-03,29
2020-06-01,sentinel-2b|2020-05-13T18:29:19.024000Z|R27|GS2B_20200513T182919_016641,2020-05-13,19
2020-06-01,sentinel-2b|2020-05-23T18:29:19.024000Z|R27|GS2B_20200523T182919_016784,2020-05-23,9
2020-06-17,sentinel-2a|2020-04-18T18:29:21.024000Z|R27|GS2A_20200418T182921_025192,2020-04-18,60
2020-06-17,sentinel-2a|2020-04-28T18:29:21.024000Z|R27|GS2A_20200428T182921_025335,2020-04-28,50
2020-06-17,sentinel-2a|2020-05-08T18:29:21.024000Z|R27|GS2A_20200508T182921_025478,2020-05-08,40
2020-06-17,sentinel-2a|2020-05-18T18:29:21.024000Z|R27|GS2A_20200518T182921_025621,2020-05-18,30
2020-06-17,sentinel-2a|2020-05-28T18:29:21.024000Z|R27|GS2A_20200528T182921_025764,2020-05-28,20
2020-06-17,sentinel-2a|2020-06-07T18:29:21.024000Z|R27|GS2A_20200607T182921_025907,2020-06-07,10
2020-06-17,sentinel-2b|2020-04-23T18:29:09.024000Z|R27|GS2B_20200423T182909_016355,2020-04-23,55
2020-06-17,sentinel-2b|2020-05-03T18:29:19.024000Z|R27|GS2B_20200503T182919_016498,2020-05-03,45
2020-06-17,sentinel-2b|2020-05-13T18:29:19.024000Z|R27|GS2B_20200513T182919_016641,2020-05-13,35
2020-06-17,sentinel-2b|2020-05-23T18:29:19.024000Z|R27|GS2B_20200523T182919_016784,2020-05-23,25
2020-06-17,sentinel-2b|2020-06-02T18:29:19.024000Z|R27|GS2B_20200602T182919_016927,2020-06-02,15
2020-06-17,sentinel-2b|2020-06-12T18:29:19.024000Z|R27|GS2B_20200612T182919_017070,2020-06-12,5
2020-07-03,sentinel-2a|2020-05-08T18:29:21.024000Z|R27|GS2A_20200508T182921_025478,2020-05-08,56
2020-07-03,sentinel-2a|2020-05-18T18:29:21.024000Z|R27|GS2A_20200518T182921_025621,2020-05-18,46
2020-07-03,sentinel-2a|2020-05-28T18:29:21.024000Z|R27|GS2A_20200528T182921_025764,2020-05-28,36
2020-07-03,sentinel-2a|2020-06-07T18:29:21.024000Z|R27|GS2A_20200607T182921_025907,2020-06-07,26
2020-07-03,sentinel-2a|2020-06-17T18:29:21.024000Z|R27|GS2A_20200617T182921_026050,2020-06-17,16
2020-07-03,sentinel-2a|2020-06-27T18:29:21.024000Z|R27|GS2A_20200627T182921_026193,2020-06-27,6
2020-07-03,sentinel-2b|2020-05-13T18:29:19.024000Z|R27|GS2B_20200513T182919_016641,2020-05-13,51
2020-07-03,sentinel-2b|2020-05-23T18:29:19.024000Z|R27|GS2B_20200523T182919_016784,2020-05-23,41
2020-07-03,sentinel-2b|2020-06-02T18:29:19.024000Z|R27|GS2B_20200602T182919_016927,2020-06-02,31
2020-07-03,sentinel-2b|2020-06-12T18:29:19.024000Z|R27|GS2B_20200612T182919_017070,2020-06-12,21
2020-07-03,sentinel-2b|2020-06-22T18:29:19.024000Z|R27|GS2B_20200622T182919_017213,2020-06-22,11
2020-07-03,sentinel-2b|2020-07-02T18:29:19.024000Z|R27|GS2B_20200702T182919_017356,2020-07-02,1
2020-07-19,sentinel-2a|2020-05-28T18:29:21.024000Z|R27|GS2A_20200528T182921_025764,2020-05-28,52
2020-07-19,sentinel-2a|2020-06-07T18:29:21.024000Z|R27|GS2A_20200607T182921_025907,2020-06-07,42
2020-07-19,sentinel-2a|2020-06-17T18:29:21.024000Z|R27|GS2A_20200617T182921_026050,2020-06-17,32
2020-07-19,sentinel-2a|2020-06-27T18:29:21.024000Z|R27|GS2A_20200627T182921_026193,2020-06-27,22
2020-07-19,sentinel-2a|2020-07-07T18:29:21.024000Z|R27|GS2A_20200707T182921_026336,2020-07-07,12
2020-07-19,sentinel-2a|2020-07-17T18:29:21.024000Z|R27|GS2A_20200717T182921_026479,2020-07-17,2
2020-07-19,sentinel-2b|2020-05-23T18:29:19.024000Z|R27|GS2B_20200523T182919_016784,2020-05-23,57
2020-07-19,sentinel-2b|2020-06-02T18:29:19.024000Z|R27|GS2B_20200602T182919_016927,2020-06-02,47
2020-07-19,sentinel-2b|2020-06-12T18:29:19.024000Z|R27|GS2B_20200612T182919_017070,2020-06-12,37
2020-07-19,sentinel-2b|2020-06-22T18:29:19.024000Z|R27|GS2B_20200622T182919_017213,2020-06-22,27
2020-07-19,sentinel-2b|2020-07-02T18:29:19.024000Z|R27|GS2B_20200702T182919_017356,2020-07-02,17
2020-07-19,sentinel-2b|2020-07-12T18:29:19.024000Z|R27|GS2B_20200712T182919_017499,2020-07-12,7
2020-08-04,sentinel-2a|2020-06-07T18:29:21.024000Z|R27|GS2A_20200607T182921_025907,2020-06-07,58
2020-08-04,sentinel-2a|2020-06-17T18:29:21.024000Z|R27|GS2A_20200617T182921_026050,2020-06-17,48
2020-08-04,sentinel-2a|2020-06-27T18:29:21.024000Z|R27|GS2A_20200627T182921_026193,2020-06-27,38
2020-08-04,sentinel-2a|2020-07-07T18:29:21.024000Z|R27|GS2A_20200707T182921_026336,2020-07-07,28
2020-08-04,sentinel-2a|2020-07-17T18:29:21.024000Z|R27|GS2A_20200717T182921_026479,2020-07-17,18
2020-08-04,sentinel-2a|2020-07-27T18:29:21.024000Z|R27|GS2A_20200727T182921_026622,2020-07-27,8
2020-08-04,sentinel-2b|2020-06-12T18:29:19.024000Z|R27|GS2B_20200612T182919_017070,2020-06-12,53
2020-08-04,sentinel-2b|2020-06-22T18:29:19.024000Z|R27|GS2B_20200622T182919_017213,2020-06-22,43
2020-08-04,sentinel-2b|2020-07-02T18:29:19.024000Z|R27|GS2B_20200702T182919_017356,2020-07-02,33
2020-08-04,sentinel-2b|2020-07-12T18:29:19.024000Z|R27|GS2B_20200712T182919_017499,2020-07-12,23
2020-08-04,sentinel-2b|2020-07-22T18:29:19.024000Z|R27|GS2B_20200722T182919_017642,2020-07-22,13
2020-08-04,sentinel-2b|2020-08-01T18:29:19.024000Z|R27|GS2B_20200801T182919_017785,2020-08-01,3
2020-08-20,sentinel-2a|2020-06-27T18:29:21.024000Z|R27|GS2A_20200627T182921_026193,2020-06-27,54
2020-08-20,sentinel-2a|2020-07-07T18:29:21.024000Z|R27|GS2A_20200707T182921_026336,2020-07-07,44
2020-08-20,sentinel-2a|2020-07-17T18:29:21.024000Z|R27|GS2A_20200717T182921_026479,2020-07-17,34
2020-08-20,sentinel-2a|2020-07-27T18:29:21.024000Z|R27|GS2A_20200727T182921_026622,2020-07-27,24
2020-08-20,sentinel-2a|2020-08-06T18:29:21.024000Z|R27|GS2A_20200806T182921_026765,2020-08-06,14
2020-08-20,sentinel-2a|2020-08-16T18:29:21.024000Z|R27|GS2A_20200816T182921_026908,2020-08-16,4
2020-08-20,sentinel-2b|2020-06-22T18:29:19.024000Z|R27|GS2B_20200622T182919_017213,2020-06-22,59
2020-08-20,sentinel-2b|2020-07-02T18:29:19.024000Z|R27|GS2B_20200702T182919_017356,2020-07-02,49
2020-08-20,sentinel-2b|2020-07-12T18:29:19.024000Z|R27|GS2B_20200712T182919_017499,2020-07-12,39
2020-08-20,sentinel-2b|2020-07-22T18:29:19.024000Z|R27|GS2B_20200722T182919_017642,2020-07-22,29
2020-08-20,sentinel-2b|2020-08-01T18:29:19.024000Z|R27|GS2B_20200801T182919_017785,2020-08-01,19
2020-08-20,sentinel-2b|2020-08-11T18:29:19.024000Z|R27|GS2B_20200811T182919_017928,2020-08-11,9
2020-09-05,sentinel-2a|2020-07-07T18:29:21.024000Z|R27|GS2A_20200707T182921_026336,2020-07-07,60
2020-09-05,sentinel-2a|2020-07-17T18:29:21.024000Z|R27|GS2A_20200717T182921_026479,2020-07-17,50
2020-09-05,sentinel-2a|2020-07-27T18:29:21.024000Z|R27|GS2A_20200727T182921_026622,2020-07-27,40
2020-09-05,sentinel-2a|2020-08-06T18:29:21.024000Z|R27|GS2A_20200806T182921_026765,2020-08-06,30
2020-09-05,sentinel-2a|2020-08-16T18:29:21.024000Z|R27|GS2A_20200816T182921_026908,2020-08-16,20
2020-09-05,sentinel-2a|2020-08-26T18:29:21.024000Z|R27|GS2A_20200826T182921_027051,2020-08-26,10
2020-09-05,sentinel-2b|2020-07-12T18:29:19.024000Z|R27|GS2B_20200712T182919_017499,2020-07-12,55
2020-09-05,sentinel-2b|2020-07-22T18:29:19.024000Z|R27|GS2B_20200722T182919_017642,2020-07-22,45
2020-09-05,sentinel-2b|2020-08-01T18:29:19.024000Z|R27|GS2B_20200801T182919_017785,2020-08-01,35
2020-09-05,sentinel-2b|2020-08-11T18:29:19.024000Z|R27|GS2B_20200811T182919_017928,2020-08-11,25
2020-09-05,sentinel-2b|2020-08-21T18:29:19.024000Z|R27|GS2B_20200821T182919_018071,2020-08-21,15
2020-09-05,sentinel-2b|2020-08-31T18:29:19.024000Z|R27|GS2B_20200831T182919_018214,2020-08-31,5
2020-09-21,sentinel-2a|2020-07-27T18:29:21.024000Z|R27|GS2A_20200727T182921_026622,2020-07-27,56
2020-09-21,sentinel-2a|2020-08-06T18:29:21.024000Z|R27|GS2A_20200806T182921_026765,2020-08-06,46
2020-09-21,sentinel-2a|2020-08-16T18:29:21.024000Z|R27|GS2A_20200816T182921_026908,2020-08-16,36
2020-09-21,sentinel-2a|2020-08-26T18:29:21.024000Z|R27|GS2A_20200826T182921_027051,2020-08-26,26
2020-09-21,sentinel-2a|2020-09-05T18:29:21.024000Z|R27|GS2A_20200905T182921_027194,2020-09-05,16
2020-09-21,sentinel-2a|2020-09-15T18:30:11.024000Z|R27|GS2A_20200915T183011_027337,2020-09-15,6
2020-09-21,sentinel-2b|2020-08-01T18:29:19.024000Z|R27|GS2B_20200801T182919_017785,2020-08-01,51
2020-09-21,sentinel-2b|2020-08-11T18:29:19.024000Z|R27|GS2B_20200811T182919_017928,2020-08-11,41
2020-09-21,sentinel-2b|2020-08-21T18:29:19.024000Z|R27|GS2B_20200821T182919_018071,2020-08-21,31
2020-09-21,sentinel-2b|2020-08-31T18:29:19.024000Z|R27|GS2B_20200831T182919_018214,2020-08-31,21
2020-09-21,sentinel-2b|2020-09-10T18:29:29.024000Z|R27|GS2B_20200910T182929_018357,2020-09-10,11
2020-09-21,sentinel-2b|2020-09-20T18:29:49.024000Z|R27|GS2B_20200920T182949_018500,2020-09-20,1
2020-10-07,sentinel-2a|2020-08-16T18:29:21.024000Z|R27|GS2A_20200816T182921_026908,2020-08-16,52
2020-10-07,sentinel-2a|2020-08-26T18:29:21.024000Z|R27|GS2A_20200826T182921_027051,2020-08-26,42
2020-10-07,sentinel-2a|2020-09-05T18:29:21.024000Z|R27|GS2A_20200905T182921_027194,2020-09-05,32
2020-10-07,sentinel-2a|2020-09-15T18:30:11.024000Z|R27|GS2A_20200915T183011_027337,2020-09-15,22
2020-10-07,sentinel-2a|2020-09-25T18:31:21.024000Z|R27|GS2A_20200925T183121_027480,2020-09-25,12
2020-10-07,sentinel-2b|2020-08-11T18:29:19.024000Z|R27|GS2B_20200811T182919_017928,2020-08-11,57
2020-10-07,sentinel-2b|2020-08-21T18:29:19.024000Z|R27|GS2B_20200821T182919_018071,2020-08-21,47
2020-10-07,sentinel-2b|2020-08-31T18:29:19.024000Z|R27|GS2B_20200831T182919_018214,2020-08-31,37
2020-10-07,sentinel-2b|2020-09-10T18:29:29.024000Z|R27|GS2B_20200910T182929_018357,2020-09-10,27
2020-10-07,sentinel-2b|2020-09-20T18:29:49.024000Z|R27|GS2B_20200920T182949_018500,2020-09-20,17
2020-10-07,sentinel-2b|2020-09-30T18:31:09.024000Z|R27|GS2B_20200930T183109_018643,2020-09-30,7
2020-10-23,sentinel-2a|2020-08-26T18:29:21.024000Z|R27|GS2A_20200826T182921_027051,2020-08-26,58
2020-10-23,sentinel-2a|2020-09-05T18:29:21.024000Z|R27|GS2A_20200905T182921_027194,2020-09-05,48
2020-10-23,sentinel-2a|2020-09-15T18:30:11.024000Z|R27|GS2A_20200915T183011_027337,2020-09-15,38
2020-10-23,sentinel-2a|2020-09-25T18:31:21.024000Z|R27|GS2A_20200925T183121_027480,2020-09-25,28
2020-10-23,sentinel-2a|2020-10-15T18:33:41.024000Z|R27|GS2A_20201015T183341_027766,2020-10-15,8
2020-10-23,sentinel-2b|2020-08-31T18:29:19.024000Z|R27|GS2B_20200831T182919_018214,2020-08-31,53
2020-10-23,sentinel-2b|2020-09-10T18:29:29.024000Z|R27|GS2B_20200910T182929_018357,2020-09-10,43
2020-10-23,sentinel-2b|2020-09-20T18:29:49.024000Z|R27|GS2B_20200920T182949_018500,2020-09-20,33
2020-10-23,sentinel-2b|2020-09-30T18:31:09.024000Z|R27|GS2B_20200930T183109_018643,2020-09-30,23
2020-10-23,sentinel-2b|2020-10-10T18:33:09.024000Z|R27|GS2B_20201010T183309_018786,2020-10-10,13
2020-10-23,sentinel-2b|2020-10-20T18:34:19.024000Z|R27|GS2B_20201020T183419_018929,2020-10-20,3
2021-05-03,sentinel-2a|2021-03-04T18:32:41.024000Z|R27|GS2A_20210304T183241_029768,2021-03-04,60
2021-05-03,sentinel-2a|2021-03-14T18:31:31.024000Z|R27|GS2A_20210314T183131_029911,2021-03-14,50
2021-05-03,sentinel-2a|2021-03-24T18:30:21.024000Z|R27|GS2A_20210324T183021_030054,2021-03-24,40
2021-05-03,sentinel-2a|2021-04-03T18:29:11.024000Z|R27|GS2A_20210403T182911_030197,2021-04-03,30
2021-05-03,sentinel-2a|2021-04-13T18:29:11.024000Z|R27|GS2A_20210413T182911_030340,2021-04-13,20
2021-05-03,sentinel-2a|2021-04-23T18:29:11.024000Z|R27|GS2A_20210423T182911_030483,2021-04-23,10
2021-05-03,sentinel-2b|2021-03-09T18:31:09.024000Z|R27|GS2B_20210309T183109_020931,2021-03-09,55
2021-05-03,sentinel-2b|2021-03-19T18:29:59.024000Z|R27|GS2B_20210319T182959_021074,2021-03-19,45
2021-05-03,sentinel-2b|2021-03-29T18:29:29.024000Z|R27|GS2B_20210329T182929_021217,2021-03-29,35
2021-05-03,sentinel-2b|2021-04-08T18:29:19.024000Z|R27|GS2B_20210408T182919_021360,2021-04-08,25
2021-05-03,sentinel-2b|2021-04-18T18:29:09.024000Z|R27|GS2B_20210418T182909_021503,2021-04-18,15
2021-05-03,sentinel-2b|2021-04-28T18:29:09.024000Z|R27|GS2B_20210428T182909_021646,2021-04-28,5
2021-05-19,sentinel-2a|2021-03-24T18:30:21.024000Z|R27|GS2A_20210324T183021_030054,2021-03-24,56
2021-05-19,sentinel-2a|2021-04-03T18:29:11.024000Z|R27|GS2A_20210403T182911_030197,2021-04-03,46
2021-05-19,sentinel-2a|2021-04-13T18:29:11.024000Z|R27|GS2A_20210413T182911_030340,2021-04-13,36
2021-05-19,sentinel-2a|2021-04-23T18:29:11.024000Z|R27|GS2A_20210423T182911_030483,2021-04-23,26
2021-05-19,sentinel-2a|2021-05-03T18:29:21.024000Z|R27|GS2A_20210503T182921_030626,2021-05-03,16
2021-05-19,sentinel-2a|2021-05-13T18:29:21.024000Z|R27|GS2A_20210513T182921_030769,2021-05-13,6
2021-05-19,sentinel-2b|2021-03-29T18:29:29.024000Z|R27|GS2B_20210329T182929_021217,2021-03-29,51
2021-05-19,sentinel-2b|2021-04-08T18:29:19.024000Z|R27|GS2B_20210408T182919_021360,2021-04-08,41
2021-05-19,sentinel-2b|2021-04-18T18:29:09.024000Z|R27|GS2B_20210418T182909_021503,2021-04-18,31
2021-05-19,sentinel-2b|2021-04-28T18:29:09.024000Z|R27|GS2B_20210428T182909_021646,2021-04-28,21
2021-05-19,sentinel-2b|2021-05-08T18:29:19.024000Z|R27|GS2B_20210508T182919_021789,2021-05-08,11
2021-05-19,sentinel-2b|2021-05-18T18:29:19.024000Z|R27|GS2B_20210518T182919_021932,2021-05-18,1
2021-06-04,sentinel-2a|2021-04-13T18:29:11.024000Z|R27|GS2A_20210413T182911_030340,2021-04-13,52
2021-06-04,sentinel-2a|2021-04-23T18:29:11.024000Z|R27|GS2A_20210423T182911_030483,2021-04-23,42
2021-06-04,sentinel-2a|2021-05-03T18:29:21.024000Z|R27|GS2A_20210503T182921_030626,2021-05-03,32
2021-06-04,sentinel-2a|2021-05-13T18:29:21.024000Z|R27|GS2A_20210513T182921_030769,2021-05-13,22
2021-06-04,sentinel-2a|2021-05-23T18:29:21.024000Z|R27|GS2A_20210523T182921_030912,2021-05-23,12
2021-06-04,sentinel-2a|2021-06-02T18:29:21.024000Z|R27|GS2A_20210602T182921_031055,2021-06-02,2
2021-06-04,sentinel-2b|2021-04-08T18:29:19.024000Z|R27|GS2B_20210408T182919_021360,2021-04-08,57
2021-06-04,sentinel-2b|2021-04-18T18:29:09.024000Z|R27|GS2B_20210418T182909_021503,2021-04-18,47
2021-06-04,sentinel-2b|2021-04-28T18:29:09.024000Z|R27|GS2B_20210428T182909_021646,2021-04-28,37
2021-06-04,sentinel-2b|2021-05-08T18:29:19.024000Z|R27|GS2B_20210508T182919_021789,2021-05-08,27
2021-06-04,sentinel-2b|2021-05-18T18:29:19.024000Z|R27|GS2B_20210518T182919_021932,2021-05-18,17
2021-06-04,sentinel-2b|2021-05-28T18:29:19.024000Z|R27|GS2B_20210528T182919_022075,2021-05-28,7
2021-06-20,sentinel-2a|2021-04-23T18:29:11.024000Z|R27|GS2A_20210423T182911_030483,2021-04-23,58
2021-06-20,sentinel-2a|2021-05-03T18:29:21.024000Z|R27|GS2A_20210503T182921_030626,2021-05-03,48
2021-06-20,sentinel-2a|2021-05-13T18:29:21.024000Z|R27|GS2A_20210513T182921_030769,2021-05-13,38
2021-06-20,sentinel-2a|2021-05-23T18:29:21.024000Z|R27|GS2A_20210523T182921_030912,2021-05-23,28
2021-06-20,sentinel-2a|2021-06-02T18:29:21.024000Z|R27|GS2A_20210602T182921_031055,2021-06-02,18
2021-06-20,sentinel-2a|2021-06-12T18:29:21.024000Z|R27|GS2A_20210612T182921_031198,2021-06-12,8
2021-06-20,sentinel-2b|2021-04-28T18:29:09.024000Z|R27|GS2B_20210428T182909_021646,2021-04-28,53
2021-06-20,sentinel-2b|2021-05-08T18:29:19.024000Z|R27|GS2B_20210508T182919_021789,2021-05-08,43
2021-06-20,sentinel-2b|2021-05-18T18:29:19.024000Z|R27|GS2B_20210518T182919_021932,2021-05-18,33
2021-06-20,sentinel-2b|2021-05-28T18:29:19.024000Z|R27|GS2B_20210528T182919_022075,2021-05-28,23
2021-06-20,sentinel-2b|2021-06-07T18:29:19.024000Z|R27|GS2B_20210607T182919_022218,2021-06-07,13
2021-06-20,sentinel-2b|2021-06-17T18:29:19.024000Z|R27|GS2B_20210617T182919_022361,2021-06-17,3
2021-07-06,sentinel-2a|2021-05-13T18:29:21.024000Z|R27|GS2A_20210513T182921_030769,2021-05-13,54
2021-07-06,sentinel-2a|2021-05-23T18:29:21.024000Z|R27|GS2A_20210523T182921_030912,2021-05-23,44
2021-07-06,sentinel-2a|2021-06-02T18:29:21.024000Z|R27|GS2A_20210602T182921_031055,2021-06-02,34
2021-07-06,sentinel-2a|2021-06-12T18:29:21.024000Z|R27|GS2A_20210612T182921_031198,2021-06-12,24
2021-07-06,sentinel-2a|2021-06-22T18:29:21.024000Z|R27|GS2A_20210622T182921_031341,2021-06-22,14
2021-07-06,sentinel-2a|2021-07-02T18:29:21.024000Z|R27|GS2A_20210702T182921_031484,2021-07-02,4
2021-07-06,sentinel-2b|2021-05-08T18:29:19.024000Z|R27|GS2B_20210508T182919_021789,2021-05-08,59
2021-07-06,sentinel-2b|2021-05-18T18:29:19.024000Z|R27|GS2B_20210518T182919_021932,2021-05-18,49
2021-07-06,sentinel-2b|2021-05-28T18:29:19.024000Z|R27|GS2B_20210528T182919_022075,2021-05-28,39
2021-07-06,sentinel-2b|2021-06-07T18:29:19.024000Z|R27|GS2B_20210607T182919_022218,2021-06-07,29
2021-07-06,sentinel-2b|2021-06-17T18:29:19.024000Z|R27|GS2B_20210617T182919_022361,2021-06-17,19
2021-07-06,sentinel-2b|2021-06-27T18:29:19.024000Z|R27|GS2B_20210627T182919_022504,2021-06-27,9
2021-07-22,sentinel-2a|2021-05-23T18:29:21.024000Z|R27|GS2A_20210523T182921_030912,2021-05-23,60
2021-07-22,sentinel-2a|2021-06-02T18:29:21.024000Z|R27|GS2A_20210602T182921_031055,2021-06-02,50
2021-07-22,sentinel-2a|2021-06-12T18:29:21.024000Z|R27|GS2A_20210612T182921_031198,2021-06-12,40
2021-07-22,sentinel-2a|2021-06-22T18:29:21.024000Z|R27|GS2A_20210622T182921_031341,2021-06-22,30
2021-07-22,sentinel-2a|2021-07-02T18:29:21.024000Z|R27|GS2A_20210702T182921_031484,2021-07-02,20
2021-07-22,sentinel-2a|2021-07-12T18:29:21.024000Z|R27|GS2A_20210712T182921_031627,2021-07-12,10
2021-07-22,sentinel-2b|2021-05-28T18:29:19.024000Z|R27|GS2B_20210528T182919_022075,2021-05-28,55
2021-07-22,sentinel-2b|2021-06-07T18:29:19.024000Z|R27|GS2B_20210607T182919_022218,2021-06-07,45
2021-07-22,sentinel-2b|2021-06-17T18:29:19.024000Z|R27|GS2B_20210617T182919_022361,2021-06-17,35
2021-07-22,sentinel-2b|2021-06-27T18:29:19.024000Z|R27|GS2B_20210627T182919_022504,2021-06-27,25
2021-07-22,sentinel-2b|2021-07-07T18:29:19.024000Z|R27|GS2B_20210707T182919_022647,2021-07-07,15
2021-07-22,sentinel-2b|2021-07-17T18:29:19.024000Z|R27|GS2B_20210717T182919_022790,2021-07-17,5
2021-08-07,sentinel-2a|2021-06-12T18:29:21.024000Z|R27|GS2A_20210612T182921_031198,2021-06-12,56
2021-08-07,sentinel-2a|2021-06-22T18:29:21.024000Z|R27|GS2A_20210622T182921_031341,2021-06-22,46
2021-08-07,sentinel-2a|2021-07-02T18:29:21.024000Z|R27|GS2A_20210702T182921_031484,2021-07-02,36
2021-08-07,sentinel-2a|2021-07-12T18:29:21.024000Z|R27|GS2A_20210712T182921_031627,2021-07-12,26
2021-08-07,sentinel-2a|2021-07-22T18:29:21.024000Z|R27|GS2A_20210722T182921_031770,2021-07-22,16
2021-08-07,sentinel-2a|2021-08-01T18:29:21.024000Z|R27|GS2A_20210801T182921_031913,2021-08-01,6
2021-08-07,sentinel-2b|2021-06-17T18:29:19.024000Z|R27|GS2B_20210617T182919_022361,2021-06-17,51
2021-08-07,sentinel-2b|2021-06-27T18:29:19.024000Z|R27|GS2B_20210627T182919_022504,2021-06-27,41
2021-08-07,sentinel-2b|2021-07-07T18:29:19.024000Z|R27|GS2B_20210707T182919_022647,2021-07-07,31
2021-08-07,sentinel-2b|2021-07-17T18:29:19.024000Z|R27|GS2B_20210717T182919_022790,2021-07-17,21
2021-08-07,sentinel-2b|2021-07-27T18:29:19.024000Z|R27|GS2B_20210727T182919_022933,2021-07-27,11
2021-08-07,sentinel-2b|2021-08-06T18:29:19.024000Z|R27|GS2B_20210806T182919_023076,2021-08-06,1
2021-08-23,sentinel-2a|2021-07-02T18:29:21.024000Z|R27|GS2A_20210702T182921_031484,2021-07-02,52
2021-08-23,sentinel-2a|2021-07-12T18:29:21.024000Z|R27|GS2A_20210712T182921_031627,2021-07-12,42
2021-08-23,sentinel-2a|2021-07-22T18:29:21.024000Z|R27|GS2A_20210722T182921_031770,2021-07-22,32
2021-08-23,sentinel-2a|2021-08-01T18:29:21.024000Z|R27|GS2A_20210801T182921_031913,2021-08-01,22
2021-08-23,sentinel-2a|2021-08-11T18:29:21.024000Z|R27|GS2A_20210811T182921_032056,2021-08-11,12
2021-08-23,sentinel-2a|2021-08-21T18:29:21.024000Z|R27|GS2A_20210821T182921_032199,2021-08-21,2
2021-08-23,sentinel-2b|2021-06-27T18:29:19.024000Z|R27|GS2B_20210627T182919_022504,2021-06-27,57
2021-08-23,sentinel-2b|2021-07-07T18:29:19.024000Z|R27|GS2B_20210707T182919_022647,2021-07-07,47
2021-08-23,sentinel-2b|2021-07-17T18:29:19.024000Z|R27|GS2B_20210717T182919_022790,2021-07-17,37
2021-08-23,sentinel-2b|2021-07-27T18:29:19.024000Z|R27|GS2B_20210727T182919_022933,2021-07-27,27
2021-08-23,sentinel-2b|2021-08-06T18:29:19.024000Z|R27|GS2B_20210806T182919_023076,2021-08-06,17
2021-08-23,sentinel-2b|2021-08-16T18:29:19.024000Z|R27|GS2B_20210816T182919_023219,2021-08-16,7
2021-09-08,sentinel-2a|2021-07-12T18:29:21.024000Z|R27|GS2A_20210712T182921_031627,2021-07-12,58
2021-09-08,sentinel-2a|2021-07-22T18:29:21.024000Z|R27|GS2A_20210722T182921_031770,2021-07-22,48
2021-09-08,sentinel-2a|2021-08-01T18:29:21.024000Z|R27|GS2A_20210801T182921_031913,2021-08-01,38
2021-09-08,sentinel-2a|2021-08-11T18:29:21.024000Z|R27|GS2A_20210811T182921_032056,2021-08-11,28
2021-09-08,sentinel-2a|2021-08-21T18:29:21.024000Z|R27|GS2A_20210821T182921_032199,2021-08-21,18
2021-09-08,sentinel-2a|2021-08-31T18:29:21.024000Z|R27|GS2A_20210831T182921_032342,2021-08-31,8
2021-09-08,sentinel-2b|2021-07-17T18:29:19.024000Z|R27|GS2B_20210717T182919_022790,2021-07-17,53
2021-09-08,sentinel-2b|2021-07-27T18:29:19.024000Z|R27|GS2B_20210727T182919_022933,2021-07-27,43
2021-09-08,sentinel-2b|2021-08-06T18:29:19.024000Z|R27|GS2B_20210806T182919_023076,2021-08-06,33
2021-09-08,sentinel-2b|2021-08-16T18:29:19.024000Z|R27|GS2B_20210816T182919_023219,2021-08-16,23
2021-09-08,sentinel-2b|2021-08-26T18:29:19.024000Z|R27|GS2B_20210826T182919_023362,2021-08-26,13
2021-09-24,sentinel-2a|2021-08-01T18:29:21.024000Z|R27|GS2A_20210801T182921_031913,2021-08-01,54
2021-09-24,sentinel-2a|2021-08-11T18:29:21.024000Z|R27|GS2A_20210811T182921_032056,2021-08-11,44
2021-09-24,sentinel-2a|2021-08-21T18:29:21.024000Z|R27|GS2A_20210821T182921_032199,2021-08-21,34
2021-09-24,sentinel-2a|2021-08-31T18:29:21.024000Z|R27|GS2A_20210831T182921_032342,2021-08-31,24
2021-09-24,sentinel-2a|2021-09-10T18:29:21.024000Z|R27|GS2A_20210910T182921_032485,2021-09-10,14
2021-09-24,sentinel-2a|2021-09-20T18:30:41.024000Z|R27|GS2A_20210920T183041_032628,2021-09-20,4
2021-09-24,sentinel-2b|2021-07-27T18:29:19.024000Z|R27|GS2B_20210727T182919_022933,2021-07-27,59
2021-09-24,sentinel-2b|2021-08-06T18:29:19.024000Z|R27|GS2B_20210806T182919_023076,2021-08-06,49
2021-09-24,sentinel-2b|2021-08-16T18:29:19.024000Z|R27|GS2B_20210816T182919_023219,2021-08-16,39
2021-09-24,sentinel-2b|2021-08-26T18:29:19.024000Z|R27|GS2B_20210826T182919_023362,2021-08-26,29
2021-09-24,sentinel-2b|2021-09-15T18:29:19.024000Z|R27|GS2B_20210915T182919_023648,2021-09-15,9
2021-10-10,sentinel-2a|2021-08-11T18:29:21.024000Z|R27|GS2A_20210811T182921_032056,2021-08-11,60
2021-10-10,sentinel-2a|2021-08-21T18:29:21.024000Z|R27|GS2A_20210821T182921_032199,2021-08-21,50
2021-10-10,sentinel-2a|2021-08-31T18:29:21.024000Z|R27|GS2A_20210831T182921_032342,2021-08-31,40
2021-10-10,sentinel-2a|2021-09-10T18:29:21.024000Z|R27|GS2A_20210910T182921_032485,2021-09-10,30
2021-10-10,sentinel-2a|2021-09-20T18:30:41.024000Z|R27|GS2A_20210920T183041_032628,2021-09-20,20
2021-10-10,sentinel-2a|2021-09-30T18:31:51.024000Z|R27|GS2A_20210930T183151_032771,2021-09-30,10
2021-10-10,sentinel-2b|2021-08-16T18:29:19.024000Z|R27|GS2B_20210816T182919_023219,2021-08-16,55
2021-10-10,sentinel-2b|2021-08-26T18:29:19.024000Z|R27|GS2B_20210826T182919_023362,2021-08-26,45
2021-10-10,sentinel-2b|2021-09-15T18:29:19.024000Z|R27|GS2B_20210915T182919_023648,2021-09-15,25
2021-10-10,sentinel-2b|2021-09-25T18:30:19.024000Z|R27|GS2B_20210925T183019_023791,2021-09-25,15
2021-10-10,sentinel-2b|2021-10-05T18:31:39.024000Z|R27|GS2B_20211005T183139_023934,2021-10-05,5
2021-10-26,sentinel-2a|2021-08-31T18:29:21.024000Z|R27|GS2A_20210831T182921_032342,2021-08-31,56
2021-10-26,sentinel-2a|2021-09-10T18:29:21.024000Z|R27|GS2A_20210910T182921_032485,2021-09-10,46
2021-10-26,sentinel-2a|2021-09-20T18:30:41.024000Z|R27|GS2A_20210920T183041_032628,2021-09-20,36
2021-10-26,sentinel-2a|2021-09-30T18:31:51.024000Z|R27|GS2A_20210930T183151_032771,2021-09-30,26
2021-10-26,sentinel-2a|2021-10-10T18:33:11.024000Z|R27|GS2A_20211010T183311_032914,2021-10-10,16
2021-10-26,sentinel-2a|2021-10-20T18:34:11.024000Z|R27|GS2A_20211020T183411_033057,2021-10-20,6
2021-10-26,sentinel-2b|2021-09-15T18:29:19.024000Z|R27|GS2B_20210915T182919_023648,2021-09-15,41
2021-10-26,sentinel-2b|2021-09-25T18:30:19.024000Z|R27|GS2B_20210925T183019_023791,2021-09-25,31
2021-10-26,sentinel-2b|2021-10-05T18:31:39.024000Z|R27|GS2B_20211005T183139_023934,2021-10-05,21
2021-10-26,sentinel-2b|2021-10-15T18:33:39.024000Z|R27|GS2B_20211015T183339_024077,2021-10-15,11
2021-10-26,sentinel-2b|2021-10-25T18:34:39.024000Z|R27|GS2B_20211025T183439_024220,2021-10-25,1
2022-05-06,sentinel-2a|2022-03-09T18:32:11.024000Z|R27|GS2A_20220309T183211_035059,2022-03-09,58
2022-05-06,sentinel-2a|2022-03-19T18:31:01.024000Z|R27|GS2A_20220319T183101_035202,2022-03-19,48
2022-05-06,sentinel-2a|2022-03-29T18:29:51.024000Z|R27|GS2A_20220329T182951_035345,2022-03-29,38
2022-05-06,sentinel-2a|2022-04-08T18:29:21.024000Z|R27|GS2A_20220408T182921_035488,2022-04-08,28
2022-05-06,sentinel-2a|2022-04-18T18:29:21.024000Z|R27|GS2A_20220418T182921_035631,2022-04-18,18
2022-05-06,sentinel-2a|2022-04-28T18:29:21.024000Z|R27|GS2A_20220428T182921_035774,2022-04-28,8
2022-05-06,sentinel-2b|2022-03-14T18:30:39.024000Z|R27|GS2B_20220314T183039_026222,2022-03-14,53
2022-05-06,sentinel-2b|2022-03-24T18:29:19.024000Z|R27|GS2B_20220324T182919_026365,2022-03-24,43
2022-05-06,sentinel-2b|2022-04-03T18:29:19.024000Z|R27|GS2B_20220403T182919_026508,2022-04-03,33
2022-05-06,sentinel-2b|2022-04-13T18:29:19.024000Z|R27|GS2B_20220413T182919_026651,2022-04-13,23
2022-05-06,sentinel-2b|2022-04-23T18:29:09.024000Z|R27|GS2B_20220423T182909_026794,2022-04-23,13
2022-05-06,sentinel-2b|2022-05-03T18:29:09.024000Z|R27|GS2B_20220503T182909_026937,2022-05-03,3
2022-05-14,sentinel-2a|2022-03-19T18:31:01.024000Z|R27|GS2A_20220319T183101_035202,2022-03-19,56
2022-05-14,sentinel-2a|2022-03-29T18:29:51.024000Z|R27|GS2A_20220329T182951_035345,2022-03-29,46
2022-05-14,sentinel-2a|2022-04-08T18:29:21.024000Z|R27|GS2A_20220408T182921_035488,2022-04-08,36
2022-05-14,sentinel-2a|2022-04-18T18:29:21.024000Z|R27|GS2A_20220418T182921_035631,2022-04-18,26
2022-05-14,sentinel-2a|2022-04-28T18:29:21.024000Z|R27|GS2A_20220428T182921_035774,2022-04-28,16
2022-05-14,sentinel-2a|2022-05-08T18:29:21.024000Z|R27|GS2A_20220508T182921_035917,2022-05-08,6
2022-05-14,sentinel-2b|2022-03-24T18:29:19.024000Z|R27|GS2B_20220324T182919_026365,2022-03-24,51
2022-05-14,sentinel-2b|2022-04-03T18:29:19.024000Z|R27|GS2B_20220403T182919_026508,2022-04-03,41
2022-05-14,sentinel-2b|2022-04-13T18:29:19.024000Z|R27|GS2B_20220413T182919_026651,2022-04-13,31
2022-05-14,sentinel-2b|2022-04-23T18:29:09.024000Z|R27|GS2B_20220423T182909_026794,2022-04-23,21
2022-05-14,sentinel-2b|2022-05-03T18:29:09.024000Z|R27|GS2B_20220503T182909_026937,2022-05-03,11
2022-05-14,sentinel-2b|2022-05-13T18:29:19.024000Z|R27|GS2B_20220513T182919_027080,2022-05-13,1
2022-05-22,sentinel-2a|2022-03-29T18:29:51.024000Z|R27|GS2A_20220329T182951_035345,2022-03-29,54
2022-05-22,sentinel-2a|2022-04-08T18:29:21.024000Z|R27|GS2A_20220408T182921_035488,2022-04-08,44
2022-05-22,sentinel-2a|2022-04-18T18:29:21.024000Z|R27|GS2A_20220418T182921_035631,2022-04-18,34
2022-05-22,sentinel-2a|2022-04-28T18:29:21.024000Z|R27|GS2A_20220428T182921_035774,2022-04-28,24
2022-05-22,sentinel-2a|2022-05-08T18:29:21.024000Z|R27|GS2A_20220508T182921_035917,2022-05-08,14
2022-05-22,sentinel-2a|2022-05-18T18:29:21.024000Z|R27|GS2A_20220518T182921_036060,2022-05-18,4
2022-05-22,sentinel-2b|2022-03-24T18:29:19.024000Z|R27|GS2B_20220324T182919_026365,2022-03-24,59
2022-05-22,sentinel-2b|2022-04-03T18:29:19.024000Z|R27|GS2B_20220403T182919_026508,2022-04-03,49
2022-05-22,sentinel-2b|2022-04-13T18:29:19.024000Z|R27|GS2B_20220413T182919_026651,2022-04-13,39
2022-05-22,sentinel-2b|2022-04-23T18:29:09.024000Z|R27|GS2B_20220423T182909_026794,2022-04-23,29
2022-05-22,sentinel-2b|2022-05-03T18:29:09.024000Z|R27|GS2B_20220503T182909_026937,2022-05-03,19
2022-05-22,sentinel-2b|2022-05-13T18:29:19.024000Z|R27|GS2B_20220513T182919_027080,2022-05-13,9
2022-05-30,sentinel-2a|2022-04-08T18:29:21.024000Z|R27|GS2A_20220408T182921_035488,2022-04-08,52
2022-05-30,sentinel-2a|2022-04-18T18:29:21.024000Z|R27|GS2A_20220418T182921_035631,2022-04-18,42
2022-05-30,sentinel-2a|2022-04-28T18:29:21.024000Z|R27|GS2A_20220428T182921_035774,2022-04-28,32
2022-05-30,sentinel-2a|2022-05-08T18:29:21.024000Z|R27|GS2A_20220508T182921_035917,2022-05-08,22
2022-05-30,sentinel-2a|2022-05-18T18:29:21.024000Z|R27|GS2A_20220518T182921_036060,2022-05-18,12
2022-05-30,sentinel-2a|2022-05-28T18:29:31.024000Z|R27|GS2A_20220528T182931_036203,2022-05-28,2
2022-05-30,sentinel-2b|2022-04-03T18:29:19.024000Z|R27|GS2B_20220403T182919_026508,2022-04-03,57
2022-05-30,sentinel-2b|2022-04-13T18:29:19.024000Z|R27|GS2B_20220413T182919_026651,2022-04-13,47
2022-05-30,sentinel-2b|2022-04-23T18:29:09.024000Z|R27|GS2B_20220423T182909_026794,2022-04-23,37
2022-05-30,sentinel-2b|2022-05-03T18:29:09.024000Z|R27|GS2B_20220503T182909_026937,2022-05-03,27
2022-05-30,sentinel-2b|2022-05-13T18:29:19.024000Z|R27|GS2B_20220513T182919_027080,2022-05-13,17
2022-05-30,sentinel-2b|2022-05-23T18:29:19.024000Z|R27|GS2B_20220523T182919_027223,2022-05-23,7
2022-06-07,sentinel-2a|2022-04-08T18:29:21.024000Z|R27|GS2A_20220408T182921_035488,2022-04-08,60
2022-06-07,sentinel-2a|2022-04-18T18:29:21.024000Z|R27|GS2A_20220418T182921_035631,2022-04-18,50
2022-06-07,sentinel-2a|2022-04-28T18:29:21.024000Z|R27|GS2A_20220428T182921_035774,2022-04-28,40
2022-06-07,sentinel-2a|2022-05-08T18:29:21.024000Z|R27|GS2A_20220508T182921_035917,2022-05-08,30
2022-06-07,sentinel-2a|2022-05-18T18:29:21.024000Z|R27|GS2A_20220518T182921_036060,2022-05-18,20
2022-06-07,sentinel-2a|2022-05-28T18:29:31.024000Z|R27|GS2A_20220528T182931_036203,2022-05-28,10
2022-06-07,sentinel-2b|2022-04-13T18:29:19.024000Z|R27|GS2B_20220413T182919_026651,2022-04-13,55
2022-06-07,sentinel-2b|2022-04-23T18:29:09.024000Z|R27|GS2B_20220423T182909_026794,2022-04-23,45
2022-06-07,sentinel-2b|2022-05-03T18:29:09.024000Z|R27|GS2B_20220503T182909_026937,2022-05-03,35
2022-06-07,sentinel-2b|2022-05-13T18:29:19.024000Z|R27|GS2B_20220513T182919_027080,2022-05-13,25
2022-06-07,sentinel-2b|2022-05-23T18:29:19.024000Z|R27|GS2B_20220523T182919_027223,2022-05-23,15
2022-06-07,sentinel-2b|2022-06-02T18:29:19.024000Z|R27|GS2B_20220602T182919_027366,2022-06-02,5
2022-06-15,sentinel-2a|2022-04-18T18:29:21.024000Z|R27|GS2A_20220418T182921_035631,2022-04-18,58
2022-06-15,sentinel-2a|2022-04-28T18:29:21.024000Z|R27|GS2A_20220428T182921_035774,2022-04-28,48
2022-06-15,sentinel-2a|2022-05-08T18:29:21.024000Z|R27|GS2A_20220508T182921_035917,2022-05-08,38
2022-06-15,sentinel-2a|2022-05-18T18:29:21.024000Z|R27|GS2A_20220518T182921_036060,2022-05-18,28
2022-06-15,sentinel-2a|2022-05-28T18:29:31.024000Z|R27|GS2A_20220528T182931_036203,2022-05-28,18
2022-06-15,sentinel-2a|2022-06-07T18:29:31.024000Z|R27|GS2A_20220607T182931_036346,2022-06-07,8
2022-06-15,sentinel-2b|2022-04-23T18:29:09.024000Z|R27|GS2B_20220423T182909_026794,2022-04-23,53
2022-06-15,sentinel-2b|2022-05-03T18:29:09.024000Z|R27|GS2B_20220503T182909_026937,2022-05-03,43
2022-06-15,sentinel-2b|2022-05-13T18:29:19.024000Z|R27|GS2B_20220513T182919_027080,2022-05-13,33
2022-06-15,sentinel-2b|2022-05-23T18:29:19.024000Z|R27|GS2B_20220523T182919_027223,2022-05-23,23
2022-06-15,sentinel-2b|2022-06-02T18:29:19.024000Z|R27|GS2B_20220602T182919_027366,2022-06-02,13
2022-06-15,sentinel-2b|2022-06-12T18:29:19.024000Z|R27|GS2B_20220612T182919_027509,2022-06-12,3
2022-06-23,sentinel-2a|2022-04-28T18:29:21.024000Z|R27|GS2A_20220428T182921_035774,2022-04-28,56
2022-06-23,sentinel-2a|2022-05-08T18:29:21.024000Z|R27|GS2A_20220508T182921_035917,2022-05-08,46
2022-06-23,sentinel-2a|2022-05-18T18:29:21.024000Z|R27|GS2A_20220518T182921_036060,2022-05-18,36
2022-06-23,sentinel-2a|2022-05-28T18:29:31.024000Z|R27|GS2A_20220528T182931_036203,2022-05-28,26
2022-06-23,sentinel-2a|2022-06-07T18:29:31.024000Z|R27|GS2A_20220607T182931_036346,2022-06-07,16
2022-06-23,sentinel-2a|2022-06-17T18:29:31.024000Z|R27|GS2A_20220617T182931_036489,2022-06-17,6
2022-06-23,sentinel-2b|2022-05-03T18:29:09.024000Z|R27|GS2B_20220503T182909_026937,2022-05-03,51
2022-06-23,sentinel-2b|2022-05-13T18:29:19.024000Z|R27|GS2B_20220513T182919_027080,2022-05-13,41
2022-06-23,sentinel-2b|2022-05-23T18:29:19.024000Z|R27|GS2B_20220523T182919_027223,2022-05-23,31
2022-06-23,sentinel-2b|2022-06-02T18:29:19.024000Z|R27|GS2B_20220602T182919_027366,2022-06-02,21
2022-06-23,sentinel-2b|2022-06-12T18:29:19.024000Z|R27|GS2B_20220612T182919_027509,2022-06-12,11
2022-06-23,sentinel-2b|2022-06-22T18:29:19.024000Z|R27|GS2B_20220622T182919_027652,2022-06-22,1
2022-07-01,sentinel-2a|2022-05-08T18:29:21.024000Z|R27|GS2A_20220508T182921_035917,2022-05-08,54
2022-07-01,sentinel-2a|2022-05-18T18:29:21.024000Z|R27|GS2A_20220518T182921_036060,2022-05-18,44
2022-07-01,sentinel-2a|2022-05-28T18:29:31.024000Z|R27|GS2A_20220528T182931_036203,2022-05-28,34
2022-07-01,sentinel-2a|2022-06-07T18:29:31.024000Z|R27|GS2A_20220607T182931_036346,2022-06-07,24
2022-07-01,sentinel-2a|2022-06-17T18:29:31.024000Z|R27|GS2A_20220617T182931_036489,2022-06-17,14
2022-07-01,sentinel-2a|2022-06-27T18:29:31.024000Z|R27|GS2A_20220627T182931_036632,2022-06-27,4
2022-07-01,sentinel-2b|2022-05-03T18:29:09.024000Z|R27|GS2B_20220503T182909_026937,2022-05-03,59
2022-07-01,sentinel-2b|2022-05-13T18:29:19.024000Z|R27|GS2B_20220513T182919_027080,2022-05-13,49
2022-07-01,sentinel-2b|2022-05-23T18:29:19.024000Z|R27|GS2B_20220523T182919_027223,2022-05-23,39
2022-07-01,sentinel-2b|2022-06-02T18:29:19.024000Z|R27|GS2B_20220602T182919_027366,2022-06-02,29
2022-07-01,sentinel-2b|2022-06-12T18:29:19.024000Z|R27|GS2B_20220612T182919_027509,2022-06-12,19
2022-07-01,sentinel-2b|2022-06-22T18:29:19.024000Z|R27|GS2B_20220622T182919_027652,2022-06-22,9
2022-07-09,sentinel-2a|2022-05-18T18:29:21.024000Z|R27|GS2A_20220518T182921_036060,2022-05-18,52
2022-07-09,sentinel-2a|2022-05-28T18:29:31.024000Z|R27|GS2A_20220528T182931_036203,2022-05-28,42
2022-07-09,sentinel-2a|2022-06-07T18:29:31.024000Z|R27|GS2A_20220607T182931_036346,2022-06-07,32
2022-07-09,sentinel-2a|2022-06-17T18:29:31.024000Z|R27|GS2A_20220617T182931_036489,2022-06-17,22
2022-07-09,sentinel-2a|2022-06-27T18:29:31.024000Z|R27|GS2A_20220627T182931_036632,2022-06-27,12
2022-07-09,sentinel-2a|2022-07-07T18:29:31.024000Z|R27|GS2A_20220707T182931_036775,2022-07-07,2
2022-07-09,sentinel-2b|2022-05-13T18:29:19.024000Z|R27|GS2B_20220513T182919_027080,2022-05-13,57
2022-07-09,sentinel-2b|2022-05-23T18:29:19.024000Z|R27|GS2B_20220523T182919_027223,2022-05-23,47
2022-07-09,sentinel-2b|2022-06-02T18:29:19.024000Z|R27|GS2B_20220602T182919_027366,2022-06-02,37
2022-07-09,sentinel-2b|2022-06-12T18:29:19.024000Z|R27|GS2B_20220612T182919_027509,2022-06-12,27
2022-07-09,sentinel-2b|2022-06-22T18:29:19.024000Z|R27|GS2B_20220622T182919_027652,2022-06-22,17
2022-07-09,sentinel-2b|2022-07-02T18:29:19.024000Z|R27|GS2B_20220702T182919_027795,2022-07-02,7
2022-07-17,sentinel-2a|2022-05-18T18:29:21.024000Z|R27|GS2A_20220518T182921_036060,2022-05-18,60
2022-07-17,sentinel-2a|2022-05-28T18:29:31.024000Z|R27|GS2A_20220528T182931_036203,2022-05-28,50
2022-07-17,sentinel-2a|2022-06-07T18:29:31.024000Z|R27|GS2A_20220607T182931_036346,2022-06-07,40
2022-07-17,sentinel-2a|2022-06-17T18:29:31.024000Z|R27|GS2A_20220617T182931_036489,2022-06-17,30
2022-07-17,sentinel-2a|2022-06-27T18:29:31.024000Z|R27|GS2A_20220627T182931_036632,2022-06-27,20
2022-07-17,sentinel-2a|2022-07-07T18:29:31.024000Z|R27|GS2A_20220707T182931_036775,2022-07-07,10
2022-07-17,sentinel-2b|2022-05-23T18:29:19.024000Z|R27|GS2B_20220523T182919_027223,2022-05-23,55
2022-07-17,sentinel-2b|2022-06-02T18:29:19.024000Z|R27|GS2B_20220602T182919_027366,2022-06-02,45
2022-07-17,sentinel-2b|2022-06-12T18:29:19.024000Z|R27|GS2B_20220612T182919_027509,2022-06-12,35
2022-07-17,sentinel-2b|2022-06-22T18:29:19.024000Z|R27|GS2B_20220622T182919_027652,2022-06-22,25
2022-07-17,sentinel-2b|2022-07-02T18:29:19.024000Z|R27|GS2B_20220702T182919_027795,2022-07-02,15
2022-07-17,sentinel-2b|2022-07-12T18:29:19.024000Z|R27|GS2B_20220712T182919_027938,2022-07-12,5
2022-07-25,sentinel-2a|2022-05-28T18:29:31.024000Z|R27|GS2A_20220528T182931_036203,2022-05-28,58
2022-07-25,sentinel-2a|2022-06-07T18:29:31.024000Z|R27|GS2A_20220607T182931_036346,2022-06-07,48
2022-07-25,sentinel-2a|2022-06-17T18:29:31.024000Z|R27|GS2A_20220617T182931_036489,2022-06-17,38
2022-07-25,sentinel-2a|2022-06-27T18:29:31.024000Z|R27|GS2A_20220627T182931_036632,2022-06-27,28
2022-07-25,sentinel-2a|2022-07-07T18:29:31.024000Z|R27|GS2A_20220707T182931_036775,2022-07-07,18
2022-07-25,sentinel-2a|2022-07-17T18:29:31.024000Z|R27|GS2A_20220717T182931_036918,2022-07-17,8
2022-07-25,sentinel-2b|2022-06-02T18:29:19.024000Z|R27|GS2B_20220602T182919_027366,2022-06-02,53
2022-07-25,sentinel-2b|2022-06-12T18:29:19.024000Z|R27|GS2B_20220612T182919_027509,2022-06-12,43
2022-07-25,sentinel-2b|2022-06-22T18:29:19.024000Z|R27|GS2B_20220622T182919_027652,2022-06-22,33
2022-07-25,sentinel-2b|2022-07-02T18:29:19.024000Z|R27|GS2B_20220702T182919_027795,2022-07-02,23
2022-07-25,sentinel-2b|2022-07-12T18:29:19.024000Z|R27|GS2B_20220712T182919_027938,2022-07-12,13
2022-07-25,sentinel-2b|2022-07-22T18:29:19.024000Z|R27|GS2B_20220722T182919_028081,2022-07-22,3
2022-08-02,sentinel-2a|2022-06-07T18:29:31.024000Z|R27|GS2A_20220607T182931_036346,2022-06-07,56
2022-08-02,sentinel-2a|2022-06-17T18:29:31.024000Z|R27|GS2A_20220617T182931_036489,2022-06-17,46
2022-08-02,sentinel-2a|2022-06-27T18:29:31.024000Z|R27|GS2A_20220627T182931_036632,2022-06-27,36
2022-08-02,sentinel-2a|2022-07-07T18:29:31.024000Z|R27|GS2A_20220707T182931_036775,2022-07-07,26
2022-08-02,sentinel-2a|2022-07-17T18:29:31.024000Z|R27|GS2A_20220717T182931_036918,2022-07-17,16
2022-08-02,sentinel-2a|2022-07-27T18:29:31.024000Z|R27|GS2A_20220727T182931_037061,2022-07-27,6
2022-08-02,sentinel-2b|2022-06-12T18:29:19.024000Z|R27|GS2B_20220612T182919_027509,2022-06-12,51
2022-08-02,sentinel-2b|2022-06-22T18:29:19.024000Z|R27|GS2B_20220622T182919_027652,2022-06-22,41
2022-08-02,sentinel-2b|2022-07-02T18:29:19.024000Z|R27|GS2B_20220702T182919_027795,2022-07-02,31
2022-08-02,sentinel-2b|2022-07-12T18:29:19.024000Z|R27|GS2B_20220712T182919_027938,2022-07-12,21
2022-08-02,sentinel-2b|2022-07-22T18:29:19.024000Z|R27|GS2B_20220722T182919_028081,2022-07-22,11
2022-08-02,sentinel-2b|2022-08-01T18:29:19.024000Z|R27|GS2B_20220801T182919_028224,2022-08-01,1
2022-08-18,sentinel-2a|2022-06-27T18:29:31.024000Z|R27|GS2A_20220627T182931_036632,2022-06-27,52
2022-08-18,sentinel-2a|2022-07-07T18:29:31.024000Z|R27|GS2A_20220707T182931_036775,2022-07-07,42
2022-08-18,sentinel-2a|2022-07-17T18:29:31.024000Z|R27|GS2A_20220717T182931_036918,2022-07-17,32
2022-08-18,sentinel-2a|2022-07-27T18:29:31.024000Z|R27|GS2A_20220727T182931_037061,2022-07-27,22
2022-08-18,sentinel-2a|2022-08-06T18:29:31.024000Z|R27|GS2A_20220806T182931_037204,2022-08-06,12
2022-08-18,sentinel-2a|2022-08-16T18:29:31.024000Z|R27|GS2A_20220816T182931_037347,2022-08-16,2
2022-08-18,sentinel-2b|2022-06-22T18:29:19.024000Z|R27|GS2B_20220622T182919_027652,2022-06-22,57
2022-08-18,sentinel-2b|2022-07-02T18:29:19.024000Z|R27|GS2B_20220702T182919_027795,2022-07-02,47
2022-08-18,sentinel-2b|2022-07-12T18:29:19.024000Z|R27|GS2B_20220712T182919_027938,2022-07-12,37
2022-08-18,sentinel-2b|2022-07-22T18:29:19.024000Z|R27|GS2B_20220722T182919_028081,2022-07-22,27
2022-08-18,sentinel-2b|2022-08-01T18:29:19.024000Z|R27|GS2B_20220801T182919_028224,2022-08-01,17
2022-08-18,sentinel-2b|2022-08-11T18:29:19.024000Z|R27|GS2B_20220811T182919_028367,2022-08-11,7
2022-08-26,sentinel-2a|2022-06-27T18:29:31.024000Z|R27|GS2A_20220627T182931_036632,2022-06-27,60
2022-08-26,sentinel-2a|2022-07-07T18:29:31.024000Z|R27|GS2A_20220707T182931_036775,2022-07-07,50
2022-08-26,sentinel-2a|2022-07-17T18:29:31.024000Z|R27|GS2A_20220717T182931_036918,2022-07-17,40
2022-08-26,sentinel-2a|2022-07-27T18:29:31.024000Z|R27|GS2A_20220727T182931_037061,2022-07-27,30
2022-08-26,sentinel-2a|2022-08-06T18:29:31.024000Z|R27|GS2A_20220806T182931_037204,2022-08-06,20
2022-08-26,sentinel-2a|2022-08-16T18:29:31.024000Z|R27|GS2A_20220816T182931_037347,2022-08-16,10
2022-08-26,sentinel-2b|2022-07-02T18:29:19.024000Z|R27|GS2B_20220702T182919_027795,2022-07-02,55
2022-08-26,sentinel-2b|2022-07-12T18:29:19.024000Z|R27|GS2B_20220712T182919_027938,2022-07-12,45
2022-08-26,sentinel-2b|2022-07-22T18:29:19.024000Z|R27|GS2B_20220722T182919_028081,2022-07-22,35
2022-08-26,sentinel-2b|2022-08-01T18:29:19.024000Z|R27|GS2B_20220801T182919_028224,2022-08-01,25
2022-08-26,sentinel-2b|2022-08-11T18:29:19.024000Z|R27|GS2B_20220811T182919_028367,2022-08-11,15
2022-08-26,sentinel-2b|2022-08-21T18:29:19.024000Z|R27|GS2B_20220821T182919_028510,2022-08-21,5
2022-09-03,sentinel-2a|2022-07-07T18:29:31.024000Z|R27|GS2A_20220707T182931_036775,2022-07-07,58
2022-09-03,sentinel-2a|2022-07-17T18:29:31.024000Z|R27|GS2A_20220717T182931_036918,2022-07-17,48
2022-09-03,sentinel-2a|2022-07-27T18:29:31.024000Z|R27|GS2A_20220727T182931_037061,2022-07-27,38
2022-09-03,sentinel-2a|2022-08-06T18:29:31.024000Z|R27|GS2A_20220806T182931_037204,2022-08-06,28
2022-09-03,sentinel-2a|2022-08-16T18:29:31.024000Z|R27|GS2A_20220816T182931_037347,2022-08-16,18
2022-09-03,sentinel-2a|2022-08-26T18:29:31.024000Z|R27|GS2A_20220826T182931_037490,2022-08-26,8
2022-09-03,sentinel-2b|2022-07-12T18:29:19.024000Z|R27|GS2B_20220712T182919_027938,2022-07-12,53
2022-09-03,sentinel-2b|2022-07-22T18:29:19.024000Z|R27|GS2B_20220722T182919_028081,2022-07-22,43
2022-09-03,sentinel-2b|2022-08-01T18:29:19.024000Z|R27|GS2B_20220801T182919_028224,2022-08-01,33
2022-09-03,sentinel-2b|2022-08-11T18:29:19.024000Z|R27|GS2B_20220811T182919_028367,2022-08-11,23
2022-09-03,sentinel-2b|2022-08-21T18:29:19.024000Z|R27|GS2B_20220821T182919_028510,2022-08-21,13
2022-09-03,sentinel-2b|2022-08-31T18:29:19.024000Z|R27|GS2B_20220831T182919_028653,2022-08-31,3
2022-09-11,sentinel-2a|2022-07-17T18:29:31.024000Z|R27|GS2A_20220717T182931_036918,2022-07-17,56
2022-09-11,sentinel-2a|2022-07-27T18:29:31.024000Z|R27|GS2A_20220727T182931_037061,2022-07-27,46
2022-09-11,sentinel-2a|2022-08-06T18:29:31.024000Z|R27|GS2A_20220806T182931_037204,2022-08-06,36
2022-09-11,sentinel-2a|2022-08-16T18:29:31.024000Z|R27|GS2A_20220816T182931_037347,2022-08-16,26
2022-09-11,sentinel-2a|2022-08-26T18:29:31.024000Z|R27|GS2A_20220826T182931_037490,2022-08-26,16
2022-09-11,sentinel-2a|2022-09-05T18:29:31.024000Z|R27|GS2A_20220905T182931_037633,2022-09-05,6
2022-09-11,sentinel-2b|2022-07-22T18:29:19.024000Z|R27|GS2B_20220722T182919_028081,2022-07-22,51
2022-09-11,sentinel-2b|2022-08-01T18:29:19.024000Z|R27|GS2B_20220801T182919_028224,2022-08-01,41
2022-09-11,sentinel-2b|2022-08-11T18:29:19.024000Z|R27|GS2B_20220811T182919_028367,2022-08-11,31
2022-09-11,sentinel-2b|2022-08-21T18:29:19.024000Z|R27|GS2B_20220821T182919_028510,2022-08-21,21
2022-09-11,sentinel-2b|2022-08-31T18:29:19.024000Z|R27|GS2B_20220831T182919_028653,2022-08-31,11
2022-09-11,sentinel-2b|2022-09-10T18:29:29.024000Z|R27|GS2B_20220910T182929_028796,2022-09-10,1
2022-09-27,sentinel-2a|2022-08-06T18:29:31.024000Z|R27|GS2A_20220806T182931_037204,2022-08-06,52
2022-09-27,sentinel-2a|2022-08-16T18:29:31.024000Z|R27|GS2A_20220816T182931_037347,2022-08-16,42
2022-09-27,sentinel-2a|2022-08-26T18:29:31.024000Z|R27|GS2A_20220826T182931_037490,2022-08-26,32
2022-09-27,sentinel-2a|2022-09-05T18:29:31.024000Z|R27|GS2A_20220905T182931_037633,2022-09-05,22
2022-09-27,sentinel-2a|2022-09-15T18:30:11.024000Z|R27|GS2A_20220915T183011_037776,2022-09-15,12
2022-09-27,sentinel-2a|2022-09-25T18:31:21.024000Z|R27|GS2A_20220925T183121_037919,2022-09-25,2
2022-09-27,sentinel-2b|2022-08-01T18:29:19.024000Z|R27|GS2B_20220801T182919_028224,2022-08-01,57
2022-09-27,sentinel-2b|2022-08-11T18:29:19.024000Z|R27|GS2B_20220811T182919_028367,2022-08-11,47
2022-09-27,sentinel-2b|2022-08-21T18:29:19.024000Z|R27|GS2B_20220821T182919_028510,2022-08-21,37
2022-09-27,sentinel-2b|2022-08-31T18:29:19.024000Z|R27|GS2B_20220831T182919_028653,2022-08-31,27
2022-09-27,sentinel-2b|2022-09-10T18:29:29.024000Z|R27|GS2B_20220910T182929_028796,2022-09-10,17
2022-09-27,sentinel-2b|2022-09-20T18:30:39.024000Z|R27|GS2B_20220920T183039_028939,2022-09-20,7
2022-10-05,sentinel-2a|2022-08-06T18:29:31.024000Z|R27|GS2A_20220806T182931_037204,2022-08-06,60
2022-10-05,sentinel-2a|2022-08-16T18:29:31.024000Z|R27|GS2A_20220816T182931_037347,2022-08-16,50
2022-10-05,sentinel-2a|2022-08-26T18:29:31.024000Z|R27|GS2A_20220826T182931_037490,2022-08-26,40
2022-10-05,sentinel-2a|2022-09-05T18:29:31.024000Z|R27|GS2A_20220905T182931_037633,2022-09-05,30
2022-10-05,sentinel-2a|2022-09-15T18:30:11.024000Z|R27|GS2A_20220915T183011_037776,2022-09-15,20
2022-10-05,sentinel-2a|2022-09-25T18:31:21.024000Z|R27|GS2A_20220925T183121_037919,2022-09-25,10
2022-10-05,sentinel-2b|2022-08-11T18:29:19.024000Z|R27|GS2B_20220811T182919_028367,2022-08-11,55
2022-10-05,sentinel-2b|2022-08-21T18:29:19.024000Z|R27|GS2B_20220821T182919_028510,2022-08-21,45
2022-10-05,sentinel-2b|2022-08-31T18:29:19.024000Z|R27|GS2B_20220831T182919_028653,2022-08-31,35
2022-10-05,sentinel-2b|2022-09-10T18:29:29.024000Z|R27|GS2B_20220910T182929_028796,2022-09-10,25
2022-10-05,sentinel-2b|2022-09-20T18:30:39.024000Z|R27|GS2B_20220920T183039_028939,2022-09-20,15
2022-10-05,sentinel-2b|2022-09-30T18:31:49.024000Z|R27|GS2B_20220930T183149_029082,2022-09-30,5
2022-10-13,sentinel-2a|2022-08-16T18:29:31.024000Z|R27|GS2A_20220816T182931_037347,2022-08-16,58
2022-10-13,sentinel-2a|2022-08-26T18:29:31.024000Z|R27|GS2A_20220826T182931_037490,2022-08-26,48
2022-10-13,sentinel-2a|2022-09-05T18:29:31.024000Z|R27|GS2A_20220905T182931_037633,2022-09-05,38
2022-10-13,sentinel-2a|2022-09-15T18:30:11.024000Z|R27|GS2A_20220915T183011_037776,2022-09-15,28
2022-10-13,sentinel-2a|2022-09-25T18:31:21.024000Z|R27|GS2A_20220925T183121_037919,2022-09-25,18
2022-10-13,sentinel-2a|2022-10-05T18:32:31.024000Z|R27|GS2A_20221005T183231_038062,2022-10-05,8
2022-10-13,sentinel-2b|2022-08-21T18:29:19.024000Z|R27|GS2B_20220821T182919_028510,2022-08-21,53
2022-10-13,sentinel-2b|2022-08-31T18:29:19.024000Z|R27|GS2B_20220831T182919_028653,2022-08-31,43
2022-10-13,sentinel-2b|2022-09-10T18:29:29.024000Z|R27|GS2B_20220910T182929_028796,2022-09-10,33
2022-10-13,sentinel-2b|2022-09-20T18:30:39.024000Z|R27|GS2B_20220920T183039_028939,2022-09-20,23
2022-10-13,sentinel-2b|2022-09-30T18:31:49.024000Z|R27|GS2B_20220930T183149_029082,2022-09-30,13
2022-10-13,sentinel-2b|2022-10-10T18:32:59.024000Z|R27|GS2B_20221010T183259_029225,2022-10-10,3
2022-10-21,sentinel-2a|2022-08-26T18:29:31.024000Z|R27|GS2A_20220826T182931_037490,2022-08-26,56
2022-10-21,sentinel-2a|2022-09-05T18:29:31.024000Z|R27|GS2A_20220905T182931_037633,2022-09-05,46
2022-10-21,sentinel-2a|2022-09-15T18:30:11.024000Z|R27|GS2A_20220915T183011_037776,2022-09-15,36
2022-10-21,sentinel-2a|2022-09-25T18:31:21.024000Z|R27|GS2A_20220925T183121_037919,2022-09-25,26
2022-10-21,sentinel-2a|2022-10-05T18:32:31.024000Z|R27|GS2A_20221005T183231_038062,2022-10-05,16
2022-10-21,sentinel-2a|2022-10-15T18:33:41.024000Z|R27|GS2A_20221015T183341_038205,2022-10-15,6
2022-10-21,sentinel-2b|2022-08-31T18:29:19.024000Z|R27|GS2B_20220831T182919_028653,2022-08-31,51
2022-10-21,sentinel-2b|2022-09-10T18:29:29.024000Z|R27|GS2B_20220910T182929_028796,2022-09-10,41
2022-10-21,sentinel-2b|2022-09-20T18:30:39.024000Z|R27|GS2B_20220920T183039_028939,2022-09-20,31
2022-10-21,sentinel-2b|2022-09-30T18:31:49.024000Z|R27|GS2B_20220930T183149_029082,2022-09-30,21
2022-10-21,sentinel-2b|2022-10-10T18:32:59.024000Z|R27|GS2B_20221010T183259_029225,2022-10-10,11
2022-10-21,sentinel-2b|2022-10-20T18:34:09.024000Z|R27|GS2B_20221020T183409_029368,2022-10-20,1
2022-10-29,sentinel-2a|2022-09-05T18:29:31.024000Z|R27|GS2A_20220905T182931_037633,2022-09-05,54
2022-10-29,sentinel-2a|2022-09-15T18:30:11.024000Z|R27|GS2A_20220915T183011_037776,2022-09-15,44
2022-10-29,sentinel-2a|2022-09-25T18:31:21.024000Z|R27|GS2A_20220925T183121_037919,2022-09-25,34
2022-10-29,sentinel-2a|2022-10-05T18:32:31.024000Z|R27|GS2A_20221005T183231_038062,2022-10-05,24
2022-10-29,sentinel-2a|2022-10-15T18:33:41.024000Z|R27|GS2A_20221015T183341_038205,2022-10-15,14
2022-10-29,sentinel-2a|2022-10-25T18:34:41.024000Z|R27|GS2A_20221025T183441_038348,2022-10-25,4
2022-10-29,sentinel-2b|2022-08-31T18:29:19.024000Z|R27|GS2B_20220831T182919_028653,2022-08-31,59
2022-10-29,sentinel-2b|2022-09-10T18:29:29.024000Z|R27|GS2B_20220910T182929_028796,2022-09-10,49
2022-10-29,sentinel-2b|2022-09-20T18:30:39.024000Z|R27|GS2B_20220920T183039_028939,2022-09-20,39
2022-10-29,sentinel-2b|2022-09-30T18:31:49.024000Z|R27|GS2B_20220930T183149_029082,2022-09-30,29
2022-10-29,sentinel-2b|2022-10-10T18:32:59.024000Z|R27|GS2B_20221010T183259_029225,2022-10-10,19
2022-10-29,sentinel-2b|2022-10-20T18:34:09.024000Z|R27|GS2B_20221020T183409_029368,2022-10-20,9
2023-05-01,sentinel-2a|2023-03-04T18:32:41.024000Z|R27|GS2A_20230304T183241_040207,2023-03-04,58
2023-05-01,sentinel-2a|2023-03-14T18:31:31.024000Z|R27|GS2A_20230314T183131_040350,2023-03-14,48
2023-05-01,sentinel-2a|2023-03-24T18:30:21.024000Z|R27|GS2A_20230324T183021_040493,2023-03-24,38
2023-05-01,sentinel-2a|2023-04-03T18:29:21.024000Z|R27|GS2A_20230403T182921_040636,2023-04-03,28
2023-05-01,sentinel-2a|2023-04-13T18:29:21.024000Z|R27|GS2A_20230413T182921_040779,2023-04-13,18
2023-05-01,sentinel-2a|2023-04-23T18:29:21.024000Z|R27|GS2A_20230423T182921_040922,2023-04-23,8
2023-05-01,sentinel-2b|2023-03-09T18:32:09.025000Z|R27|GS2B_20230309T183209_031370,2023-03-09,53
2023-05-01,sentinel-2b|2023-03-19T18:30:59.024000Z|R27|GS2B_20230319T183059_031513,2023-03-19,43
2023-05-01,sentinel-2b|2023-03-29T18:29:49.024000Z|R27|GS2B_20230329T182949_031656,2023-03-29,33
2023-05-01,sentinel-2b|2023-04-08T18:29:19.024000Z|R27|GS2B_20230408T182919_031799,2023-04-08,23
2023-05-01,sentinel-2b|2023-04-18T18:29:19.024000Z|R27|GS2B_20230418T182919_031942,2023-04-18,13
2023-05-01,sentinel-2b|2023-04-28T18:29:19.024000Z|R27|GS2B_20230428T182919_032085,2023-04-28,3
2023-05-09,sentinel-2a|2023-03-14T18:31:31.024000Z|R27|GS2A_20230314T183131_040350,2023-03-14,56
2023-05-09,sentinel-2a|2023-03-24T18:30:21.024000Z|R27|GS2A_20230324T183021_040493,2023-03-24,46
2023-05-09,sentinel-2a|2023-04-03T18:29:21.024000Z|R27|GS2A_20230403T182921_040636,2023-04-03,36
2023-05-09,sentinel-2a|2023-04-13T18:29:21.024000Z|R27|GS2A_20230413T182921_040779,2023-04-13,26
2023-05-09,sentinel-2a|2023-04-23T18:29:21.024000Z|R27|GS2A_20230423T182921_040922,2023-04-23,16
2023-05-09,sentinel-2a|2023-05-03T18:29:21.024000Z|R27|GS2A_20230503T182921_041065,2023-05-03,6
2023-05-09,sentinel-2b|2023-03-19T18:30:59.024000Z|R27|GS2B_20230319T183059_031513,2023-03-19,51
2023-05-09,sentinel-2b|2023-03-29T18:29:49.024000Z|R27|GS2B_20230329T182949_031656,2023-03-29,41
2023-05-09,sentinel-2b|2023-04-08T18:29:19.024000Z|R27|GS2B_20230408T182919_031799,2023-04-08,31
2023-05-09,sentinel-2b|2023-04-18T18:29:19.024000Z|R27|GS2B_20230418T182919_031942,2023-04-18,21
2023-05-09,sentinel-2b|2023-04-28T18:29:19.024000Z|R27|GS2B_20230428T182919_032085,2023-04-28,11
2023-05-17,sentinel-2a|2023-03-24T18:30:21.024000Z|R27|GS2A_20230324T183021_040493,2023-03-24,54
2023-05-17,sentinel-2a|2023-04-03T18:29:21.024000Z|R27|GS2A_20230403T182921_040636,2023-04-03,44
2023-05-17,sentinel-2a|2023-04-13T18:29:21.024000Z|R27|GS2A_20230413T182921_040779,2023-04-13,34
2023-05-17,sentinel-2a|2023-04-23T18:29:21.024000Z|R27|GS2A_20230423T182921_040922,2023-04-23,24
2023-05-17,sentinel-2a|2023-05-03T18:29:21.024000Z|R27|GS2A_20230503T182921_041065,2023-05-03,14
2023-05-17,sentinel-2b|2023-03-19T18:30:59.024000Z|R27|GS2B_20230319T183059_031513,2023-03-19,59
2023-05-17,sentinel-2b|2023-03-29T18:29:49.024000Z|R27|GS2B_20230329T182949_031656,2023-03-29,49
2023-05-17,sentinel-2b|2023-04-08T18:29:19.024000Z|R27|GS2B_20230408T182919_031799,2023-04-08,39
2023-05-17,sentinel-2b|2023-04-18T18:29:19.024000Z|R27|GS2B_20230418T182919_031942,2023-04-18,29
2023-05-17,sentinel-2b|2023-04-28T18:29:19.024000Z|R27|GS2B_20230428T182919_032085,2023-04-28,19
2023-05-25,sentinel-2a|2023-04-03T18:29:21.024000Z|R27|GS2A_20230403T182921_040636,2023-04-03,52
2023-05-25,sentinel-2a|2023-04-13T18:29:21.024000Z|R27|GS2A_20230413T182921_040779,2023-04-13,42
2023-05-25,sentinel-2a|2023-04-23T18:29:21.024000Z|R27|GS2A_20230423T182921_040922,2023-04-23,32
2023-05-25,sentinel-2a|2023-05-03T18:29:21.024000Z|R27|GS2A_20230503T182921_041065,2023-05-03,22
2023-05-25,sentinel-2a|2023-05-23T18:29:21.024000Z|R27|GS2A_20230523T182921_041351,2023-05-23,2
2023-05-25,sentinel-2b|2023-03-29T18:29:49.024000Z|R27|GS2B_20230329T182949_031656,2023-03-29,57
2023-05-25,sentinel-2b|2023-04-08T18:29:19.024000Z|R27|GS2B_20230408T182919_031799,2023-04-08,47
2023-05-25,sentinel-2b|2023-04-18T18:29:19.024000Z|R27|GS2B_20230418T182919_031942,2023-04-18,37
2023-05-25,sentinel-2b|2023-04-28T18:29:19.024000Z|R27|GS2B_20230428T182919_032085,2023-04-28,27
2023-05-25,sentinel-2b|2023-05-18T18:29:19.024000Z|R27|GS2B_20230518T182919_032371,2023-05-18,7
2023-06-02,sentinel-2a|2023-04-03T18:29:21.024000Z|R27|GS2A_20230403T182921_040636,2023-04-03,60
2023-06-02,sentinel-2a|2023-04-13T18:29:21.024000Z|R27|GS2A_20230413T182921_040779,2023-04-13,50
2023-06-02,sentinel-2a|2023-04-23T18:29:21.024000Z|R27|GS2A_20230423T182921_040922,2023-04-23,40
2023-06-02,sentinel-2a|2023-05-03T18:29:21.024000Z|R27|GS2A_20230503T182921_041065,2023-05-03,30
2023-06-02,sentinel-2a|2023-05-23T18:29:21.024000Z|R27|GS2A_20230523T182921_041351,2023-05-23,10
2023-06-02,sentinel-2b|2023-04-08T18:29:19.024000Z|R27|GS2B_20230408T182919_031799,2023-04-08,55
2023-06-02,sentinel-2b|2023-04-18T18:29:19.024000Z|R27|GS2B_20230418T182919_031942,2023-04-18,45
2023-06-02,sentinel-2b|2023-04-28T18:29:19.024000Z|R27|GS2B_20230428T182919_032085,2023-04-28,35
2023-06-02,sentinel-2b|2023-05-18T18:29:19.024000Z|R27|GS2B_20230518T182919_032371,2023-05-18,15
2023-06-02,sentinel-2b|2023-05-28T18:29:19.024000Z|R27|GS2B_20230528T182919_032514,2023-05-28,5
2023-06-10,sentinel-2a|2023-04-13T18:29:21.024000Z|R27|GS2A_20230413T182921_040779,2023-04-13,58
2023-06-10,sentinel-2a|2023-04-23T18:29:21.024000Z|R27|GS2A_20230423T182921_040922,2023-04-23,48
2023-06-10,sentinel-2a|2023-05-03T18:29:21.024000Z|R27|GS2A_20230503T182921_041065,2023-05-03,38
2023-06-10,sentinel-2a|2023-05-23T18:29:21.024000Z|R27|GS2A_20230523T182921_041351,2023-05-23,18
2023-06-10,sentinel-2a|2023-06-02T18:29:21.024000Z|R27|GS2A_20230602T182921_041494,2023-06-02,8
2023-06-10,sentinel-2b|2023-04-18T18:29:19.024000Z|R27|GS2B_20230418T182919_031942,2023-04-18,53
2023-06-10,sentinel-2b|2023-04-28T18:29:19.024000Z|R27|GS2B_20230428T182919_032085,2023-04-28,43
2023-06-10,sentinel-2b|2023-05-18T18:29:19.024000Z|R27|GS2B_20230518T182919_032371,2023-05-18,23
2023-06-10,sentinel-2b|2023-05-28T18:29:19.024000Z|R27|GS2B_20230528T182919_032514,2023-05-28,13
2023-06-10,sentinel-2b|2023-06-07T18:29:19.024000Z|R27|GS2B_20230607T182919_032657,2023-06-07,3
2023-06-18,sentinel-2a|2023-04-23T18:29:21.024000Z|R27|GS2A_20230423T182921_040922,2023-04-23,56
2023-06-18,sentinel-2a|2023-05-03T18:29:21.024000Z|R27|GS2A_20230503T182921_041065,2023-05-03,46
2023-06-18,sentinel-2a|2023-05-23T18:29:21.024000Z|R27|GS2A_20230523T182921_041351,2023-05-23,26
2023-06-18,sentinel-2a|2023-06-02T18:29:21.024000Z|R27|GS2A_20230602T182921_041494,2023-06-02,16
2023-06-18,sentinel-2a|2023-06-12T18:29:21.024000Z|R27|GS2A_20230612T182921_041637,2023-06-12,6
2023-06-18,sentinel-2b|2023-04-28T18:29:19.024000Z|R27|GS2B_20230428T182919_032085,2023-04-28,51
2023-06-18,sentinel-2b|2023-05-18T18:29:19.024000Z|R27|GS2B_20230518T182919_032371,2023-05-18,31
2023-06-18,sentinel-2b|2023-05-28T18:29:19.024000Z|R27|GS2B_20230528T182919_032514,2023-05-28,21
2023-06-18,sentinel-2b|2023-06-07T18:29:19.024000Z|R27|GS2B_20230607T182919_032657,2023-06-07,11
2023-06-18,sentinel-2b|2023-06-17T18:29:19.024000Z|R27|GS2B_20230617T182919_032800,2023-06-17,1
2023-06-26,sentinel-2a|2023-05-03T18:29:21.024000Z|R27|GS2A_20230503T182921_041065,2023-05-03,54
2023-06-26,sentinel-2a|2023-05-23T18:29:21.024000Z|R27|GS2A_20230523T182921_041351,2023-05-23,34
2023-06-26,sentinel-2a|2023-06-02T18:29:21.024000Z|R27|GS2A_20230602T182921_041494,2023-06-02,24
2023-06-26,sentinel-2a|2023-06-12T18:29:21.024000Z|R27|GS2A_20230612T182921_041637,2023-06-12,14
2023-06-26,sentinel-2a|2023-06-22T18:29:21.024000Z|R27|GS2A_20230622T182921_041780,2023-06-22,4
2023-06-26,sentinel-2b|2023-04-28T18:29:19.024000Z|R27|GS2B_20230428T182919_032085,2023-04-28,59
2023-06-26,sentinel-2b|2023-05-18T18:29:19.024000Z|R27|GS2B_20230518T182919_032371,2023-05-18,39
2023-06-26,sentinel-2b|2023-05-28T18:29:19.024000Z|R27|GS2B_20230528T182919_032514,2023-05-28,29
2023-06-26,sentinel-2b|2023-06-07T18:29:19.024000Z|R27|GS2B_20230607T182919_032657,2023-06-07,19
2023-06-26,sentinel-2b|2023-06-17T18:29:19.024000Z|R27|GS2B_20230617T182919_032800,2023-06-17,9
2023-07-04,sentinel-2a|2023-05-23T18:29:21.024000Z|R27|GS2A_20230523T182921_041351,2023-05-23,42
2023-07-04,sentinel-2a|2023-06-02T18:29:21.024000Z|R27|GS2A_20230602T182921_041494,2023-06-02,32
2023-07-04,sentinel-2a|2023-06-12T18:29:21.024000Z|R27|GS2A_20230612T182921_041637,2023-06-12,22
2023-07-04,sentinel-2a|2023-06-22T18:29:21.024000Z|R27|GS2A_20230622T182921_041780,2023-06-22,12
2023-07-04,sentinel-2a|2023-07-02T18:29:21.024000Z|R27|GS2A_20230702T182921_041923,2023-07-02,2
2023-07-04,sentinel-2b|2023-05-18T18:29:19.024000Z|R27|GS2B_20230518T182919_032371,2023-05-18,47
2023-07-04,sentinel-2b|2023-05-28T18:29:19.024000Z|R27|GS2B_20230528T182919_032514,2023-05-28,37
2023-07-04,sentinel-2b|2023-06-07T18:29:19.024000Z|R27|GS2B_20230607T182919_032657,2023-06-07,27
2023-07-04,sentinel-2b|2023-06-17T18:29:19.024000Z|R27|GS2B_20230617T182919_032800,2023-06-17,17
2023-07-04,sentinel-2b|2023-06-27T18:29:19.024000Z|R27|GS2B_20230627T182919_032943,2023-06-27,7
2023-07-12,sentinel-2a|2023-05-23T18:29:21.024000Z|R27|GS2A_20230523T182921_041351,2023-05-23,50
2023-07-12,sentinel-2a|2023-06-02T18:29:21.024000Z|R27|GS2A_20230602T182921_041494,2023-06-02,40
2023-07-12,sentinel-2a|2023-06-12T18:29:21.024000Z|R27|GS2A_20230612T182921_041637,2023-06-12,30
2023-07-12,sentinel-2a|2023-06-22T18:29:21.024000Z|R27|GS2A_20230622T182921_041780,2023-06-22,20
2023-07-12,sentinel-2a|2023-07-02T18:29:21.024000Z|R27|GS2A_20230702T182921_041923,2023-07-02,10
2023-07-12,sentinel-2b|2023-05-18T18:29:19.024000Z|R27|GS2B_20230518T182919_032371,2023-05-18,55
2023-07-12,sentinel-2b|2023-05-28T18:29:19.024000Z|R27|GS2B_20230528T182919_032514,2023-05-28,45
2023-07-12,sentinel-2b|2023-06-07T18:29:19.024000Z|R27|GS2B_20230607T182919_032657,2023-06-07,35
2023-07-12,sentinel-2b|2023-06-17T18:29:19.024000Z|R27|GS2B_20230617T182919_032800,2023-06-17,25
2023-07-12,sentinel-2b|2023-06-27T18:29:19.024000Z|R27|GS2B_20230627T182919_032943,2023-06-27,15
2023-07-12,sentinel-2b|2023-07-07T18:29:19.024000Z|R27|GS2B_20230707T182919_033086,2023-07-07,5
2023-07-20,sentinel-2a|2023-05-23T18:29:21.024000Z|R27|GS2A_20230523T182921_041351,2023-05-23,58
2023-07-20,sentinel-2a|2023-06-02T18:29:21.024000Z|R27|GS2A_20230602T182921_041494,2023-06-02,48
2023-07-20,sentinel-2a|2023-06-12T18:29:21.024000Z|R27|GS2A_20230612T182921_041637,2023-06-12,38
2023-07-20,sentinel-2a|2023-06-22T18:29:21.024000Z|R27|GS2A_20230622T182921_041780,2023-06-22,28
2023-07-20,sentinel-2a|2023-07-02T18:29:21.024000Z|R27|GS2A_20230702T182921_041923,2023-07-02,18
2023-07-20,sentinel-2a|2023-07-12T18:29:21.024000Z|R27|GS2A_20230712T182921_042066,2023-07-12,8
2023-07-20,sentinel-2b|2023-05-28T18:29:19.024000Z|R27|GS2B_20230528T182919_032514,2023-05-28,53
2023-07-20,sentinel-2b|2023-06-07T18:29:19.024000Z|R27|GS2B_20230607T182919_032657,2023-06-07,43
2023-07-20,sentinel-2b|2023-06-17T18:29:19.024000Z|R27|GS2B_20230617T182919_032800,2023-06-17,33
2023-07-20,sentinel-2b|2023-06-27T18:29:19.024000Z|R27|GS2B_20230627T182919_032943,2023-06-27,23
2023-07-20,sentinel-2b|2023-07-07T18:29:19.024000Z|R27|GS2B_20230707T182919_033086,2023-07-07,13
2023-07-20,sentinel-2b|2023-07-17T18:29:19.024000Z|R27|GS2B_20230717T182919_033229,2023-07-17,3
2023-07-28,sentinel-2a|2023-06-02T18:29:21.024000Z|R27|GS2A_20230602T182921_041494,2023-06-02,56
2023-07-28,sentinel-2a|2023-06-12T18:29:21.024000Z|R27|GS2A_20230612T182921_041637,2023-06-12,46
2023-07-28,sentinel-2a|2023-06-22T18:29:21.024000Z|R27|GS2A_20230622T182921_041780,2023-06-22,36
2023-07-28,sentinel-2a|2023-07-02T18:29:21.024000Z|R27|GS2A_20230702T182921_041923,2023-07-02,26
2023-07-28,sentinel-2a|2023-07-12T18:29:21.024000Z|R27|GS2A_20230712T182921_042066,2023-07-12,16
2023-07-28,sentinel-2a|2023-07-22T18:29:21.024000Z|R27|GS2A_20230722T182921_042209,2023-07-22,6
2023-07-28,sentinel-2b|2023-06-07T18:29:19.024000Z|R27|GS2B_20230607T182919_032657,2023-06-07,51
2023-07-28,sentinel-2b|2023-06-17T18:29:19.024000Z|R27|GS2B_20230617T182919_032800,2023-06-17,41
2023-07-28,sentinel-2b|2023-06-27T18:29:19.024000Z|R27|GS2B_20230627T182919_032943,2023-06-27,31
2023-07-28,sentinel-2b|2023-07-07T18:29:19.024000Z|R27|GS2B_20230707T182919_033086,2023-07-07,21
2023-07-28,sentinel-2b|2023-07-17T18:29:19.024000Z|R27|GS2B_20230717T182919_033229,2023-07-17,11
2023-07-28,sentinel-2b|2023-07-27T18:29:29.024000Z|R27|GS2B_20230727T182929_033372,2023-07-27,1
2023-08-05,sentinel-2a|2023-06-12T18:29:21.024000Z|R27|GS2A_20230612T182921_041637,2023-06-12,54
2023-08-05,sentinel-2a|2023-06-22T18:29:21.024000Z|R27|GS2A_20230622T182921_041780,2023-06-22,44
2023-08-05,sentinel-2a|2023-07-02T18:29:21.024000Z|R27|GS2A_20230702T182921_041923,2023-07-02,34
2023-08-05,sentinel-2a|2023-07-12T18:29:21.024000Z|R27|GS2A_20230712T182921_042066,2023-07-12,24
2023-08-05,sentinel-2a|2023-07-22T18:29:21.024000Z|R27|GS2A_20230722T182921_042209,2023-07-22,14
2023-08-05,sentinel-2a|2023-08-01T18:29:21.024000Z|R27|GS2A_20230801T182921_042352,2023-08-01,4
2023-08-05,sentinel-2b|2023-06-07T18:29:19.024000Z|R27|GS2B_20230607T182919_032657,2023-06-07,59
2023-08-05,sentinel-2b|2023-06-17T18:29:19.024000Z|R27|GS2B_20230617T182919_032800,2023-06-17,49
2023-08-05,sentinel-2b|2023-06-27T18:29:19.024000Z|R27|GS2B_20230627T182919_032943,2023-06-27,39
2023-08-05,sentinel-2b|2023-07-07T18:29:19.024000Z|R27|GS2B_20230707T182919_033086,2023-07-07,29
2023-08-05,sentinel-2b|2023-07-17T18:29:19.024000Z|R27|GS2B_20230717T182919_033229,2023-07-17,19
2023-08-05,sentinel-2b|2023-07-27T18:29:29.024000Z|R27|GS2B_20230727T182929_033372,2023-07-27,9
2023-08-13,sentinel-2a|2023-06-22T18:29:21.024000Z|R27|GS2A_20230622T182921_041780,2023-06-22,52
2023-08-13,sentinel-2a|2023-07-02T18:29:21.024000Z|R27|GS2A_20230702T182921_041923,2023-07-02,42
2023-08-13,sentinel-2a|2023-07-12T18:29:21.024000Z|R27|GS2A_20230712T182921_042066,2023-07-12,32
2023-08-13,sentinel-2a|2023-07-22T18:29:21.024000Z|R27|GS2A_20230722T182921_042209,2023-07-22,22
2023-08-13,sentinel-2a|2023-08-01T18:29:21.024000Z|R27|GS2A_20230801T182921_042352,2023-08-01,12
2023-08-13,sentinel-2a|2023-08-11T18:29:21.024000Z|R27|GS2A_20230811T182921_042495,2023-08-11,2
2023-08-13,sentinel-2b|2023-06-17T18:29:19.024000Z|R27|GS2B_20230617T182919_032800,2023-06-17,57
2023-08-13,sentinel-2b|2023-06-27T18:29:19.024000Z|R27|GS2B_20230627T182919_032943,2023-06-27,47
2023-08-13,sentinel-2b|2023-07-07T18:29:19.024000Z|R27|GS2B_20230707T182919_033086,2023-07-07,37
2023-08-13,sentinel-2b|2023-07-17T18:29:19.024000Z|R27|GS2B_20230717T182919_033229,2023-07-17,27
2023-08-13,sentinel-2b|2023-07-27T18:29:29.024000Z|R27|GS2B_20230727T182929_033372,2023-07-27,17
2023-08-13,sentinel-2b|2023-08-06T18:29:19.024000Z|R27|GS2B_20230806T182919_033515,2023-08-06,7
2023-08-21,sentinel-2a|2023-06-22T18:29:21.024000Z|R27|GS2A_20230622T182921_041780,2023-06-22,60
2023-08-21,sentinel-2a|2023-07-02T18:29:21.024000Z|R27|GS2A_20230702T182921_041923,2023-07-02,50
2023-08-21,sentinel-2a|2023-07-12T18:29:21.024000Z|R27|GS2A_20230712T182921_042066,2023-07-12,40
2023-08-21,sentinel-2a|2023-07-22T18:29:21.024000Z|R27|GS2A_20230722T182921_042209,2023-07-22,30
2023-08-21,sentinel-2a|2023-08-01T18:29:21.024000Z|R27|GS2A_20230801T182921_042352,2023-08-01,20
2023-08-21,sentinel-2a|2023-08-11T18:29:21.024000Z|R27|GS2A_20230811T182921_042495,2023-08-11,10
2023-08-21,sentinel-2b|2023-06-27T18:29:19.024000Z|R27|GS2B_20230627T182919_032943,2023-06-27,55
2023-08-21,sentinel-2b|2023-07-07T18:29:19.024000Z|R27|GS2B_20230707T182919_033086,2023-07-07,45
2023-08-21,sentinel-2b|2023-07-17T18:29:19.024000Z|R27|GS2B_20230717T182919_033229,2023-07-17,35
2023-08-21,sentinel-2b|2023-07-27T18:29:29.024000Z|R27|GS2B_20230727T182929_033372,2023-07-27,25
2023-08-21,sentinel-2b|2023-08-06T18:29:19.024000Z|R27|GS2B_20230806T182919_033515,2023-08-06,15
2023-08-21,sentinel-2b|2023-08-16T18:29:19.024000Z|R27|GS2B_20230816T182919_033658,2023-08-16,5
2023-08-29,sentinel-2a|2023-07-02T18:29:21.024000Z|R27|GS2A_20230702T182921_041923,2023-07-02,58
2023-08-29,sentinel-2a|2023-07-12T18:29:21.024000Z|R27|GS2A_20230712T182921_042066,2023-07-12,48
2023-08-29,sentinel-2a|2023-07-22T18:29:21.024000Z|R27|GS2A_20230722T182921_042209,2023-07-22,38
2023-08-29,sentinel-2a|2023-08-01T18:29:21.024000Z|R27|GS2A_20230801T182921_042352,2023-08-01,28
2023-08-29,sentinel-2a|2023-08-11T18:29:21.024000Z|R27|GS2A_20230811T182921_042495,2023-08-11,18
2023-08-29,sentinel-2a|2023-08-21T18:29:21.024000Z|R27|GS2A_20230821T182921_042638,2023-08-21,8
2023-08-29,sentinel-2b|2023-07-07T18:29:19.024000Z|R27|GS2B_20230707T182919_033086,2023-07-07,53
2023-08-29,sentinel-2b|2023-07-17T18:29:19.024000Z|R27|GS2B_20230717T182919_033229,2023-07-17,43
2023-08-29,sentinel-2b|2023-07-27T18:29:29.024000Z|R27|GS2B_20230727T182929_033372,2023-07-27,33
2023-08-29,sentinel-2b|2023-08-06T18:29:19.024000Z|R27|GS2B_20230806T182919_033515,2023-08-06,23
2023-08-29,sentinel-2b|2023-08-16T18:29:19.024000Z|R27|GS2B_20230816T182919_033658,2023-08-16,13
2023-08-29,sentinel-2b|2023-08-26T18:29:19.024000Z|R27|GS2B_20230826T182919_033801,2023-08-26,3
2023-09-06,sentinel-2a|2023-07-12T18:29:21.024000Z|R27|GS2A_20230712T182921_042066,2023-07-12,56
2023-09-06,sentinel-2a|2023-07-22T18:29:21.024000Z|R27|GS2A_20230722T182921_042209,2023-07-22,46
2023-09-06,sentinel-2a|2023-08-01T18:29:21.024000Z|R27|GS2A_20230801T182921_042352,2023-08-01,36
2023-09-06,sentinel-2a|2023-08-11T18:29:21.024000Z|R27|GS2A_20230811T182921_042495,2023-08-11,26
2023-09-06,sentinel-2a|2023-08-21T18:29:21.024000Z|R27|GS2A_20230821T182921_042638,2023-08-21,16
2023-09-06,sentinel-2a|2023-08-31T18:29:21.024000Z|R27|GS2A_20230831T182921_042781,2023-08-31,6
2023-09-06,sentinel-2b|2023-07-17T18:29:19.024000Z|R27|GS2B_20230717T182919_033229,2023-07-17,51
2023-09-06,sentinel-2b|2023-07-27T18:29:29.024000Z|R27|GS2B_20230727T182929_033372,2023-07-27,41
2023-09-06,sentinel-2b|2023-08-06T18:29:19.024000Z|R27|GS2B_20230806T182919_033515,2023-08-06,31
2023-09-06,sentinel-2b|2023-08-16T18:29:19.024000Z|R27|GS2B_20230816T182919_033658,2023-08-16,21
2023-09-06,sentinel-2b|2023-08-26T18:29:19.024000Z|R27|GS2B_20230826T182919_033801,2023-08-26,11
2023-09-06,sentinel-2b|2023-09-05T18:29:19.024000Z|R27|GS2B_20230905T182919_033944,2023-09-05,1
2023-09-14,sentinel-2a|2023-07-22T18:29:21.024000Z|R27|GS2A_20230722T182921_042209,2023-07-22,54
2023-09-14,sentinel-2a|2023-08-01T18:29:21.024000Z|R27|GS2A_20230801T182921_042352,2023-08-01,44
2023-09-14,sentinel-2a|2023-08-11T18:29:21.024000Z|R27|GS2A_20230811T182921_042495,2023-08-11,34
2023-09-14,sentinel-2a|2023-08-21T18:29:21.024000Z|R27|GS2A_20230821T182921_042638,2023-08-21,24
2023-09-14,sentinel-2a|2023-08-31T18:29:21.024000Z|R27|GS2A_20230831T182921_042781,2023-08-31,14
2023-09-14,sentinel-2a|2023-09-10T18:29:31.024000Z|R27|GS2A_20230910T182931_042924,2023-09-10,4
2023-09-14,sentinel-2b|2023-07-17T18:29:19.024000Z|R27|GS2B_20230717T182919_033229,2023-07-17,59
2023-09-14,sentinel-2b|2023-07-27T18:29:29.024000Z|R27|GS2B_20230727T182929_033372,2023-07-27,49
2023-09-14,sentinel-2b|2023-08-06T18:29:19.024000Z|R27|GS2B_20230806T182919_033515,2023-08-06,39
2023-09-14,sentinel-2b|2023-08-16T18:29:19.024000Z|R27|GS2B_20230816T182919_033658,2023-08-16,29
2023-09-14,sentinel-2b|2023-08-26T18:29:19.024000Z|R27|GS2B_20230826T182919_033801,2023-08-26,19
2023-09-14,sentinel-2b|2023-09-05T18:29:19.024000Z|R27|GS2B_20230905T182919_033944,2023-09-05,9
2023-09-22,sentinel-2a|2023-08-01T18:29:21.024000Z|R27|GS2A_20230801T182921_042352,2023-08-01,52
2023-09-22,sentinel-2a|2023-08-11T18:29:21.024000Z|R27|GS2A_20230811T182921_042495,2023-08-11,42
2023-09-22,sentinel-2a|2023-08-21T18:29:21.024000Z|R27|GS2A_20230821T182921_042638,2023-08-21,32
2023-09-22,sentinel-2a|2023-08-31T18:29:21.024000Z|R27|GS2A_20230831T182921_042781,2023-08-31,22
2023-09-22,sentinel-2a|2023-09-10T18:29:31.024000Z|R27|GS2A_20230910T182931_042924,2023-09-10,12
2023-09-22,sentinel-2a|2023-09-20T18:30:41.024000Z|R27|GS2A_20230920T183041_043067,2023-09-20,2
2023-09-22,sentinel-2b|2023-07-27T18:29:29.024000Z|R27|GS2B_20230727T182929_033372,2023-07-27,57
2023-09-22,sentinel-2b|2023-08-06T18:29:19.024000Z|R27|GS2B_20230806T182919_033515,2023-08-06,47
2023-09-22,sentinel-2b|2023-08-16T18:29:19.024000Z|R27|GS2B_20230816T182919_033658,2023-08-16,37
2023-09-22,sentinel-2b|2023-08-26T18:29:19.024000Z|R27|GS2B_20230826T182919_033801,2023-08-26,27
2023-09-22,sentinel-2b|2023-09-05T18:29:19.024000Z|R27|GS2B_20230905T182919_033944,2023-09-05,17
2023-09-22,sentinel-2b|2023-09-15T18:30:09.024000Z|R27|GS2B_20230915T183009_034087,2023-09-15,7
2023-09-30,sentinel-2a|2023-08-01T18:29:21.024000Z|R27|GS2A_20230801T182921_042352,2023-08-01,60
2023-09-30,sentinel-2a|2023-08-11T18:29:21.024000Z|R27|GS2A_20230811T182921_042495,2023-08-11,50
2023-09-30,sentinel-2a|2023-08-21T18:29:21.024000Z|R27|GS2A_20230821T182921_042638,2023-08-21,40
2023-09-30,sentinel-2a|2023-08-31T18:29:21.024000Z|R27|GS2A_20230831T182921_042781,2023-08-31,30
2023-09-30,sentinel-2a|2023-09-10T18:29:31.024000Z|R27|GS2A_20230910T182931_042924,2023-09-10,20
2023-09-30,sentinel-2a|2023-09-20T18:30:41.024000Z|R27|GS2A_20230920T183041_043067,2023-09-20,10
2023-09-30,sentinel-2b|2023-08-06T18:29:19.024000Z|R27|GS2B_20230806T182919_033515,2023-08-06,55
2023-09-30,sentinel-2b|2023-08-16T18:29:19.024000Z|R27|GS2B_20230816T182919_033658,2023-08-16,45
2023-09-30,sentinel-2b|2023-08-26T18:29:19.024000Z|R27|GS2B_20230826T182919_033801,2023-08-26,35
2023-09-30,sentinel-2b|2023-09-05T18:29:19.024000Z|R27|GS2B_20230905T182919_033944,2023-09-05,25
2023-09-30,sentinel-2b|2023-09-15T18:30:09.024000Z|R27|GS2B_20230915T183009_034087,2023-09-15,15
2023-09-30,sentinel-2b|2023-09-25T18:30:29.024000Z|R27|GS2B_20230925T183029_034230,2023-09-25,5
2023-10-08,sentinel-2a|2023-08-11T18:29:21.024000Z|R27|GS2A_20230811T182921_042495,2023-08-11,58
2023-10-08,sentinel-2a|2023-08-21T18:29:21.024000Z|R27|GS2A_20230821T182921_042638,2023-08-21,48
2023-10-08,sentinel-2a|2023-08-31T18:29:21.024000Z|R27|GS2A_20230831T182921_042781,2023-08-31,38
2023-10-08,sentinel-2a|2023-09-10T18:29:31.024000Z|R27|GS2A_20230910T182931_042924,2023-09-10,28
2023-10-08,sentinel-2a|2023-09-20T18:30:41.024000Z|R27|GS2A_20230920T183041_043067,2023-09-20,18
2023-10-08,sentinel-2a|2023-09-30T18:31:51.024000Z|R27|GS2A_20230930T183151_043210,2023-09-30,8
2023-10-08,sentinel-2b|2023-08-16T18:29:19.024000Z|R27|GS2B_20230816T182919_033658,2023-08-16,53
2023-10-08,sentinel-2b|2023-08-26T18:29:19.024000Z|R27|GS2B_20230826T182919_033801,2023-08-26,43
2023-10-08,sentinel-2b|2023-09-05T18:29:19.024000Z|R27|GS2B_20230905T182919_033944,2023-09-05,33
2023-10-08,sentinel-2b|2023-09-15T18:30:09.024000Z|R27|GS2B_20230915T183009_034087,2023-09-15,23
2023-10-08,sentinel-2b|2023-09-25T18:30:29.024000Z|R27|GS2B_20230925T183029_034230,2023-09-25,13
2023-10-08,sentinel-2b|2023-10-05T18:31:29.024000Z|R27|GS2B_20231005T183129_034373,2023-10-05,3
2023-10-16,sentinel-2a|2023-08-21T18:29:21.024000Z|R27|GS2A_20230821T182921_042638,2023-08-21,56
2023-10-16,sentinel-2a|2023-08-31T18:29:21.024000Z|R27|GS2A_20230831T182921_042781,2023-08-31,46
2023-10-16,sentinel-2a|2023-09-10T18:29:31.024000Z|R27|GS2A_20230910T182931_042924,2023-09-10,36
2023-10-16,sentinel-2a|2023-09-20T18:30:41.024000Z|R27|GS2A_20230920T183041_043067,2023-09-20,26
2023-10-16,sentinel-2a|2023-09-30T18:31:51.024000Z|R27|GS2A_20230930T183151_043210,2023-09-30,16
2023-10-16,sentinel-2a|2023-10-10T18:33:01.024000Z|R27|GS2A_20231010T183301_043353,2023-10-10,6
2023-10-16,sentinel-2b|2023-08-26T18:29:19.024000Z|R27|GS2B_20230826T182919_033801,2023-08-26,51
2023-10-16,sentinel-2b|2023-09-05T18:29:19.024000Z|R27|GS2B_20230905T182919_033944,2023-09-05,41
2023-10-16,sentinel-2b|2023-09-15T18:30:09.024000Z|R27|GS2B_20230915T183009_034087,2023-09-15,31
2023-10-16,sentinel-2b|2023-09-25T18:30:29.024000Z|R27|GS2B_20230925T183029_034230,2023-09-25,21
2023-10-16,sentinel-2b|2023-10-05T18:31:29.024000Z|R27|GS2B_20231005T183129_034373,2023-10-05,11
2023-10-24,sentinel-2a|2023-08-31T18:29:21.024000Z|R27|GS2A_20230831T182921_042781,2023-08-31,54
2023-10-24,sentinel-2a|2023-09-10T18:29:31.024000Z|R27|GS2A_20230910T182931_042924,2023-09-10,44
2023-10-24,sentinel-2a|2023-09-20T18:30:41.024000Z|R27|GS2A_20230920T183041_043067,2023-09-20,34
2023-10-24,sentinel-2a|2023-09-30T18:31:51.024000Z|R27|GS2A_20230930T183151_043210,2023-09-30,24
2023-10-24,sentinel-2a|2023-10-10T18:33:01.024000Z|R27|GS2A_20231010T183301_043353,2023-10-10,14
2023-10-24,sentinel-2a|2023-10-20T18:34:11.024000Z|R27|GS2A_20231020T183411_043496,2023-10-20,4
2023-10-24,sentinel-2b|2023-08-26T18:29:19.024000Z|R27|GS2B_20230826T182919_033801,2023-08-26,59
2023-10-24,sentinel-2b|2023-09-05T18:29:19.024000Z|R27|GS2B_20230905T182919_033944,2023-09-05,49
2023-10-24,sentinel-2b|2023-09-15T18:30:09.024000Z|R27|GS2B_20230915T183009_034087,2023-09-15,39
2023-10-24,sentinel-2b|2023-09-25T18:30:29.024000Z|R27|GS2B_20230925T183029_034230,2023-09-25,29
2023-10-24,sentinel-2b|2023-10-05T18:31:29.024000Z|R27|GS2B_20231005T183129_034373,2023-10-05,19
2024-05-03,sentinel-2a|2024-03-08T18:32:11.024000Z|R27|GS2A_20240308T183211_045498,2024-03-08,56
2024-05-03,sentinel-2a|2024-03-18T18:31:01.024000Z|R27|GS2A_20240318T183101_045641,2024-03-18,46
2024-05-03,sentinel-2a|2024-03-28T18:29:51.024000Z|R27|GS2A_20240328T182951_045784,2024-03-28,36
2024-05-03,sentinel-2a|2024-04-07T18:29:21.024000Z|R27|GS2A_20240407T182921_045927,2024-04-07,26
2024-05-03,sentinel-2a|2024-04-17T18:29:21.024000Z|R27|GS2A_20240417T182921_046070,2024-04-17,16
2024-05-03,sentinel-2a|2024-04-27T18:29:21.024000Z|R27|GS2A_20240427T182921_046213,2024-04-27,6
2024-05-03,sentinel-2b|2024-03-13T18:30:39.024000Z|R27|GS2B_20240313T183039_036661,2024-03-13,51
2024-05-03,sentinel-2b|2024-03-23T18:29:29.024000Z|R27|GS2B_20240323T182929_036804,2024-03-23,41
2024-05-03,sentinel-2b|2024-04-02T18:29:19.024000Z|R27|GS2B_20240402T182919_036947,2024-04-02,31
2024-05-03,sentinel-2b|2024-04-12T18:29:19.024000Z|R27|GS2B_20240412T182919_037090,2024-04-12,21
2024-05-03,sentinel-2b|2024-04-22T18:29:19.024000Z|R27|GS2B_20240422T182919_037233,2024-04-22,11
2024-05-03,sentinel-2b|2024-05-02T18:29:19.024000Z|R27|GS2B_20240502T182919_037376,2024-05-02,1
2024-05-11,sentinel-2a|2024-03-18T18:31:01.024000Z|R27|GS2A_20240318T183101_045641,2024-03-18,54
2024-05-11,sentinel-2a|2024-03-28T18:29:51.024000Z|R27|GS2A_20240328T182951_045784,2024-03-28,44
2024-05-11,sentinel-2a|2024-04-07T18:29:21.024000Z|R27|GS2A_20240407T182921_045927,2024-04-07,34
2024-05-11,sentinel-2a|2024-04-17T18:29:21.024000Z|R27|GS2A_20240417T182921_046070,2024-04-17,24
2024-05-11,sentinel-2a|2024-04-27T18:29:21.024000Z|R27|GS2A_20240427T182921_046213,2024-04-27,14
2024-05-11,sentinel-2a|2024-05-07T18:29:21.024000Z|R27|GS2A_20240507T182921_046356,2024-05-07,4
2024-05-11,sentinel-2b|2024-03-13T18:30:39.024000Z|R27|GS2B_20240313T183039_036661,2024-03-13,59
2024-05-11,sentinel-2b|2024-03-23T18:29:29.024000Z|R27|GS2B_20240323T182929_036804,2024-03-23,49
2024-05-11,sentinel-2b|2024-04-02T18:29:19.024000Z|R27|GS2B_20240402T182919_036947,2024-04-02,39
2024-05-11,sentinel-2b|2024-04-12T18:29:19.024000Z|R27|GS2B_20240412T182919_037090,2024-04-12,29
2024-05-11,sentinel-2b|2024-04-22T18:29:19.024000Z|R27|GS2B_20240422T182919_037233,2024-04-22,19
2024-05-11,sentinel-2b|2024-05-02T18:29:19.024000Z|R27|GS2B_20240502T182919_037376,2024-05-02,9
2024-05-19,sentinel-2a|2024-03-28T18:29:51.024000Z|R27|GS2A_20240328T182951_045784,2024-03-28,52
2024-05-19,sentinel-2a|2024-04-07T18:29:21.024000Z|R27|GS2A_20240407T182921_045927,2024-04-07,42
2024-05-19,sentinel-2a|2024-04-17T18:29:21.024000Z|R27|GS2A_20240417T182921_046070,2024-04-17,32
2024-05-19,sentinel-2a|2024-04-27T18:29:21.024000Z|R27|GS2A_20240427T182921_046213,2024-04-27,22
2024-05-19,sentinel-2a|2024-05-07T18:29:21.024000Z|R27|GS2A_20240507T182921_046356,2024-05-07,12
2024-05-19,sentinel-2a|2024-05-17T18:29:21.024000Z|R27|GS2A_20240517T182921_046499,2024-05-17,2
2024-05-19,sentinel-2b|2024-03-23T18:29:29.024000Z|R27|GS2B_20240323T182929_036804,2024-03-23,57
2024-05-19,sentinel-2b|2024-04-02T18:29:19.024000Z|R27|GS2B_20240402T182919_036947,2024-04-02,47
2024-05-19,sentinel-2b|2024-04-12T18:29:19.024000Z|R27|GS2B_20240412T182919_037090,2024-04-12,37
2024-05-19,sentinel-2b|2024-04-22T18:29:19.024000Z|R27|GS2B_20240422T182919_037233,2024-04-22,27
2024-05-19,sentinel-2b|2024-05-02T18:29:19.024000Z|R27|GS2B_20240502T182919_037376,2024-05-02,17
2024-05-19,sentinel-2b|2024-05-12T18:29:19.024000Z|R27|GS2B_20240512T182919_037519,2024-05-12,7
2024-05-27,sentinel-2a|2024-03-28T18:29:51.024000Z|R27|GS2A_20240328T182951_045784,2024-03-28,60
2024-05-27,sentinel-2a|2024-04-07T18:29:21.024000Z|R27|GS2A_20240407T182921_045927,2024-04-07,50
2024-05-27,sentinel-2a|2024-04-17T18:29:21.024000Z|R27|GS2A_20240417T182921_046070,2024-04-17,40
2024-05-27,sentinel-2a|2024-04-27T18:29:21.024000Z|R27|GS2A_20240427T182921_046213,2024-04-27,30
2024-05-27,sentinel-2a|2024-05-07T18:29:21.024000Z|R27|GS2A_20240507T182921_046356,2024-05-07,20
2024-05-27,sentinel-2a|2024-05-17T18:29:21.024000Z|R27|GS2A_20240517T182921_046499,2024-05-17,10
2024-05-27,sentinel-2b|2024-04-02T18:29:19.024000Z|R27|GS2B_20240402T182919_036947,2024-04-02,55
2024-05-27,sentinel-2b|2024-04-12T18:29:19.024000Z|R27|GS2B_20240412T182919_037090,2024-04-12,45
2024-05-27,sentinel-2b|2024-04-22T18:29:19.024000Z|R27|GS2B_20240422T182919_037233,2024-04-22,35
2024-05-27,sentinel-2b|2024-05-02T18:29:19.024000Z|R27|GS2B_20240502T182919_037376,2024-05-02,25
2024-05-27,sentinel-2b|2024-05-12T18:29:19.024000Z|R27|GS2B_20240512T182919_037519,2024-05-12,15
2024-05-27,sentinel-2b|2024-05-22T18:29:19.024000Z|R27|GS2B_20240522T182919_037662,2024-05-22,5
2024-06-04,sentinel-2a|2024-04-07T18:29:21.024000Z|R27|GS2A_20240407T182921_045927,2024-04-07,58
2024-06-04,sentinel-2a|2024-04-17T18:29:21.024000Z|R27|GS2A_20240417T182921_046070,2024-04-17,48
2024-06-04,sentinel-2a|2024-04-27T18:29:21.024000Z|R27|GS2A_20240427T182921_046213,2024-04-27,38
2024-06-04,sentinel-2a|2024-05-07T18:29:21.024000Z|R27|GS2A_20240507T182921_046356,2024-05-07,28
2024-06-04,sentinel-2a|2024-05-17T18:29:21.024000Z|R27|GS2A_20240517T182921_046499,2024-05-17,18
2024-06-04,sentinel-2a|2024-05-27T18:29:21.024000Z|R27|GS2A_20240527T182921_046642,2024-05-27,8
2024-06-04,sentinel-2b|2024-04-12T18:29:19.024000Z|R27|GS2B_20240412T182919_037090,2024-04-12,53
2024-06-04,sentinel-2b|2024-04-22T18:29:19.024000Z|R27|GS2B_20240422T182919_037233,2024-04-22,43
2024-06-04,sentinel-2b|2024-05-02T18:29:19.024000Z|R27|GS2B_20240502T182919_037376,2024-05-02,33
2024-06-04,sentinel-2b|2024-05-12T18:29:19.024000Z|R27|GS2B_20240512T182919_037519,2024-05-12,23
2024-06-04,sentinel-2b|2024-05-22T18:29:19.024000Z|R27|GS2B_20240522T182919_037662,2024-05-22,13
2024-06-04,sentinel-2b|2024-06-01T18:29:19.024000Z|R27|GS2B_20240601T182919_037805,2024-06-01,3
2024-06-12,sentinel-2a|2024-04-17T18:29:21.024000Z|R27|GS2A_20240417T182921_046070,2024-04-17,56
2024-06-12,sentinel-2a|2024-04-27T18:29:21.024000Z|R27|GS2A_20240427T182921_046213,2024-04-27,46
2024-06-12,sentinel-2a|2024-05-07T18:29:21.024000Z|R27|GS2A_20240507T182921_046356,2024-05-07,36
2024-06-12,sentinel-2a|2024-05-17T18:29:21.024000Z|R27|GS2A_20240517T182921_046499,2024-05-17,26
2024-06-12,sentinel-2a|2024-05-27T18:29:21.024000Z|R27|GS2A_20240527T182921_046642,2024-05-27,16
2024-06-12,sentinel-2a|2024-06-06T18:29:21.024000Z|R27|GS2A_20240606T182921_046785,2024-06-06,6
2024-06-12,sentinel-2b|2024-04-22T18:29:19.024000Z|R27|GS2B_20240422T182919_037233,2024-04-22,51
2024-06-12,sentinel-2b|2024-05-02T18:29:19.024000Z|R27|GS2B_20240502T182919_037376,2024-05-02,41
2024-06-12,sentinel-2b|2024-05-12T18:29:19.024000Z|R27|GS2B_20240512T182919_037519,2024-05-12,31
2024-06-12,sentinel-2b|2024-05-22T18:29:19.024000Z|R27|GS2B_20240522T182919_037662,2024-05-22,21
2024-06-12,sentinel-2b|2024-06-01T18:29:19.024000Z|R27|GS2B_20240601T182919_037805,2024-06-01,11
2024-06-12,sentinel-2b|2024-06-11T18:29:19.024000Z|R27|GS2B_20240611T182919_037948,2024-06-11,1
2024-06-20,sentinel-2a|2024-04-27T18:29:21.024000Z|R27|GS2A_20240427T182921_046213,2024-04-27,54
2024-06-20,sentinel-2a|2024-05-07T18:29:21.024000Z|R27|GS2A_20240507T182921_046356,2024-05-07,44
2024-06-20,sentinel-2a|2024-05-17T18:29:21.024000Z|R27|GS2A_20240517T182921_046499,2024-05-17,34
2024-06-20,sentinel-2a|2024-05-27T18:29:21.024000Z|R27|GS2A_20240527T182921_046642,2024-05-27,24
2024-06-20,sentinel-2a|2024-06-06T18:29:21.024000Z|R27|GS2A_20240606T182921_046785,2024-06-06,14
2024-06-20,sentinel-2a|2024-06-16T18:29:21.024000Z|R27|GS2A_20240616T182921_046928,2024-06-16,4
2024-06-20,sentinel-2b|2024-04-22T18:29:19.024000Z|R27|GS2B_20240422T182919_037233,2024-04-22,59
2024-06-20,sentinel-2b|2024-05-02T18:29:19.024000Z|R27|GS2B_20240502T182919_037376,2024-05-02,49
2024-06-20,sentinel-2b|2024-05-12T18:29:19.024000Z|R27|GS2B_20240512T182919_037519,2024-05-12,39
2024-06-20,sentinel-2b|2024-05-22T18:29:19.024000Z|R27|GS2B_20240522T182919_037662,2024-05-22,29
2024-06-20,sentinel-2b|2024-06-01T18:29:19.024000Z|R27|GS2B_20240601T182919_037805,2024-06-01,19
2024-06-20,sentinel-2b|2024-06-11T18:29:19.024000Z|R27|GS2B_20240611T182919_037948,2024-06-11,9
2024-06-28,sentinel-2a|2024-05-07T18:29:21.024000Z|R27|GS2A_20240507T182921_046356,2024-05-07,52
2024-06-28,sentinel-2a|2024-05-17T18:29:21.024000Z|R27|GS2A_20240517T182921_046499,2024-05-17,42
2024-06-28,sentinel-2a|2024-05-27T18:29:21.024000Z|R27|GS2A_20240527T182921_046642,2024-05-27,32
2024-06-28,sentinel-2a|2024-06-06T18:29:21.024000Z|R27|GS2A_20240606T182921_046785,2024-06-06,22
2024-06-28,sentinel-2a|2024-06-16T18:29:21.024000Z|R27|GS2A_20240616T182921_046928,2024-06-16,12
2024-06-28,sentinel-2a|2024-06-26T18:29:21.024000Z|R27|GS2A_20240626T182921_047071,2024-06-26,2
2024-06-28,sentinel-2b|2024-05-02T18:29:19.024000Z|R27|GS2B_20240502T182919_037376,2024-05-02,57
2024-06-28,sentinel-2b|2024-05-12T18:29:19.024000Z|R27|GS2B_20240512T182919_037519,2024-05-12,47
2024-06-28,sentinel-2b|2024-05-22T18:29:19.024000Z|R27|GS2B_20240522T182919_037662,2024-05-22,37
2024-06-28,sentinel-2b|2024-06-01T18:29:19.024000Z|R27|GS2B_20240601T182919_037805,2024-06-01,27
2024-06-28,sentinel-2b|2024-06-11T18:29:19.024000Z|R27|GS2B_20240611T182919_037948,2024-06-11,17
2024-06-28,sentinel-2b|2024-06-21T18:29:19.024000Z|R27|GS2B_20240621T182919_038091,2024-06-21,7
2024-07-06,sentinel-2a|2024-05-07T18:29:21.024000Z|R27|GS2A_20240507T182921_046356,2024-05-07,60
2024-07-06,sentinel-2a|2024-05-17T18:29:21.024000Z|R27|GS2A_20240517T182921_046499,2024-05-17,50
2024-07-06,sentinel-2a|2024-05-27T18:29:21.024000Z|R27|GS2A_20240527T182921_046642,2024-05-27,40
2024-07-06,sentinel-2a|2024-06-06T18:29:21.024000Z|R27|GS2A_20240606T182921_046785,2024-06-06,30
2024-07-06,sentinel-2a|2024-06-16T18:29:21.024000Z|R27|GS2A_20240616T182921_046928,2024-06-16,20
2024-07-06,sentinel-2a|2024-06-26T18:29:21.024000Z|R27|GS2A_20240626T182921_047071,2024-06-26,10
2024-07-06,sentinel-2b|2024-05-12T18:29:19.024000Z|R27|GS2B_20240512T182919_037519,2024-05-12,55
2024-07-06,sentinel-2b|2024-05-22T18:29:19.024000Z|R27|GS2B_20240522T182919_037662,2024-05-22,45
2024-07-06,sentinel-2b|2024-06-01T18:29:19.024000Z|R27|GS2B_20240601T182919_037805,2024-06-01,35
2024-07-06,sentinel-2b|2024-06-11T18:29:19.024000Z|R27|GS2B_20240611T182919_037948,2024-06-11,25
2024-07-06,sentinel-2b|2024-06-21T18:29:19.024000Z|R27|GS2B_20240621T182919_038091,2024-06-21,15
2024-07-06,sentinel-2b|2024-07-01T18:29:19.024000Z|R27|GS2B_20240701T182919_038234,2024-07-01,5
2024-07-14,sentinel-2a|2024-05-17T18:29:21.024000Z|R27|GS2A_20240517T182921_046499,2024-05-17,58
2024-07-14,sentinel-2a|2024-05-27T18:29:21.024000Z|R27|GS2A_20240527T182921_046642,2024-05-27,48
2024-07-14,sentinel-2a|2024-06-06T18:29:21.024000Z|R27|GS2A_20240606T182921_046785,2024-06-06,38
2024-07-14,sentinel-2a|2024-06-16T18:29:21.024000Z|R27|GS2A_20240616T182921_046928,2024-06-16,28
2024-07-14,sentinel-2a|2024-06-26T18:29:21.024000Z|R27|GS2A_20240626T182921_047071,2024-06-26,18
2024-07-14,sentinel-2a|2024-07-06T18:29:21.024000Z|R27|GS2A_20240706T182921_047214,2024-07-06,8
2024-07-14,sentinel-2b|2024-05-22T18:29:19.024000Z|R27|GS2B_20240522T182919_037662,2024-05-22,53
2024-07-14,sentinel-2b|2024-06-01T18:29:19.024000Z|R27|GS2B_20240601T182919_037805,2024-06-01,43
2024-07-14,sentinel-2b|2024-06-11T18:29:19.024000Z|R27|GS2B_20240611T182919_037948,2024-06-11,33
2024-07-14,sentinel-2b|2024-06-21T18:29:19.024000Z|R27|GS2B_20240621T182919_038091,2024-06-21,23
2024-07-14,sentinel-2b|2024-07-01T18:29:19.024000Z|R27|GS2B_20240701T182919_038234,2024-07-01,13
2024-07-14,sentinel-2b|2024-07-11T18:29:19.024000Z|R27|GS2B_20240711T182919_038377,2024-07-11,3
2024-07-22,sentinel-2a|2024-05-27T18:29:21.024000Z|R27|GS2A_20240527T182921_046642,2024-05-27,56
2024-07-22,sentinel-2a|2024-06-06T18:29:21.024000Z|R27|GS2A_20240606T182921_046785,2024-06-06,46
2024-07-22,sentinel-2a|2024-06-16T18:29:21.024000Z|R27|GS2A_20240616T182921_046928,2024-06-16,36
2024-07-22,sentinel-2a|2024-06-26T18:29:21.024000Z|R27|GS2A_20240626T182921_047071,2024-06-26,26
2024-07-22,sentinel-2a|2024-07-06T18:29:21.024000Z|R27|GS2A_20240706T182921_047214,2024-07-06,16
2024-07-22,sentinel-2a|2024-07-16T18:29:21.024000Z|R27|GS2A_20240716T182921_047357,2024-07-16,6
2024-07-22,sentinel-2b|2024-06-01T18:29:19.024000Z|R27|GS2B_20240601T182919_037805,2024-06-01,51
2024-07-22,sentinel-2b|2024-06-11T18:29:19.024000Z|R27|GS2B_20240611T182919_037948,2024-06-11,41
2024-07-22,sentinel-2b|2024-06-21T18:29:19.024000Z|R27|GS2B_20240621T182919_038091,2024-06-21,31
2024-07-22,sentinel-2b|2024-07-01T18:29:19.024000Z|R27|GS2B_20240701T182919_038234,2024-07-01,21
2024-07-22,sentinel-2b|2024-07-11T18:29:19.024000Z|R27|GS2B_20240711T182919_038377,2024-07-11,11
2024-07-22,sentinel-2b|2024-07-21T18:29:19.024000Z|R27|GS2B_20240721T182919_038520,2024-07-21,1
2024-07-30,sentinel-2a|2024-06-06T18:29:21.024000Z|R27|GS2A_20240606T182921_046785,2024-06-06,54
2024-07-30,sentinel-2a|2024-06-16T18:29:21.024000Z|R27|GS2A_20240616T182921_046928,2024-06-16,44
2024-07-30,sentinel-2a|2024-06-26T18:29:21.024000Z|R27|GS2A_20240626T182921_047071,2024-06-26,34
2024-07-30,sentinel-2a|2024-07-06T18:29:21.024000Z|R27|GS2A_20240706T182921_047214,2024-07-06,24
2024-07-30,sentinel-2a|2024-07-16T18:29:21.024000Z|R27|GS2A_20240716T182921_047357,2024-07-16,14
2024-07-30,sentinel-2a|2024-07-26T18:29:21.024000Z|R27|GS2A_20240726T182921_047500,2024-07-26,4
2024-07-30,sentinel-2b|2024-06-01T18:29:19.024000Z|R27|GS2B_20240601T182919_037805,2024-06-01,59
2024-07-30,sentinel-2b|2024-06-11T18:29:19.024000Z|R27|GS2B_20240611T182919_037948,2024-06-11,49
2024-07-30,sentinel-2b|2024-06-21T18:29:19.024000Z|R27|GS2B_20240621T182919_038091,2024-06-21,39
2024-07-30,sentinel-2b|2024-07-01T18:29:19.024000Z|R27|GS2B_20240701T182919_038234,2024-07-01,29
2024-07-30,sentinel-2b|2024-07-11T18:29:19.024000Z|R27|GS2B_20240711T182919_038377,2024-07-11,19
2024-07-30,sentinel-2b|2024-07-21T18:29:19.024000Z|R27|GS2B_20240721T182919_038520,2024-07-21,9
2024-08-07,sentinel-2a|2024-06-16T18:29:21.024000Z|R27|GS2A_20240616T182921_046928,2024-06-16,52
2024-08-07,sentinel-2a|2024-06-26T18:29:21.024000Z|R27|GS2A_20240626T182921_047071,2024-06-26,42
2024-08-07,sentinel-2a|2024-07-06T18:29:21.024000Z|R27|GS2A_20240706T182921_047214,2024-07-06,32
2024-08-07,sentinel-2a|2024-07-16T18:29:21.024000Z|R27|GS2A_20240716T182921_047357,2024-07-16,22
2024-08-07,sentinel-2a|2024-07-26T18:29:21.024000Z|R27|GS2A_20240726T182921_047500,2024-07-26,12
2024-08-07,sentinel-2a|2024-08-05T18:41:01.024000Z|R27|GS2A_20240805T184101_047643,2024-08-05,2
2024-08-07,sentinel-2b|2024-06-11T18:29:19.024000Z|R27|GS2B_20240611T182919_037948,2024-06-11,57
2024-08-07,sentinel-2b|2024-06-21T18:29:19.024000Z|R27|GS2B_20240621T182919_038091,2024-06-21,47
2024-08-07,sentinel-2b|2024-07-01T18:29:19.024000Z|R27|GS2B_20240701T182919_038234,2024-07-01,37
2024-08-07,sentinel-2b|2024-07-11T18:29:19.024000Z|R27|GS2B_20240711T182919_038377,2024-07-11,27
2024-08-07,sentinel-2b|2024-07-21T18:29:19.024000Z|R27|GS2B_20240721T182919_038520,2024-07-21,17
2024-08-07,sentinel-2b|2024-07-31T18:29:19.024000Z|R27|GS2B_20240731T182919_038663,2024-07-31,7
2024-08-15,sentinel-2a|2024-06-16T18:29:21.024000Z|R27|GS2A_20240616T182921_046928,2024-06-16,60
2024-08-15,sentinel-2a|2024-06-26T18:29:21.024000Z|R27|GS2A_20240626T182921_047071,2024-06-26,50
2024-08-15,sentinel-2a|2024-07-06T18:29:21.024000Z|R27|GS2A_20240706T182921_047214,2024-07-06,40
2024-08-15,sentinel-2a|2024-07-16T18:29:21.024000Z|R27|GS2A_20240716T182921_047357,2024-07-16,30
2024-08-15,sentinel-2a|2024-07-26T18:29:21.024000Z|R27|GS2A_20240726T182921_047500,2024-07-26,20
2024-08-15,sentinel-2a|2024-08-05T18:41:01.024000Z|R27|GS2A_20240805T184101_047643,2024-08-05,10
2024-08-15,sentinel-2b|2024-06-21T18:29:19.024000Z|R27|GS2B_20240621T182919_038091,2024-06-21,55
2024-08-15,sentinel-2b|2024-07-01T18:29:19.024000Z|R27|GS2B_20240701T182919_038234,2024-07-01,45
2024-08-15,sentinel-2b|2024-07-11T18:29:19.024000Z|R27|GS2B_20240711T182919_038377,2024-07-11,35
2024-08-15,sentinel-2b|2024-07-21T18:29:19.024000Z|R27|GS2B_20240721T182919_038520,2024-07-21,25
2024-08-15,sentinel-2b|2024-07-31T18:29:19.024000Z|R27|GS2B_20240731T182919_038663,2024-07-31,15
2024-08-15,sentinel-2b|2024-08-10T18:29:19.024000Z|R27|GS2B_20240810T182919_038806,2024-08-10,5
2024-08-23,sentinel-2a|2024-06-26T18:29:21.024000Z|R27|GS2A_20240626T182921_047071,2024-06-26,58
2024-08-23,sentinel-2a|2024-07-06T18:29:21.024000Z|R27|GS2A_20240706T182921_047214,2024-07-06,48
2024-08-23,sentinel-2a|2024-07-16T18:29:21.024000Z|R27|GS2A_20240716T182921_047357,2024-07-16,38
2024-08-23,sentinel-2a|2024-07-26T18:29:21.024000Z|R27|GS2A_20240726T182921_047500,2024-07-26,28
2024-08-23,sentinel-2a|2024-08-05T18:41:01.024000Z|R27|GS2A_20240805T184101_047643,2024-08-05,18
2024-08-23,sentinel-2a|2024-08-15T18:29:21.024000Z|R27|GS2A_20240815T182921_047786,2024-08-15,8
2024-08-23,sentinel-2b|2024-07-01T18:29:19.024000Z|R27|GS2B_20240701T182919_038234,2024-07-01,53
2024-08-23,sentinel-2b|2024-07-11T18:29:19.024000Z|R27|GS2B_20240711T182919_038377,2024-07-11,43
2024-08-23,sentinel-2b|2024-07-21T18:29:19.024000Z|R27|GS2B_20240721T182919_038520,2024-07-21,33
2024-08-23,sentinel-2b|2024-07-31T18:29:19.024000Z|R27|GS2B_20240731T182919_038663,2024-07-31,23
2024-08-23,sentinel-2b|2024-08-10T18:29:19.024000Z|R27|GS2B_20240810T182919_038806,2024-08-10,13
2024-08-23,sentinel-2b|2024-08-20T18:29:19.024000Z|R27|GS2B_20240820T182919_038949,2024-08-20,3
2024-08-31,sentinel-2a|2024-07-06T18:29:21.024000Z|R27|GS2A_20240706T182921_047214,2024-07-06,56
2024-08-31,sentinel-2a|2024-07-16T18:29:21.024000Z|R27|GS2A_20240716T182921_047357,2024-07-16,46
2024-08-31,sentinel-2a|2024-07-26T18:29:21.024000Z|R27|GS2A_20240726T182921_047500,2024-07-26,36
2024-08-31,sentinel-2a|2024-08-05T18:41:01.024000Z|R27|GS2A_20240805T184101_047643,2024-08-05,26
2024-08-31,sentinel-2a|2024-08-15T18:29:21.024000Z|R27|GS2A_20240815T182921_047786,2024-08-15,16
2024-08-31,sentinel-2a|2024-08-25T18:29:21.024000Z|R27|GS2A_20240825T182921_047929,2024-08-25,6
2024-08-31,sentinel-2b|2024-07-11T18:29:19.024000Z|R27|GS2B_20240711T182919_038377,2024-07-11,51
2024-08-31,sentinel-2b|2024-07-21T18:29:19.024000Z|R27|GS2B_20240721T182919_038520,2024-07-21,41
2024-08-31,sentinel-2b|2024-07-31T18:29:19.024000Z|R27|GS2B_20240731T182919_038663,2024-07-31,31
2024-08-31,sentinel-2b|2024-08-10T18:29:19.024000Z|R27|GS2B_20240810T182919_038806,2024-08-10,21
2024-08-31,sentinel-2b|2024-08-20T18:29:19.024000Z|R27|GS2B_20240820T182919_038949,2024-08-20,11
2024-08-31,sentinel-2b|2024-08-30T18:29:19.024000Z|R27|GS2B_20240830T182919_039092,2024-08-30,1
2024-09-08,sentinel-2a|2024-07-16T18:29:21.024000Z|R27|GS2A_20240716T182921_047357,2024-07-16,54
2024-09-08,sentinel-2a|2024-07-26T18:29:21.024000Z|R27|GS2A_20240726T182921_047500,2024-07-26,44
2024-09-08,sentinel-2a|2024-08-05T18:41:01.024000Z|R27|GS2A_20240805T184101_047643,2024-08-05,34
2024-09-08,sentinel-2a|2024-08-15T18:29:21.024000Z|R27|GS2A_20240815T182921_047786,2024-08-15,24
2024-09-08,sentinel-2a|2024-08-25T18:29:21.024000Z|R27|GS2A_20240825T182921_047929,2024-08-25,14
2024-09-08,sentinel-2a|2024-09-04T18:41:01.024000Z|R27|GS2A_20240904T184101_048072,2024-09-04,4
2024-09-08,sentinel-2b|2024-07-11T18:29:19.024000Z|R27|GS2B_20240711T182919_038377,2024-07-11,59
2024-09-08,sentinel-2b|2024-07-21T18:29:19.024000Z|R27|GS2B_20240721T182919_038520,2024-07-21,49
2024-09-08,sentinel-2b|2024-07-31T18:29:19.024000Z|R27|GS2B_20240731T182919_038663,2024-07-31,39
2024-09-08,sentinel-2b|2024-08-10T18:29:19.024000Z|R27|GS2B_20240810T182919_038806,2024-08-10,29
2024-09-08,sentinel-2b|2024-08-20T18:29:19.024000Z|R27|GS2B_20240820T182919_038949,2024-08-20,19
2024-09-08,sentinel-2b|2024-08-30T18:29:19.024000Z|R27|GS2B_20240830T182919_039092,2024-08-30,9
2024-09-16,sentinel-2a|2024-07-26T18:29:21.024000Z|R27|GS2A_20240726T182921_047500,2024-07-26,52
2024-09-16,sentinel-2a|2024-08-05T18:41:01.024000Z|R27|GS2A_20240805T184101_047643,2024-08-05,42
2024-09-16,sentinel-2a|2024-08-15T18:29:21.024000Z|R27|GS2A_20240815T182921_047786,2024-08-15,32
2024-09-16,sentinel-2a|2024-08-25T18:29:21.024000Z|R27|GS2A_20240825T182921_047929,2024-08-25,22
2024-09-16,sentinel-2a|2024-09-04T18:41:01.024000Z|R27|GS2A_20240904T184101_048072,2024-09-04,12
2024-09-16,sentinel-2b|2024-07-21T18:29:19.024000Z|R27|GS2B_20240721T182919_038520,2024-07-21,57
2024-09-16,sentinel-2b|2024-07-31T18:29:19.024000Z|R27|GS2B_20240731T182919_038663,2024-07-31,47
2024-09-16,sentinel-2b|2024-08-10T18:29:19.024000Z|R27|GS2B_20240810T182919_038806,2024-08-10,37
2024-09-16,sentinel-2b|2024-08-20T18:29:19.024000Z|R27|GS2B_20240820T182919_038949,2024-08-20,27
2024-09-16,sentinel-2b|2024-08-30T18:29:19.024000Z|R27|GS2B_20240830T182919_039092,2024-08-30,17
2024-09-16,sentinel-2b|2024-09-09T18:29:19.024000Z|R27|GS2B_20240909T182919_039235,2024-09-09,7
2024-09-24,sentinel-2a|2024-07-26T18:29:21.024000Z|R27|GS2A_20240726T182921_047500,2024-07-26,60
2024-09-24,sentinel-2a|2024-08-05T18:41:01.024000Z|R27|GS2A_20240805T184101_047643,2024-08-05,50
2024-09-24,sentinel-2a|2024-08-15T18:29:21.024000Z|R27|GS2A_20240815T182921_047786,2024-08-15,40
2024-09-24,sentinel-2a|2024-08-25T18:29:21.024000Z|R27|GS2A_20240825T182921_047929,2024-08-25,30
2024-09-24,sentinel-2a|2024-09-04T18:41:01.024000Z|R27|GS2A_20240904T184101_048072,2024-09-04,20
2024-09-24,sentinel-2b|2024-07-31T18:29:19.024000Z|R27|GS2B_20240731T182919_038663,2024-07-31,55
2024-09-24,sentinel-2b|2024-08-10T18:29:19.024000Z|R27|GS2B_20240810T182919_038806,2024-08-10,45
2024-09-24,sentinel-2b|2024-08-20T18:29:19.024000Z|R27|GS2B_20240820T182919_038949,2024-08-20,35
2024-09-24,sentinel-2b|2024-08-30T18:29:19.024000Z|R27|GS2B_20240830T182919_039092,2024-08-30,25
2024-09-24,sentinel-2b|2024-09-09T18:29:19.024000Z|R27|GS2B_20240909T182919_039235,2024-09-09,15
2024-10-02,sentinel-2a|2024-08-05T18:41:01.024000Z|R27|GS2A_20240805T184101_047643,2024-08-05,58
2024-10-02,sentinel-2a|2024-08-15T18:29:21.024000Z|R27|GS2A_20240815T182921_047786,2024-08-15,48
2024-10-02,sentinel-2a|2024-08-25T18:29:21.024000Z|R27|GS2A_20240825T182921_047929,2024-08-25,38
2024-10-02,sentinel-2a|2024-09-04T18:41:01.024000Z|R27|GS2A_20240904T184101_048072,2024-09-04,28
2024-10-02,sentinel-2a|2024-09-24T18:31:11.024000Z|R27|GS2A_20240924T183111_048358,2024-09-24,8
2024-10-02,sentinel-2b|2024-08-10T18:29:19.024000Z|R27|GS2B_20240810T182919_038806,2024-08-10,53
2024-10-02,sentinel-2b|2024-08-20T18:29:19.024000Z|R27|GS2B_20240820T182919_038949,2024-08-20,43
2024-10-02,sentinel-2b|2024-08-30T18:29:19.024000Z|R27|GS2B_20240830T182919_039092,2024-08-30,33
2024-10-02,sentinel-2b|2024-09-09T18:29:19.024000Z|R27|GS2B_20240909T182919_039235,2024-09-09,23
2024-10-02,sentinel-2b|2024-09-29T18:30:59.024000Z|R27|GS2B_20240929T183059_039521,2024-09-29,3
2024-10-10,sentinel-2a|2024-08-15T18:29:21.024000Z|R27|GS2A_20240815T182921_047786,2024-08-15,56
2024-10-10,sentinel-2a|2024-08-25T18:29:21.024000Z|R27|GS2A_20240825T182921_047929,2024-08-25,46
2024-10-10,sentinel-2a|2024-09-04T18:41:01.024000Z|R27|GS2A_20240904T184101_048072,2024-09-04,36
2024-10-10,sentinel-2a|2024-09-24T18:31:11.024000Z|R27|GS2A_20240924T183111_048358,2024-09-24,16
2024-10-10,sentinel-2a|2024-10-04T18:32:21.024000Z|R27|GS2A_20241004T183221_048501,2024-10-04,6
2024-10-10,sentinel-2b|2024-08-20T18:29:19.024000Z|R27|GS2B_20240820T182919_038949,2024-08-20,51
2024-10-10,sentinel-2b|2024-08-30T18:29:19.024000Z|R27|GS2B_20240830T182919_039092,2024-08-30,41
2024-10-10,sentinel-2b|2024-09-09T18:29:19.024000Z|R27|GS2B_20240909T182919_039235,2024-09-09,31
2024-10-10,sentinel-2b|2024-09-29T18:30:59.024000Z|R27|GS2B_20240929T183059_039521,2024-09-29,11
2024-10-10,sentinel-2b|2024-10-09T18:31:49.024000Z|R27|GS2B_20241009T183149_039664,2024-10-09,1
2024-10-18,sentinel-2a|2024-08-25T18:29:21.024000Z|R27|GS2A_20240825T182921_047929,2024-08-25,54
2024-10-18,sentinel-2a|2024-09-04T18:41:01.024000Z|R27|GS2A_20240904T184101_048072,2024-09-04,44
2024-10-18,sentinel-2a|2024-09-24T18:31:11.024000Z|R27|GS2A_20240924T183111_048358,2024-09-24,24
2024-10-18,sentinel-2a|2024-10-04T18:32:21.024000Z|R27|GS2A_20241004T183221_048501,2024-10-04,14
2024-10-18,sentinel-2a|2024-10-14T18:33:31.024000Z|R27|GS2A_20241014T183331_048644,2024-10-14,4
2024-10-18,sentinel-2b|2024-08-20T18:29:19.024000Z|R27|GS2B_20240820T182919_038949,2024-08-20,59
2024-10-18,sentinel-2b|2024-08-30T18:29:19.024000Z|R27|GS2B_20240830T182919_039092,2024-08-30,49
2024-10-18,sentinel-2b|2024-09-09T18:29:19.024000Z|R27|GS2B_20240909T182919_039235,2024-09-09,39
2024-10-18,sentinel-2b|2024-09-29T18:30:59.024000Z|R27|GS2B_20240929T183059_039521,2024-09-29,19
2024-10-18,sentinel-2b|2024-10-09T18:31:49.024000Z|R27|GS2B_20241009T183149_039664,2024-10-09,9
2024-10-26,sentinel-2a|2024-09-04T18:41:01.024000Z|R27|GS2A_20240904T184101_048072,2024-09-04,52
2024-10-26,sentinel-2a|2024-09-24T18:31:11.024000Z|R27|GS2A_20240924T183111_048358,2024-09-24,32
2024-10-26,sentinel-2a|2024-10-04T18:32:21.024000Z|R27|GS2A_20241004T183221_048501,2024-10-04,22
2024-10-26,sentinel-2a|2024-10-14T18:33:31.024000Z|R27|GS2A_20241014T183331_048644,2024-10-14,12
2024-10-26,sentinel-2a|2024-10-24T18:34:41.024000Z|R27|GS2A_20241024T183441_048787,2024-10-24,2
2024-10-26,sentinel-2b|2024-08-30T18:29:19.024000Z|R27|GS2B_20240830T182919_039092,2024-08-30,57
2024-10-26,sentinel-2b|2024-09-09T18:29:19.024000Z|R27|GS2B_20240909T182919_039235,2024-09-09,47
2024-10-26,sentinel-2b|2024-09-29T18:30:59.024000Z|R27|GS2B_20240929T183059_039521,2024-09-29,27
2024-10-26,sentinel-2b|2024-10-09T18:31:49.024000Z|R27|GS2B_20241009T183149_039664,2024-10-09,17
2024-10-26,sentinel-2b|2024-10-19T18:33:09.024000Z|R27|GS2B_20241019T183309_039807,2024-10-19,7
