family,model_id,focus_joint_b1_or_m2,target_date,platform,tract_date_row_count,independent_spatial_block_count,exact_top_k,observed_positive_count,predicted_positive_count,true_positive_count,false_positive_count,false_negative_count,average_precision,precision_at_k,recall_at_k,false_negative_rate,analysis_config_semantic_sha256,compile_provenance_file_sha256,compile_provenance_commit_sha256,oof_predictions_sha256,model_dataset_provenance_file_sha256,model_dataset_commit_sha256,target_progress_sha256,model_ready_target_sha256,date_summary_sha256,development_model_table_sha256
temporal,B0,False,2020-05-16,landsat-8,1061,69,213,213,213,34,179,179,0.20075400565504242,0.1596244131455399,0.1596244131455399,0.8403755868544601,3b188221263ad4673846ce5170fa622b5395e51a4aaa750114e1793d3986975b,55416c987a2d25f9177dd974307ae595761c1db31ecaa9d7561fb6c42d4d5e7c,00d1e59ce78baffbf9d24361ac8ba16a1d577b22cb193e15596627259190ed07,0c06b88fd09cd514745b699e6b6a7e12901db8d3247e42b582feaf1f7e91c04a,1eafe424a4c718d6a3b18cff938036f958858c70b344740788993b119bfbb04b,9c2f903993167fc2a228b3cfe60a23fe33f57f252bae6299458338cb8eb967ad,3f630dfcc8a1c2a19b093e7fe0f4bdc7f830fef42266fcf1156112f0eb959046,11f4fe862570895441036964a9b308e92c2ee6ba8a87b5da9009ffd5208a4bda,2c6d6a597c6b1b321c4f632291c22dfe5788a058fe82fd65114a5a59d5d0be83,3a365f5dd3e9d410585a34695bb444d67b220c4b40a9348288a540078bc27f75
temporal,B0,False,2020-07-03,landsat-8,1073,70,215,215,215,127,88,88,0.20037278657968313,0.5906976744186047,0.5906976744186047,0.40930232558139534,3b188221263ad4673846ce5170fa622b5395e51a4aaa750114e1793d3986975b,55416c987a2d25f9177dd974307ae595761c1db31ecaa9d7561fb6c42d4d5e7c,00d1e59ce78baffbf9d24361ac8ba16a1d577b22cb193e15596627259190ed07,0c06b88fd09cd514745b699e6b6a7e12901db8d3247e42b582feaf1f7e91c04a,1eafe424a4c718d6a3b18cff938036f958858c70b344740788993b119bfbb04b,9c2f903993167fc2a228b3cfe60a23fe33f57f252bae6299458338cb8eb967ad,3f630dfcc8a1c2a19b093e7fe0f4bdc7f830fef42266fcf1156112f0eb959046,11f4fe862570895441036964a9b308e92c2ee6ba8a87b5da9009ffd5208a4bda,2c6d6a597c6b1b321c4f632291c22dfe5788a058fe82fd65114a5a59d5d0be83,3a365f5dd3e9d410585a34695bb444d67b220c4b40a9348288a540078bc27f75
temporal,B0,False,2020-07-19,landsat-8,1050,68,210,210,210,131,79,79,0.2,0.6238095238095238,0.6238095238095238,0.3761904761904762,3b188221263ad4673846ce5170fa622b5395e51a4aaa750114e1793d3986975b,55416c987a2d25f9177dd974307ae595761c1db31ecaa9d7561fb6c42d4d5e7c,00d1e59ce78baffbf9d24361ac8ba16a1d577b22cb193e15596627259190ed07,0c06b88fd09cd514745b699e6b6a7e12901db8d3247e42b582feaf1f7e91c04a,1eafe424a4c718d6a3b18cff938036f958858c70b344740788993b119bfbb04b,9c2f903993167fc2a228b3cfe60a23fe33f57f252bae6299458338cb8eb967ad,3f630dfcc8a1c2a19b093e7fe0f4bdc7f830fef42266fcf1156112f0eb959046,11f4fe862570895441036964a9b308e92c2ee6ba8a87b5da9009ffd5208a4bda,2c6d6a597c6b1b321c4f632291c22dfe5788a058fe82fd65114a5a59d5d0be83,3a365f5dd3e9d410585a34695bb444d67b220c4b40a9348288a540078bc27f75
temporal,B0,False,2020-08-20,landsat-8,1080,71,216,216,216,88,128,128,0.2,0.4074074074074074,0.4074074074074074,0.5925925925925926,3b188221263ad4673846ce5170fa622b5395e51a4aaa750114e1793d3986975b,55416c987a2d25f9177dd974307ae595761c1db31ecaa9d7561fb6c42d4d5e7c,00d1e59ce78baffbf9d24361ac8ba16a1d577b22cb193e15596627259190ed07,0c06b88fd09cd514745b699e6b6a7e12901db8d3247e42b582feaf1f7e91c04a,1eafe424a4c718d6a3b18cff938036f958858c70b344740788993b119bfbb04b,9c2f903993167fc2a228b3cfe60a23fe33f57f252bae6299458338cb8eb967ad,3f630dfcc8a1c2a19b093e7fe0f4bdc7f830fef42266fcf1156112f0eb959046,11f4fe862570895441036964a9b308e92c2ee6ba8a87b5da9009ffd5208a4bda,2c6d6a597c6b1b321c4f632291c22dfe5788a058fe82fd65114a5a59d5d0be83,3a365f5dd3e9d410585a34695bb444d67b220c4b40a9348288a540078bc27f75
temporal,B0,False,2020-09-05,landsat-8,1086,71,218,218,218,145,73,73,0.2007366482504604,0.6651376146788991,0.6651376146788991,0.3348623853211009,3b188221263ad4673846ce5170fa622b5395e51a4aaa750114e1793d3986975b,55416c987a2d25f9177dd974307ae595761c1db31ecaa9d7561fb6c42d4d5e7c,00d1e59ce78baffbf9d24361ac8ba16a1d577b22cb193e15596627259190ed07,0c06b88fd09cd514745b699e6b6a7e12901db8d3247e42b582feaf1f7e91c04a,1eafe424a4c718d6a3b18cff938036f958858c70b344740788993b119bfbb04b,9c2f903993167fc2a228b3cfe60a23fe33f57f252bae6299458338cb8eb967ad,3f630dfcc8a1c2a19b093e7fe0f4bdc7f830fef42266fcf1156112f0eb959046,11f4fe862570895441036964a9b308e92c2ee6ba8a87b5da9009ffd5208a4bda,2c6d6a597c6b1b321c4f632291c22dfe5788a058fe82fd65114a5a59d5d0be83,3a365f5dd3e9d410585a34695bb444d67b220c4b40a9348288a540078bc27f75
temporal,B0,False,2021-07-06,landsat-8,1068,66,214,214,214,92,122,122,0.20037453183520598,0.42990654205607476,0.42990654205607476,0.5700934579439252,3b188221263ad4673846ce5170fa622b5395e51a4aaa750114e1793d3986975b,55416c987a2d25f9177dd974307ae595761c1db31ecaa9d7561fb6c42d4d5e7c,00d1e59ce78baffbf9d24361ac8ba16a1d577b22cb193e15596627259190ed07,0c06b88fd09cd514745b699e6b6a7e12901db8d3247e42b582feaf1f7e91c04a,1eafe424a4c718d6a3b18cff938036f958858c70b344740788993b119bfbb04b,9c2f903993167fc2a228b3cfe60a23fe33f57f252bae6299458338cb8eb967ad,3f630dfcc8a1c2a19b093e7fe0f4bdc7f830fef42266fcf1156112f0eb959046,11f4fe862570895441036964a9b308e92c2ee6ba8a87b5da9009ffd5208a4bda,2c6d6a597c6b1b321c4f632291c22dfe5788a058fe82fd65114a5a59d5d0be83,3a365f5dd3e9d410585a34695bb444d67b220c4b40a9348288a540078bc27f75
temporal,B0,False,2021-08-07,landsat-8,1064,69,213,213,213,119,94,94,0.20018796992481203,0.5586854460093896,0.5586854460093896,0.4413145539906103,3b188221263ad4673846ce5170fa622b5395e51a4aaa750114e1793d3986975b,55416c987a2d25f9177dd974307ae595761c1db31ecaa9d7561fb6c42d4d5e7c,00d1e59ce78baffbf9d24361ac8ba16a1d577b22cb193e15596627259190ed07,0c06b88fd09cd514745b699e6b6a7e12901db8d3247e42b582feaf1f7e91c04a,1eafe424a4c718d6a3b18cff938036f958858c70b344740788993b119bfbb04b,9c2f903993167fc2a228b3cfe60a23fe33f57f252bae6299458338cb8eb967ad,3f630dfcc8a1c2a19b093e7fe0f4bdc7f830fef42266fcf1156112f0eb959046,11f4fe862570895441036964a9b308e92c2ee6ba8a87b5da9009ffd5208a4bda,2c6d6a597c6b1b321c4f632291c22dfe5788a058fe82fd65114a5a59d5d0be83,3a365f5dd3e9d410585a34695bb444d67b220c4b40a9348288a540078bc27f75
temporal,B0,False,2021-10-26,landsat-8,1094,71,219,219,219,2,217,217,0.20054945054945056,0.0091324200913242,0.0091324200913242,0.9908675799086758,3b188221263ad4673846ce5170fa622b5395e51a4aaa750114e1793d3986975b,55416c987a2d25f9177dd974307ae595761c1db31ecaa9d7561fb6c42d4d5e7c,00d1e59ce78baffbf9d24361ac8ba16a1d577b22cb193e15596627259190ed07,0c06b88fd09cd514745b699e6b6a7e12901db8d3247e42b582feaf1f7e91c04a,1eafe424a4c718d6a3b18cff938036f958858c70b344740788993b119bfbb04b,9c2f903993167fc2a228b3cfe60a23fe33f57f252bae6299458338cb8eb967ad,3f630dfcc8a1c2a19b093e7fe0f4bdc7f830fef42266fcf1156112f0eb959046,11f4fe862570895441036964a9b308e92c2ee6ba8a87b5da9009ffd5208a4bda,2c6d6a597c6b1b321c4f632291c22dfe5788a058fe82fd65114a5a59d5d0be83,3a365f5dd3e9d410585a34695bb444d67b220c4b40a9348288a540078bc27f75
temporal,B0,False,2022-05-30,landsat-9,1055,67,211,211,211,74,137,137,0.2,0.35071090047393366,0.35071090047393366,0.6492890995260664,3b188221263ad4673846ce5170fa622b5395e51a4aaa750114e1793d3986975b,55416c987a2d25f9177dd974307ae595761c1db31ecaa9d7561fb6c42d4d5e7c,00d1e59ce78baffbf9d24361ac8ba16a1d577b22cb193e15596627259190ed07,0c06b88fd09cd514745b699e6b6a7e12901db8d3247e42b582feaf1f7e91c04a,1eafe424a4c718d6a3b18cff938036f958858c70b344740788993b119bfbb04b,9c2f903993167fc2a228b3cfe60a23fe33f57f252bae6299458338cb8eb967ad,3f630dfcc8a1c2a19b093e7fe0f4bdc7f830fef42266fcf1156112f0eb959046,11f4fe862570895441036964a9b308e92c2ee6ba8a87b5da9009ffd5208a4bda,2c6d6a597c6b1b321c4f632291c22dfe5788a058fe82fd65114a5a59d5d0be83,3a365f5dd3e9d410585a34695bb444d67b220c4b40a9348288a540078bc27f75
temporal,B0,False,2022-06-15,landsat-9,1067,69,214,214,214,132,82,82,0.20056232427366447,0.616822429906542,0.616822429906542,0.38317757009345793,3b188221263ad4673846ce5170fa622b5395e51a4aaa750114e1793d3986975b,55416c987a2d25f9177dd974307ae595761c1db31ecaa9d7561fb6c42d4d5e7c,00d1e59ce78baffbf9d24361ac8ba16a1d577b22cb193e15596627259190ed07,0c06b88fd09cd514745b699e6b6a7e12901db8d3247e42b582feaf1f7e91c04a,1eafe424a4c718d6a3b18cff938036f958858c70b344740788993b119bfbb04b,9c2f903993167fc2a228b3cfe60a23fe33f57f252bae6299458338cb8eb967ad,3f630dfcc8a1c2a19b093e7fe0f4bdc7f830fef42266fcf1156112f0eb959046,11f4fe862570895441036964a9b308e92c2ee6ba8a87b5da9009ffd5208a4bda,2c6d6a597c6b1b321c4f632291c22dfe5788a058fe82fd65114a5a59d5d0be83,3a365f5dd3e9d410585a34695bb444d67b220c4b40a9348288a540078bc27f75
temporal,B0,False,2022-06-23,landsat-8,1059,69,212,212,212,129,83,83,0.20018885741265344,0.6084905660377359,0.6084905660377359,0.3915094339622642,3b188221263ad4673846ce5170fa622b5395e51a4aaa750114e1793d3986975b,55416c987a2d25f9177dd974307ae595761c1db31ecaa9d7561fb6c42d4d5e7c,00d1e59ce78baffbf9d24361ac8ba16a1d577b22cb193e15596627259190ed07,0c06b88fd09cd514745b699e6b6a7e12901db8d3247e42b582feaf1f7e91c04a,1eafe424a4c718d6a3b18cff938036f958858c70b344740788993b119bfbb04b,9c2f903993167fc2a228b3cfe60a23fe33f57f252bae6299458338cb8eb967ad,3f630dfcc8a1c2a19b093e7fe0f4bdc7f830fef42266fcf1156112f0eb959046,11f4fe862570895441036964a9b308e92c2ee6ba8a87b5da9009ffd5208a4bda,2c6d6a597c6b1b321c4f632291c22dfe5788a058fe82fd65114a5a59d5d0be83,3a365f5dd3e9d410585a34695bb444d67b220c4b40a9348288a540078bc27f75
temporal,B0,False,2022-07-01,landsat-9,1072,70,215,215,215,97,118,118,0.20055970149253732,0.4511627906976744,0.4511627906976744,0.5488372093023256,3b188221263ad4673846ce5170fa622b5395e51a4aaa750114e1793d3986975b,55416c987a2d25f9177dd974307ae595761c1db31ecaa9d7561fb6c42d4d5e7c,00d1e59ce78baffbf9d24361ac8ba16a1d577b22cb193e15596627259190ed07,0c06b88fd09cd514745b699e6b6a7e12901db8d3247e42b582feaf1f7e91c04a,1eafe424a4c718d6a3b18cff938036f958858c70b344740788993b119bfbb04b,9c2f903993167fc2a228b3cfe60a23fe33f57f252bae6299458338cb8eb967ad,3f630dfcc8a1c2a19b093e7fe0f4bdc7f830fef42266fcf1156112f0eb959046,11f4fe862570895441036964a9b308e92c2ee6ba8a87b5da9009ffd5208a4bda,2c6d6a597c6b1b321c4f632291c22dfe5788a058fe82fd65114a5a59d5d0be83,3a365f5dd3e9d410585a34695bb444d67b220c4b40a9348288a540078bc27f75
temporal,B0,False,2022-07-09,landsat-8,1050,67,210,210,210,127,83,83,0.2,0.6047619047619047,0.6047619047619047,0.3952380952380952,3b188221263ad4673846ce5170fa622b5395e51a4aaa750114e1793d3986975b,55416c987a2d25f9177dd974307ae595761c1db31ecaa9d7561fb6c42d4d5e7c,00d1e59ce78baffbf9d24361ac8ba16a1d577b22cb193e15596627259190ed07,0c06b88fd09cd514745b699e6b6a7e12901db8d3247e42b582feaf1f7e91c04a,1eafe424a4c718d6a3b18cff938036f958858c70b344740788993b119bfbb04b,9c2f903993167fc2a228b3cfe60a23fe33f57f252bae6299458338cb8eb967ad,3f630dfcc8a1c2a19b093e7fe0f4bdc7f830fef42266fcf1156112f0eb959046,11f4fe862570895441036964a9b308e92c2ee6ba8a87b5da9009ffd5208a4bda,2c6d6a597c6b1b321c4f632291c22dfe5788a058fe82fd65114a5a59d5d0be83,3a365f5dd3e9d410585a34695bb444d67b220c4b40a9348288a540078bc27f75
temporal,B0,False,2022-07-25,landsat-8,1054,68,211,211,211,115,96,96,0.20018975332068312,0.5450236966824644,0.5450236966824644,0.4549763033175355,3b188221263ad4673846ce5170fa622b5395e51a4aaa750114e1793d3986975b,55416c987a2d25f9177dd974307ae595761c1db31ecaa9d7561fb6c42d4d5e7c,00d1e59ce78baffbf9d24361ac8ba16a1d577b22cb193e15596627259190ed07,0c06b88fd09cd514745b699e6b6a7e12901db8d3247e42b582feaf1f7e91c04a,1eafe424a4c718d6a3b18cff938036f958858c70b344740788993b119bfbb04b,9c2f903993167fc2a228b3cfe60a23fe33f57f252bae6299458338cb8eb967ad,3f630dfcc8a1c2a19b093e7fe0f4bdc7f830fef42266fcf1156112f0eb959046,11f4fe862570895441036964a9b308e92c2ee6ba8a87b5da9009ffd5208a4bda,2c6d6a597c6b1b321c4f632291c22dfe5788a058fe82fd65114a5a59d5d0be83,3a365f5dd3e9d410585a34695bb444d67b220c4b40a9348288a540078bc27f75
temporal,B0,False,2022-08-02,landsat-9,1026,67,206,206,206,132,74,74,0.20077972709551656,0.6407766990291263,0.6407766990291263,0.3592233009708738,3b188221263ad4673846ce5170fa622b5395e51a4aaa750114e1793d3986975b,55416c987a2d25f9177dd974307ae595761c1db31ecaa9d7561fb6c42d4d5e7c,00d1e59ce78baffbf9d24361ac8ba16a1d577b22cb193e15596627259190ed07,0c06b88fd09cd514745b699e6b6a7e12901db8d3247e42b582feaf1f7e91c04a,1eafe424a4c718d6a3b18cff938036f958858c70b344740788993b119bfbb04b,9c2f903993167fc2a228b3cfe60a23fe33f57f252bae6299458338cb8eb967ad,3f630dfcc8a1c2a19b093e7fe0f4bdc7f830fef42266fcf1156112f0eb959046,11f4fe862570895441036964a9b308e92c2ee6ba8a87b5da9009ffd5208a4bda,2c6d6a597c6b1b321c4f632291c22dfe5788a058fe82fd65114a5a59d5d0be83,3a365f5dd3e9d410585a34695bb444d67b220c4b40a9348288a540078bc27f75
temporal,B0,False,2022-08-26,landsat-8,1058,69,212,212,212,133,79,79,0.2003780718336484,0.6273584905660378,0.6273584905660378,0.37264150943396224,3b188221263ad4673846ce5170fa622b5395e51a4aaa750114e1793d3986975b,55416c987a2d25f9177dd974307ae595761c1db31ecaa9d7561fb6c42d4d5e7c,00d1e59ce78baffbf9d24361ac8ba16a1d577b22cb193e15596627259190ed07,0c06b88fd09cd514745b699e6b6a7e12901db8d3247e42b582feaf1f7e91c04a,1eafe424a4c718d6a3b18cff938036f958858c70b344740788993b119bfbb04b,9c2f903993167fc2a228b3cfe60a23fe33f57f252bae6299458338cb8eb967ad,3f630dfcc8a1c2a19b093e7fe0f4bdc7f830fef42266fcf1156112f0eb959046,11f4fe862570895441036964a9b308e92c2ee6ba8a87b5da9009ffd5208a4bda,2c6d6a597c6b1b321c4f632291c22dfe5788a058fe82fd65114a5a59d5d0be83,3a365f5dd3e9d410585a34695bb444d67b220c4b40a9348288a540078bc27f75
temporal,B0,False,2022-09-03,landsat-9,1085,71,217,217,217,107,110,110,0.2,0.4930875576036866,0.4930875576036866,0.5069124423963134,3b188221263ad4673846ce5170fa622b5395e51a4aaa750114e1793d3986975b,55416c987a2d25f9177dd974307ae595761c1db31ecaa9d7561fb6c42d4d5e7c,00d1e59ce78baffbf9d24361ac8ba16a1d577b22cb193e15596627259190ed07,0c06b88fd09cd514745b699e6b6a7e12901db8d3247e42b582feaf1f7e91c04a,1eafe424a4c718d6a3b18cff938036f958858c70b344740788993b119bfbb04b,9c2f903993167fc2a228b3cfe60a23fe33f57f252bae6299458338cb8eb967ad,3f630dfcc8a1c2a19b093e7fe0f4bdc7f830fef42266fcf1156112f0eb959046,11f4fe862570895441036964a9b308e92c2ee6ba8a87b5da9009ffd5208a4bda,2c6d6a597c6b1b321c4f632291c22dfe5788a058fe82fd65114a5a59d5d0be83,3a365f5dd3e9d410585a34695bb444d67b220c4b40a9348288a540078bc27f75
temporal,B0,False,2022-09-27,landsat-8,1081,71,217,217,217,154,63,63,0.20074005550416282,0.7096774193548387,0.7096774193548387,0.2903225806451613,3b188221263ad4673846ce5170fa622b5395e51a4aaa750114e1793d3986975b,55416c987a2d25f9177dd974307ae595761c1db31ecaa9d7561fb6c42d4d5e7c,00d1e59ce78baffbf9d24361ac8ba16a1d577b22cb193e15596627259190ed07,0c06b88fd09cd514745b699e6b6a7e12901db8d3247e42b582feaf1f7e91c04a,1eafe424a4c718d6a3b18cff938036f958858c70b344740788993b119bfbb04b,9c2f903993167fc2a228b3cfe60a23fe33f57f252bae6299458338cb8eb967ad,3f630dfcc8a1c2a19b093e7fe0f4bdc7f830fef42266fcf1156112f0eb959046,11f4fe862570895441036964a9b308e92c2ee6ba8a87b5da9009ffd5208a4bda,2c6d6a597c6b1b321c4f632291c22dfe5788a058fe82fd65114a5a59d5d0be83,3a365f5dd3e9d410585a34695bb444d67b220c4b40a9348288a540078bc27f75
temporal,B0,False,2023-06-26,landsat-8,1038,62,208,208,208,99,109,109,0.2003853564547206,0.47596153846153844,0.47596153846153844,0.5240384615384616,3b188221263ad4673846ce5170fa622b5395e51a4aaa750114e1793d3986975b,55416c987a2d25f9177dd974307ae595761c1db31ecaa9d7561fb6c42d4d5e7c,00d1e59ce78baffbf9d24361ac8ba16a1d577b22cb193e15596627259190ed07,0c06b88fd09cd514745b699e6b6a7e12901db8d3247e42b582feaf1f7e91c04a,1eafe424a4c718d6a3b18cff938036f958858c70b344740788993b119bfbb04b,9c2f903993167fc2a228b3cfe60a23fe33f57f252bae6299458338cb8eb967ad,3f630dfcc8a1c2a19b093e7fe0f4bdc7f830fef42266fcf1156112f0eb959046,11f4fe862570895441036964a9b308e92c2ee6ba8a87b5da9009ffd5208a4bda,2c6d6a597c6b1b321c4f632291c22dfe5788a058fe82fd65114a5a59d5d0be83,3a365f5dd3e9d410585a34695bb444d67b220c4b40a9348288a540078bc27f75
temporal,B0,False,2023-07-04,landsat-9,1059,66,212,212,212,60,152,152,0.20018885741265344,0.2830188679245283,0.2830188679245283,0.7169811320754716,3b188221263ad4673846ce5170fa622b5395e51a4aaa750114e1793d3986975b,55416c987a2d25f9177dd974307ae595761c1db31ecaa9d7561fb6c42d4d5e7c,00d1e59ce78baffbf9d24361ac8ba16a1d577b22cb193e15596627259190ed07,0c06b88fd09cd514745b699e6b6a7e12901db8d3247e42b582feaf1f7e91c04a,1eafe424a4c718d6a3b18cff938036f958858c70b344740788993b119bfbb04b,9c2f903993167fc2a228b3cfe60a23fe33f57f252bae6299458338cb8eb967ad,3f630dfcc8a1c2a19b093e7fe0f4bdc7f830fef42266fcf1156112f0eb959046,11f4fe862570895441036964a9b308e92c2ee6ba8a87b5da9009ffd5208a4bda,2c6d6a597c6b1b321c4f632291c22dfe5788a058fe82fd65114a5a59d5d0be83,3a365f5dd3e9d410585a34695bb444d67b220c4b40a9348288a540078bc27f75
temporal,B0,False,2023-07-12,landsat-8,1060,69,212,212,212,96,116,116,0.2,0.4528301886792453,0.4528301886792453,0.5471698113207547,3b188221263ad4673846ce5170fa622b5395e51a4aaa750114e1793d3986975b,55416c987a2d25f9177dd974307ae595761c1db31ecaa9d7561fb6c42d4d5e7c,00d1e59ce78baffbf9d24361ac8ba16a1d577b22cb193e15596627259190ed07,0c06b88fd09cd514745b699e6b6a7e12901db8d3247e42b582feaf1f7e91c04a,1eafe424a4c718d6a3b18cff938036f958858c70b344740788993b119bfbb04b,9c2f903993167fc2a228b3cfe60a23fe33f57f252bae6299458338cb8eb967ad,3f630dfcc8a1c2a19b093e7fe0f4bdc7f830fef42266fcf1156112f0eb959046,11f4fe862570895441036964a9b308e92c2ee6ba8a87b5da9009ffd5208a4bda,2c6d6a597c6b1b321c4f632291c22dfe5788a058fe82fd65114a5a59d5d0be83,3a365f5dd3e9d410585a34695bb444d67b220c4b40a9348288a540078bc27f75
temporal,B0,False,2023-07-20,landsat-9,1072,69,215,215,215,138,77,77,0.20055970149253732,0.641860465116279,0.641860465116279,0.3581395348837209,3b188221263ad4673846ce5170fa622b5395e51a4aaa750114e1793d3986975b,55416c987a2d25f9177dd974307ae595761c1db31ecaa9d7561fb6c42d4d5e7c,00d1e59ce78baffbf9d24361ac8ba16a1d577b22cb193e15596627259190ed07,0c06b88fd09cd514745b699e6b6a7e12901db8d3247e42b582feaf1f7e91c04a,1eafe424a4c718d6a3b18cff938036f958858c70b344740788993b119bfbb04b,9c2f903993167fc2a228b3cfe60a23fe33f57f252bae6299458338cb8eb967ad,3f630dfcc8a1c2a19b093e7fe0f4bdc7f830fef42266fcf1156112f0eb959046,11f4fe862570895441036964a9b308e92c2ee6ba8a87b5da9009ffd5208a4bda,2c6d6a597c6b1b321c4f632291c22dfe5788a058fe82fd65114a5a59d5d0be83,3a365f5dd3e9d410585a34695bb444d67b220c4b40a9348288a540078bc27f75
temporal,B0,False,2023-08-05,landsat-9,1076,69,216,216,216,108,108,108,0.20074349442379183,0.5,0.5,0.5,3b188221263ad4673846ce5170fa622b5395e51a4aaa750114e1793d3986975b,55416c987a2d25f9177dd974307ae595761c1db31ecaa9d7561fb6c42d4d5e7c,00d1e59ce78baffbf9d24361ac8ba16a1d577b22cb193e15596627259190ed07,0c06b88fd09cd514745b699e6b6a7e12901db8d3247e42b582feaf1f7e91c04a,1eafe424a4c718d6a3b18cff938036f958858c70b344740788993b119bfbb04b,9c2f903993167fc2a228b3cfe60a23fe33f57f252bae6299458338cb8eb967ad,3f630dfcc8a1c2a19b093e7fe0f4bdc7f830fef42266fcf1156112f0eb959046,11f4fe862570895441036964a9b308e92c2ee6ba8a87b5da9009ffd5208a4bda,2c6d6a597c6b1b321c4f632291c22dfe5788a058fe82fd65114a5a59d5d0be83,3a365f5dd3e9d410585a34695bb444d67b220c4b40a9348288a540078bc27f75
temporal,B0,False,2023-08-13,landsat-8,1063,68,213,213,213,128,85,85,0.20037629350893696,0.6009389671361502,0.6009389671361502,0.39906103286384975,3b188221263ad4673846ce5170fa622b5395e51a4aaa750114e1793d3986975b,55416c987a2d25f9177dd974307ae595761c1db31ecaa9d7561fb6c42d4d5e7c,00d1e59ce78baffbf9d24361ac8ba16a1d577b22cb193e15596627259190ed07,0c06b88fd09cd514745b699e6b6a7e12901db8d3247e42b582feaf1f7e91c04a,1eafe424a4c718d6a3b18cff938036f958858c70b344740788993b119bfbb04b,9c2f903993167fc2a228b3cfe60a23fe33f57f252bae6299458338cb8eb967ad,3f630dfcc8a1c2a19b093e7fe0f4bdc7f830fef42266fcf1156112f0eb959046,11f4fe862570895441036964a9b308e92c2ee6ba8a87b5da9009ffd5208a4bda,2c6d6a597c6b1b321c4f632291c22dfe5788a058fe82fd65114a5a59d5d0be83,3a365f5dd3e9d410585a34695bb444d67b220c4b40a9348288a540078bc27f75
temporal,B0,False,2023-08-29,landsat-8,1088,71,218,218,218,128,90,90,0.20036764705882354,0.5871559633027523,0.5871559633027523,0.41284403669724773,3b188221263ad4673846ce5170fa622b5395e51a4aaa750114e1793d3986975b,55416c987a2d25f9177dd974307ae595761c1db31ecaa9d7561fb6c42d4d5e7c,00d1e59ce78baffbf9d24361ac8ba16a1d577b22cb193e15596627259190ed07,0c06b88fd09cd514745b699e6b6a7e12901db8d3247e42b582feaf1f7e91c04a,1eafe424a4c718d6a3b18cff938036f958858c70b344740788993b119bfbb04b,9c2f903993167fc2a228b3cfe60a23fe33f57f252bae6299458338cb8eb967ad,3f630dfcc8a1c2a19b093e7fe0f4bdc7f830fef42266fcf1156112f0eb959046,11f4fe862570895441036964a9b308e92c2ee6ba8a87b5da9009ffd5208a4bda,2c6d6a597c6b1b321c4f632291c22dfe5788a058fe82fd65114a5a59d5d0be83,3a365f5dd3e9d410585a34695bb444d67b220c4b40a9348288a540078bc27f75
temporal,B0,False,2024-06-20,landsat-9,1050,65,210,210,210,89,121,121,0.2,0.4238095238095238,0.4238095238095238,0.5761904761904761,3b188221263ad4673846ce5170fa622b5395e51a4aaa750114e1793d3986975b,55416c987a2d25f9177dd974307ae595761c1db31ecaa9d7561fb6c42d4d5e7c,00d1e59ce78baffbf9d24361ac8ba16a1d577b22cb193e15596627259190ed07,0c06b88fd09cd514745b699e6b6a7e12901db8d3247e42b582feaf1f7e91c04a,1eafe424a4c718d6a3b18cff938036f958858c70b344740788993b119bfbb04b,9c2f903993167fc2a228b3cfe60a23fe33f57f252bae6299458338cb8eb967ad,3f630dfcc8a1c2a19b093e7fe0f4bdc7f830fef42266fcf1156112f0eb959046,11f4fe862570895441036964a9b308e92c2ee6ba8a87b5da9009ffd5208a4bda,2c6d6a597c6b1b321c4f632291c22dfe5788a058fe82fd65114a5a59d5d0be83,3a365f5dd3e9d410585a34695bb444d67b220c4b40a9348288a540078bc27f75
temporal,B0,False,2024-06-28,landsat-8,1060,69,212,212,212,19,193,193,0.2,0.08962264150943396,0.08962264150943396,0.910377358490566,3b188221263ad4673846ce5170fa622b5395e51a4aaa750114e1793d3986975b,55416c987a2d25f9177dd974307ae595761c1db31ecaa9d7561fb6c42d4d5e7c,00d1e59ce78baffbf9d24361ac8ba16a1d577b22cb193e15596627259190ed07,0c06b88fd09cd514745b699e6b6a7e12901db8d3247e42b582feaf1f7e91c04a,1eafe424a4c718d6a3b18cff938036f958858c70b344740788993b119bfbb04b,9c2f903993167fc2a228b3cfe60a23fe33f57f252bae6299458338cb8eb967ad,3f630dfcc8a1c2a19b093e7fe0f4bdc7f830fef42266fcf1156112f0eb959046,11f4fe862570895441036964a9b308e92c2ee6ba8a87b5da9009ffd5208a4bda,2c6d6a597c6b1b321c4f632291c22dfe5788a058fe82fd65114a5a59d5d0be83,3a365f5dd3e9d410585a34695bb444d67b220c4b40a9348288a540078bc27f75
temporal,B0,False,2024-07-22,landsat-9,976,67,196,196,196,129,67,67,0.20081967213114754,0.6581632653061225,0.6581632653061225,0.34183673469387754,3b188221263ad4673846ce5170fa622b5395e51a4aaa750114e1793d3986975b,55416c987a2d25f9177dd974307ae595761c1db31ecaa9d7561fb6c42d4d5e7c,00d1e59ce78baffbf9d24361ac8ba16a1d577b22cb193e15596627259190ed07,0c06b88fd09cd514745b699e6b6a7e12901db8d3247e42b582feaf1f7e91c04a,1eafe424a4c718d6a3b18cff938036f958858c70b344740788993b119bfbb04b,9c2f903993167fc2a228b3cfe60a23fe33f57f252bae6299458338cb8eb967ad,3f630dfcc8a1c2a19b093e7fe0f4bdc7f830fef42266fcf1156112f0eb959046,11f4fe862570895441036964a9b308e92c2ee6ba8a87b5da9009ffd5208a4bda,2c6d6a597c6b1b321c4f632291c22dfe5788a058fe82fd65114a5a59d5d0be83,3a365f5dd3e9d410585a34695bb444d67b220c4b40a9348288a540078bc27f75
temporal,B0,False,2024-07-30,landsat-8,1064,69,213,213,213,134,79,79,0.20018796992481203,0.6291079812206573,0.6291079812206573,0.37089201877934275,3b188221263ad4673846ce5170fa622b5395e51a4aaa750114e1793d3986975b,55416c987a2d25f9177dd974307ae595761c1db31ecaa9d7561fb6c42d4d5e7c,00d1e59ce78baffbf9d24361ac8ba16a1d577b22cb193e15596627259190ed07,0c06b88fd09cd514745b699e6b6a7e12901db8d3247e42b582feaf1f7e91c04a,1eafe424a4c718d6a3b18cff938036f958858c70b344740788993b119bfbb04b,9c2f903993167fc2a228b3cfe60a23fe33f57f252bae6299458338cb8eb967ad,3f630dfcc8a1c2a19b093e7fe0f4bdc7f830fef42266fcf1156112f0eb959046,11f4fe862570895441036964a9b308e92c2ee6ba8a87b5da9009ffd5208a4bda,2c6d6a597c6b1b321c4f632291c22dfe5788a058fe82fd65114a5a59d5d0be83,3a365f5dd3e9d410585a34695bb444d67b220c4b40a9348288a540078bc27f75
temporal,B0,False,2024-08-15,landsat-8,1083,71,217,217,217,115,102,102,0.20036934441366575,0.5299539170506913,0.5299539170506913,0.4700460829493088,3b188221263ad4673846ce5170fa622b5395e51a4aaa750114e1793d3986975b,55416c987a2d25f9177dd974307ae595761c1db31ecaa9d7561fb6c42d4d5e7c,00d1e59ce78baffbf9d24361ac8ba16a1d577b22cb193e15596627259190ed07,0c06b88fd09cd514745b699e6b6a7e12901db8d3247e42b582feaf1f7e91c04a,1eafe424a4c718d6a3b18cff938036f958858c70b344740788993b119bfbb04b,9c2f903993167fc2a228b3cfe60a23fe33f57f252bae6299458338cb8eb967ad,3f630dfcc8a1c2a19b093e7fe0f4bdc7f830fef42266fcf1156112f0eb959046,11f4fe862570895441036964a9b308e92c2ee6ba8a87b5da9009ffd5208a4bda,2c6d6a597c6b1b321c4f632291c22dfe5788a058fe82fd65114a5a59d5d0be83,3a365f5dd3e9d410585a34695bb444d67b220c4b40a9348288a540078bc27f75
temporal,B0,False,2024-08-23,landsat-9,1041,70,209,209,209,19,190,190,0.20076849183477424,0.09090909090909091,0.09090909090909091,0.9090909090909091,3b188221263ad4673846ce5170fa622b5395e51a4aaa750114e1793d3986975b,55416c987a2d25f9177dd974307ae595761c1db31ecaa9d7561fb6c42d4d5e7c,00d1e59ce78baffbf9d24361ac8ba16a1d577b22cb193e15596627259190ed07,0c06b88fd09cd514745b699e6b6a7e12901db8d3247e42b582feaf1f7e91c04a,1eafe424a4c718d6a3b18cff938036f958858c70b344740788993b119bfbb04b,9c2f903993167fc2a228b3cfe60a23fe33f57f252bae6299458338cb8eb967ad,3f630dfcc8a1c2a19b093e7fe0f4bdc7f830fef42266fcf1156112f0eb959046,11f4fe862570895441036964a9b308e92c2ee6ba8a87b5da9009ffd5208a4bda,2c6d6a597c6b1b321c4f632291c22dfe5788a058fe82fd65114a5a59d5d0be83,3a365f5dd3e9d410585a34695bb444d67b220c4b40a9348288a540078bc27f75
temporal,B0,False,2024-08-31,landsat-8,1048,66,210,210,210,142,68,68,0.20038167938931298,0.6761904761904762,0.6761904761904762,0.3238095238095238,3b188221263ad4673846ce5170fa622b5395e51a4aaa750114e1793d3986975b,55416c987a2d25f9177dd974307ae595761c1db31ecaa9d7561fb6c42d4d5e7c,00d1e59ce78baffbf9d24361ac8ba16a1d577b22cb193e15596627259190ed07,0c06b88fd09cd514745b699e6b6a7e12901db8d3247e42b582feaf1f7e91c04a,1eafe424a4c718d6a3b18cff938036f958858c70b344740788993b119bfbb04b,9c2f903993167fc2a228b3cfe60a23fe33f57f252bae6299458338cb8eb967ad,3f630dfcc8a1c2a19b093e7fe0f4bdc7f830fef42266fcf1156112f0eb959046,11f4fe862570895441036964a9b308e92c2ee6ba8a87b5da9009ffd5208a4bda,2c6d6a597c6b1b321c4f632291c22dfe5788a058fe82fd65114a5a59d5d0be83,3a365f5dd3e9d410585a34695bb444d67b220c4b40a9348288a540078bc27f75
temporal,B0,False,2024-09-08,landsat-9,1087,71,218,218,218,108,110,110,0.20055197792088317,0.4954128440366973,0.4954128440366973,0.5045871559633027,3b188221263ad4673846ce5170fa622b5395e51a4aaa750114e1793d3986975b,55416c987a2d25f9177dd974307ae595761c1db31ecaa9d7561fb6c42d4d5e7c,00d1e59ce78baffbf9d24361ac8ba16a1d577b22cb193e15596627259190ed07,0c06b88fd09cd514745b699e6b6a7e12901db8d3247e42b582feaf1f7e91c04a,1eafe424a4c718d6a3b18cff938036f958858c70b344740788993b119bfbb04b,9c2f903993167fc2a228b3cfe60a23fe33f57f252bae6299458338cb8eb967ad,3f630dfcc8a1c2a19b093e7fe0f4bdc7f830fef42266fcf1156112f0eb959046,11f4fe862570895441036964a9b308e92c2ee6ba8a87b5da9009ffd5208a4bda,2c6d6a597c6b1b321c4f632291c22dfe5788a058fe82fd65114a5a59d5d0be83,3a365f5dd3e9d410585a34695bb444d67b220c4b40a9348288a540078bc27f75
temporal,B0,False,2024-10-18,landsat-8,1091,71,219,219,219,0,219,219,0.20073327222731438,0.0,0.0,1.0,3b188221263ad4673846ce5170fa622b5395e51a4aaa750114e1793d3986975b,55416c987a2d25f9177dd974307ae595761c1db31ecaa9d7561fb6c42d4d5e7c,00d1e59ce78baffbf9d24361ac8ba16a1d577b22cb193e15596627259190ed07,0c06b88fd09cd514745b699e6b6a7e12901db8d3247e42b582feaf1f7e91c04a,1eafe424a4c718d6a3b18cff938036f958858c70b344740788993b119bfbb04b,9c2f903993167fc2a228b3cfe60a23fe33f57f252bae6299458338cb8eb967ad,3f630dfcc8a1c2a19b093e7fe0f4bdc7f830fef42266fcf1156112f0eb959046,11f4fe862570895441036964a9b308e92c2ee6ba8a87b5da9009ffd5208a4bda,2c6d6a597c6b1b321c4f632291c22dfe5788a058fe82fd65114a5a59d5d0be83,3a365f5dd3e9d410585a34695bb444d67b220c4b40a9348288a540078bc27f75
temporal,B1,False,2020-05-16,landsat-8,1061,69,213,213,213,41,172,172,0.2514737187464187,0.19248826291079812,0.19248826291079812,0.8075117370892019,3b188221263ad4673846ce5170fa622b5395e51a4aaa750114e1793d3986975b,55416c987a2d25f9177dd974307ae595761c1db31ecaa9d7561fb6c42d4d5e7c,00d1e59ce78baffbf9d24361ac8ba16a1d577b22cb193e15596627259190ed07,0c06b88fd09cd514745b699e6b6a7e12901db8d3247e42b582feaf1f7e91c04a,1eafe424a4c718d6a3b18cff938036f958858c70b344740788993b119bfbb04b,9c2f903993167fc2a228b3cfe60a23fe33f57f252bae6299458338cb8eb967ad,3f630dfcc8a1c2a19b093e7fe0f4bdc7f830fef42266fcf1156112f0eb959046,11f4fe862570895441036964a9b308e92c2ee6ba8a87b5da9009ffd5208a4bda,2c6d6a597c6b1b321c4f632291c22dfe5788a058fe82fd65114a5a59d5d0be83,3a365f5dd3e9d410585a34695bb444d67b220c4b40a9348288a540078bc27f75
temporal,B1,False,2020-07-03,landsat-8,1073,70,215,215,215,105,110,110,0.387948161905383,0.4883720930232558,0.4883720930232558,0.5116279069767442,3b188221263ad4673846ce5170fa622b5395e51a4aaa750114e1793d3986975b,55416c987a2d25f9177dd974307ae595761c1db31ecaa9d7561fb6c42d4d5e7c,00d1e59ce78baffbf9d24361ac8ba16a1d577b22cb193e15596627259190ed07,0c06b88fd09cd514745b699e6b6a7e12901db8d3247e42b582feaf1f7e91c04a,1eafe424a4c718d6a3b18cff938036f958858c70b344740788993b119bfbb04b,9c2f903993167fc2a228b3cfe60a23fe33f57f252bae6299458338cb8eb967ad,3f630dfcc8a1c2a19b093e7fe0f4bdc7f830fef42266fcf1156112f0eb959046,11f4fe862570895441036964a9b308e92c2ee6ba8a87b5da9009ffd5208a4bda,2c6d6a597c6b1b321c4f632291c22dfe5788a058fe82fd65114a5a59d5d0be83,3a365f5dd3e9d410585a34695bb444d67b220c4b40a9348288a540078bc27f75
temporal,B1,False,2020-07-19,landsat-8,1050,68,210,210,210,135,75,75,0.6145545401557095,0.6428571428571429,0.6428571428571429,0.35714285714285715,3b188221263ad4673846ce5170fa622b5395e51a4aaa750114e1793d3986975b,55416c987a2d25f9177dd974307ae595761c1db31ecaa9d7561fb6c42d4d5e7c,00d1e59ce78baffbf9d24361ac8ba16a1d577b22cb193e15596627259190ed07,0c06b88fd09cd514745b699e6b6a7e12901db8d3247e42b582feaf1f7e91c04a,1eafe424a4c718d6a3b18cff938036f958858c70b344740788993b119bfbb04b,9c2f903993167fc2a228b3cfe60a23fe33f57f252bae6299458338cb8eb967ad,3f630dfcc8a1c2a19b093e7fe0f4bdc7f830fef42266fcf1156112f0eb959046,11f4fe862570895441036964a9b308e92c2ee6ba8a87b5da9009ffd5208a4bda,2c6d6a597c6b1b321c4f632291c22dfe5788a058fe82fd65114a5a59d5d0be83,3a365f5dd3e9d410585a34695bb444d67b220c4b40a9348288a540078bc27f75
temporal,B1,False,2020-08-20,landsat-8,1080,71,216,216,216,66,150,150,0.24150092519249794,0.3055555555555556,0.3055555555555556,0.6944444444444444,3b188221263ad4673846ce5170fa622b5395e51a4aaa750114e1793d3986975b,55416c987a2d25f9177dd974307ae595761c1db31ecaa9d7561fb6c42d4d5e7c,00d1e59ce78baffbf9d24361ac8ba16a1d577b22cb193e15596627259190ed07,0c06b88fd09cd514745b699e6b6a7e12901db8d3247e42b582feaf1f7e91c04a,1eafe424a4c718d6a3b18cff938036f958858c70b344740788993b119bfbb04b,9c2f903993167fc2a228b3cfe60a23fe33f57f252bae6299458338cb8eb967ad,3f630dfcc8a1c2a19b093e7fe0f4bdc7f830fef42266fcf1156112f0eb959046,11f4fe862570895441036964a9b308e92c2ee6ba8a87b5da9009ffd5208a4bda,2c6d6a597c6b1b321c4f632291c22dfe5788a058fe82fd65114a5a59d5d0be83,3a365f5dd3e9d410585a34695bb444d67b220c4b40a9348288a540078bc27f75
temporal,B1,False,2020-09-05,landsat-8,1086,71,218,218,218,143,75,75,0.7132982856163389,0.6559633027522935,0.6559633027522935,0.3440366972477064,3b188221263ad4673846ce5170fa622b5395e51a4aaa750114e1793d3986975b,55416c987a2d25f9177dd974307ae595761c1db31ecaa9d7561fb6c42d4d5e7c,00d1e59ce78baffbf9d24361ac8ba16a1d577b22cb193e15596627259190ed07,0c06b88fd09cd514745b699e6b6a7e12901db8d3247e42b582feaf1f7e91c04a,1eafe424a4c718d6a3b18cff938036f958858c70b344740788993b119bfbb04b,9c2f903993167fc2a228b3cfe60a23fe33f57f252bae6299458338cb8eb967ad,3f630dfcc8a1c2a19b093e7fe0f4bdc7f830fef42266fcf1156112f0eb959046,11f4fe862570895441036964a9b308e92c2ee6ba8a87b5da9009ffd5208a4bda,2c6d6a597c6b1b321c4f632291c22dfe5788a058fe82fd65114a5a59d5d0be83,3a365f5dd3e9d410585a34695bb444d67b220c4b40a9348288a540078bc27f75
temporal,B1,False,2021-07-06,landsat-8,1068,66,214,214,214,83,131,131,0.33416618974225815,0.3878504672897196,0.3878504672897196,0.6121495327102804,3b188221263ad4673846ce5170fa622b5395e51a4aaa750114e1793d3986975b,55416c987a2d25f9177dd974307ae595761c1db31ecaa9d7561fb6c42d4d5e7c,00d1e59ce78baffbf9d24361ac8ba16a1d577b22cb193e15596627259190ed07,0c06b88fd09cd514745b699e6b6a7e12901db8d3247e42b582feaf1f7e91c04a,1eafe424a4c718d6a3b18cff938036f958858c70b344740788993b119bfbb04b,9c2f903993167fc2a228b3cfe60a23fe33f57f252bae6299458338cb8eb967ad,3f630dfcc8a1c2a19b093e7fe0f4bdc7f830fef42266fcf1156112f0eb959046,11f4fe862570895441036964a9b308e92c2ee6ba8a87b5da9009ffd5208a4bda,2c6d6a597c6b1b321c4f632291c22dfe5788a058fe82fd65114a5a59d5d0be83,3a365f5dd3e9d410585a34695bb444d67b220c4b40a9348288a540078bc27f75
temporal,B1,False,2021-08-07,landsat-8,1064,69,213,213,213,67,146,146,0.2996842315295437,0.3145539906103286,0.3145539906103286,0.6854460093896714,3b188221263ad4673846ce5170fa622b5395e51a4aaa750114e1793d3986975b,55416c987a2d25f9177dd974307ae595761c1db31ecaa9d7561fb6c42d4d5e7c,00d1e59ce78baffbf9d24361ac8ba16a1d577b22cb193e15596627259190ed07,0c06b88fd09cd514745b699e6b6a7e12901db8d3247e42b582feaf1f7e91c04a,1eafe424a4c718d6a3b18cff938036f958858c70b344740788993b119bfbb04b,9c2f903993167fc2a228b3cfe60a23fe33f57f252bae6299458338cb8eb967ad,3f630dfcc8a1c2a19b093e7fe0f4bdc7f830fef42266fcf1156112f0eb959046,11f4fe862570895441036964a9b308e92c2ee6ba8a87b5da9009ffd5208a4bda,2c6d6a597c6b1b321c4f632291c22dfe5788a058fe82fd65114a5a59d5d0be83,3a365f5dd3e9d410585a34695bb444d67b220c4b40a9348288a540078bc27f75
temporal,B1,False,2021-10-26,landsat-8,1094,71,219,219,219,68,151,151,0.349446665384053,0.3105022831050228,0.3105022831050228,0.6894977168949772,3b188221263ad4673846ce5170fa622b5395e51a4aaa750114e1793d3986975b,55416c987a2d25f9177dd974307ae595761c1db31ecaa9d7561fb6c42d4d5e7c,00d1e59ce78baffbf9d24361ac8ba16a1d577b22cb193e15596627259190ed07,0c06b88fd09cd514745b699e6b6a7e12901db8d3247e42b582feaf1f7e91c04a,1eafe424a4c718d6a3b18cff938036f958858c70b344740788993b119bfbb04b,9c2f903993167fc2a228b3cfe60a23fe33f57f252bae6299458338cb8eb967ad,3f630dfcc8a1c2a19b093e7fe0f4bdc7f830fef42266fcf1156112f0eb959046,11f4fe862570895441036964a9b308e92c2ee6ba8a87b5da9009ffd5208a4bda,2c6d6a597c6b1b321c4f632291c22dfe5788a058fe82fd65114a5a59d5d0be83,3a365f5dd3e9d410585a34695bb444d67b220c4b40a9348288a540078bc27f75
temporal,B1,False,2022-05-30,landsat-9,1055,67,211,211,211,118,93,93,0.4485573791712815,0.5592417061611374,0.5592417061611374,0.44075829383886256,3b188221263ad4673846ce5170fa622b5395e51a4aaa750114e1793d3986975b,55416c987a2d25f9177dd974307ae595761c1db31ecaa9d7561fb6c42d4d5e7c,00d1e59ce78baffbf9d24361ac8ba16a1d577b22cb193e15596627259190ed07,0c06b88fd09cd514745b699e6b6a7e12901db8d3247e42b582feaf1f7e91c04a,1eafe424a4c718d6a3b18cff938036f958858c70b344740788993b119bfbb04b,9c2f903993167fc2a228b3cfe60a23fe33f57f252bae6299458338cb8eb967ad,3f630dfcc8a1c2a19b093e7fe0f4bdc7f830fef42266fcf1156112f0eb959046,11f4fe862570895441036964a9b308e92c2ee6ba8a87b5da9009ffd5208a4bda,2c6d6a597c6b1b321c4f632291c22dfe5788a058fe82fd65114a5a59d5d0be83,3a365f5dd3e9d410585a34695bb444d67b220c4b40a9348288a540078bc27f75
temporal,B1,False,2022-06-15,landsat-9,1067,69,214,214,214,101,113,113,0.460128457366957,0.4719626168224299,0.4719626168224299,0.5280373831775701,3b188221263ad4673846ce5170fa622b5395e51a4aaa750114e1793d3986975b,55416c987a2d25f9177dd974307ae595761c1db31ecaa9d7561fb6c42d4d5e7c,00d1e59ce78baffbf9d24361ac8ba16a1d577b22cb193e15596627259190ed07,0c06b88fd09cd514745b699e6b6a7e12901db8d3247e42b582feaf1f7e91c04a,1eafe424a4c718d6a3b18cff938036f958858c70b344740788993b119bfbb04b,9c2f903993167fc2a228b3cfe60a23fe33f57f252bae6299458338cb8eb967ad,3f630dfcc8a1c2a19b093e7fe0f4bdc7f830fef42266fcf1156112f0eb959046,11f4fe862570895441036964a9b308e92c2ee6ba8a87b5da9009ffd5208a4bda,2c6d6a597c6b1b321c4f632291c22dfe5788a058fe82fd65114a5a59d5d0be83,3a365f5dd3e9d410585a34695bb444d67b220c4b40a9348288a540078bc27f75
temporal,B1,False,2022-06-23,landsat-8,1059,69,212,212,212,164,48,48,0.7561530052167065,0.7735849056603774,0.7735849056603774,0.22641509433962265,3b188221263ad4673846ce5170fa622b5395e51a4aaa750114e1793d3986975b,55416c987a2d25f9177dd974307ae595761c1db31ecaa9d7561fb6c42d4d5e7c,00d1e59ce78baffbf9d24361ac8ba16a1d577b22cb193e15596627259190ed07,0c06b88fd09cd514745b699e6b6a7e12901db8d3247e42b582feaf1f7e91c04a,1eafe424a4c718d6a3b18cff938036f958858c70b344740788993b119bfbb04b,9c2f903993167fc2a228b3cfe60a23fe33f57f252bae6299458338cb8eb967ad,3f630dfcc8a1c2a19b093e7fe0f4bdc7f830fef42266fcf1156112f0eb959046,11f4fe862570895441036964a9b308e92c2ee6ba8a87b5da9009ffd5208a4bda,2c6d6a597c6b1b321c4f632291c22dfe5788a058fe82fd65114a5a59d5d0be83,3a365f5dd3e9d410585a34695bb444d67b220c4b40a9348288a540078bc27f75
temporal,B1,False,2022-07-01,landsat-9,1072,70,215,215,215,103,112,112,0.3670349774909964,0.4790697674418605,0.4790697674418605,0.5209302325581395,3b188221263ad4673846ce5170fa622b5395e51a4aaa750114e1793d3986975b,55416c987a2d25f9177dd974307ae595761c1db31ecaa9d7561fb6c42d4d5e7c,00d1e59ce78baffbf9d24361ac8ba16a1d577b22cb193e15596627259190ed07,0c06b88fd09cd514745b699e6b6a7e12901db8d3247e42b582feaf1f7e91c04a,1eafe424a4c718d6a3b18cff938036f958858c70b344740788993b119bfbb04b,9c2f903993167fc2a228b3cfe60a23fe33f57f252bae6299458338cb8eb967ad,3f630dfcc8a1c2a19b093e7fe0f4bdc7f830fef42266fcf1156112f0eb959046,11f4fe862570895441036964a9b308e92c2ee6ba8a87b5da9009ffd5208a4bda,2c6d6a597c6b1b321c4f632291c22dfe5788a058fe82fd65114a5a59d5d0be83,3a365f5dd3e9d410585a34695bb444d67b220c4b40a9348288a540078bc27f75
temporal,B1,False,2022-07-09,landsat-8,1050,67,210,210,210,129,81,81,0.5907925641846725,0.6142857142857143,0.6142857142857143,0.38571428571428573,3b188221263ad4673846ce5170fa622b5395e51a4aaa750114e1793d3986975b,55416c987a2d25f9177dd974307ae595761c1db31ecaa9d7561fb6c42d4d5e7c,00d1e59ce78baffbf9d24361ac8ba16a1d577b22cb193e15596627259190ed07,0c06b88fd09cd514745b699e6b6a7e12901db8d3247e42b582feaf1f7e91c04a,1eafe424a4c718d6a3b18cff938036f958858c70b344740788993b119bfbb04b,9c2f903993167fc2a228b3cfe60a23fe33f57f252bae6299458338cb8eb967ad,3f630dfcc8a1c2a19b093e7fe0f4bdc7f830fef42266fcf1156112f0eb959046,11f4fe862570895441036964a9b308e92c2ee6ba8a87b5da9009ffd5208a4bda,2c6d6a597c6b1b321c4f632291c22dfe5788a058fe82fd65114a5a59d5d0be83,3a365f5dd3e9d410585a34695bb444d67b220c4b40a9348288a540078bc27f75
temporal,B1,False,2022-07-25,landsat-8,1054,68,211,211,211,114,97,97,0.4652999349175371,0.5402843601895735,0.5402843601895735,0.4597156398104265,3b188221263ad4673846ce5170fa622b5395e51a4aaa750114e1793d3986975b,55416c987a2d25f9177dd974307ae595761c1db31ecaa9d7561fb6c42d4d5e7c,00d1e59ce78baffbf9d24361ac8ba16a1d577b22cb193e15596627259190ed07,0c06b88fd09cd514745b699e6b6a7e12901db8d3247e42b582feaf1f7e91c04a,1eafe424a4c718d6a3b18cff938036f958858c70b344740788993b119bfbb04b,9c2f903993167fc2a228b3cfe60a23fe33f57f252bae6299458338cb8eb967ad,3f630dfcc8a1c2a19b093e7fe0f4bdc7f830fef42266fcf1156112f0eb959046,11f4fe862570895441036964a9b308e92c2ee6ba8a87b5da9009ffd5208a4bda,2c6d6a597c6b1b321c4f632291c22dfe5788a058fe82fd65114a5a59d5d0be83,3a365f5dd3e9d410585a34695bb444d67b220c4b40a9348288a540078bc27f75
temporal,B1,False,2022-08-02,landsat-9,1026,67,206,206,206,155,51,51,0.7028095167961075,0.7524271844660194,0.7524271844660194,0.24757281553398058,3b188221263ad4673846ce5170fa622b5395e51a4aaa750114e1793d3986975b,55416c987a2d25f9177dd974307ae595761c1db31ecaa9d7561fb6c42d4d5e7c,00d1e59ce78baffbf9d24361ac8ba16a1d577b22cb193e15596627259190ed07,0c06b88fd09cd514745b699e6b6a7e12901db8d3247e42b582feaf1f7e91c04a,1eafe424a4c718d6a3b18cff938036f958858c70b344740788993b119bfbb04b,9c2f903993167fc2a228b3cfe60a23fe33f57f252bae6299458338cb8eb967ad,3f630dfcc8a1c2a19b093e7fe0f4bdc7f830fef42266fcf1156112f0eb959046,11f4fe862570895441036964a9b308e92c2ee6ba8a87b5da9009ffd5208a4bda,2c6d6a597c6b1b321c4f632291c22dfe5788a058fe82fd65114a5a59d5d0be83,3a365f5dd3e9d410585a34695bb444d67b220c4b40a9348288a540078bc27f75
temporal,B1,False,2022-08-26,landsat-8,1058,69,212,212,212,144,68,68,0.674767510407153,0.6792452830188679,0.6792452830188679,0.32075471698113206,3b188221263ad4673846ce5170fa622b5395e51a4aaa750114e1793d3986975b,55416c987a2d25f9177dd974307ae595761c1db31ecaa9d7561fb6c42d4d5e7c,00d1e59ce78baffbf9d24361ac8ba16a1d577b22cb193e15596627259190ed07,0c06b88fd09cd514745b699e6b6a7e12901db8d3247e42b582feaf1f7e91c04a,1eafe424a4c718d6a3b18cff938036f958858c70b344740788993b119bfbb04b,9c2f903993167fc2a228b3cfe60a23fe33f57f252bae6299458338cb8eb967ad,3f630dfcc8a1c2a19b093e7fe0f4bdc7f830fef42266fcf1156112f0eb959046,11f4fe862570895441036964a9b308e92c2ee6ba8a87b5da9009ffd5208a4bda,2c6d6a597c6b1b321c4f632291c22dfe5788a058fe82fd65114a5a59d5d0be83,3a365f5dd3e9d410585a34695bb444d67b220c4b40a9348288a540078bc27f75
temporal,B1,False,2022-09-03,landsat-9,1085,71,217,217,217,111,106,106,0.4895969042096393,0.511520737327189,0.511520737327189,0.48847926267281105,3b188221263ad4673846ce5170fa622b5395e51a4aaa750114e1793d3986975b,55416c987a2d25f9177dd974307ae595761c1db31ecaa9d7561fb6c42d4d5e7c,00d1e59ce78baffbf9d24361ac8ba16a1d577b22cb193e15596627259190ed07,0c06b88fd09cd514745b699e6b6a7e12901db8d3247e42b582feaf1f7e91c04a,1eafe424a4c718d6a3b18cff938036f958858c70b344740788993b119bfbb04b,9c2f903993167fc2a228b3cfe60a23fe33f57f252bae6299458338cb8eb967ad,3f630dfcc8a1c2a19b093e7fe0f4bdc7f830fef42266fcf1156112f0eb959046,11f4fe862570895441036964a9b308e92c2ee6ba8a87b5da9009ffd5208a4bda,2c6d6a597c6b1b321c4f632291c22dfe5788a058fe82fd65114a5a59d5d0be83,3a365f5dd3e9d410585a34695bb444d67b220c4b40a9348288a540078bc27f75
temporal,B1,False,2022-09-27,landsat-8,1081,71,217,217,217,160,57,57,0.8021705502135188,0.7373271889400922,0.7373271889400922,0.2626728110599078,3b188221263ad4673846ce5170fa622b5395e51a4aaa750114e1793d3986975b,55416c987a2d25f9177dd974307ae595761c1db31ecaa9d7561fb6c42d4d5e7c,00d1e59ce78baffbf9d24361ac8ba16a1d577b22cb193e15596627259190ed07,0c06b88fd09cd514745b699e6b6a7e12901db8d3247e42b582feaf1f7e91c04a,1eafe424a4c718d6a3b18cff938036f958858c70b344740788993b119bfbb04b,9c2f903993167fc2a228b3cfe60a23fe33f57f252bae6299458338cb8eb967ad,3f630dfcc8a1c2a19b093e7fe0f4bdc7f830fef42266fcf1156112f0eb959046,11f4fe862570895441036964a9b308e92c2ee6ba8a87b5da9009ffd5208a4bda,2c6d6a597c6b1b321c4f632291c22dfe5788a058fe82fd65114a5a59d5d0be83,3a365f5dd3e9d410585a34695bb444d67b220c4b40a9348288a540078bc27f75
temporal,B1,False,2023-06-26,landsat-8,1038,62,208,208,208,83,125,125,0.31906190474555085,0.39903846153846156,0.39903846153846156,0.6009615384615384,3b188221263ad4673846ce5170fa622b5395e51a4aaa750114e1793d3986975b,55416c987a2d25f9177dd974307ae595761c1db31ecaa9d7561fb6c42d4d5e7c,00d1e59ce78baffbf9d24361ac8ba16a1d577b22cb193e15596627259190ed07,0c06b88fd09cd514745b699e6b6a7e12901db8d3247e42b582feaf1f7e91c04a,1eafe424a4c718d6a3b18cff938036f958858c70b344740788993b119bfbb04b,9c2f903993167fc2a228b3cfe60a23fe33f57f252bae6299458338cb8eb967ad,3f630dfcc8a1c2a19b093e7fe0f4bdc7f830fef42266fcf1156112f0eb959046,11f4fe862570895441036964a9b308e92c2ee6ba8a87b5da9009ffd5208a4bda,2c6d6a597c6b1b321c4f632291c22dfe5788a058fe82fd65114a5a59d5d0be83,3a365f5dd3e9d410585a34695bb444d67b220c4b40a9348288a540078bc27f75
temporal,B1,False,2023-07-04,landsat-9,1059,66,212,212,212,63,149,149,0.21045443932834118,0.2971698113207547,0.2971698113207547,0.7028301886792453,3b188221263ad4673846ce5170fa622b5395e51a4aaa750114e1793d3986975b,55416c987a2d25f9177dd974307ae595761c1db31ecaa9d7561fb6c42d4d5e7c,00d1e59ce78baffbf9d24361ac8ba16a1d577b22cb193e15596627259190ed07,0c06b88fd09cd514745b699e6b6a7e12901db8d3247e42b582feaf1f7e91c04a,1eafe424a4c718d6a3b18cff938036f958858c70b344740788993b119bfbb04b,9c2f903993167fc2a228b3cfe60a23fe33f57f252bae6299458338cb8eb967ad,3f630dfcc8a1c2a19b093e7fe0f4bdc7f830fef42266fcf1156112f0eb959046,11f4fe862570895441036964a9b308e92c2ee6ba8a87b5da9009ffd5208a4bda,2c6d6a597c6b1b321c4f632291c22dfe5788a058fe82fd65114a5a59d5d0be83,3a365f5dd3e9d410585a34695bb444d67b220c4b40a9348288a540078bc27f75
temporal,B1,False,2023-07-12,landsat-8,1060,69,212,212,212,71,141,141,0.31734687838409065,0.33490566037735847,0.33490566037735847,0.6650943396226415,3b188221263ad4673846ce5170fa622b5395e51a4aaa750114e1793d3986975b,55416c987a2d25f9177dd974307ae595761c1db31ecaa9d7561fb6c42d4d5e7c,00d1e59ce78baffbf9d24361ac8ba16a1d577b22cb193e15596627259190ed07,0c06b88fd09cd514745b699e6b6a7e12901db8d3247e42b582feaf1f7e91c04a,1eafe424a4c718d6a3b18cff938036f958858c70b344740788993b119bfbb04b,9c2f903993167fc2a228b3cfe60a23fe33f57f252bae6299458338cb8eb967ad,3f630dfcc8a1c2a19b093e7fe0f4bdc7f830fef42266fcf1156112f0eb959046,11f4fe862570895441036964a9b308e92c2ee6ba8a87b5da9009ffd5208a4bda,2c6d6a597c6b1b321c4f632291c22dfe5788a058fe82fd65114a5a59d5d0be83,3a365f5dd3e9d410585a34695bb444d67b220c4b40a9348288a540078bc27f75
temporal,B1,False,2023-07-20,landsat-9,1072,69,215,215,215,156,59,59,0.7241595077647712,0.7255813953488373,0.7255813953488373,0.2744186046511628,3b188221263ad4673846ce5170fa622b5395e51a4aaa750114e1793d3986975b,55416c987a2d25f9177dd974307ae595761c1db31ecaa9d7561fb6c42d4d5e7c,00d1e59ce78baffbf9d24361ac8ba16a1d577b22cb193e15596627259190ed07,0c06b88fd09cd514745b699e6b6a7e12901db8d3247e42b582feaf1f7e91c04a,1eafe424a4c718d6a3b18cff938036f958858c70b344740788993b119bfbb04b,9c2f903993167fc2a228b3cfe60a23fe33f57f252bae6299458338cb8eb967ad,3f630dfcc8a1c2a19b093e7fe0f4bdc7f830fef42266fcf1156112f0eb959046,11f4fe862570895441036964a9b308e92c2ee6ba8a87b5da9009ffd5208a4bda,2c6d6a597c6b1b321c4f632291c22dfe5788a058fe82fd65114a5a59d5d0be83,3a365f5dd3e9d410585a34695bb444d67b220c4b40a9348288a540078bc27f75
temporal,B1,False,2023-08-05,landsat-9,1076,69,216,216,216,62,154,154,0.29339788089043234,0.28703703703703703,0.28703703703703703,0.7129629629629629,3b188221263ad4673846ce5170fa622b5395e51a4aaa750114e1793d3986975b,55416c987a2d25f9177dd974307ae595761c1db31ecaa9d7561fb6c42d4d5e7c,00d1e59ce78baffbf9d24361ac8ba16a1d577b22cb193e15596627259190ed07,0c06b88fd09cd514745b699e6b6a7e12901db8d3247e42b582feaf1f7e91c04a,1eafe424a4c718d6a3b18cff938036f958858c70b344740788993b119bfbb04b,9c2f903993167fc2a228b3cfe60a23fe33f57f252bae6299458338cb8eb967ad,3f630dfcc8a1c2a19b093e7fe0f4bdc7f830fef42266fcf1156112f0eb959046,11f4fe862570895441036964a9b308e92c2ee6ba8a87b5da9009ffd5208a4bda,2c6d6a597c6b1b321c4f632291c22dfe5788a058fe82fd65114a5a59d5d0be83,3a365f5dd3e9d410585a34695bb444d67b220c4b40a9348288a540078bc27f75
temporal,B1,False,2023-08-13,landsat-8,1063,68,213,213,213,104,109,109,0.4599508968933059,0.48826291079812206,0.48826291079812206,0.5117370892018779,3b188221263ad4673846ce5170fa622b5395e51a4aaa750114e1793d3986975b,55416c987a2d25f9177dd974307ae595761c1db31ecaa9d7561fb6c42d4d5e7c,00d1e59ce78baffbf9d24361ac8ba16a1d577b22cb193e15596627259190ed07,0c06b88fd09cd514745b699e6b6a7e12901db8d3247e42b582feaf1f7e91c04a,1eafe424a4c718d6a3b18cff938036f958858c70b344740788993b119bfbb04b,9c2f903993167fc2a228b3cfe60a23fe33f57f252bae6299458338cb8eb967ad,3f630dfcc8a1c2a19b093e7fe0f4bdc7f830fef42266fcf1156112f0eb959046,11f4fe862570895441036964a9b308e92c2ee6ba8a87b5da9009ffd5208a4bda,2c6d6a597c6b1b321c4f632291c22dfe5788a058fe82fd65114a5a59d5d0be83,3a365f5dd3e9d410585a34695bb444d67b220c4b40a9348288a540078bc27f75
temporal,B1,False,2023-08-29,landsat-8,1088,71,218,218,218,112,106,106,0.45779759212519155,0.5137614678899083,0.5137614678899083,0.48623853211009177,3b188221263ad4673846ce5170fa622b5395e51a4aaa750114e1793d3986975b,55416c987a2d25f9177dd974307ae595761c1db31ecaa9d7561fb6c42d4d5e7c,00d1e59ce78baffbf9d24361ac8ba16a1d577b22cb193e15596627259190ed07,0c06b88fd09cd514745b699e6b6a7e12901db8d3247e42b582feaf1f7e91c04a,1eafe424a4c718d6a3b18cff938036f958858c70b344740788993b119bfbb04b,9c2f903993167fc2a228b3cfe60a23fe33f57f252bae6299458338cb8eb967ad,3f630dfcc8a1c2a19b093e7fe0f4bdc7f830fef42266fcf1156112f0eb959046,11f4fe862570895441036964a9b308e92c2ee6ba8a87b5da9009ffd5208a4bda,2c6d6a597c6b1b321c4f632291c22dfe5788a058fe82fd65114a5a59d5d0be83,3a365f5dd3e9d410585a34695bb444d67b220c4b40a9348288a540078bc27f75
temporal,B1,False,2024-06-20,landsat-9,1050,65,210,210,210,89,121,121,0.3375883424910067,0.4238095238095238,0.4238095238095238,0.5761904761904761,3b188221263ad4673846ce5170fa622b5395e51a4aaa750114e1793d3986975b,55416c987a2d25f9177dd974307ae595761c1db31ecaa9d7561fb6c42d4d5e7c,00d1e59ce78baffbf9d24361ac8ba16a1d577b22cb193e15596627259190ed07,0c06b88fd09cd514745b699e6b6a7e12901db8d3247e42b582feaf1f7e91c04a,1eafe424a4c718d6a3b18cff938036f958858c70b344740788993b119bfbb04b,9c2f903993167fc2a228b3cfe60a23fe33f57f252bae6299458338cb8eb967ad,3f630dfcc8a1c2a19b093e7fe0f4bdc7f830fef42266fcf1156112f0eb959046,11f4fe862570895441036964a9b308e92c2ee6ba8a87b5da9009ffd5208a4bda,2c6d6a597c6b1b321c4f632291c22dfe5788a058fe82fd65114a5a59d5d0be83,3a365f5dd3e9d410585a34695bb444d67b220c4b40a9348288a540078bc27f75
temporal,B1,False,2024-06-28,landsat-8,1060,69,212,212,212,14,198,198,0.16351703151606437,0.0660377358490566,0.0660377358490566,0.9339622641509434,3b188221263ad4673846ce5170fa622b5395e51a4aaa750114e1793d3986975b,55416c987a2d25f9177dd974307ae595761c1db31ecaa9d7561fb6c42d4d5e7c,00d1e59ce78baffbf9d24361ac8ba16a1d577b22cb193e15596627259190ed07,0c06b88fd09cd514745b699e6b6a7e12901db8d3247e42b582feaf1f7e91c04a,1eafe424a4c718d6a3b18cff938036f958858c70b344740788993b119bfbb04b,9c2f903993167fc2a228b3cfe60a23fe33f57f252bae6299458338cb8eb967ad,3f630dfcc8a1c2a19b093e7fe0f4bdc7f830fef42266fcf1156112f0eb959046,11f4fe862570895441036964a9b308e92c2ee6ba8a87b5da9009ffd5208a4bda,2c6d6a597c6b1b321c4f632291c22dfe5788a058fe82fd65114a5a59d5d0be83,3a365f5dd3e9d410585a34695bb444d67b220c4b40a9348288a540078bc27f75
temporal,B1,False,2024-07-22,landsat-9,976,67,196,196,196,136,60,60,0.6833834372096087,0.6938775510204082,0.6938775510204082,0.30612244897959184,3b188221263ad4673846ce5170fa622b5395e51a4aaa750114e1793d3986975b,55416c987a2d25f9177dd974307ae595761c1db31ecaa9d7561fb6c42d4d5e7c,00d1e59ce78baffbf9d24361ac8ba16a1d577b22cb193e15596627259190ed07,0c06b88fd09cd514745b699e6b6a7e12901db8d3247e42b582feaf1f7e91c04a,1eafe424a4c718d6a3b18cff938036f958858c70b344740788993b119bfbb04b,9c2f903993167fc2a228b3cfe60a23fe33f57f252bae6299458338cb8eb967ad,3f630dfcc8a1c2a19b093e7fe0f4bdc7f830fef42266fcf1156112f0eb959046,11f4fe862570895441036964a9b308e92c2ee6ba8a87b5da9009ffd5208a4bda,2c6d6a597c6b1b321c4f632291c22dfe5788a058fe82fd65114a5a59d5d0be83,3a365f5dd3e9d410585a34695bb444d67b220c4b40a9348288a540078bc27f75
temporal,B1,False,2024-07-30,landsat-8,1064,69,213,213,213,153,60,60,0.7144513721531888,0.7183098591549296,0.7183098591549296,0.28169014084507044,3b188221263ad4673846ce5170fa622b5395e51a4aaa750114e1793d3986975b,55416c987a2d25f9177dd974307ae595761c1db31ecaa9d7561fb6c42d4d5e7c,00d1e59ce78baffbf9d24361ac8ba16a1d577b22cb193e15596627259190ed07,0c06b88fd09cd514745b699e6b6a7e12901db8d3247e42b582feaf1f7e91c04a,1eafe424a4c718d6a3b18cff938036f958858c70b344740788993b119bfbb04b,9c2f903993167fc2a228b3cfe60a23fe33f57f252bae6299458338cb8eb967ad,3f630dfcc8a1c2a19b093e7fe0f4bdc7f830fef42266fcf1156112f0eb959046,11f4fe862570895441036964a9b308e92c2ee6ba8a87b5da9009ffd5208a4bda,2c6d6a597c6b1b321c4f632291c22dfe5788a058fe82fd65114a5a59d5d0be83,3a365f5dd3e9d410585a34695bb444d67b220c4b40a9348288a540078bc27f75
temporal,B1,False,2024-08-15,landsat-8,1083,71,217,217,217,146,71,71,0.6408834938534308,0.6728110599078341,0.6728110599078341,0.3271889400921659,3b188221263ad4673846ce5170fa622b5395e51a4aaa750114e1793d3986975b,55416c987a2d25f9177dd974307ae595761c1db31ecaa9d7561fb6c42d4d5e7c,00d1e59ce78baffbf9d24361ac8ba16a1d577b22cb193e15596627259190ed07,0c06b88fd09cd514745b699e6b6a7e12901db8d3247e42b582feaf1f7e91c04a,1eafe424a4c718d6a3b18cff938036f958858c70b344740788993b119bfbb04b,9c2f903993167fc2a228b3cfe60a23fe33f57f252bae6299458338cb8eb967ad,3f630dfcc8a1c2a19b093e7fe0f4bdc7f830fef42266fcf1156112f0eb959046,11f4fe862570895441036964a9b308e92c2ee6ba8a87b5da9009ffd5208a4bda,2c6d6a597c6b1b321c4f632291c22dfe5788a058fe82fd65114a5a59d5d0be83,3a365f5dd3e9d410585a34695bb444d67b220c4b40a9348288a540078bc27f75
temporal,B1,False,2024-08-23,landsat-9,1041,70,209,209,209,22,187,187,0.16047141373822205,0.10526315789473684,0.10526315789473684,0.8947368421052632,3b188221263ad4673846ce5170fa622b5395e51a4aaa750114e1793d3986975b,55416c987a2d25f9177dd974307ae595761c1db31ecaa9d7561fb6c42d4d5e7c,00d1e59ce78baffbf9d24361ac8ba16a1d577b22cb193e15596627259190ed07,0c06b88fd09cd514745b699e6b6a7e12901db8d3247e42b582feaf1f7e91c04a,1eafe424a4c718d6a3b18cff938036f958858c70b344740788993b119bfbb04b,9c2f903993167fc2a228b3cfe60a23fe33f57f252bae6299458338cb8eb967ad,3f630dfcc8a1c2a19b093e7fe0f4bdc7f830fef42266fcf1156112f0eb959046,11f4fe862570895441036964a9b308e92c2ee6ba8a87b5da9009ffd5208a4bda,2c6d6a597c6b1b321c4f632291c22dfe5788a058fe82fd65114a5a59d5d0be83,3a365f5dd3e9d410585a34695bb444d67b220c4b40a9348288a540078bc27f75
temporal,B1,False,2024-08-31,landsat-8,1048,66,210,210,210,119,91,91,0.5571172129981655,0.5666666666666667,0.5666666666666667,0.43333333333333335,3b188221263ad4673846ce5170fa622b5395e51a4aaa750114e1793d3986975b,55416c987a2d25f9177dd974307ae595761c1db31ecaa9d7561fb6c42d4d5e7c,00d1e59ce78baffbf9d24361ac8ba16a1d577b22cb193e15596627259190ed07,0c06b88fd09cd514745b699e6b6a7e12901db8d3247e42b582feaf1f7e91c04a,1eafe424a4c718d6a3b18cff938036f958858c70b344740788993b119bfbb04b,9c2f903993167fc2a228b3cfe60a23fe33f57f252bae6299458338cb8eb967ad,3f630dfcc8a1c2a19b093e7fe0f4bdc7f830fef42266fcf1156112f0eb959046,11f4fe862570895441036964a9b308e92c2ee6ba8a87b5da9009ffd5208a4bda,2c6d6a597c6b1b321c4f632291c22dfe5788a058fe82fd65114a5a59d5d0be83,3a365f5dd3e9d410585a34695bb444d67b220c4b40a9348288a540078bc27f75
temporal,B1,False,2024-09-08,landsat-9,1087,71,218,218,218,84,134,134,0.3198395378319673,0.3853211009174312,0.3853211009174312,0.6146788990825688,3b188221263ad4673846ce5170fa622b5395e51a4aaa750114e1793d3986975b,55416c987a2d25f9177dd974307ae595761c1db31ecaa9d7561fb6c42d4d5e7c,00d1e59ce78baffbf9d24361ac8ba16a1d577b22cb193e15596627259190ed07,0c06b88fd09cd514745b699e6b6a7e12901db8d3247e42b582feaf1f7e91c04a,1eafe424a4c718d6a3b18cff938036f958858c70b344740788993b119bfbb04b,9c2f903993167fc2a228b3cfe60a23fe33f57f252bae6299458338cb8eb967ad,3f630dfcc8a1c2a19b093e7fe0f4bdc7f830fef42266fcf1156112f0eb959046,11f4fe862570895441036964a9b308e92c2ee6ba8a87b5da9009ffd5208a4bda,2c6d6a597c6b1b321c4f632291c22dfe5788a058fe82fd65114a5a59d5d0be83,3a365f5dd3e9d410585a34695bb444d67b220c4b40a9348288a540078bc27f75
temporal,B1,False,2024-10-18,landsat-8,1091,71,219,219,219,11,208,208,0.13731088321866297,0.0502283105022831,0.0502283105022831,0.9497716894977168,3b188221263ad4673846ce5170fa622b5395e51a4aaa750114e1793d3986975b,55416c987a2d25f9177dd974307ae595761c1db31ecaa9d7561fb6c42d4d5e7c,00d1e59ce78baffbf9d24361ac8ba16a1d577b22cb193e15596627259190ed07,0c06b88fd09cd514745b699e6b6a7e12901db8d3247e42b582feaf1f7e91c04a,1eafe424a4c718d6a3b18cff938036f958858c70b344740788993b119bfbb04b,9c2f903993167fc2a228b3cfe60a23fe33f57f252bae6299458338cb8eb967ad,3f630dfcc8a1c2a19b093e7fe0f4bdc7f830fef42266fcf1156112f0eb959046,11f4fe862570895441036964a9b308e92c2ee6ba8a87b5da9009ffd5208a4bda,2c6d6a597c6b1b321c4f632291c22dfe5788a058fe82fd65114a5a59d5d0be83,3a365f5dd3e9d410585a34695bb444d67b220c4b40a9348288a540078bc27f75
temporal,B2,False,2020-05-16,landsat-8,1061,69,213,213,213,73,140,140,0.3165788057670919,0.3427230046948357,0.3427230046948357,0.6572769953051644,3b188221263ad4673846ce5170fa622b5395e51a4aaa750114e1793d3986975b,55416c987a2d25f9177dd974307ae595761c1db31ecaa9d7561fb6c42d4d5e7c,00d1e59ce78baffbf9d24361ac8ba16a1d577b22cb193e15596627259190ed07,0c06b88fd09cd514745b699e6b6a7e12901db8d3247e42b582feaf1f7e91c04a,1eafe424a4c718d6a3b18cff938036f958858c70b344740788993b119bfbb04b,9c2f903993167fc2a228b3cfe60a23fe33f57f252bae6299458338cb8eb967ad,3f630dfcc8a1c2a19b093e7fe0f4bdc7f830fef42266fcf1156112f0eb959046,11f4fe862570895441036964a9b308e92c2ee6ba8a87b5da9009ffd5208a4bda,2c6d6a597c6b1b321c4f632291c22dfe5788a058fe82fd65114a5a59d5d0be83,3a365f5dd3e9d410585a34695bb444d67b220c4b40a9348288a540078bc27f75
temporal,B2,False,2020-07-03,landsat-8,1073,70,215,215,215,159,56,56,0.7431858671959422,0.7395348837209302,0.7395348837209302,0.26046511627906976,3b188221263ad4673846ce5170fa622b5395e51a4aaa750114e1793d3986975b,55416c987a2d25f9177dd974307ae595761c1db31ecaa9d7561fb6c42d4d5e7c,00d1e59ce78baffbf9d24361ac8ba16a1d577b22cb193e15596627259190ed07,0c06b88fd09cd514745b699e6b6a7e12901db8d3247e42b582feaf1f7e91c04a,1eafe424a4c718d6a3b18cff938036f958858c70b344740788993b119bfbb04b,9c2f903993167fc2a228b3cfe60a23fe33f57f252bae6299458338cb8eb967ad,3f630dfcc8a1c2a19b093e7fe0f4bdc7f830fef42266fcf1156112f0eb959046,11f4fe862570895441036964a9b308e92c2ee6ba8a87b5da9009ffd5208a4bda,2c6d6a597c6b1b321c4f632291c22dfe5788a058fe82fd65114a5a59d5d0be83,3a365f5dd3e9d410585a34695bb444d67b220c4b40a9348288a540078bc27f75
temporal,B2,False,2020-07-19,landsat-8,1050,68,210,210,210,145,65,65,0.7640979295051982,0.6904761904761905,0.6904761904761905,0.30952380952380953,3b188221263ad4673846ce5170fa622b5395e51a4aaa750114e1793d3986975b,55416c987a2d25f9177dd974307ae595761c1db31ecaa9d7561fb6c42d4d5e7c,00d1e59ce78baffbf9d24361ac8ba16a1d577b22cb193e15596627259190ed07,0c06b88fd09cd514745b699e6b6a7e12901db8d3247e42b582feaf1f7e91c04a,1eafe424a4c718d6a3b18cff938036f958858c70b344740788993b119bfbb04b,9c2f903993167fc2a228b3cfe60a23fe33f57f252bae6299458338cb8eb967ad,3f630dfcc8a1c2a19b093e7fe0f4bdc7f830fef42266fcf1156112f0eb959046,11f4fe862570895441036964a9b308e92c2ee6ba8a87b5da9009ffd5208a4bda,2c6d6a597c6b1b321c4f632291c22dfe5788a058fe82fd65114a5a59d5d0be83,3a365f5dd3e9d410585a34695bb444d67b220c4b40a9348288a540078bc27f75
temporal,B2,False,2020-08-20,landsat-8,1080,71,216,216,216,129,87,87,0.5786879052944506,0.5972222222222222,0.5972222222222222,0.4027777777777778,3b188221263ad4673846ce5170fa622b5395e51a4aaa750114e1793d3986975b,55416c987a2d25f9177dd974307ae595761c1db31ecaa9d7561fb6c42d4d5e7c,00d1e59ce78baffbf9d24361ac8ba16a1d577b22cb193e15596627259190ed07,0c06b88fd09cd514745b699e6b6a7e12901db8d3247e42b582feaf1f7e91c04a,1eafe424a4c718d6a3b18cff938036f958858c70b344740788993b119bfbb04b,9c2f903993167fc2a228b3cfe60a23fe33f57f252bae6299458338cb8eb967ad,3f630dfcc8a1c2a19b093e7fe0f4bdc7f830fef42266fcf1156112f0eb959046,11f4fe862570895441036964a9b308e92c2ee6ba8a87b5da9009ffd5208a4bda,2c6d6a597c6b1b321c4f632291c22dfe5788a058fe82fd65114a5a59d5d0be83,3a365f5dd3e9d410585a34695bb444d67b220c4b40a9348288a540078bc27f75
temporal,B2,False,2020-09-05,landsat-8,1086,71,218,218,218,177,41,41,0.8707789582037183,0.8119266055045872,0.8119266055045872,0.18807339449541285,3b188221263ad4673846ce5170fa622b5395e51a4aaa750114e1793d3986975b,55416c987a2d25f9177dd974307ae595761c1db31ecaa9d7561fb6c42d4d5e7c,00d1e59ce78baffbf9d24361ac8ba16a1d577b22cb193e15596627259190ed07,0c06b88fd09cd514745b699e6b6a7e12901db8d3247e42b582feaf1f7e91c04a,1eafe424a4c718d6a3b18cff938036f958858c70b344740788993b119bfbb04b,9c2f903993167fc2a228b3cfe60a23fe33f57f252bae6299458338cb8eb967ad,3f630dfcc8a1c2a19b093e7fe0f4bdc7f830fef42266fcf1156112f0eb959046,11f4fe862570895441036964a9b308e92c2ee6ba8a87b5da9009ffd5208a4bda,2c6d6a597c6b1b321c4f632291c22dfe5788a058fe82fd65114a5a59d5d0be83,3a365f5dd3e9d410585a34695bb444d67b220c4b40a9348288a540078bc27f75
temporal,B2,False,2021-07-06,landsat-8,1068,66,214,214,214,121,93,93,0.6252114057304083,0.5654205607476636,0.5654205607476636,0.43457943925233644,3b188221263ad4673846ce5170fa622b5395e51a4aaa750114e1793d3986975b,55416c987a2d25f9177dd974307ae595761c1db31ecaa9d7561fb6c42d4d5e7c,00d1e59ce78baffbf9d24361ac8ba16a1d577b22cb193e15596627259190ed07,0c06b88fd09cd514745b699e6b6a7e12901db8d3247e42b582feaf1f7e91c04a,1eafe424a4c718d6a3b18cff938036f958858c70b344740788993b119bfbb04b,9c2f903993167fc2a228b3cfe60a23fe33f57f252bae6299458338cb8eb967ad,3f630dfcc8a1c2a19b093e7fe0f4bdc7f830fef42266fcf1156112f0eb959046,11f4fe862570895441036964a9b308e92c2ee6ba8a87b5da9009ffd5208a4bda,2c6d6a597c6b1b321c4f632291c22dfe5788a058fe82fd65114a5a59d5d0be83,3a365f5dd3e9d410585a34695bb444d67b220c4b40a9348288a540078bc27f75
temporal,B2,False,2021-08-07,landsat-8,1064,69,213,213,213,150,63,63,0.7464962601336915,0.704225352112676,0.704225352112676,0.29577464788732394,3b188221263ad4673846ce5170fa622b5395e51a4aaa750114e1793d3986975b,55416c987a2d25f9177dd974307ae595761c1db31ecaa9d7561fb6c42d4d5e7c,00d1e59ce78baffbf9d24361ac8ba16a1d577b22cb193e15596627259190ed07,0c06b88fd09cd514745b699e6b6a7e12901db8d3247e42b582feaf1f7e91c04a,1eafe424a4c718d6a3b18cff938036f958858c70b344740788993b119bfbb04b,9c2f903993167fc2a228b3cfe60a23fe33f57f252bae6299458338cb8eb967ad,3f630dfcc8a1c2a19b093e7fe0f4bdc7f830fef42266fcf1156112f0eb959046,11f4fe862570895441036964a9b308e92c2ee6ba8a87b5da9009ffd5208a4bda,2c6d6a597c6b1b321c4f632291c22dfe5788a058fe82fd65114a5a59d5d0be83,3a365f5dd3e9d410585a34695bb444d67b220c4b40a9348288a540078bc27f75
temporal,B2,False,2021-10-26,landsat-8,1094,71,219,219,219,19,200,200,0.1877849194389003,0.0867579908675799,0.0867579908675799,0.91324200913242,3b188221263ad4673846ce5170fa622b5395e51a4aaa750114e1793d3986975b,55416c987a2d25f9177dd974307ae595761c1db31ecaa9d7561fb6c42d4d5e7c,00d1e59ce78baffbf9d24361ac8ba16a1d577b22cb193e15596627259190ed07,0c06b88fd09cd514745b699e6b6a7e12901db8d3247e42b582feaf1f7e91c04a,1eafe424a4c718d6a3b18cff938036f958858c70b344740788993b119bfbb04b,9c2f903993167fc2a228b3cfe60a23fe33f57f252bae6299458338cb8eb967ad,3f630dfcc8a1c2a19b093e7fe0f4bdc7f830fef42266fcf1156112f0eb959046,11f4fe862570895441036964a9b308e92c2ee6ba8a87b5da9009ffd5208a4bda,2c6d6a597c6b1b321c4f632291c22dfe5788a058fe82fd65114a5a59d5d0be83,3a365f5dd3e9d410585a34695bb444d67b220c4b40a9348288a540078bc27f75
temporal,B2,False,2022-05-30,landsat-9,1055,67,211,211,211,102,109,109,0.44798806793502977,0.4834123222748815,0.4834123222748815,0.5165876777251185,3b188221263ad4673846ce5170fa622b5395e51a4aaa750114e1793d3986975b,55416c987a2d25f9177dd974307ae595761c1db31ecaa9d7561fb6c42d4d5e7c,00d1e59ce78baffbf9d24361ac8ba16a1d577b22cb193e15596627259190ed07,0c06b88fd09cd514745b699e6b6a7e12901db8d3247e42b582feaf1f7e91c04a,1eafe424a4c718d6a3b18cff938036f958858c70b344740788993b119bfbb04b,9c2f903993167fc2a228b3cfe60a23fe33f57f252bae6299458338cb8eb967ad,3f630dfcc8a1c2a19b093e7fe0f4bdc7f830fef42266fcf1156112f0eb959046,11f4fe862570895441036964a9b308e92c2ee6ba8a87b5da9009ffd5208a4bda,2c6d6a597c6b1b321c4f632291c22dfe5788a058fe82fd65114a5a59d5d0be83,3a365f5dd3e9d410585a34695bb444d67b220c4b40a9348288a540078bc27f75
temporal,B2,False,2022-06-15,landsat-9,1067,69,214,214,214,151,63,63,0.7342904915315643,0.705607476635514,0.705607476635514,0.29439252336448596,3b188221263ad4673846ce5170fa622b5395e51a4aaa750114e1793d3986975b,55416c987a2d25f9177dd974307ae595761c1db31ecaa9d7561fb6c42d4d5e7c,00d1e59ce78baffbf9d24361ac8ba16a1d577b22cb193e15596627259190ed07,0c06b88fd09cd514745b699e6b6a7e12901db8d3247e42b582feaf1f7e91c04a,1eafe424a4c718d6a3b18cff938036f958858c70b344740788993b119bfbb04b,9c2f903993167fc2a228b3cfe60a23fe33f57f252bae6299458338cb8eb967ad,3f630dfcc8a1c2a19b093e7fe0f4bdc7f830fef42266fcf1156112f0eb959046,11f4fe862570895441036964a9b308e92c2ee6ba8a87b5da9009ffd5208a4bda,2c6d6a597c6b1b321c4f632291c22dfe5788a058fe82fd65114a5a59d5d0be83,3a365f5dd3e9d410585a34695bb444d67b220c4b40a9348288a540078bc27f75
temporal,B2,False,2022-06-23,landsat-8,1059,69,212,212,212,131,81,81,0.666917070069319,0.6179245283018868,0.6179245283018868,0.38207547169811323,3b188221263ad4673846ce5170fa622b5395e51a4aaa750114e1793d3986975b,55416c987a2d25f9177dd974307ae595761c1db31ecaa9d7561fb6c42d4d5e7c,00d1e59ce78baffbf9d24361ac8ba16a1d577b22cb193e15596627259190ed07,0c06b88fd09cd514745b699e6b6a7e12901db8d3247e42b582feaf1f7e91c04a,1eafe424a4c718d6a3b18cff938036f958858c70b344740788993b119bfbb04b,9c2f903993167fc2a228b3cfe60a23fe33f57f252bae6299458338cb8eb967ad,3f630dfcc8a1c2a19b093e7fe0f4bdc7f830fef42266fcf1156112f0eb959046,11f4fe862570895441036964a9b308e92c2ee6ba8a87b5da9009ffd5208a4bda,2c6d6a597c6b1b321c4f632291c22dfe5788a058fe82fd65114a5a59d5d0be83,3a365f5dd3e9d410585a34695bb444d67b220c4b40a9348288a540078bc27f75
temporal,B2,False,2022-07-01,landsat-9,1072,70,215,215,215,123,92,92,0.561730764416862,0.5720930232558139,0.5720930232558139,0.42790697674418604,3b188221263ad4673846ce5170fa622b5395e51a4aaa750114e1793d3986975b,55416c987a2d25f9177dd974307ae595761c1db31ecaa9d7561fb6c42d4d5e7c,00d1e59ce78baffbf9d24361ac8ba16a1d577b22cb193e15596627259190ed07,0c06b88fd09cd514745b699e6b6a7e12901db8d3247e42b582feaf1f7e91c04a,1eafe424a4c718d6a3b18cff938036f958858c70b344740788993b119bfbb04b,9c2f903993167fc2a228b3cfe60a23fe33f57f252bae6299458338cb8eb967ad,3f630dfcc8a1c2a19b093e7fe0f4bdc7f830fef42266fcf1156112f0eb959046,11f4fe862570895441036964a9b308e92c2ee6ba8a87b5da9009ffd5208a4bda,2c6d6a597c6b1b321c4f632291c22dfe5788a058fe82fd65114a5a59d5d0be83,3a365f5dd3e9d410585a34695bb444d67b220c4b40a9348288a540078bc27f75
temporal,B2,False,2022-07-09,landsat-8,1050,67,210,210,210,131,79,79,0.6752464184226805,0.6238095238095238,0.6238095238095238,0.3761904761904762,3b188221263ad4673846ce5170fa622b5395e51a4aaa750114e1793d3986975b,55416c987a2d25f9177dd974307ae595761c1db31ecaa9d7561fb6c42d4d5e7c,00d1e59ce78baffbf9d24361ac8ba16a1d577b22cb193e15596627259190ed07,0c06b88fd09cd514745b699e6b6a7e12901db8d3247e42b582feaf1f7e91c04a,1eafe424a4c718d6a3b18cff938036f958858c70b344740788993b119bfbb04b,9c2f903993167fc2a228b3cfe60a23fe33f57f252bae6299458338cb8eb967ad,3f630dfcc8a1c2a19b093e7fe0f4bdc7f830fef42266fcf1156112f0eb959046,11f4fe862570895441036964a9b308e92c2ee6ba8a87b5da9009ffd5208a4bda,2c6d6a597c6b1b321c4f632291c22dfe5788a058fe82fd65114a5a59d5d0be83,3a365f5dd3e9d410585a34695bb444d67b220c4b40a9348288a540078bc27f75
temporal,B2,False,2022-07-25,landsat-8,1054,68,211,211,211,135,76,76,0.6821636266713886,0.6398104265402843,0.6398104265402843,0.36018957345971564,3b188221263ad4673846ce5170fa622b5395e51a4aaa750114e1793d3986975b,55416c987a2d25f9177dd974307ae595761c1db31ecaa9d7561fb6c42d4d5e7c,00d1e59ce78baffbf9d24361ac8ba16a1d577b22cb193e15596627259190ed07,0c06b88fd09cd514745b699e6b6a7e12901db8d3247e42b582feaf1f7e91c04a,1eafe424a4c718d6a3b18cff938036f958858c70b344740788993b119bfbb04b,9c2f903993167fc2a228b3cfe60a23fe33f57f252bae6299458338cb8eb967ad,3f630dfcc8a1c2a19b093e7fe0f4bdc7f830fef42266fcf1156112f0eb959046,11f4fe862570895441036964a9b308e92c2ee6ba8a87b5da9009ffd5208a4bda,2c6d6a597c6b1b321c4f632291c22dfe5788a058fe82fd65114a5a59d5d0be83,3a365f5dd3e9d410585a34695bb444d67b220c4b40a9348288a540078bc27f75
temporal,B2,False,2022-08-02,landsat-9,1026,67,206,206,206,134,72,72,0.6999409894611348,0.6504854368932039,0.6504854368932039,0.34951456310679613,3b188221263ad4673846ce5170fa622b5395e51a4aaa750114e1793d3986975b,55416c987a2d25f9177dd974307ae595761c1db31ecaa9d7561fb6c42d4d5e7c,00d1e59ce78baffbf9d24361ac8ba16a1d577b22cb193e15596627259190ed07,0c06b88fd09cd514745b699e6b6a7e12901db8d3247e42b582feaf1f7e91c04a,1eafe424a4c718d6a3b18cff938036f958858c70b344740788993b119bfbb04b,9c2f903993167fc2a228b3cfe60a23fe33f57f252bae6299458338cb8eb967ad,3f630dfcc8a1c2a19b093e7fe0f4bdc7f830fef42266fcf1156112f0eb959046,11f4fe862570895441036964a9b308e92c2ee6ba8a87b5da9009ffd5208a4bda,2c6d6a597c6b1b321c4f632291c22dfe5788a058fe82fd65114a5a59d5d0be83,3a365f5dd3e9d410585a34695bb444d67b220c4b40a9348288a540078bc27f75
temporal,B2,False,2022-08-26,landsat-8,1058,69,212,212,212,133,79,79,0.6580273293189665,0.6273584905660378,0.6273584905660378,0.37264150943396224,3b188221263ad4673846ce5170fa622b5395e51a4aaa750114e1793d3986975b,55416c987a2d25f9177dd974307ae595761c1db31ecaa9d7561fb6c42d4d5e7c,00d1e59ce78baffbf9d24361ac8ba16a1d577b22cb193e15596627259190ed07,0c06b88fd09cd514745b699e6b6a7e12901db8d3247e42b582feaf1f7e91c04a,1eafe424a4c718d6a3b18cff938036f958858c70b344740788993b119bfbb04b,9c2f903993167fc2a228b3cfe60a23fe33f57f252bae6299458338cb8eb967ad,3f630dfcc8a1c2a19b093e7fe0f4bdc7f830fef42266fcf1156112f0eb959046,11f4fe862570895441036964a9b308e92c2ee6ba8a87b5da9009ffd5208a4bda,2c6d6a597c6b1b321c4f632291c22dfe5788a058fe82fd65114a5a59d5d0be83,3a365f5dd3e9d410585a34695bb444d67b220c4b40a9348288a540078bc27f75
temporal,B2,False,2022-09-03,landsat-9,1085,71,217,217,217,130,87,87,0.6472837846988483,0.5990783410138248,0.5990783410138248,0.4009216589861751,3b188221263ad4673846ce5170fa622b5395e51a4aaa750114e1793d3986975b,55416c987a2d25f9177dd974307ae595761c1db31ecaa9d7561fb6c42d4d5e7c,00d1e59ce78baffbf9d24361ac8ba16a1d577b22cb193e15596627259190ed07,0c06b88fd09cd514745b699e6b6a7e12901db8d3247e42b582feaf1f7e91c04a,1eafe424a4c718d6a3b18cff938036f958858c70b344740788993b119bfbb04b,9c2f903993167fc2a228b3cfe60a23fe33f57f252bae6299458338cb8eb967ad,3f630dfcc8a1c2a19b093e7fe0f4bdc7f830fef42266fcf1156112f0eb959046,11f4fe862570895441036964a9b308e92c2ee6ba8a87b5da9009ffd5208a4bda,2c6d6a597c6b1b321c4f632291c22dfe5788a058fe82fd65114a5a59d5d0be83,3a365f5dd3e9d410585a34695bb444d67b220c4b40a9348288a540078bc27f75
temporal,B2,False,2022-09-27,landsat-8,1081,71,217,217,217,150,67,67,0.7294458557142602,0.6912442396313364,0.6912442396313364,0.3087557603686636,3b188221263ad4673846ce5170fa622b5395e51a4aaa750114e1793d3986975b,55416c987a2d25f9177dd974307ae595761c1db31ecaa9d7561fb6c42d4d5e7c,00d1e59ce78baffbf9d24361ac8ba16a1d577b22cb193e15596627259190ed07,0c06b88fd09cd514745b699e6b6a7e12901db8d3247e42b582feaf1f7e91c04a,1eafe424a4c718d6a3b18cff938036f958858c70b344740788993b119bfbb04b,9c2f903993167fc2a228b3cfe60a23fe33f57f252bae6299458338cb8eb967ad,3f630dfcc8a1c2a19b093e7fe0f4bdc7f830fef42266fcf1156112f0eb959046,11f4fe862570895441036964a9b308e92c2ee6ba8a87b5da9009ffd5208a4bda,2c6d6a597c6b1b321c4f632291c22dfe5788a058fe82fd65114a5a59d5d0be83,3a365f5dd3e9d410585a34695bb444d67b220c4b40a9348288a540078bc27f75
temporal,B2,False,2023-06-26,landsat-8,1038,62,208,208,208,132,76,76,0.6303806163943905,0.6346153846153846,0.6346153846153846,0.36538461538461536,3b188221263ad4673846ce5170fa622b5395e51a4aaa750114e1793d3986975b,55416c987a2d25f9177dd974307ae595761c1db31ecaa9d7561fb6c42d4d5e7c,00d1e59ce78baffbf9d24361ac8ba16a1d577b22cb193e15596627259190ed07,0c06b88fd09cd514745b699e6b6a7e12901db8d3247e42b582feaf1f7e91c04a,1eafe424a4c718d6a3b18cff938036f958858c70b344740788993b119bfbb04b,9c2f903993167fc2a228b3cfe60a23fe33f57f252bae6299458338cb8eb967ad,3f630dfcc8a1c2a19b093e7fe0f4bdc7f830fef42266fcf1156112f0eb959046,11f4fe862570895441036964a9b308e92c2ee6ba8a87b5da9009ffd5208a4bda,2c6d6a597c6b1b321c4f632291c22dfe5788a058fe82fd65114a5a59d5d0be83,3a365f5dd3e9d410585a34695bb444d67b220c4b40a9348288a540078bc27f75
temporal,B2,False,2023-07-04,landsat-9,1059,66,212,212,212,75,137,137,0.4154422060401084,0.35377358490566035,0.35377358490566035,0.6462264150943396,3b188221263ad4673846ce5170fa622b5395e51a4aaa750114e1793d3986975b,55416c987a2d25f9177dd974307ae595761c1db31ecaa9d7561fb6c42d4d5e7c,00d1e59ce78baffbf9d24361ac8ba16a1d577b22cb193e15596627259190ed07,0c06b88fd09cd514745b699e6b6a7e12901db8d3247e42b582feaf1f7e91c04a,1eafe424a4c718d6a3b18cff938036f958858c70b344740788993b119bfbb04b,9c2f903993167fc2a228b3cfe60a23fe33f57f252bae6299458338cb8eb967ad,3f630dfcc8a1c2a19b093e7fe0f4bdc7f830fef42266fcf1156112f0eb959046,11f4fe862570895441036964a9b308e92c2ee6ba8a87b5da9009ffd5208a4bda,2c6d6a597c6b1b321c4f632291c22dfe5788a058fe82fd65114a5a59d5d0be83,3a365f5dd3e9d410585a34695bb444d67b220c4b40a9348288a540078bc27f75
temporal,B2,False,2023-07-12,landsat-8,1060,69,212,212,212,130,82,82,0.6299569522105684,0.6132075471698113,0.6132075471698113,0.3867924528301887,3b188221263ad4673846ce5170fa622b5395e51a4aaa750114e1793d3986975b,55416c987a2d25f9177dd974307ae595761c1db31ecaa9d7561fb6c42d4d5e7c,00d1e59ce78baffbf9d24361ac8ba16a1d577b22cb193e15596627259190ed07,0c06b88fd09cd514745b699e6b6a7e12901db8d3247e42b582feaf1f7e91c04a,1eafe424a4c718d6a3b18cff938036f958858c70b344740788993b119bfbb04b,9c2f903993167fc2a228b3cfe60a23fe33f57f252bae6299458338cb8eb967ad,3f630dfcc8a1c2a19b093e7fe0f4bdc7f830fef42266fcf1156112f0eb959046,11f4fe862570895441036964a9b308e92c2ee6ba8a87b5da9009ffd5208a4bda,2c6d6a597c6b1b321c4f632291c22dfe5788a058fe82fd65114a5a59d5d0be83,3a365f5dd3e9d410585a34695bb444d67b220c4b40a9348288a540078bc27f75
temporal,B2,False,2023-07-20,landsat-9,1072,69,215,215,215,152,63,63,0.7520584442931566,0.7069767441860465,0.7069767441860465,0.2930232558139535,3b188221263ad4673846ce5170fa622b5395e51a4aaa750114e1793d3986975b,55416c987a2d25f9177dd974307ae595761c1db31ecaa9d7561fb6c42d4d5e7c,00d1e59ce78baffbf9d24361ac8ba16a1d577b22cb193e15596627259190ed07,0c06b88fd09cd514745b699e6b6a7e12901db8d3247e42b582feaf1f7e91c04a,1eafe424a4c718d6a3b18cff938036f958858c70b344740788993b119bfbb04b,9c2f903993167fc2a228b3cfe60a23fe33f57f252bae6299458338cb8eb967ad,3f630dfcc8a1c2a19b093e7fe0f4bdc7f830fef42266fcf1156112f0eb959046,11f4fe862570895441036964a9b308e92c2ee6ba8a87b5da9009ffd5208a4bda,2c6d6a597c6b1b321c4f632291c22dfe5788a058fe82fd65114a5a59d5d0be83,3a365f5dd3e9d410585a34695bb444d67b220c4b40a9348288a540078bc27f75
temporal,B2,False,2023-08-05,landsat-9,1076,69,216,216,216,130,86,86,0.6376814344129923,0.6018518518518519,0.6018518518518519,0.39814814814814814,3b188221263ad4673846ce5170fa622b5395e51a4aaa750114e1793d3986975b,55416c987a2d25f9177dd974307ae595761c1db31ecaa9d7561fb6c42d4d5e7c,00d1e59ce78baffbf9d24361ac8ba16a1d577b22cb193e15596627259190ed07,0c06b88fd09cd514745b699e6b6a7e12901db8d3247e42b582feaf1f7e91c04a,1eafe424a4c718d6a3b18cff938036f958858c70b344740788993b119bfbb04b,9c2f903993167fc2a228b3cfe60a23fe33f57f252bae6299458338cb8eb967ad,3f630dfcc8a1c2a19b093e7fe0f4bdc7f830fef42266fcf1156112f0eb959046,11f4fe862570895441036964a9b308e92c2ee6ba8a87b5da9009ffd5208a4bda,2c6d6a597c6b1b321c4f632291c22dfe5788a058fe82fd65114a5a59d5d0be83,3a365f5dd3e9d410585a34695bb444d67b220c4b40a9348288a540078bc27f75
temporal,B2,False,2023-08-13,landsat-8,1063,68,213,213,213,156,57,57,0.7688350613551986,0.7323943661971831,0.7323943661971831,0.2676056338028169,3b188221263ad4673846ce5170fa622b5395e51a4aaa750114e1793d3986975b,55416c987a2d25f9177dd974307ae595761c1db31ecaa9d7561fb6c42d4d5e7c,00d1e59ce78baffbf9d24361ac8ba16a1d577b22cb193e15596627259190ed07,0c06b88fd09cd514745b699e6b6a7e12901db8d3247e42b582feaf1f7e91c04a,1eafe424a4c718d6a3b18cff938036f958858c70b344740788993b119bfbb04b,9c2f903993167fc2a228b3cfe60a23fe33f57f252bae6299458338cb8eb967ad,3f630dfcc8a1c2a19b093e7fe0f4bdc7f830fef42266fcf1156112f0eb959046,11f4fe862570895441036964a9b308e92c2ee6ba8a87b5da9009ffd5208a4bda,2c6d6a597c6b1b321c4f632291c22dfe5788a058fe82fd65114a5a59d5d0be83,3a365f5dd3e9d410585a34695bb444d67b220c4b40a9348288a540078bc27f75
temporal,B2,False,2023-08-29,landsat-8,1088,71,218,218,218,160,58,58,0.7634251431216325,0.7339449541284404,0.7339449541284404,0.26605504587155965,3b188221263ad4673846ce5170fa622b5395e51a4aaa750114e1793d3986975b,55416c987a2d25f9177dd974307ae595761c1db31ecaa9d7561fb6c42d4d5e7c,00d1e59ce78baffbf9d24361ac8ba16a1d577b22cb193e15596627259190ed07,0c06b88fd09cd514745b699e6b6a7e12901db8d3247e42b582feaf1f7e91c04a,1eafe424a4c718d6a3b18cff938036f958858c70b344740788993b119bfbb04b,9c2f903993167fc2a228b3cfe60a23fe33f57f252bae6299458338cb8eb967ad,3f630dfcc8a1c2a19b093e7fe0f4bdc7f830fef42266fcf1156112f0eb959046,11f4fe862570895441036964a9b308e92c2ee6ba8a87b5da9009ffd5208a4bda,2c6d6a597c6b1b321c4f632291c22dfe5788a058fe82fd65114a5a59d5d0be83,3a365f5dd3e9d410585a34695bb444d67b220c4b40a9348288a540078bc27f75
temporal,B2,False,2024-06-20,landsat-9,1050,65,210,210,210,123,87,87,0.5852639364023875,0.5857142857142857,0.5857142857142857,0.4142857142857143,3b188221263ad4673846ce5170fa622b5395e51a4aaa750114e1793d3986975b,55416c987a2d25f9177dd974307ae595761c1db31ecaa9d7561fb6c42d4d5e7c,00d1e59ce78baffbf9d24361ac8ba16a1d577b22cb193e15596627259190ed07,0c06b88fd09cd514745b699e6b6a7e12901db8d3247e42b582feaf1f7e91c04a,1eafe424a4c718d6a3b18cff938036f958858c70b344740788993b119bfbb04b,9c2f903993167fc2a228b3cfe60a23fe33f57f252bae6299458338cb8eb967ad,3f630dfcc8a1c2a19b093e7fe0f4bdc7f830fef42266fcf1156112f0eb959046,11f4fe862570895441036964a9b308e92c2ee6ba8a87b5da9009ffd5208a4bda,2c6d6a597c6b1b321c4f632291c22dfe5788a058fe82fd65114a5a59d5d0be83,3a365f5dd3e9d410585a34695bb444d67b220c4b40a9348288a540078bc27f75
temporal,B2,False,2024-06-28,landsat-8,1060,69,212,212,212,44,168,168,0.26693102288760484,0.20754716981132076,0.20754716981132076,0.7924528301886793,3b188221263ad4673846ce5170fa622b5395e51a4aaa750114e1793d3986975b,55416c987a2d25f9177dd974307ae595761c1db31ecaa9d7561fb6c42d4d5e7c,00d1e59ce78baffbf9d24361ac8ba16a1d577b22cb193e15596627259190ed07,0c06b88fd09cd514745b699e6b6a7e12901db8d3247e42b582feaf1f7e91c04a,1eafe424a4c718d6a3b18cff938036f958858c70b344740788993b119bfbb04b,9c2f903993167fc2a228b3cfe60a23fe33f57f252bae6299458338cb8eb967ad,3f630dfcc8a1c2a19b093e7fe0f4bdc7f830fef42266fcf1156112f0eb959046,11f4fe862570895441036964a9b308e92c2ee6ba8a87b5da9009ffd5208a4bda,2c6d6a597c6b1b321c4f632291c22dfe5788a058fe82fd65114a5a59d5d0be83,3a365f5dd3e9d410585a34695bb444d67b220c4b40a9348288a540078bc27f75
temporal,B2,False,2024-07-22,landsat-9,976,67,196,196,196,127,69,69,0.6990239076210044,0.6479591836734694,0.6479591836734694,0.3520408163265306,3b188221263ad4673846ce5170fa622b5395e51a4aaa750114e1793d3986975b,55416c987a2d25f9177dd974307ae595761c1db31ecaa9d7561fb6c42d4d5e7c,00d1e59ce78baffbf9d24361ac8ba16a1d577b22cb193e15596627259190ed07,0c06b88fd09cd514745b699e6b6a7e12901db8d3247e42b582feaf1f7e91c04a,1eafe424a4c718d6a3b18cff938036f958858c70b344740788993b119bfbb04b,9c2f903993167fc2a228b3cfe60a23fe33f57f252bae6299458338cb8eb967ad,3f630dfcc8a1c2a19b093e7fe0f4bdc7f830fef42266fcf1156112f0eb959046,11f4fe862570895441036964a9b308e92c2ee6ba8a87b5da9009ffd5208a4bda,2c6d6a597c6b1b321c4f632291c22dfe5788a058fe82fd65114a5a59d5d0be83,3a365f5dd3e9d410585a34695bb444d67b220c4b40a9348288a540078bc27f75
temporal,B2,False,2024-07-30,landsat-8,1064,69,213,213,213,149,64,64,0.7262557782032991,0.6995305164319249,0.6995305164319249,0.3004694835680751,3b188221263ad4673846ce5170fa622b5395e51a4aaa750114e1793d3986975b,55416c987a2d25f9177dd974307ae595761c1db31ecaa9d7561fb6c42d4d5e7c,00d1e59ce78baffbf9d24361ac8ba16a1d577b22cb193e15596627259190ed07,0c06b88fd09cd514745b699e6b6a7e12901db8d3247e42b582feaf1f7e91c04a,1eafe424a4c718d6a3b18cff938036f958858c70b344740788993b119bfbb04b,9c2f903993167fc2a228b3cfe60a23fe33f57f252bae6299458338cb8eb967ad,3f630dfcc8a1c2a19b093e7fe0f4bdc7f830fef42266fcf1156112f0eb959046,11f4fe862570895441036964a9b308e92c2ee6ba8a87b5da9009ffd5208a4bda,2c6d6a597c6b1b321c4f632291c22dfe5788a058fe82fd65114a5a59d5d0be83,3a365f5dd3e9d410585a34695bb444d67b220c4b40a9348288a540078bc27f75
temporal,B2,False,2024-08-15,landsat-8,1083,71,217,217,217,129,88,88,0.6071434556530664,0.5944700460829493,0.5944700460829493,0.4055299539170507,3b188221263ad4673846ce5170fa622b5395e51a4aaa750114e1793d3986975b,55416c987a2d25f9177dd974307ae595761c1db31ecaa9d7561fb6c42d4d5e7c,00d1e59ce78baffbf9d24361ac8ba16a1d577b22cb193e15596627259190ed07,0c06b88fd09cd514745b699e6b6a7e12901db8d3247e42b582feaf1f7e91c04a,1eafe424a4c718d6a3b18cff938036f958858c70b344740788993b119bfbb04b,9c2f903993167fc2a228b3cfe60a23fe33f57f252bae6299458338cb8eb967ad,3f630dfcc8a1c2a19b093e7fe0f4bdc7f830fef42266fcf1156112f0eb959046,11f4fe862570895441036964a9b308e92c2ee6ba8a87b5da9009ffd5208a4bda,2c6d6a597c6b1b321c4f632291c22dfe5788a058fe82fd65114a5a59d5d0be83,3a365f5dd3e9d410585a34695bb444d67b220c4b40a9348288a540078bc27f75
temporal,B2,False,2024-08-23,landsat-9,1041,70,209,209,209,45,164,164,0.2352570269527392,0.215311004784689,0.215311004784689,0.784688995215311,3b188221263ad4673846ce5170fa622b5395e51a4aaa750114e1793d3986975b,55416c987a2d25f9177dd974307ae595761c1db31ecaa9d7561fb6c42d4d5e7c,00d1e59ce78baffbf9d24361ac8ba16a1d577b22cb193e15596627259190ed07,0c06b88fd09cd514745b699e6b6a7e12901db8d3247e42b582feaf1f7e91c04a,1eafe424a4c718d6a3b18cff938036f958858c70b344740788993b119bfbb04b,9c2f903993167fc2a228b3cfe60a23fe33f57f252bae6299458338cb8eb967ad,3f630dfcc8a1c2a19b093e7fe0f4bdc7f830fef42266fcf1156112f0eb959046,11f4fe862570895441036964a9b308e92c2ee6ba8a87b5da9009ffd5208a4bda,2c6d6a597c6b1b321c4f632291c22dfe5788a058fe82fd65114a5a59d5d0be83,3a365f5dd3e9d410585a34695bb444d67b220c4b40a9348288a540078bc27f75
temporal,B2,False,2024-08-31,landsat-8,1048,66,210,210,210,159,51,51,0.817035760003538,0.7571428571428571,0.7571428571428571,0.24285714285714285,3b188221263ad4673846ce5170fa622b5395e51a4aaa750114e1793d3986975b,55416c987a2d25f9177dd974307ae595761c1db31ecaa9d7561fb6c42d4d5e7c,00d1e59ce78baffbf9d24361ac8ba16a1d577b22cb193e15596627259190ed07,0c06b88fd09cd514745b699e6b6a7e12901db8d3247e42b582feaf1f7e91c04a,1eafe424a4c718d6a3b18cff938036f958858c70b344740788993b119bfbb04b,9c2f903993167fc2a228b3cfe60a23fe33f57f252bae6299458338cb8eb967ad,3f630dfcc8a1c2a19b093e7fe0f4bdc7f830fef42266fcf1156112f0eb959046,11f4fe862570895441036964a9b308e92c2ee6ba8a87b5da9009ffd5208a4bda,2c6d6a597c6b1b321c4f632291c22dfe5788a058fe82fd65114a5a59d5d0be83,3a365f5dd3e9d410585a34695bb444d67b220c4b40a9348288a540078bc27f75
temporal,B2,False,2024-09-08,landsat-9,1087,71,218,218,218,139,79,79,0.6617437281163279,0.6376146788990825,0.6376146788990825,0.3623853211009174,3b188221263ad4673846ce5170fa622b5395e51a4aaa750114e1793d3986975b,55416c987a2d25f9177dd974307ae595761c1db31ecaa9d7561fb6c42d4d5e7c,00d1e59ce78baffbf9d24361ac8ba16a1d577b22cb193e15596627259190ed07,0c06b88fd09cd514745b699e6b6a7e12901db8d3247e42b582feaf1f7e91c04a,1eafe424a4c718d6a3b18cff938036f958858c70b344740788993b119bfbb04b,9c2f903993167fc2a228b3cfe60a23fe33f57f252bae6299458338cb8eb967ad,3f630dfcc8a1c2a19b093e7fe0f4bdc7f830fef42266fcf1156112f0eb959046,11f4fe862570895441036964a9b308e92c2ee6ba8a87b5da9009ffd5208a4bda,2c6d6a597c6b1b321c4f632291c22dfe5788a058fe82fd65114a5a59d5d0be83,3a365f5dd3e9d410585a34695bb444d67b220c4b40a9348288a540078bc27f75
temporal,B2,False,2024-10-18,landsat-8,1091,71,219,219,219,15,204,204,0.17972667899014869,0.0684931506849315,0.0684931506849315,0.9315068493150684,3b188221263ad4673846ce5170fa622b5395e51a4aaa750114e1793d3986975b,55416c987a2d25f9177dd974307ae595761c1db31ecaa9d7561fb6c42d4d5e7c,00d1e59ce78baffbf9d24361ac8ba16a1d577b22cb193e15596627259190ed07,0c06b88fd09cd514745b699e6b6a7e12901db8d3247e42b582feaf1f7e91c04a,1eafe424a4c718d6a3b18cff938036f958858c70b344740788993b119bfbb04b,9c2f903993167fc2a228b3cfe60a23fe33f57f252bae6299458338cb8eb967ad,3f630dfcc8a1c2a19b093e7fe0f4bdc7f830fef42266fcf1156112f0eb959046,11f4fe862570895441036964a9b308e92c2ee6ba8a87b5da9009ffd5208a4bda,2c6d6a597c6b1b321c4f632291c22dfe5788a058fe82fd65114a5a59d5d0be83,3a365f5dd3e9d410585a34695bb444d67b220c4b40a9348288a540078bc27f75
temporal,M1,False,2020-05-16,landsat-8,1061,69,213,213,213,131,82,82,0.6389423547480961,0.6150234741784038,0.6150234741784038,0.38497652582159625,3b188221263ad4673846ce5170fa622b5395e51a4aaa750114e1793d3986975b,55416c987a2d25f9177dd974307ae595761c1db31ecaa9d7561fb6c42d4d5e7c,00d1e59ce78baffbf9d24361ac8ba16a1d577b22cb193e15596627259190ed07,0c06b88fd09cd514745b699e6b6a7e12901db8d3247e42b582feaf1f7e91c04a,1eafe424a4c718d6a3b18cff938036f958858c70b344740788993b119bfbb04b,9c2f903993167fc2a228b3cfe60a23fe33f57f252bae6299458338cb8eb967ad,3f630dfcc8a1c2a19b093e7fe0f4bdc7f830fef42266fcf1156112f0eb959046,11f4fe862570895441036964a9b308e92c2ee6ba8a87b5da9009ffd5208a4bda,2c6d6a597c6b1b321c4f632291c22dfe5788a058fe82fd65114a5a59d5d0be83,3a365f5dd3e9d410585a34695bb444d67b220c4b40a9348288a540078bc27f75
temporal,M1,False,2020-07-03,landsat-8,1073,70,215,215,215,114,101,101,0.5779386846511589,0.5302325581395348,0.5302325581395348,0.4697674418604651,3b188221263ad4673846ce5170fa622b5395e51a4aaa750114e1793d3986975b,55416c987a2d25f9177dd974307ae595761c1db31ecaa9d7561fb6c42d4d5e7c,00d1e59ce78baffbf9d24361ac8ba16a1d577b22cb193e15596627259190ed07,0c06b88fd09cd514745b699e6b6a7e12901db8d3247e42b582feaf1f7e91c04a,1eafe424a4c718d6a3b18cff938036f958858c70b344740788993b119bfbb04b,9c2f903993167fc2a228b3cfe60a23fe33f57f252bae6299458338cb8eb967ad,3f630dfcc8a1c2a19b093e7fe0f4bdc7f830fef42266fcf1156112f0eb959046,11f4fe862570895441036964a9b308e92c2ee6ba8a87b5da9009ffd5208a4bda,2c6d6a597c6b1b321c4f632291c22dfe5788a058fe82fd65114a5a59d5d0be83,3a365f5dd3e9d410585a34695bb444d67b220c4b40a9348288a540078bc27f75
temporal,M1,False,2020-07-19,landsat-8,1050,68,210,210,210,167,43,43,0.8871206739949915,0.7952380952380952,0.7952380952380952,0.20476190476190476,3b188221263ad4673846ce5170fa622b5395e51a4aaa750114e1793d3986975b,55416c987a2d25f9177dd974307ae595761c1db31ecaa9d7561fb6c42d4d5e7c,00d1e59ce78baffbf9d24361ac8ba16a1d577b22cb193e15596627259190ed07,0c06b88fd09cd514745b699e6b6a7e12901db8d3247e42b582feaf1f7e91c04a,1eafe424a4c718d6a3b18cff938036f958858c70b344740788993b119bfbb04b,9c2f903993167fc2a228b3cfe60a23fe33f57f252bae6299458338cb8eb967ad,3f630dfcc8a1c2a19b093e7fe0f4bdc7f830fef42266fcf1156112f0eb959046,11f4fe862570895441036964a9b308e92c2ee6ba8a87b5da9009ffd5208a4bda,2c6d6a597c6b1b321c4f632291c22dfe5788a058fe82fd65114a5a59d5d0be83,3a365f5dd3e9d410585a34695bb444d67b220c4b40a9348288a540078bc27f75
temporal,M1,False,2020-08-20,landsat-8,1080,71,216,216,216,118,98,98,0.6412738074542512,0.5462962962962963,0.5462962962962963,0.4537037037037037,3b188221263ad4673846ce5170fa622b5395e51a4aaa750114e1793d3986975b,55416c987a2d25f9177dd974307ae595761c1db31ecaa9d7561fb6c42d4d5e7c,00d1e59ce78baffbf9d24361ac8ba16a1d577b22cb193e15596627259190ed07,0c06b88fd09cd514745b699e6b6a7e12901db8d3247e42b582feaf1f7e91c04a,1eafe424a4c718d6a3b18cff938036f958858c70b344740788993b119bfbb04b,9c2f903993167fc2a228b3cfe60a23fe33f57f252bae6299458338cb8eb967ad,3f630dfcc8a1c2a19b093e7fe0f4bdc7f830fef42266fcf1156112f0eb959046,11f4fe862570895441036964a9b308e92c2ee6ba8a87b5da9009ffd5208a4bda,2c6d6a597c6b1b321c4f632291c22dfe5788a058fe82fd65114a5a59d5d0be83,3a365f5dd3e9d410585a34695bb444d67b220c4b40a9348288a540078bc27f75
temporal,M1,False,2020-09-05,landsat-8,1086,71,218,218,218,168,50,50,0.8808248171086497,0.7706422018348624,0.7706422018348624,0.22935779816513763,3b188221263ad4673846ce5170fa622b5395e51a4aaa750114e1793d3986975b,55416c987a2d25f9177dd974307ae595761c1db31ecaa9d7561fb6c42d4d5e7c,00d1e59ce78baffbf9d24361ac8ba16a1d577b22cb193e15596627259190ed07,0c06b88fd09cd514745b699e6b6a7e12901db8d3247e42b582feaf1f7e91c04a,1eafe424a4c718d6a3b18cff938036f958858c70b344740788993b119bfbb04b,9c2f903993167fc2a228b3cfe60a23fe33f57f252bae6299458338cb8eb967ad,3f630dfcc8a1c2a19b093e7fe0f4bdc7f830fef42266fcf1156112f0eb959046,11f4fe862570895441036964a9b308e92c2ee6ba8a87b5da9009ffd5208a4bda,2c6d6a597c6b1b321c4f632291c22dfe5788a058fe82fd65114a5a59d5d0be83,3a365f5dd3e9d410585a34695bb444d67b220c4b40a9348288a540078bc27f75
temporal,M1,False,2021-07-06,landsat-8,1068,66,214,214,214,119,95,95,0.5992894469792774,0.5560747663551402,0.5560747663551402,0.4439252336448598,3b188221263ad4673846ce5170fa622b5395e51a4aaa750114e1793d3986975b,55416c987a2d25f9177dd974307ae595761c1db31ecaa9d7561fb6c42d4d5e7c,00d1e59ce78baffbf9d24361ac8ba16a1d577b22cb193e15596627259190ed07,0c06b88fd09cd514745b699e6b6a7e12901db8d3247e42b582feaf1f7e91c04a,1eafe424a4c718d6a3b18cff938036f958858c70b344740788993b119bfbb04b,9c2f903993167fc2a228b3cfe60a23fe33f57f252bae6299458338cb8eb967ad,3f630dfcc8a1c2a19b093e7fe0f4bdc7f830fef42266fcf1156112f0eb959046,11f4fe862570895441036964a9b308e92c2ee6ba8a87b5da9009ffd5208a4bda,2c6d6a597c6b1b321c4f632291c22dfe5788a058fe82fd65114a5a59d5d0be83,3a365f5dd3e9d410585a34695bb444d67b220c4b40a9348288a540078bc27f75
temporal,M1,False,2021-08-07,landsat-8,1064,69,213,213,213,144,69,69,0.6631169638214742,0.676056338028169,0.676056338028169,0.323943661971831,3b188221263ad4673846ce5170fa622b5395e51a4aaa750114e1793d3986975b,55416c987a2d25f9177dd974307ae595761c1db31ecaa9d7561fb6c42d4d5e7c,00d1e59ce78baffbf9d24361ac8ba16a1d577b22cb193e15596627259190ed07,0c06b88fd09cd514745b699e6b6a7e12901db8d3247e42b582feaf1f7e91c04a,1eafe424a4c718d6a3b18cff938036f958858c70b344740788993b119bfbb04b,9c2f903993167fc2a228b3cfe60a23fe33f57f252bae6299458338cb8eb967ad,3f630dfcc8a1c2a19b093e7fe0f4bdc7f830fef42266fcf1156112f0eb959046,11f4fe862570895441036964a9b308e92c2ee6ba8a87b5da9009ffd5208a4bda,2c6d6a597c6b1b321c4f632291c22dfe5788a058fe82fd65114a5a59d5d0be83,3a365f5dd3e9d410585a34695bb444d67b220c4b40a9348288a540078bc27f75
temporal,M1,False,2021-10-26,landsat-8,1094,71,219,219,219,111,108,108,0.4481901257243199,0.5068493150684932,0.5068493150684932,0.4931506849315068,3b188221263ad4673846ce5170fa622b5395e51a4aaa750114e1793d3986975b,55416c987a2d25f9177dd974307ae595761c1db31ecaa9d7561fb6c42d4d5e7c,00d1e59ce78baffbf9d24361ac8ba16a1d577b22cb193e15596627259190ed07,0c06b88fd09cd514745b699e6b6a7e12901db8d3247e42b582feaf1f7e91c04a,1eafe424a4c718d6a3b18cff938036f958858c70b344740788993b119bfbb04b,9c2f903993167fc2a228b3cfe60a23fe33f57f252bae6299458338cb8eb967ad,3f630dfcc8a1c2a19b093e7fe0f4bdc7f830fef42266fcf1156112f0eb959046,11f4fe862570895441036964a9b308e92c2ee6ba8a87b5da9009ffd5208a4bda,2c6d6a597c6b1b321c4f632291c22dfe5788a058fe82fd65114a5a59d5d0be83,3a365f5dd3e9d410585a34695bb444d67b220c4b40a9348288a540078bc27f75
temporal,M1,False,2022-05-30,landsat-9,1055,67,211,211,211,115,96,96,0.5567386167724442,0.5450236966824644,0.5450236966824644,0.4549763033175355,3b188221263ad4673846ce5170fa622b5395e51a4aaa750114e1793d3986975b,55416c987a2d25f9177dd974307ae595761c1db31ecaa9d7561fb6c42d4d5e7c,00d1e59ce78baffbf9d24361ac8ba16a1d577b22cb193e15596627259190ed07,0c06b88fd09cd514745b699e6b6a7e12901db8d3247e42b582feaf1f7e91c04a,1eafe424a4c718d6a3b18cff938036f958858c70b344740788993b119bfbb04b,9c2f903993167fc2a228b3cfe60a23fe33f57f252bae6299458338cb8eb967ad,3f630dfcc8a1c2a19b093e7fe0f4bdc7f830fef42266fcf1156112f0eb959046,11f4fe862570895441036964a9b308e92c2ee6ba8a87b5da9009ffd5208a4bda,2c6d6a597c6b1b321c4f632291c22dfe5788a058fe82fd65114a5a59d5d0be83,3a365f5dd3e9d410585a34695bb444d67b220c4b40a9348288a540078bc27f75
temporal,M1,False,2022-06-15,landsat-9,1067,69,214,214,214,148,66,66,0.7809318237576105,0.6915887850467289,0.6915887850467289,0.308411214953271,3b188221263ad4673846ce5170fa622b5395e51a4aaa750114e1793d3986975b,55416c987a2d25f9177dd974307ae595761c1db31ecaa9d7561fb6c42d4d5e7c,00d1e59ce78baffbf9d24361ac8ba16a1d577b22cb193e15596627259190ed07,0c06b88fd09cd514745b699e6b6a7e12901db8d3247e42b582feaf1f7e91c04a,1eafe424a4c718d6a3b18cff938036f958858c70b344740788993b119bfbb04b,9c2f903993167fc2a228b3cfe60a23fe33f57f252bae6299458338cb8eb967ad,3f630dfcc8a1c2a19b093e7fe0f4bdc7f830fef42266fcf1156112f0eb959046,11f4fe862570895441036964a9b308e92c2ee6ba8a87b5da9009ffd5208a4bda,2c6d6a597c6b1b321c4f632291c22dfe5788a058fe82fd65114a5a59d5d0be83,3a365f5dd3e9d410585a34695bb444d67b220c4b40a9348288a540078bc27f75
temporal,M1,False,2022-06-23,landsat-8,1059,69,212,212,212,178,34,34,0.9123188631529202,0.839622641509434,0.839622641509434,0.16037735849056603,3b188221263ad4673846ce5170fa622b5395e51a4aaa750114e1793d3986975b,55416c987a2d25f9177dd974307ae595761c1db31ecaa9d7561fb6c42d4d5e7c,00d1e59ce78baffbf9d24361ac8ba16a1d577b22cb193e15596627259190ed07,0c06b88fd09cd514745b699e6b6a7e12901db8d3247e42b582feaf1f7e91c04a,1eafe424a4c718d6a3b18cff938036f958858c70b344740788993b119bfbb04b,9c2f903993167fc2a228b3cfe60a23fe33f57f252bae6299458338cb8eb967ad,3f630dfcc8a1c2a19b093e7fe0f4bdc7f830fef42266fcf1156112f0eb959046,11f4fe862570895441036964a9b308e92c2ee6ba8a87b5da9009ffd5208a4bda,2c6d6a597c6b1b321c4f632291c22dfe5788a058fe82fd65114a5a59d5d0be83,3a365f5dd3e9d410585a34695bb444d67b220c4b40a9348288a540078bc27f75
temporal,M1,False,2022-07-01,landsat-9,1072,70,215,215,215,130,85,85,0.6430603324816493,0.6046511627906976,0.6046511627906976,0.3953488372093023,3b188221263ad4673846ce5170fa622b5395e51a4aaa750114e1793d3986975b,55416c987a2d25f9177dd974307ae595761c1db31ecaa9d7561fb6c42d4d5e7c,00d1e59ce78baffbf9d24361ac8ba16a1d577b22cb193e15596627259190ed07,0c06b88fd09cd514745b699e6b6a7e12901db8d3247e42b582feaf1f7e91c04a,1eafe424a4c718d6a3b18cff938036f958858c70b344740788993b119bfbb04b,9c2f903993167fc2a228b3cfe60a23fe33f57f252bae6299458338cb8eb967ad,3f630dfcc8a1c2a19b093e7fe0f4bdc7f830fef42266fcf1156112f0eb959046,11f4fe862570895441036964a9b308e92c2ee6ba8a87b5da9009ffd5208a4bda,2c6d6a597c6b1b321c4f632291c22dfe5788a058fe82fd65114a5a59d5d0be83,3a365f5dd3e9d410585a34695bb444d67b220c4b40a9348288a540078bc27f75
temporal,M1,False,2022-07-09,landsat-8,1050,67,210,210,210,152,58,58,0.8159247251305531,0.7238095238095238,0.7238095238095238,0.2761904761904762,3b188221263ad4673846ce5170fa622b5395e51a4aaa750114e1793d3986975b,55416c987a2d25f9177dd974307ae595761c1db31ecaa9d7561fb6c42d4d5e7c,00d1e59ce78baffbf9d24361ac8ba16a1d577b22cb193e15596627259190ed07,0c06b88fd09cd514745b699e6b6a7e12901db8d3247e42b582feaf1f7e91c04a,1eafe424a4c718d6a3b18cff938036f958858c70b344740788993b119bfbb04b,9c2f903993167fc2a228b3cfe60a23fe33f57f252bae6299458338cb8eb967ad,3f630dfcc8a1c2a19b093e7fe0f4bdc7f830fef42266fcf1156112f0eb959046,11f4fe862570895441036964a9b308e92c2ee6ba8a87b5da9009ffd5208a4bda,2c6d6a597c6b1b321c4f632291c22dfe5788a058fe82fd65114a5a59d5d0be83,3a365f5dd3e9d410585a34695bb444d67b220c4b40a9348288a540078bc27f75
temporal,M1,False,2022-07-25,landsat-8,1054,68,211,211,211,144,67,67,0.7655595765997725,0.6824644549763034,0.6824644549763034,0.3175355450236967,3b188221263ad4673846ce5170fa622b5395e51a4aaa750114e1793d3986975b,55416c987a2d25f9177dd974307ae595761c1db31ecaa9d7561fb6c42d4d5e7c,00d1e59ce78baffbf9d24361ac8ba16a1d577b22cb193e15596627259190ed07,0c06b88fd09cd514745b699e6b6a7e12901db8d3247e42b582feaf1f7e91c04a,1eafe424a4c718d6a3b18cff938036f958858c70b344740788993b119bfbb04b,9c2f903993167fc2a228b3cfe60a23fe33f57f252bae6299458338cb8eb967ad,3f630dfcc8a1c2a19b093e7fe0f4bdc7f830fef42266fcf1156112f0eb959046,11f4fe862570895441036964a9b308e92c2ee6ba8a87b5da9009ffd5208a4bda,2c6d6a597c6b1b321c4f632291c22dfe5788a058fe82fd65114a5a59d5d0be83,3a365f5dd3e9d410585a34695bb444d67b220c4b40a9348288a540078bc27f75
temporal,M1,False,2022-08-02,landsat-9,1026,67,206,206,206,173,33,33,0.9281531769322867,0.8398058252427184,0.8398058252427184,0.16019417475728157,3b188221263ad4673846ce5170fa622b5395e51a4aaa750114e1793d3986975b,55416c987a2d25f9177dd974307ae595761c1db31ecaa9d7561fb6c42d4d5e7c,00d1e59ce78baffbf9d24361ac8ba16a1d577b22cb193e15596627259190ed07,0c06b88fd09cd514745b699e6b6a7e12901db8d3247e42b582feaf1f7e91c04a,1eafe424a4c718d6a3b18cff938036f958858c70b344740788993b119bfbb04b,9c2f903993167fc2a228b3cfe60a23fe33f57f252bae6299458338cb8eb967ad,3f630dfcc8a1c2a19b093e7fe0f4bdc7f830fef42266fcf1156112f0eb959046,11f4fe862570895441036964a9b308e92c2ee6ba8a87b5da9009ffd5208a4bda,2c6d6a597c6b1b321c4f632291c22dfe5788a058fe82fd65114a5a59d5d0be83,3a365f5dd3e9d410585a34695bb444d67b220c4b40a9348288a540078bc27f75
temporal,M1,False,2022-08-26,landsat-8,1058,69,212,212,212,159,53,53,0.8189499034888437,0.75,0.75,0.25,3b188221263ad4673846ce5170fa622b5395e51a4aaa750114e1793d3986975b,55416c987a2d25f9177dd974307ae595761c1db31ecaa9d7561fb6c42d4d5e7c,00d1e59ce78baffbf9d24361ac8ba16a1d577b22cb193e15596627259190ed07,0c06b88fd09cd514745b699e6b6a7e12901db8d3247e42b582feaf1f7e91c04a,1eafe424a4c718d6a3b18cff938036f958858c70b344740788993b119bfbb04b,9c2f903993167fc2a228b3cfe60a23fe33f57f252bae6299458338cb8eb967ad,3f630dfcc8a1c2a19b093e7fe0f4bdc7f830fef42266fcf1156112f0eb959046,11f4fe862570895441036964a9b308e92c2ee6ba8a87b5da9009ffd5208a4bda,2c6d6a597c6b1b321c4f632291c22dfe5788a058fe82fd65114a5a59d5d0be83,3a365f5dd3e9d410585a34695bb444d67b220c4b40a9348288a540078bc27f75
temporal,M1,False,2022-09-03,landsat-9,1085,71,217,217,217,129,88,88,0.6494969617267173,0.5944700460829493,0.5944700460829493,0.4055299539170507,3b188221263ad4673846ce5170fa622b5395e51a4aaa750114e1793d3986975b,55416c987a2d25f9177dd974307ae595761c1db31ecaa9d7561fb6c42d4d5e7c,00d1e59ce78baffbf9d24361ac8ba16a1d577b22cb193e15596627259190ed07,0c06b88fd09cd514745b699e6b6a7e12901db8d3247e42b582feaf1f7e91c04a,1eafe424a4c718d6a3b18cff938036f958858c70b344740788993b119bfbb04b,9c2f903993167fc2a228b3cfe60a23fe33f57f252bae6299458338cb8eb967ad,3f630dfcc8a1c2a19b093e7fe0f4bdc7f830fef42266fcf1156112f0eb959046,11f4fe862570895441036964a9b308e92c2ee6ba8a87b5da9009ffd5208a4bda,2c6d6a597c6b1b321c4f632291c22dfe5788a058fe82fd65114a5a59d5d0be83,3a365f5dd3e9d410585a34695bb444d67b220c4b40a9348288a540078bc27f75
temporal,M1,False,2022-09-27,landsat-8,1081,71,217,217,217,182,35,35,0.9284261469801092,0.8387096774193549,0.8387096774193549,0.16129032258064516,3b188221263ad4673846ce5170fa622b5395e51a4aaa750114e1793d3986975b,55416c987a2d25f9177dd974307ae595761c1db31ecaa9d7561fb6c42d4d5e7c,00d1e59ce78baffbf9d24361ac8ba16a1d577b22cb193e15596627259190ed07,0c06b88fd09cd514745b699e6b6a7e12901db8d3247e42b582feaf1f7e91c04a,1eafe424a4c718d6a3b18cff938036f958858c70b344740788993b119bfbb04b,9c2f903993167fc2a228b3cfe60a23fe33f57f252bae6299458338cb8eb967ad,3f630dfcc8a1c2a19b093e7fe0f4bdc7f830fef42266fcf1156112f0eb959046,11f4fe862570895441036964a9b308e92c2ee6ba8a87b5da9009ffd5208a4bda,2c6d6a597c6b1b321c4f632291c22dfe5788a058fe82fd65114a5a59d5d0be83,3a365f5dd3e9d410585a34695bb444d67b220c4b40a9348288a540078bc27f75
temporal,M1,False,2023-06-26,landsat-8,1038,62,208,208,208,118,90,90,0.6023039246188139,0.5673076923076923,0.5673076923076923,0.4326923076923077,3b188221263ad4673846ce5170fa622b5395e51a4aaa750114e1793d3986975b,55416c987a2d25f9177dd974307ae595761c1db31ecaa9d7561fb6c42d4d5e7c,00d1e59ce78baffbf9d24361ac8ba16a1d577b22cb193e15596627259190ed07,0c06b88fd09cd514745b699e6b6a7e12901db8d3247e42b582feaf1f7e91c04a,1eafe424a4c718d6a3b18cff938036f958858c70b344740788993b119bfbb04b,9c2f903993167fc2a228b3cfe60a23fe33f57f252bae6299458338cb8eb967ad,3f630dfcc8a1c2a19b093e7fe0f4bdc7f830fef42266fcf1156112f0eb959046,11f4fe862570895441036964a9b308e92c2ee6ba8a87b5da9009ffd5208a4bda,2c6d6a597c6b1b321c4f632291c22dfe5788a058fe82fd65114a5a59d5d0be83,3a365f5dd3e9d410585a34695bb444d67b220c4b40a9348288a540078bc27f75
temporal,M1,False,2023-07-04,landsat-9,1059,66,212,212,212,71,141,141,0.3750661299674118,0.33490566037735847,0.33490566037735847,0.6650943396226415,3b188221263ad4673846ce5170fa622b5395e51a4aaa750114e1793d3986975b,55416c987a2d25f9177dd974307ae595761c1db31ecaa9d7561fb6c42d4d5e7c,00d1e59ce78baffbf9d24361ac8ba16a1d577b22cb193e15596627259190ed07,0c06b88fd09cd514745b699e6b6a7e12901db8d3247e42b582feaf1f7e91c04a,1eafe424a4c718d6a3b18cff938036f958858c70b344740788993b119bfbb04b,9c2f903993167fc2a228b3cfe60a23fe33f57f252bae6299458338cb8eb967ad,3f630dfcc8a1c2a19b093e7fe0f4bdc7f830fef42266fcf1156112f0eb959046,11f4fe862570895441036964a9b308e92c2ee6ba8a87b5da9009ffd5208a4bda,2c6d6a597c6b1b321c4f632291c22dfe5788a058fe82fd65114a5a59d5d0be83,3a365f5dd3e9d410585a34695bb444d67b220c4b40a9348288a540078bc27f75
temporal,M1,False,2023-07-12,landsat-8,1060,69,212,212,212,125,87,87,0.67630398539132,0.589622641509434,0.589622641509434,0.41037735849056606,3b188221263ad4673846ce5170fa622b5395e51a4aaa750114e1793d3986975b,55416c987a2d25f9177dd974307ae595761c1db31ecaa9d7561fb6c42d4d5e7c,00d1e59ce78baffbf9d24361ac8ba16a1d577b22cb193e15596627259190ed07,0c06b88fd09cd514745b699e6b6a7e12901db8d3247e42b582feaf1f7e91c04a,1eafe424a4c718d6a3b18cff938036f958858c70b344740788993b119bfbb04b,9c2f903993167fc2a228b3cfe60a23fe33f57f252bae6299458338cb8eb967ad,3f630dfcc8a1c2a19b093e7fe0f4bdc7f830fef42266fcf1156112f0eb959046,11f4fe862570895441036964a9b308e92c2ee6ba8a87b5da9009ffd5208a4bda,2c6d6a597c6b1b321c4f632291c22dfe5788a058fe82fd65114a5a59d5d0be83,3a365f5dd3e9d410585a34695bb444d67b220c4b40a9348288a540078bc27f75
temporal,M1,False,2023-07-20,landsat-9,1072,69,215,215,215,168,47,47,0.8590720932728432,0.7813953488372093,0.7813953488372093,0.2186046511627907,3b188221263ad4673846ce5170fa622b5395e51a4aaa750114e1793d3986975b,55416c987a2d25f9177dd974307ae595761c1db31ecaa9d7561fb6c42d4d5e7c,00d1e59ce78baffbf9d24361ac8ba16a1d577b22cb193e15596627259190ed07,0c06b88fd09cd514745b699e6b6a7e12901db8d3247e42b582feaf1f7e91c04a,1eafe424a4c718d6a3b18cff938036f958858c70b344740788993b119bfbb04b,9c2f903993167fc2a228b3cfe60a23fe33f57f252bae6299458338cb8eb967ad,3f630dfcc8a1c2a19b093e7fe0f4bdc7f830fef42266fcf1156112f0eb959046,11f4fe862570895441036964a9b308e92c2ee6ba8a87b5da9009ffd5208a4bda,2c6d6a597c6b1b321c4f632291c22dfe5788a058fe82fd65114a5a59d5d0be83,3a365f5dd3e9d410585a34695bb444d67b220c4b40a9348288a540078bc27f75
temporal,M1,False,2023-08-05,landsat-9,1076,69,216,216,216,117,99,99,0.5255462701403815,0.5416666666666666,0.5416666666666666,0.4583333333333333,3b188221263ad4673846ce5170fa622b5395e51a4aaa750114e1793d3986975b,55416c987a2d25f9177dd974307ae595761c1db31ecaa9d7561fb6c42d4d5e7c,00d1e59ce78baffbf9d24361ac8ba16a1d577b22cb193e15596627259190ed07,0c06b88fd09cd514745b699e6b6a7e12901db8d3247e42b582feaf1f7e91c04a,1eafe424a4c718d6a3b18cff938036f958858c70b344740788993b119bfbb04b,9c2f903993167fc2a228b3cfe60a23fe33f57f252bae6299458338cb8eb967ad,3f630dfcc8a1c2a19b093e7fe0f4bdc7f830fef42266fcf1156112f0eb959046,11f4fe862570895441036964a9b308e92c2ee6ba8a87b5da9009ffd5208a4bda,2c6d6a597c6b1b321c4f632291c22dfe5788a058fe82fd65114a5a59d5d0be83,3a365f5dd3e9d410585a34695bb444d67b220c4b40a9348288a540078bc27f75
temporal,M1,False,2023-08-13,landsat-8,1063,68,213,213,213,159,54,54,0.821036623995351,0.7464788732394366,0.7464788732394366,0.2535211267605634,3b188221263ad4673846ce5170fa622b5395e51a4aaa750114e1793d3986975b,55416c987a2d25f9177dd974307ae595761c1db31ecaa9d7561fb6c42d4d5e7c,00d1e59ce78baffbf9d24361ac8ba16a1d577b22cb193e15596627259190ed07,0c06b88fd09cd514745b699e6b6a7e12901db8d3247e42b582feaf1f7e91c04a,1eafe424a4c718d6a3b18cff938036f958858c70b344740788993b119bfbb04b,9c2f903993167fc2a228b3cfe60a23fe33f57f252bae6299458338cb8eb967ad,3f630dfcc8a1c2a19b093e7fe0f4bdc7f830fef42266fcf1156112f0eb959046,11f4fe862570895441036964a9b308e92c2ee6ba8a87b5da9009ffd5208a4bda,2c6d6a597c6b1b321c4f632291c22dfe5788a058fe82fd65114a5a59d5d0be83,3a365f5dd3e9d410585a34695bb444d67b220c4b40a9348288a540078bc27f75
temporal,M1,False,2023-08-29,landsat-8,1088,71,218,218,218,159,59,59,0.8065110947014408,0.7293577981651376,0.7293577981651376,0.2706422018348624,3b188221263ad4673846ce5170fa622b5395e51a4aaa750114e1793d3986975b,55416c987a2d25f9177dd974307ae595761c1db31ecaa9d7561fb6c42d4d5e7c,00d1e59ce78baffbf9d24361ac8ba16a1d577b22cb193e15596627259190ed07,0c06b88fd09cd514745b699e6b6a7e12901db8d3247e42b582feaf1f7e91c04a,1eafe424a4c718d6a3b18cff938036f958858c70b344740788993b119bfbb04b,9c2f903993167fc2a228b3cfe60a23fe33f57f252bae6299458338cb8eb967ad,3f630dfcc8a1c2a19b093e7fe0f4bdc7f830fef42266fcf1156112f0eb959046,11f4fe862570895441036964a9b308e92c2ee6ba8a87b5da9009ffd5208a4bda,2c6d6a597c6b1b321c4f632291c22dfe5788a058fe82fd65114a5a59d5d0be83,3a365f5dd3e9d410585a34695bb444d67b220c4b40a9348288a540078bc27f75
temporal,M1,False,2024-06-20,landsat-9,1050,65,210,210,210,138,72,72,0.7164504595205201,0.6571428571428571,0.6571428571428571,0.34285714285714286,3b188221263ad4673846ce5170fa622b5395e51a4aaa750114e1793d3986975b,55416c987a2d25f9177dd974307ae595761c1db31ecaa9d7561fb6c42d4d5e7c,00d1e59ce78baffbf9d24361ac8ba16a1d577b22cb193e15596627259190ed07,0c06b88fd09cd514745b699e6b6a7e12901db8d3247e42b582feaf1f7e91c04a,1eafe424a4c718d6a3b18cff938036f958858c70b344740788993b119bfbb04b,9c2f903993167fc2a228b3cfe60a23fe33f57f252bae6299458338cb8eb967ad,3f630dfcc8a1c2a19b093e7fe0f4bdc7f830fef42266fcf1156112f0eb959046,11f4fe862570895441036964a9b308e92c2ee6ba8a87b5da9009ffd5208a4bda,2c6d6a597c6b1b321c4f632291c22dfe5788a058fe82fd65114a5a59d5d0be83,3a365f5dd3e9d410585a34695bb444d67b220c4b40a9348288a540078bc27f75
temporal,M1,False,2024-06-28,landsat-8,1060,69,212,212,212,65,147,147,0.3376698425410797,0.30660377358490565,0.30660377358490565,0.6933962264150944,3b188221263ad4673846ce5170fa622b5395e51a4aaa750114e1793d3986975b,55416c987a2d25f9177dd974307ae595761c1db31ecaa9d7561fb6c42d4d5e7c,00d1e59ce78baffbf9d24361ac8ba16a1d577b22cb193e15596627259190ed07,0c06b88fd09cd514745b699e6b6a7e12901db8d3247e42b582feaf1f7e91c04a,1eafe424a4c718d6a3b18cff938036f958858c70b344740788993b119bfbb04b,9c2f903993167fc2a228b3cfe60a23fe33f57f252bae6299458338cb8eb967ad,3f630dfcc8a1c2a19b093e7fe0f4bdc7f830fef42266fcf1156112f0eb959046,11f4fe862570895441036964a9b308e92c2ee6ba8a87b5da9009ffd5208a4bda,2c6d6a597c6b1b321c4f632291c22dfe5788a058fe82fd65114a5a59d5d0be83,3a365f5dd3e9d410585a34695bb444d67b220c4b40a9348288a540078bc27f75
temporal,M1,False,2024-07-22,landsat-9,976,67,196,196,196,149,47,47,0.7874611984758827,0.7602040816326531,0.7602040816326531,0.23979591836734693,3b188221263ad4673846ce5170fa622b5395e51a4aaa750114e1793d3986975b,55416c987a2d25f9177dd974307ae595761c1db31ecaa9d7561fb6c42d4d5e7c,00d1e59ce78baffbf9d24361ac8ba16a1d577b22cb193e15596627259190ed07,0c06b88fd09cd514745b699e6b6a7e12901db8d3247e42b582feaf1f7e91c04a,1eafe424a4c718d6a3b18cff938036f958858c70b344740788993b119bfbb04b,9c2f903993167fc2a228b3cfe60a23fe33f57f252bae6299458338cb8eb967ad,3f630dfcc8a1c2a19b093e7fe0f4bdc7f830fef42266fcf1156112f0eb959046,11f4fe862570895441036964a9b308e92c2ee6ba8a87b5da9009ffd5208a4bda,2c6d6a597c6b1b321c4f632291c22dfe5788a058fe82fd65114a5a59d5d0be83,3a365f5dd3e9d410585a34695bb444d67b220c4b40a9348288a540078bc27f75
temporal,M1,False,2024-07-30,landsat-8,1064,69,213,213,213,161,52,52,0.8401614167799349,0.755868544600939,0.755868544600939,0.24413145539906103,3b188221263ad4673846ce5170fa622b5395e51a4aaa750114e1793d3986975b,55416c987a2d25f9177dd974307ae595761c1db31ecaa9d7561fb6c42d4d5e7c,00d1e59ce78baffbf9d24361ac8ba16a1d577b22cb193e15596627259190ed07,0c06b88fd09cd514745b699e6b6a7e12901db8d3247e42b582feaf1f7e91c04a,1eafe424a4c718d6a3b18cff938036f958858c70b344740788993b119bfbb04b,9c2f903993167fc2a228b3cfe60a23fe33f57f252bae6299458338cb8eb967ad,3f630dfcc8a1c2a19b093e7fe0f4bdc7f830fef42266fcf1156112f0eb959046,11f4fe862570895441036964a9b308e92c2ee6ba8a87b5da9009ffd5208a4bda,2c6d6a597c6b1b321c4f632291c22dfe5788a058fe82fd65114a5a59d5d0be83,3a365f5dd3e9d410585a34695bb444d67b220c4b40a9348288a540078bc27f75
temporal,M1,False,2024-08-15,landsat-8,1083,71,217,217,217,140,77,77,0.7057937935200285,0.6451612903225806,0.6451612903225806,0.3548387096774194,3b188221263ad4673846ce5170fa622b5395e51a4aaa750114e1793d3986975b,55416c987a2d25f9177dd974307ae595761c1db31ecaa9d7561fb6c42d4d5e7c,00d1e59ce78baffbf9d24361ac8ba16a1d577b22cb193e15596627259190ed07,0c06b88fd09cd514745b699e6b6a7e12901db8d3247e42b582feaf1f7e91c04a,1eafe424a4c718d6a3b18cff938036f958858c70b344740788993b119bfbb04b,9c2f903993167fc2a228b3cfe60a23fe33f57f252bae6299458338cb8eb967ad,3f630dfcc8a1c2a19b093e7fe0f4bdc7f830fef42266fcf1156112f0eb959046,11f4fe862570895441036964a9b308e92c2ee6ba8a87b5da9009ffd5208a4bda,2c6d6a597c6b1b321c4f632291c22dfe5788a058fe82fd65114a5a59d5d0be83,3a365f5dd3e9d410585a34695bb444d67b220c4b40a9348288a540078bc27f75
temporal,M1,False,2024-08-23,landsat-9,1041,70,209,209,209,76,133,133,0.3662869134617322,0.36363636363636365,0.36363636363636365,0.6363636363636364,3b188221263ad4673846ce5170fa622b5395e51a4aaa750114e1793d3986975b,55416c987a2d25f9177dd974307ae595761c1db31ecaa9d7561fb6c42d4d5e7c,00d1e59ce78baffbf9d24361ac8ba16a1d577b22cb193e15596627259190ed07,0c06b88fd09cd514745b699e6b6a7e12901db8d3247e42b582feaf1f7e91c04a,1eafe424a4c718d6a3b18cff938036f958858c70b344740788993b119bfbb04b,9c2f903993167fc2a228b3cfe60a23fe33f57f252bae6299458338cb8eb967ad,3f630dfcc8a1c2a19b093e7fe0f4bdc7f830fef42266fcf1156112f0eb959046,11f4fe862570895441036964a9b308e92c2ee6ba8a87b5da9009ffd5208a4bda,2c6d6a597c6b1b321c4f632291c22dfe5788a058fe82fd65114a5a59d5d0be83,3a365f5dd3e9d410585a34695bb444d67b220c4b40a9348288a540078bc27f75
temporal,M1,False,2024-08-31,landsat-8,1048,66,210,210,210,158,52,52,0.8340640882892154,0.7523809523809524,0.7523809523809524,0.24761904761904763,3b188221263ad4673846ce5170fa622b5395e51a4aaa750114e1793d3986975b,55416c987a2d25f9177dd974307ae595761c1db31ecaa9d7561fb6c42d4d5e7c,00d1e59ce78baffbf9d24361ac8ba16a1d577b22cb193e15596627259190ed07,0c06b88fd09cd514745b699e6b6a7e12901db8d3247e42b582feaf1f7e91c04a,1eafe424a4c718d6a3b18cff938036f958858c70b344740788993b119bfbb04b,9c2f903993167fc2a228b3cfe60a23fe33f57f252bae6299458338cb8eb967ad,3f630dfcc8a1c2a19b093e7fe0f4bdc7f830fef42266fcf1156112f0eb959046,11f4fe862570895441036964a9b308e92c2ee6ba8a87b5da9009ffd5208a4bda,2c6d6a597c6b1b321c4f632291c22dfe5788a058fe82fd65114a5a59d5d0be83,3a365f5dd3e9d410585a34695bb444d67b220c4b40a9348288a540078bc27f75
temporal,M1,False,2024-09-08,landsat-9,1087,71,218,218,218,125,93,93,0.6538114741855283,0.573394495412844,0.573394495412844,0.42660550458715596,3b188221263ad4673846ce5170fa622b5395e51a4aaa750114e1793d3986975b,55416c987a2d25f9177dd974307ae595761c1db31ecaa9d7561fb6c42d4d5e7c,00d1e59ce78baffbf9d24361ac8ba16a1d577b22cb193e15596627259190ed07,0c06b88fd09cd514745b699e6b6a7e12901db8d3247e42b582feaf1f7e91c04a,1eafe424a4c718d6a3b18cff938036f958858c70b344740788993b119bfbb04b,9c2f903993167fc2a228b3cfe60a23fe33f57f252bae6299458338cb8eb967ad,3f630dfcc8a1c2a19b093e7fe0f4bdc7f830fef42266fcf1156112f0eb959046,11f4fe862570895441036964a9b308e92c2ee6ba8a87b5da9009ffd5208a4bda,2c6d6a597c6b1b321c4f632291c22dfe5788a058fe82fd65114a5a59d5d0be83,3a365f5dd3e9d410585a34695bb444d67b220c4b40a9348288a540078bc27f75
temporal,M1,False,2024-10-18,landsat-8,1091,71,219,219,219,43,176,176,0.2292971050600269,0.1963470319634703,0.1963470319634703,0.8036529680365296,3b188221263ad4673846ce5170fa622b5395e51a4aaa750114e1793d3986975b,55416c987a2d25f9177dd974307ae595761c1db31ecaa9d7561fb6c42d4d5e7c,00d1e59ce78baffbf9d24361ac8ba16a1d577b22cb193e15596627259190ed07,0c06b88fd09cd514745b699e6b6a7e12901db8d3247e42b582feaf1f7e91c04a,1eafe424a4c718d6a3b18cff938036f958858c70b344740788993b119bfbb04b,9c2f903993167fc2a228b3cfe60a23fe33f57f252bae6299458338cb8eb967ad,3f630dfcc8a1c2a19b093e7fe0f4bdc7f830fef42266fcf1156112f0eb959046,11f4fe862570895441036964a9b308e92c2ee6ba8a87b5da9009ffd5208a4bda,2c6d6a597c6b1b321c4f632291c22dfe5788a058fe82fd65114a5a59d5d0be83,3a365f5dd3e9d410585a34695bb444d67b220c4b40a9348288a540078bc27f75
temporal,M2,False,2020-05-16,landsat-8,1061,69,213,213,213,119,94,94,0.6294486578158468,0.5586854460093896,0.5586854460093896,0.4413145539906103,3b188221263ad4673846ce5170fa622b5395e51a4aaa750114e1793d3986975b,55416c987a2d25f9177dd974307ae595761c1db31ecaa9d7561fb6c42d4d5e7c,00d1e59ce78baffbf9d24361ac8ba16a1d577b22cb193e15596627259190ed07,0c06b88fd09cd514745b699e6b6a7e12901db8d3247e42b582feaf1f7e91c04a,1eafe424a4c718d6a3b18cff938036f958858c70b344740788993b119bfbb04b,9c2f903993167fc2a228b3cfe60a23fe33f57f252bae6299458338cb8eb967ad,3f630dfcc8a1c2a19b093e7fe0f4bdc7f830fef42266fcf1156112f0eb959046,11f4fe862570895441036964a9b308e92c2ee6ba8a87b5da9009ffd5208a4bda,2c6d6a597c6b1b321c4f632291c22dfe5788a058fe82fd65114a5a59d5d0be83,3a365f5dd3e9d410585a34695bb444d67b220c4b40a9348288a540078bc27f75
temporal,M2,False,2020-07-03,landsat-8,1073,70,215,215,215,151,64,64,0.8119322176149886,0.7023255813953488,0.7023255813953488,0.29767441860465116,3b188221263ad4673846ce5170fa622b5395e51a4aaa750114e1793d3986975b,55416c987a2d25f9177dd974307ae595761c1db31ecaa9d7561fb6c42d4d5e7c,00d1e59ce78baffbf9d24361ac8ba16a1d577b22cb193e15596627259190ed07,0c06b88fd09cd514745b699e6b6a7e12901db8d3247e42b582feaf1f7e91c04a,1eafe424a4c718d6a3b18cff938036f958858c70b344740788993b119bfbb04b,9c2f903993167fc2a228b3cfe60a23fe33f57f252bae6299458338cb8eb967ad,3f630dfcc8a1c2a19b093e7fe0f4bdc7f830fef42266fcf1156112f0eb959046,11f4fe862570895441036964a9b308e92c2ee6ba8a87b5da9009ffd5208a4bda,2c6d6a597c6b1b321c4f632291c22dfe5788a058fe82fd65114a5a59d5d0be83,3a365f5dd3e9d410585a34695bb444d67b220c4b40a9348288a540078bc27f75
temporal,M2,False,2020-07-19,landsat-8,1050,68,210,210,210,174,36,36,0.9141393465081846,0.8285714285714286,0.8285714285714286,0.17142857142857143,3b188221263ad4673846ce5170fa622b5395e51a4aaa750114e1793d3986975b,55416c987a2d25f9177dd974307ae595761c1db31ecaa9d7561fb6c42d4d5e7c,00d1e59ce78baffbf9d24361ac8ba16a1d577b22cb193e15596627259190ed07,0c06b88fd09cd514745b699e6b6a7e12901db8d3247e42b582feaf1f7e91c04a,1eafe424a4c718d6a3b18cff938036f958858c70b344740788993b119bfbb04b,9c2f903993167fc2a228b3cfe60a23fe33f57f252bae6299458338cb8eb967ad,3f630dfcc8a1c2a19b093e7fe0f4bdc7f830fef42266fcf1156112f0eb959046,11f4fe862570895441036964a9b308e92c2ee6ba8a87b5da9009ffd5208a4bda,2c6d6a597c6b1b321c4f632291c22dfe5788a058fe82fd65114a5a59d5d0be83,3a365f5dd3e9d410585a34695bb444d67b220c4b40a9348288a540078bc27f75
temporal,M2,False,2020-08-20,landsat-8,1080,71,216,216,216,146,70,70,0.7469282087672845,0.6759259259259259,0.6759259259259259,0.32407407407407407,3b188221263ad4673846ce5170fa622b5395e51a4aaa750114e1793d3986975b,55416c987a2d25f9177dd974307ae595761c1db31ecaa9d7561fb6c42d4d5e7c,00d1e59ce78baffbf9d24361ac8ba16a1d577b22cb193e15596627259190ed07,0c06b88fd09cd514745b699e6b6a7e12901db8d3247e42b582feaf1f7e91c04a,1eafe424a4c718d6a3b18cff938036f958858c70b344740788993b119bfbb04b,9c2f903993167fc2a228b3cfe60a23fe33f57f252bae6299458338cb8eb967ad,3f630dfcc8a1c2a19b093e7fe0f4bdc7f830fef42266fcf1156112f0eb959046,11f4fe862570895441036964a9b308e92c2ee6ba8a87b5da9009ffd5208a4bda,2c6d6a597c6b1b321c4f632291c22dfe5788a058fe82fd65114a5a59d5d0be83,3a365f5dd3e9d410585a34695bb444d67b220c4b40a9348288a540078bc27f75
temporal,M2,False,2020-09-05,landsat-8,1086,71,218,218,218,157,61,61,0.7668695700842465,0.7201834862385321,0.7201834862385321,0.2798165137614679,3b188221263ad4673846ce5170fa622b5395e51a4aaa750114e1793d3986975b,55416c987a2d25f9177dd974307ae595761c1db31ecaa9d7561fb6c42d4d5e7c,00d1e59ce78baffbf9d24361ac8ba16a1d577b22cb193e15596627259190ed07,0c06b88fd09cd514745b699e6b6a7e12901db8d3247e42b582feaf1f7e91c04a,1eafe424a4c718d6a3b18cff938036f958858c70b344740788993b119bfbb04b,9c2f903993167fc2a228b3cfe60a23fe33f57f252bae6299458338cb8eb967ad,3f630dfcc8a1c2a19b093e7fe0f4bdc7f830fef42266fcf1156112f0eb959046,11f4fe862570895441036964a9b308e92c2ee6ba8a87b5da9009ffd5208a4bda,2c6d6a597c6b1b321c4f632291c22dfe5788a058fe82fd65114a5a59d5d0be83,3a365f5dd3e9d410585a34695bb444d67b220c4b40a9348288a540078bc27f75
temporal,M2,False,2021-07-06,landsat-8,1068,66,214,214,214,129,85,85,0.7479830884144942,0.602803738317757,0.602803738317757,0.397196261682243,3b188221263ad4673846ce5170fa622b5395e51a4aaa750114e1793d3986975b,55416c987a2d25f9177dd974307ae595761c1db31ecaa9d7561fb6c42d4d5e7c,00d1e59ce78baffbf9d24361ac8ba16a1d577b22cb193e15596627259190ed07,0c06b88fd09cd514745b699e6b6a7e12901db8d3247e42b582feaf1f7e91c04a,1eafe424a4c718d6a3b18cff938036f958858c70b344740788993b119bfbb04b,9c2f903993167fc2a228b3cfe60a23fe33f57f252bae6299458338cb8eb967ad,3f630dfcc8a1c2a19b093e7fe0f4bdc7f830fef42266fcf1156112f0eb959046,11f4fe862570895441036964a9b308e92c2ee6ba8a87b5da9009ffd5208a4bda,2c6d6a597c6b1b321c4f632291c22dfe5788a058fe82fd65114a5a59d5d0be83,3a365f5dd3e9d410585a34695bb444d67b220c4b40a9348288a540078bc27f75
temporal,M2,False,2021-08-07,landsat-8,1064,69,213,213,213,97,116,116,0.5482891666649178,0.45539906103286387,0.45539906103286387,0.5446009389671361,3b188221263ad4673846ce5170fa622b5395e51a4aaa750114e1793d3986975b,55416c987a2d25f9177dd974307ae595761c1db31ecaa9d7561fb6c42d4d5e7c,00d1e59ce78baffbf9d24361ac8ba16a1d577b22cb193e15596627259190ed07,0c06b88fd09cd514745b699e6b6a7e12901db8d3247e42b582feaf1f7e91c04a,1eafe424a4c718d6a3b18cff938036f958858c70b344740788993b119bfbb04b,9c2f903993167fc2a228b3cfe60a23fe33f57f252bae6299458338cb8eb967ad,3f630dfcc8a1c2a19b093e7fe0f4bdc7f830fef42266fcf1156112f0eb959046,11f4fe862570895441036964a9b308e92c2ee6ba8a87b5da9009ffd5208a4bda,2c6d6a597c6b1b321c4f632291c22dfe5788a058fe82fd65114a5a59d5d0be83,3a365f5dd3e9d410585a34695bb444d67b220c4b40a9348288a540078bc27f75
temporal,M2,False,2021-10-26,landsat-8,1094,71,219,219,219,159,60,60,0.7513029824963986,0.726027397260274,0.726027397260274,0.273972602739726,3b188221263ad4673846ce5170fa622b5395e51a4aaa750114e1793d3986975b,55416c987a2d25f9177dd974307ae595761c1db31ecaa9d7561fb6c42d4d5e7c,00d1e59ce78baffbf9d24361ac8ba16a1d577b22cb193e15596627259190ed07,0c06b88fd09cd514745b699e6b6a7e12901db8d3247e42b582feaf1f7e91c04a,1eafe424a4c718d6a3b18cff938036f958858c70b344740788993b119bfbb04b,9c2f903993167fc2a228b3cfe60a23fe33f57f252bae6299458338cb8eb967ad,3f630dfcc8a1c2a19b093e7fe0f4bdc7f830fef42266fcf1156112f0eb959046,11f4fe862570895441036964a9b308e92c2ee6ba8a87b5da9009ffd5208a4bda,2c6d6a597c6b1b321c4f632291c22dfe5788a058fe82fd65114a5a59d5d0be83,3a365f5dd3e9d410585a34695bb444d67b220c4b40a9348288a540078bc27f75
temporal,M2,False,2022-05-30,landsat-9,1055,67,211,211,211,148,63,63,0.7562506506850624,0.7014218009478673,0.7014218009478673,0.2985781990521327,3b188221263ad4673846ce5170fa622b5395e51a4aaa750114e1793d3986975b,55416c987a2d25f9177dd974307ae595761c1db31ecaa9d7561fb6c42d4d5e7c,00d1e59ce78baffbf9d24361ac8ba16a1d577b22cb193e15596627259190ed07,0c06b88fd09cd514745b699e6b6a7e12901db8d3247e42b582feaf1f7e91c04a,1eafe424a4c718d6a3b18cff938036f958858c70b344740788993b119bfbb04b,9c2f903993167fc2a228b3cfe60a23fe33f57f252bae6299458338cb8eb967ad,3f630dfcc8a1c2a19b093e7fe0f4bdc7f830fef42266fcf1156112f0eb959046,11f4fe862570895441036964a9b308e92c2ee6ba8a87b5da9009ffd5208a4bda,2c6d6a597c6b1b321c4f632291c22dfe5788a058fe82fd65114a5a59d5d0be83,3a365f5dd3e9d410585a34695bb444d67b220c4b40a9348288a540078bc27f75
temporal,M2,False,2022-06-15,landsat-9,1067,69,214,214,214,128,86,86,0.6885280786689021,0.5981308411214953,0.5981308411214953,0.40186915887850466,3b188221263ad4673846ce5170fa622b5395e51a4aaa750114e1793d3986975b,55416c987a2d25f9177dd974307ae595761c1db31ecaa9d7561fb6c42d4d5e7c,00d1e59ce78baffbf9d24361ac8ba16a1d577b22cb193e15596627259190ed07,0c06b88fd09cd514745b699e6b6a7e12901db8d3247e42b582feaf1f7e91c04a,1eafe424a4c718d6a3b18cff938036f958858c70b344740788993b119bfbb04b,9c2f903993167fc2a228b3cfe60a23fe33f57f252bae6299458338cb8eb967ad,3f630dfcc8a1c2a19b093e7fe0f4bdc7f830fef42266fcf1156112f0eb959046,11f4fe862570895441036964a9b308e92c2ee6ba8a87b5da9009ffd5208a4bda,2c6d6a597c6b1b321c4f632291c22dfe5788a058fe82fd65114a5a59d5d0be83,3a365f5dd3e9d410585a34695bb444d67b220c4b40a9348288a540078bc27f75
temporal,M2,False,2022-06-23,landsat-8,1059,69,212,212,212,113,99,99,0.5796862351853556,0.5330188679245284,0.5330188679245284,0.4669811320754717,3b188221263ad4673846ce5170fa622b5395e51a4aaa750114e1793d3986975b,55416c987a2d25f9177dd974307ae595761c1db31ecaa9d7561fb6c42d4d5e7c,00d1e59ce78baffbf9d24361ac8ba16a1d577b22cb193e15596627259190ed07,0c06b88fd09cd514745b699e6b6a7e12901db8d3247e42b582feaf1f7e91c04a,1eafe424a4c718d6a3b18cff938036f958858c70b344740788993b119bfbb04b,9c2f903993167fc2a228b3cfe60a23fe33f57f252bae6299458338cb8eb967ad,3f630dfcc8a1c2a19b093e7fe0f4bdc7f830fef42266fcf1156112f0eb959046,11f4fe862570895441036964a9b308e92c2ee6ba8a87b5da9009ffd5208a4bda,2c6d6a597c6b1b321c4f632291c22dfe5788a058fe82fd65114a5a59d5d0be83,3a365f5dd3e9d410585a34695bb444d67b220c4b40a9348288a540078bc27f75
temporal,M2,False,2022-07-01,landsat-9,1072,70,215,215,215,140,75,75,0.7570790549638914,0.6511627906976745,0.6511627906976745,0.3488372093023256,3b188221263ad4673846ce5170fa622b5395e51a4aaa750114e1793d3986975b,55416c987a2d25f9177dd974307ae595761c1db31ecaa9d7561fb6c42d4d5e7c,00d1e59ce78baffbf9d24361ac8ba16a1d577b22cb193e15596627259190ed07,0c06b88fd09cd514745b699e6b6a7e12901db8d3247e42b582feaf1f7e91c04a,1eafe424a4c718d6a3b18cff938036f958858c70b344740788993b119bfbb04b,9c2f903993167fc2a228b3cfe60a23fe33f57f252bae6299458338cb8eb967ad,3f630dfcc8a1c2a19b093e7fe0f4bdc7f830fef42266fcf1156112f0eb959046,11f4fe862570895441036964a9b308e92c2ee6ba8a87b5da9009ffd5208a4bda,2c6d6a597c6b1b321c4f632291c22dfe5788a058fe82fd65114a5a59d5d0be83,3a365f5dd3e9d410585a34695bb444d67b220c4b40a9348288a540078bc27f75
temporal,M2,False,2022-07-09,landsat-8,1050,67,210,210,210,175,35,35,0.9182053969935041,0.8333333333333334,0.8333333333333334,0.16666666666666666,3b188221263ad4673846ce5170fa622b5395e51a4aaa750114e1793d3986975b,55416c987a2d25f9177dd974307ae595761c1db31ecaa9d7561fb6c42d4d5e7c,00d1e59ce78baffbf9d24361ac8ba16a1d577b22cb193e15596627259190ed07,0c06b88fd09cd514745b699e6b6a7e12901db8d3247e42b582feaf1f7e91c04a,1eafe424a4c718d6a3b18cff938036f958858c70b344740788993b119bfbb04b,9c2f903993167fc2a228b3cfe60a23fe33f57f252bae6299458338cb8eb967ad,3f630dfcc8a1c2a19b093e7fe0f4bdc7f830fef42266fcf1156112f0eb959046,11f4fe862570895441036964a9b308e92c2ee6ba8a87b5da9009ffd5208a4bda,2c6d6a597c6b1b321c4f632291c22dfe5788a058fe82fd65114a5a59d5d0be83,3a365f5dd3e9d410585a34695bb444d67b220c4b40a9348288a540078bc27f75
temporal,M2,False,2022-07-25,landsat-8,1054,68,211,211,211,163,48,48,0.878137155374319,0.7725118483412322,0.7725118483412322,0.22748815165876776,3b188221263ad4673846ce5170fa622b5395e51a4aaa750114e1793d3986975b,55416c987a2d25f9177dd974307ae595761c1db31ecaa9d7561fb6c42d4d5e7c,00d1e59ce78baffbf9d24361ac8ba16a1d577b22cb193e15596627259190ed07,0c06b88fd09cd514745b699e6b6a7e12901db8d3247e42b582feaf1f7e91c04a,1eafe424a4c718d6a3b18cff938036f958858c70b344740788993b119bfbb04b,9c2f903993167fc2a228b3cfe60a23fe33f57f252bae6299458338cb8eb967ad,3f630dfcc8a1c2a19b093e7fe0f4bdc7f830fef42266fcf1156112f0eb959046,11f4fe862570895441036964a9b308e92c2ee6ba8a87b5da9009ffd5208a4bda,2c6d6a597c6b1b321c4f632291c22dfe5788a058fe82fd65114a5a59d5d0be83,3a365f5dd3e9d410585a34695bb444d67b220c4b40a9348288a540078bc27f75
temporal,M2,False,2022-08-02,landsat-9,1026,67,206,206,206,141,65,65,0.7308656900226768,0.6844660194174758,0.6844660194174758,0.3155339805825243,3b188221263ad4673846ce5170fa622b5395e51a4aaa750114e1793d3986975b,55416c987a2d25f9177dd974307ae595761c1db31ecaa9d7561fb6c42d4d5e7c,00d1e59ce78baffbf9d24361ac8ba16a1d577b22cb193e15596627259190ed07,0c06b88fd09cd514745b699e6b6a7e12901db8d3247e42b582feaf1f7e91c04a,1eafe424a4c718d6a3b18cff938036f958858c70b344740788993b119bfbb04b,9c2f903993167fc2a228b3cfe60a23fe33f57f252bae6299458338cb8eb967ad,3f630dfcc8a1c2a19b093e7fe0f4bdc7f830fef42266fcf1156112f0eb959046,11f4fe862570895441036964a9b308e92c2ee6ba8a87b5da9009ffd5208a4bda,2c6d6a597c6b1b321c4f632291c22dfe5788a058fe82fd65114a5a59d5d0be83,3a365f5dd3e9d410585a34695bb444d67b220c4b40a9348288a540078bc27f75
temporal,M2,False,2022-08-26,landsat-8,1058,69,212,212,212,67,145,145,0.28366587377451746,0.3160377358490566,0.3160377358490566,0.6839622641509434,3b188221263ad4673846ce5170fa622b5395e51a4aaa750114e1793d3986975b,55416c987a2d25f9177dd974307ae595761c1db31ecaa9d7561fb6c42d4d5e7c,00d1e59ce78baffbf9d24361ac8ba16a1d577b22cb193e15596627259190ed07,0c06b88fd09cd514745b699e6b6a7e12901db8d3247e42b582feaf1f7e91c04a,1eafe424a4c718d6a3b18cff938036f958858c70b344740788993b119bfbb04b,9c2f903993167fc2a228b3cfe60a23fe33f57f252bae6299458338cb8eb967ad,3f630dfcc8a1c2a19b093e7fe0f4bdc7f830fef42266fcf1156112f0eb959046,11f4fe862570895441036964a9b308e92c2ee6ba8a87b5da9009ffd5208a4bda,2c6d6a597c6b1b321c4f632291c22dfe5788a058fe82fd65114a5a59d5d0be83,3a365f5dd3e9d410585a34695bb444d67b220c4b40a9348288a540078bc27f75
temporal,M2,False,2022-09-03,landsat-9,1085,71,217,217,217,139,78,78,0.7521977300459644,0.6405529953917051,0.6405529953917051,0.35944700460829493,3b188221263ad4673846ce5170fa622b5395e51a4aaa750114e1793d3986975b,55416c987a2d25f9177dd974307ae595761c1db31ecaa9d7561fb6c42d4d5e7c,00d1e59ce78baffbf9d24361ac8ba16a1d577b22cb193e15596627259190ed07,0c06b88fd09cd514745b699e6b6a7e12901db8d3247e42b582feaf1f7e91c04a,1eafe424a4c718d6a3b18cff938036f958858c70b344740788993b119bfbb04b,9c2f903993167fc2a228b3cfe60a23fe33f57f252bae6299458338cb8eb967ad,3f630dfcc8a1c2a19b093e7fe0f4bdc7f830fef42266fcf1156112f0eb959046,11f4fe862570895441036964a9b308e92c2ee6ba8a87b5da9009ffd5208a4bda,2c6d6a597c6b1b321c4f632291c22dfe5788a058fe82fd65114a5a59d5d0be83,3a365f5dd3e9d410585a34695bb444d67b220c4b40a9348288a540078bc27f75
temporal,M2,False,2022-09-27,landsat-8,1081,71,217,217,217,179,38,38,0.9347212630302877,0.8248847926267281,0.8248847926267281,0.17511520737327188,3b188221263ad4673846ce5170fa622b5395e51a4aaa750114e1793d3986975b,55416c987a2d25f9177dd974307ae595761c1db31ecaa9d7561fb6c42d4d5e7c,00d1e59ce78baffbf9d24361ac8ba16a1d577b22cb193e15596627259190ed07,0c06b88fd09cd514745b699e6b6a7e12901db8d3247e42b582feaf1f7e91c04a,1eafe424a4c718d6a3b18cff938036f958858c70b344740788993b119bfbb04b,9c2f903993167fc2a228b3cfe60a23fe33f57f252bae6299458338cb8eb967ad,3f630dfcc8a1c2a19b093e7fe0f4bdc7f830fef42266fcf1156112f0eb959046,11f4fe862570895441036964a9b308e92c2ee6ba8a87b5da9009ffd5208a4bda,2c6d6a597c6b1b321c4f632291c22dfe5788a058fe82fd65114a5a59d5d0be83,3a365f5dd3e9d410585a34695bb444d67b220c4b40a9348288a540078bc27f75
temporal,M2,False,2023-06-26,landsat-8,1038,62,208,208,208,150,58,58,0.8444546185261378,0.7211538461538461,0.7211538461538461,0.27884615384615385,3b188221263ad4673846ce5170fa622b5395e51a4aaa750114e1793d3986975b,55416c987a2d25f9177dd974307ae595761c1db31ecaa9d7561fb6c42d4d5e7c,00d1e59ce78baffbf9d24361ac8ba16a1d577b22cb193e15596627259190ed07,0c06b88fd09cd514745b699e6b6a7e12901db8d3247e42b582feaf1f7e91c04a,1eafe424a4c718d6a3b18cff938036f958858c70b344740788993b119bfbb04b,9c2f903993167fc2a228b3cfe60a23fe33f57f252bae6299458338cb8eb967ad,3f630dfcc8a1c2a19b093e7fe0f4bdc7f830fef42266fcf1156112f0eb959046,11f4fe862570895441036964a9b308e92c2ee6ba8a87b5da9009ffd5208a4bda,2c6d6a597c6b1b321c4f632291c22dfe5788a058fe82fd65114a5a59d5d0be83,3a365f5dd3e9d410585a34695bb444d67b220c4b40a9348288a540078bc27f75
temporal,M2,False,2023-07-04,landsat-9,1059,66,212,212,212,74,138,138,0.4953299919737797,0.3490566037735849,0.3490566037735849,0.6509433962264151,3b188221263ad4673846ce5170fa622b5395e51a4aaa750114e1793d3986975b,55416c987a2d25f9177dd974307ae595761c1db31ecaa9d7561fb6c42d4d5e7c,00d1e59ce78baffbf9d24361ac8ba16a1d577b22cb193e15596627259190ed07,0c06b88fd09cd514745b699e6b6a7e12901db8d3247e42b582feaf1f7e91c04a,1eafe424a4c718d6a3b18cff938036f958858c70b344740788993b119bfbb04b,9c2f903993167fc2a228b3cfe60a23fe33f57f252bae6299458338cb8eb967ad,3f630dfcc8a1c2a19b093e7fe0f4bdc7f830fef42266fcf1156112f0eb959046,11f4fe862570895441036964a9b308e92c2ee6ba8a87b5da9009ffd5208a4bda,2c6d6a597c6b1b321c4f632291c22dfe5788a058fe82fd65114a5a59d5d0be83,3a365f5dd3e9d410585a34695bb444d67b220c4b40a9348288a540078bc27f75
temporal,M2,False,2023-07-12,landsat-8,1060,69,212,212,212,131,81,81,0.7345471501400771,0.6179245283018868,0.6179245283018868,0.38207547169811323,3b188221263ad4673846ce5170fa622b5395e51a4aaa750114e1793d3986975b,55416c987a2d25f9177dd974307ae595761c1db31ecaa9d7561fb6c42d4d5e7c,00d1e59ce78baffbf9d24361ac8ba16a1d577b22cb193e15596627259190ed07,0c06b88fd09cd514745b699e6b6a7e12901db8d3247e42b582feaf1f7e91c04a,1eafe424a4c718d6a3b18cff938036f958858c70b344740788993b119bfbb04b,9c2f903993167fc2a228b3cfe60a23fe33f57f252bae6299458338cb8eb967ad,3f630dfcc8a1c2a19b093e7fe0f4bdc7f830fef42266fcf1156112f0eb959046,11f4fe862570895441036964a9b308e92c2ee6ba8a87b5da9009ffd5208a4bda,2c6d6a597c6b1b321c4f632291c22dfe5788a058fe82fd65114a5a59d5d0be83,3a365f5dd3e9d410585a34695bb444d67b220c4b40a9348288a540078bc27f75
temporal,M2,False,2023-07-20,landsat-9,1072,69,215,215,215,185,30,30,0.9427321862883384,0.8604651162790697,0.8604651162790697,0.13953488372093023,3b188221263ad4673846ce5170fa622b5395e51a4aaa750114e1793d3986975b,55416c987a2d25f9177dd974307ae595761c1db31ecaa9d7561fb6c42d4d5e7c,00d1e59ce78baffbf9d24361ac8ba16a1d577b22cb193e15596627259190ed07,0c06b88fd09cd514745b699e6b6a7e12901db8d3247e42b582feaf1f7e91c04a,1eafe424a4c718d6a3b18cff938036f958858c70b344740788993b119bfbb04b,9c2f903993167fc2a228b3cfe60a23fe33f57f252bae6299458338cb8eb967ad,3f630dfcc8a1c2a19b093e7fe0f4bdc7f830fef42266fcf1156112f0eb959046,11f4fe862570895441036964a9b308e92c2ee6ba8a87b5da9009ffd5208a4bda,2c6d6a597c6b1b321c4f632291c22dfe5788a058fe82fd65114a5a59d5d0be83,3a365f5dd3e9d410585a34695bb444d67b220c4b40a9348288a540078bc27f75
temporal,M2,False,2023-08-05,landsat-9,1076,69,216,216,216,157,59,59,0.8470554867529946,0.7268518518518519,0.7268518518518519,0.27314814814814814,3b188221263ad4673846ce5170fa622b5395e51a4aaa750114e1793d3986975b,55416c987a2d25f9177dd974307ae595761c1db31ecaa9d7561fb6c42d4d5e7c,00d1e59ce78baffbf9d24361ac8ba16a1d577b22cb193e15596627259190ed07,0c06b88fd09cd514745b699e6b6a7e12901db8d3247e42b582feaf1f7e91c04a,1eafe424a4c718d6a3b18cff938036f958858c70b344740788993b119bfbb04b,9c2f903993167fc2a228b3cfe60a23fe33f57f252bae6299458338cb8eb967ad,3f630dfcc8a1c2a19b093e7fe0f4bdc7f830fef42266fcf1156112f0eb959046,11f4fe862570895441036964a9b308e92c2ee6ba8a87b5da9009ffd5208a4bda,2c6d6a597c6b1b321c4f632291c22dfe5788a058fe82fd65114a5a59d5d0be83,3a365f5dd3e9d410585a34695bb444d67b220c4b40a9348288a540078bc27f75
temporal,M2,False,2023-08-13,landsat-8,1063,68,213,213,213,171,42,42,0.8893807984689301,0.8028169014084507,0.8028169014084507,0.19718309859154928,3b188221263ad4673846ce5170fa622b5395e51a4aaa750114e1793d3986975b,55416c987a2d25f9177dd974307ae595761c1db31ecaa9d7561fb6c42d4d5e7c,00d1e59ce78baffbf9d24361ac8ba16a1d577b22cb193e15596627259190ed07,0c06b88fd09cd514745b699e6b6a7e12901db8d3247e42b582feaf1f7e91c04a,1eafe424a4c718d6a3b18cff938036f958858c70b344740788993b119bfbb04b,9c2f903993167fc2a228b3cfe60a23fe33f57f252bae6299458338cb8eb967ad,3f630dfcc8a1c2a19b093e7fe0f4bdc7f830fef42266fcf1156112f0eb959046,11f4fe862570895441036964a9b308e92c2ee6ba8a87b5da9009ffd5208a4bda,2c6d6a597c6b1b321c4f632291c22dfe5788a058fe82fd65114a5a59d5d0be83,3a365f5dd3e9d410585a34695bb444d67b220c4b40a9348288a540078bc27f75
temporal,M2,False,2023-08-29,landsat-8,1088,71,218,218,218,162,56,56,0.8317642548736646,0.7431192660550459,0.7431192660550459,0.25688073394495414,3b188221263ad4673846ce5170fa622b5395e51a4aaa750114e1793d3986975b,55416c987a2d25f9177dd974307ae595761c1db31ecaa9d7561fb6c42d4d5e7c,00d1e59ce78baffbf9d24361ac8ba16a1d577b22cb193e15596627259190ed07,0c06b88fd09cd514745b699e6b6a7e12901db8d3247e42b582feaf1f7e91c04a,1eafe424a4c718d6a3b18cff938036f958858c70b344740788993b119bfbb04b,9c2f903993167fc2a228b3cfe60a23fe33f57f252bae6299458338cb8eb967ad,3f630dfcc8a1c2a19b093e7fe0f4bdc7f830fef42266fcf1156112f0eb959046,11f4fe862570895441036964a9b308e92c2ee6ba8a87b5da9009ffd5208a4bda,2c6d6a597c6b1b321c4f632291c22dfe5788a058fe82fd65114a5a59d5d0be83,3a365f5dd3e9d410585a34695bb444d67b220c4b40a9348288a540078bc27f75
temporal,M2,False,2024-06-20,landsat-9,1050,65,210,210,210,157,53,53,0.8480660861924416,0.7476190476190476,0.7476190476190476,0.2523809523809524,3b188221263ad4673846ce5170fa622b5395e51a4aaa750114e1793d3986975b,55416c987a2d25f9177dd974307ae595761c1db31ecaa9d7561fb6c42d4d5e7c,00d1e59ce78baffbf9d24361ac8ba16a1d577b22cb193e15596627259190ed07,0c06b88fd09cd514745b699e6b6a7e12901db8d3247e42b582feaf1f7e91c04a,1eafe424a4c718d6a3b18cff938036f958858c70b344740788993b119bfbb04b,9c2f903993167fc2a228b3cfe60a23fe33f57f252bae6299458338cb8eb967ad,3f630dfcc8a1c2a19b093e7fe0f4bdc7f830fef42266fcf1156112f0eb959046,11f4fe862570895441036964a9b308e92c2ee6ba8a87b5da9009ffd5208a4bda,2c6d6a597c6b1b321c4f632291c22dfe5788a058fe82fd65114a5a59d5d0be83,3a365f5dd3e9d410585a34695bb444d67b220c4b40a9348288a540078bc27f75
temporal,M2,False,2024-06-28,landsat-8,1060,69,212,212,212,140,72,72,0.6963289204047414,0.660377358490566,0.660377358490566,0.33962264150943394,3b188221263ad4673846ce5170fa622b5395e51a4aaa750114e1793d3986975b,55416c987a2d25f9177dd974307ae595761c1db31ecaa9d7561fb6c42d4d5e7c,00d1e59ce78baffbf9d24361ac8ba16a1d577b22cb193e15596627259190ed07,0c06b88fd09cd514745b699e6b6a7e12901db8d3247e42b582feaf1f7e91c04a,1eafe424a4c718d6a3b18cff938036f958858c70b344740788993b119bfbb04b,9c2f903993167fc2a228b3cfe60a23fe33f57f252bae6299458338cb8eb967ad,3f630dfcc8a1c2a19b093e7fe0f4bdc7f830fef42266fcf1156112f0eb959046,11f4fe862570895441036964a9b308e92c2ee6ba8a87b5da9009ffd5208a4bda,2c6d6a597c6b1b321c4f632291c22dfe5788a058fe82fd65114a5a59d5d0be83,3a365f5dd3e9d410585a34695bb444d67b220c4b40a9348288a540078bc27f75
temporal,M2,False,2024-07-22,landsat-9,976,67,196,196,196,162,34,34,0.7473446581214716,0.826530612244898,0.826530612244898,0.17346938775510204,3b188221263ad4673846ce5170fa622b5395e51a4aaa750114e1793d3986975b,55416c987a2d25f9177dd974307ae595761c1db31ecaa9d7561fb6c42d4d5e7c,00d1e59ce78baffbf9d24361ac8ba16a1d577b22cb193e15596627259190ed07,0c06b88fd09cd514745b699e6b6a7e12901db8d3247e42b582feaf1f7e91c04a,1eafe424a4c718d6a3b18cff938036f958858c70b344740788993b119bfbb04b,9c2f903993167fc2a228b3cfe60a23fe33f57f252bae6299458338cb8eb967ad,3f630dfcc8a1c2a19b093e7fe0f4bdc7f830fef42266fcf1156112f0eb959046,11f4fe862570895441036964a9b308e92c2ee6ba8a87b5da9009ffd5208a4bda,2c6d6a597c6b1b321c4f632291c22dfe5788a058fe82fd65114a5a59d5d0be83,3a365f5dd3e9d410585a34695bb444d67b220c4b40a9348288a540078bc27f75
temporal,M2,False,2024-07-30,landsat-8,1064,69,213,213,213,196,17,17,0.9736501457053038,0.92018779342723,0.92018779342723,0.07981220657276995,3b188221263ad4673846ce5170fa622b5395e51a4aaa750114e1793d3986975b,55416c987a2d25f9177dd974307ae595761c1db31ecaa9d7561fb6c42d4d5e7c,00d1e59ce78baffbf9d24361ac8ba16a1d577b22cb193e15596627259190ed07,0c06b88fd09cd514745b699e6b6a7e12901db8d3247e42b582feaf1f7e91c04a,1eafe424a4c718d6a3b18cff938036f958858c70b344740788993b119bfbb04b,9c2f903993167fc2a228b3cfe60a23fe33f57f252bae6299458338cb8eb967ad,3f630dfcc8a1c2a19b093e7fe0f4bdc7f830fef42266fcf1156112f0eb959046,11f4fe862570895441036964a9b308e92c2ee6ba8a87b5da9009ffd5208a4bda,2c6d6a597c6b1b321c4f632291c22dfe5788a058fe82fd65114a5a59d5d0be83,3a365f5dd3e9d410585a34695bb444d67b220c4b40a9348288a540078bc27f75
temporal,M2,False,2024-08-15,landsat-8,1083,71,217,217,217,162,55,55,0.8290923476169849,0.7465437788018433,0.7465437788018433,0.2534562211981567,3b188221263ad4673846ce5170fa622b5395e51a4aaa750114e1793d3986975b,55416c987a2d25f9177dd974307ae595761c1db31ecaa9d7561fb6c42d4d5e7c,00d1e59ce78baffbf9d24361ac8ba16a1d577b22cb193e15596627259190ed07,0c06b88fd09cd514745b699e6b6a7e12901db8d3247e42b582feaf1f7e91c04a,1eafe424a4c718d6a3b18cff938036f958858c70b344740788993b119bfbb04b,9c2f903993167fc2a228b3cfe60a23fe33f57f252bae6299458338cb8eb967ad,3f630dfcc8a1c2a19b093e7fe0f4bdc7f830fef42266fcf1156112f0eb959046,11f4fe862570895441036964a9b308e92c2ee6ba8a87b5da9009ffd5208a4bda,2c6d6a597c6b1b321c4f632291c22dfe5788a058fe82fd65114a5a59d5d0be83,3a365f5dd3e9d410585a34695bb444d67b220c4b40a9348288a540078bc27f75
temporal,M2,False,2024-08-23,landsat-9,1041,70,209,209,209,29,180,180,0.328622653755664,0.13875598086124402,0.13875598086124402,0.861244019138756,3b188221263ad4673846ce5170fa622b5395e51a4aaa750114e1793d3986975b,55416c987a2d25f9177dd974307ae595761c1db31ecaa9d7561fb6c42d4d5e7c,00d1e59ce78baffbf9d24361ac8ba16a1d577b22cb193e15596627259190ed07,0c06b88fd09cd514745b699e6b6a7e12901db8d3247e42b582feaf1f7e91c04a,1eafe424a4c718d6a3b18cff938036f958858c70b344740788993b119bfbb04b,9c2f903993167fc2a228b3cfe60a23fe33f57f252bae6299458338cb8eb967ad,3f630dfcc8a1c2a19b093e7fe0f4bdc7f830fef42266fcf1156112f0eb959046,11f4fe862570895441036964a9b308e92c2ee6ba8a87b5da9009ffd5208a4bda,2c6d6a597c6b1b321c4f632291c22dfe5788a058fe82fd65114a5a59d5d0be83,3a365f5dd3e9d410585a34695bb444d67b220c4b40a9348288a540078bc27f75
temporal,M2,False,2024-08-31,landsat-8,1048,66,210,210,210,179,31,31,0.9325600043610442,0.8523809523809524,0.8523809523809524,0.14761904761904762,3b188221263ad4673846ce5170fa622b5395e51a4aaa750114e1793d3986975b,55416c987a2d25f9177dd974307ae595761c1db31ecaa9d7561fb6c42d4d5e7c,00d1e59ce78baffbf9d24361ac8ba16a1d577b22cb193e15596627259190ed07,0c06b88fd09cd514745b699e6b6a7e12901db8d3247e42b582feaf1f7e91c04a,1eafe424a4c718d6a3b18cff938036f958858c70b344740788993b119bfbb04b,9c2f903993167fc2a228b3cfe60a23fe33f57f252bae6299458338cb8eb967ad,3f630dfcc8a1c2a19b093e7fe0f4bdc7f830fef42266fcf1156112f0eb959046,11f4fe862570895441036964a9b308e92c2ee6ba8a87b5da9009ffd5208a4bda,2c6d6a597c6b1b321c4f632291c22dfe5788a058fe82fd65114a5a59d5d0be83,3a365f5dd3e9d410585a34695bb444d67b220c4b40a9348288a540078bc27f75
temporal,M2,False,2024-09-08,landsat-9,1087,71,218,218,218,164,54,54,0.8592069888502,0.7522935779816514,0.7522935779816514,0.24770642201834864,3b188221263ad4673846ce5170fa622b5395e51a4aaa750114e1793d3986975b,55416c987a2d25f9177dd974307ae595761c1db31ecaa9d7561fb6c42d4d5e7c,00d1e59ce78baffbf9d24361ac8ba16a1d577b22cb193e15596627259190ed07,0c06b88fd09cd514745b699e6b6a7e12901db8d3247e42b582feaf1f7e91c04a,1eafe424a4c718d6a3b18cff938036f958858c70b344740788993b119bfbb04b,9c2f903993167fc2a228b3cfe60a23fe33f57f252bae6299458338cb8eb967ad,3f630dfcc8a1c2a19b093e7fe0f4bdc7f830fef42266fcf1156112f0eb959046,11f4fe862570895441036964a9b308e92c2ee6ba8a87b5da9009ffd5208a4bda,2c6d6a597c6b1b321c4f632291c22dfe5788a058fe82fd65114a5a59d5d0be83,3a365f5dd3e9d410585a34695bb444d67b220c4b40a9348288a540078bc27f75
temporal,M2,False,2024-10-18,landsat-8,1091,71,219,219,219,59,160,160,0.30816127332552945,0.2694063926940639,0.2694063926940639,0.730593607305936,3b188221263ad4673846ce5170fa622b5395e51a4aaa750114e1793d3986975b,55416c987a2d25f9177dd974307ae595761c1db31ecaa9d7561fb6c42d4d5e7c,00d1e59ce78baffbf9d24361ac8ba16a1d577b22cb193e15596627259190ed07,0c06b88fd09cd514745b699e6b6a7e12901db8d3247e42b582feaf1f7e91c04a,1eafe424a4c718d6a3b18cff938036f958858c70b344740788993b119bfbb04b,9c2f903993167fc2a228b3cfe60a23fe33f57f252bae6299458338cb8eb967ad,3f630dfcc8a1c2a19b093e7fe0f4bdc7f830fef42266fcf1156112f0eb959046,11f4fe862570895441036964a9b308e92c2ee6ba8a87b5da9009ffd5208a4bda,2c6d6a597c6b1b321c4f632291c22dfe5788a058fe82fd65114a5a59d5d0be83,3a365f5dd3e9d410585a34695bb444d67b220c4b40a9348288a540078bc27f75
spatial,B0,False,2020-05-16,landsat-8,1061,69,213,213,213,2,211,211,0.13301209226502456,0.009389671361502348,0.009389671361502348,0.9906103286384976,3b188221263ad4673846ce5170fa622b5395e51a4aaa750114e1793d3986975b,55416c987a2d25f9177dd974307ae595761c1db31ecaa9d7561fb6c42d4d5e7c,00d1e59ce78baffbf9d24361ac8ba16a1d577b22cb193e15596627259190ed07,0c06b88fd09cd514745b699e6b6a7e12901db8d3247e42b582feaf1f7e91c04a,1eafe424a4c718d6a3b18cff938036f958858c70b344740788993b119bfbb04b,9c2f903993167fc2a228b3cfe60a23fe33f57f252bae6299458338cb8eb967ad,3f630dfcc8a1c2a19b093e7fe0f4bdc7f830fef42266fcf1156112f0eb959046,11f4fe862570895441036964a9b308e92c2ee6ba8a87b5da9009ffd5208a4bda,2c6d6a597c6b1b321c4f632291c22dfe5788a058fe82fd65114a5a59d5d0be83,3a365f5dd3e9d410585a34695bb444d67b220c4b40a9348288a540078bc27f75
spatial,B0,False,2020-07-03,landsat-8,1073,70,215,215,215,1,214,214,0.12154058496438695,0.004651162790697674,0.004651162790697674,0.9953488372093023,3b188221263ad4673846ce5170fa622b5395e51a4aaa750114e1793d3986975b,55416c987a2d25f9177dd974307ae595761c1db31ecaa9d7561fb6c42d4d5e7c,00d1e59ce78baffbf9d24361ac8ba16a1d577b22cb193e15596627259190ed07,0c06b88fd09cd514745b699e6b6a7e12901db8d3247e42b582feaf1f7e91c04a,1eafe424a4c718d6a3b18cff938036f958858c70b344740788993b119bfbb04b,9c2f903993167fc2a228b3cfe60a23fe33f57f252bae6299458338cb8eb967ad,3f630dfcc8a1c2a19b093e7fe0f4bdc7f830fef42266fcf1156112f0eb959046,11f4fe862570895441036964a9b308e92c2ee6ba8a87b5da9009ffd5208a4bda,2c6d6a597c6b1b321c4f632291c22dfe5788a058fe82fd65114a5a59d5d0be83,3a365f5dd3e9d410585a34695bb444d67b220c4b40a9348288a540078bc27f75
spatial,B0,False,2020-07-19,landsat-8,1050,68,210,210,210,0,210,210,0.11911460834133185,0.0,0.0,1.0,3b188221263ad4673846ce5170fa622b5395e51a4aaa750114e1793d3986975b,55416c987a2d25f9177dd974307ae595761c1db31ecaa9d7561fb6c42d4d5e7c,00d1e59ce78baffbf9d24361ac8ba16a1d577b22cb193e15596627259190ed07,0c06b88fd09cd514745b699e6b6a7e12901db8d3247e42b582feaf1f7e91c04a,1eafe424a4c718d6a3b18cff938036f958858c70b344740788993b119bfbb04b,9c2f903993167fc2a228b3cfe60a23fe33f57f252bae6299458338cb8eb967ad,3f630dfcc8a1c2a19b093e7fe0f4bdc7f830fef42266fcf1156112f0eb959046,11f4fe862570895441036964a9b308e92c2ee6ba8a87b5da9009ffd5208a4bda,2c6d6a597c6b1b321c4f632291c22dfe5788a058fe82fd65114a5a59d5d0be83,3a365f5dd3e9d410585a34695bb444d67b220c4b40a9348288a540078bc27f75
spatial,B0,False,2020-08-20,landsat-8,1080,71,216,216,216,2,214,214,0.12572941457663595,0.009259259259259259,0.009259259259259259,0.9907407407407407,3b188221263ad4673846ce5170fa622b5395e51a4aaa750114e1793d3986975b,55416c987a2d25f9177dd974307ae595761c1db31ecaa9d7561fb6c42d4d5e7c,00d1e59ce78baffbf9d24361ac8ba16a1d577b22cb193e15596627259190ed07,0c06b88fd09cd514745b699e6b6a7e12901db8d3247e42b582feaf1f7e91c04a,1eafe424a4c718d6a3b18cff938036f958858c70b344740788993b119bfbb04b,9c2f903993167fc2a228b3cfe60a23fe33f57f252bae6299458338cb8eb967ad,3f630dfcc8a1c2a19b093e7fe0f4bdc7f830fef42266fcf1156112f0eb959046,11f4fe862570895441036964a9b308e92c2ee6ba8a87b5da9009ffd5208a4bda,2c6d6a597c6b1b321c4f632291c22dfe5788a058fe82fd65114a5a59d5d0be83,3a365f5dd3e9d410585a34695bb444d67b220c4b40a9348288a540078bc27f75
spatial,B0,False,2020-09-05,landsat-8,1086,71,218,218,218,0,218,218,0.12522657047444258,0.0,0.0,1.0,3b188221263ad4673846ce5170fa622b5395e51a4aaa750114e1793d3986975b,55416c987a2d25f9177dd974307ae595761c1db31ecaa9d7561fb6c42d4d5e7c,00d1e59ce78baffbf9d24361ac8ba16a1d577b22cb193e15596627259190ed07,0c06b88fd09cd514745b699e6b6a7e12901db8d3247e42b582feaf1f7e91c04a,1eafe424a4c718d6a3b18cff938036f958858c70b344740788993b119bfbb04b,9c2f903993167fc2a228b3cfe60a23fe33f57f252bae6299458338cb8eb967ad,3f630dfcc8a1c2a19b093e7fe0f4bdc7f830fef42266fcf1156112f0eb959046,11f4fe862570895441036964a9b308e92c2ee6ba8a87b5da9009ffd5208a4bda,2c6d6a597c6b1b321c4f632291c22dfe5788a058fe82fd65114a5a59d5d0be83,3a365f5dd3e9d410585a34695bb444d67b220c4b40a9348288a540078bc27f75
spatial,B0,False,2021-07-06,landsat-8,1068,66,214,214,214,2,212,212,0.1240855401316509,0.009345794392523364,0.009345794392523364,0.9906542056074766,3b188221263ad4673846ce5170fa622b5395e51a4aaa750114e1793d3986975b,55416c987a2d25f9177dd974307ae595761c1db31ecaa9d7561fb6c42d4d5e7c,00d1e59ce78baffbf9d24361ac8ba16a1d577b22cb193e15596627259190ed07,0c06b88fd09cd514745b699e6b6a7e12901db8d3247e42b582feaf1f7e91c04a,1eafe424a4c718d6a3b18cff938036f958858c70b344740788993b119bfbb04b,9c2f903993167fc2a228b3cfe60a23fe33f57f252bae6299458338cb8eb967ad,3f630dfcc8a1c2a19b093e7fe0f4bdc7f830fef42266fcf1156112f0eb959046,11f4fe862570895441036964a9b308e92c2ee6ba8a87b5da9009ffd5208a4bda,2c6d6a597c6b1b321c4f632291c22dfe5788a058fe82fd65114a5a59d5d0be83,3a365f5dd3e9d410585a34695bb444d67b220c4b40a9348288a540078bc27f75
spatial,B0,False,2021-08-07,landsat-8,1064,69,213,213,213,2,211,211,0.12080665335265559,0.009389671361502348,0.009389671361502348,0.9906103286384976,3b188221263ad4673846ce5170fa622b5395e51a4aaa750114e1793d3986975b,55416c987a2d25f9177dd974307ae595761c1db31ecaa9d7561fb6c42d4d5e7c,00d1e59ce78baffbf9d24361ac8ba16a1d577b22cb193e15596627259190ed07,0c06b88fd09cd514745b699e6b6a7e12901db8d3247e42b582feaf1f7e91c04a,1eafe424a4c718d6a3b18cff938036f958858c70b344740788993b119bfbb04b,9c2f903993167fc2a228b3cfe60a23fe33f57f252bae6299458338cb8eb967ad,3f630dfcc8a1c2a19b093e7fe0f4bdc7f830fef42266fcf1156112f0eb959046,11f4fe862570895441036964a9b308e92c2ee6ba8a87b5da9009ffd5208a4bda,2c6d6a597c6b1b321c4f632291c22dfe5788a058fe82fd65114a5a59d5d0be83,3a365f5dd3e9d410585a34695bb444d67b220c4b40a9348288a540078bc27f75
spatial,B0,False,2021-10-26,landsat-8,1094,71,219,219,219,6,213,213,0.14668800250568398,0.0273972602739726,0.0273972602739726,0.9726027397260274,3b188221263ad4673846ce5170fa622b5395e51a4aaa750114e1793d3986975b,55416c987a2d25f9177dd974307ae595761c1db31ecaa9d7561fb6c42d4d5e7c,00d1e59ce78baffbf9d24361ac8ba16a1d577b22cb193e15596627259190ed07,0c06b88fd09cd514745b699e6b6a7e12901db8d3247e42b582feaf1f7e91c04a,1eafe424a4c718d6a3b18cff938036f958858c70b344740788993b119bfbb04b,9c2f903993167fc2a228b3cfe60a23fe33f57f252bae6299458338cb8eb967ad,3f630dfcc8a1c2a19b093e7fe0f4bdc7f830fef42266fcf1156112f0eb959046,11f4fe862570895441036964a9b308e92c2ee6ba8a87b5da9009ffd5208a4bda,2c6d6a597c6b1b321c4f632291c22dfe5788a058fe82fd65114a5a59d5d0be83,3a365f5dd3e9d410585a34695bb444d67b220c4b40a9348288a540078bc27f75
spatial,B0,False,2022-05-30,landsat-9,1055,67,211,211,211,0,211,211,0.12237255894847206,0.0,0.0,1.0,3b188221263ad4673846ce5170fa622b5395e51a4aaa750114e1793d3986975b,55416c987a2d25f9177dd974307ae595761c1db31ecaa9d7561fb6c42d4d5e7c,00d1e59ce78baffbf9d24361ac8ba16a1d577b22cb193e15596627259190ed07,0c06b88fd09cd514745b699e6b6a7e12901db8d3247e42b582feaf1f7e91c04a,1eafe424a4c718d6a3b18cff938036f958858c70b344740788993b119bfbb04b,9c2f903993167fc2a228b3cfe60a23fe33f57f252bae6299458338cb8eb967ad,3f630dfcc8a1c2a19b093e7fe0f4bdc7f830fef42266fcf1156112f0eb959046,11f4fe862570895441036964a9b308e92c2ee6ba8a87b5da9009ffd5208a4bda,2c6d6a597c6b1b321c4f632291c22dfe5788a058fe82fd65114a5a59d5d0be83,3a365f5dd3e9d410585a34695bb444d67b220c4b40a9348288a540078bc27f75
spatial,B0,False,2022-06-15,landsat-9,1067,69,214,214,214,2,212,212,0.12126719386593444,0.009345794392523364,0.009345794392523364,0.9906542056074766,3b188221263ad4673846ce5170fa622b5395e51a4aaa750114e1793d3986975b,55416c987a2d25f9177dd974307ae595761c1db31ecaa9d7561fb6c42d4d5e7c,00d1e59ce78baffbf9d24361ac8ba16a1d577b22cb193e15596627259190ed07,0c06b88fd09cd514745b699e6b6a7e12901db8d3247e42b582feaf1f7e91c04a,1eafe424a4c718d6a3b18cff938036f958858c70b344740788993b119bfbb04b,9c2f903993167fc2a228b3cfe60a23fe33f57f252bae6299458338cb8eb967ad,3f630dfcc8a1c2a19b093e7fe0f4bdc7f830fef42266fcf1156112f0eb959046,11f4fe862570895441036964a9b308e92c2ee6ba8a87b5da9009ffd5208a4bda,2c6d6a597c6b1b321c4f632291c22dfe5788a058fe82fd65114a5a59d5d0be83,3a365f5dd3e9d410585a34695bb444d67b220c4b40a9348288a540078bc27f75
spatial,B0,False,2022-06-23,landsat-8,1059,69,212,212,212,0,212,212,0.11880292728922881,0.0,0.0,1.0,3b188221263ad4673846ce5170fa622b5395e51a4aaa750114e1793d3986975b,55416c987a2d25f9177dd974307ae595761c1db31ecaa9d7561fb6c42d4d5e7c,00d1e59ce78baffbf9d24361ac8ba16a1d577b22cb193e15596627259190ed07,0c06b88fd09cd514745b699e6b6a7e12901db8d3247e42b582feaf1f7e91c04a,1eafe424a4c718d6a3b18cff938036f958858c70b344740788993b119bfbb04b,9c2f903993167fc2a228b3cfe60a23fe33f57f252bae6299458338cb8eb967ad,3f630dfcc8a1c2a19b093e7fe0f4bdc7f830fef42266fcf1156112f0eb959046,11f4fe862570895441036964a9b308e92c2ee6ba8a87b5da9009ffd5208a4bda,2c6d6a597c6b1b321c4f632291c22dfe5788a058fe82fd65114a5a59d5d0be83,3a365f5dd3e9d410585a34695bb444d67b220c4b40a9348288a540078bc27f75
spatial,B0,False,2022-07-01,landsat-9,1072,70,215,215,215,2,213,213,0.12350808428001578,0.009302325581395349,0.009302325581395349,0.9906976744186047,3b188221263ad4673846ce5170fa622b5395e51a4aaa750114e1793d3986975b,55416c987a2d25f9177dd974307ae595761c1db31ecaa9d7561fb6c42d4d5e7c,00d1e59ce78baffbf9d24361ac8ba16a1d577b22cb193e15596627259190ed07,0c06b88fd09cd514745b699e6b6a7e12901db8d3247e42b582feaf1f7e91c04a,1eafe424a4c718d6a3b18cff938036f958858c70b344740788993b119bfbb04b,9c2f903993167fc2a228b3cfe60a23fe33f57f252bae6299458338cb8eb967ad,3f630dfcc8a1c2a19b093e7fe0f4bdc7f830fef42266fcf1156112f0eb959046,11f4fe862570895441036964a9b308e92c2ee6ba8a87b5da9009ffd5208a4bda,2c6d6a597c6b1b321c4f632291c22dfe5788a058fe82fd65114a5a59d5d0be83,3a365f5dd3e9d410585a34695bb444d67b220c4b40a9348288a540078bc27f75
spatial,B0,False,2022-07-09,landsat-8,1050,67,210,210,210,0,210,210,0.11880290199243995,0.0,0.0,1.0,3b188221263ad4673846ce5170fa622b5395e51a4aaa750114e1793d3986975b,55416c987a2d25f9177dd974307ae595761c1db31ecaa9d7561fb6c42d4d5e7c,00d1e59ce78baffbf9d24361ac8ba16a1d577b22cb193e15596627259190ed07,0c06b88fd09cd514745b699e6b6a7e12901db8d3247e42b582feaf1f7e91c04a,1eafe424a4c718d6a3b18cff938036f958858c70b344740788993b119bfbb04b,9c2f903993167fc2a228b3cfe60a23fe33f57f252bae6299458338cb8eb967ad,3f630dfcc8a1c2a19b093e7fe0f4bdc7f830fef42266fcf1156112f0eb959046,11f4fe862570895441036964a9b308e92c2ee6ba8a87b5da9009ffd5208a4bda,2c6d6a597c6b1b321c4f632291c22dfe5788a058fe82fd65114a5a59d5d0be83,3a365f5dd3e9d410585a34695bb444d67b220c4b40a9348288a540078bc27f75
spatial,B0,False,2022-07-25,landsat-8,1054,68,211,211,211,2,209,209,0.11961114170784112,0.009478672985781991,0.009478672985781991,0.990521327014218,3b188221263ad4673846ce5170fa622b5395e51a4aaa750114e1793d3986975b,55416c987a2d25f9177dd974307ae595761c1db31ecaa9d7561fb6c42d4d5e7c,00d1e59ce78baffbf9d24361ac8ba16a1d577b22cb193e15596627259190ed07,0c06b88fd09cd514745b699e6b6a7e12901db8d3247e42b582feaf1f7e91c04a,1eafe424a4c718d6a3b18cff938036f958858c70b344740788993b119bfbb04b,9c2f903993167fc2a228b3cfe60a23fe33f57f252bae6299458338cb8eb967ad,3f630dfcc8a1c2a19b093e7fe0f4bdc7f830fef42266fcf1156112f0eb959046,11f4fe862570895441036964a9b308e92c2ee6ba8a87b5da9009ffd5208a4bda,2c6d6a597c6b1b321c4f632291c22dfe5788a058fe82fd65114a5a59d5d0be83,3a365f5dd3e9d410585a34695bb444d67b220c4b40a9348288a540078bc27f75
spatial,B0,False,2022-08-02,landsat-9,1026,67,206,206,206,0,206,206,0.11935965340446682,0.0,0.0,1.0,3b188221263ad4673846ce5170fa622b5395e51a4aaa750114e1793d3986975b,55416c987a2d25f9177dd974307ae595761c1db31ecaa9d7561fb6c42d4d5e7c,00d1e59ce78baffbf9d24361ac8ba16a1d577b22cb193e15596627259190ed07,0c06b88fd09cd514745b699e6b6a7e12901db8d3247e42b582feaf1f7e91c04a,1eafe424a4c718d6a3b18cff938036f958858c70b344740788993b119bfbb04b,9c2f903993167fc2a228b3cfe60a23fe33f57f252bae6299458338cb8eb967ad,3f630dfcc8a1c2a19b093e7fe0f4bdc7f830fef42266fcf1156112f0eb959046,11f4fe862570895441036964a9b308e92c2ee6ba8a87b5da9009ffd5208a4bda,2c6d6a597c6b1b321c4f632291c22dfe5788a058fe82fd65114a5a59d5d0be83,3a365f5dd3e9d410585a34695bb444d67b220c4b40a9348288a540078bc27f75
spatial,B0,False,2022-08-26,landsat-8,1058,69,212,212,212,0,212,212,0.11890507110343954,0.0,0.0,1.0,3b188221263ad4673846ce5170fa622b5395e51a4aaa750114e1793d3986975b,55416c987a2d25f9177dd974307ae595761c1db31ecaa9d7561fb6c42d4d5e7c,00d1e59ce78baffbf9d24361ac8ba16a1d577b22cb193e15596627259190ed07,0c06b88fd09cd514745b699e6b6a7e12901db8d3247e42b582feaf1f7e91c04a,1eafe424a4c718d6a3b18cff938036f958858c70b344740788993b119bfbb04b,9c2f903993167fc2a228b3cfe60a23fe33f57f252bae6299458338cb8eb967ad,3f630dfcc8a1c2a19b093e7fe0f4bdc7f830fef42266fcf1156112f0eb959046,11f4fe862570895441036964a9b308e92c2ee6ba8a87b5da9009ffd5208a4bda,2c6d6a597c6b1b321c4f632291c22dfe5788a058fe82fd65114a5a59d5d0be83,3a365f5dd3e9d410585a34695bb444d67b220c4b40a9348288a540078bc27f75
spatial,B0,False,2022-09-03,landsat-9,1085,71,217,217,217,0,217,217,0.12013873406909453,0.0,0.0,1.0,3b188221263ad4673846ce5170fa622b5395e51a4aaa750114e1793d3986975b,55416c987a2d25f9177dd974307ae595761c1db31ecaa9d7561fb6c42d4d5e7c,00d1e59ce78baffbf9d24361ac8ba16a1d577b22cb193e15596627259190ed07,0c06b88fd09cd514745b699e6b6a7e12901db8d3247e42b582feaf1f7e91c04a,1eafe424a4c718d6a3b18cff938036f958858c70b344740788993b119bfbb04b,9c2f903993167fc2a228b3cfe60a23fe33f57f252bae6299458338cb8eb967ad,3f630dfcc8a1c2a19b093e7fe0f4bdc7f830fef42266fcf1156112f0eb959046,11f4fe862570895441036964a9b308e92c2ee6ba8a87b5da9009ffd5208a4bda,2c6d6a597c6b1b321c4f632291c22dfe5788a058fe82fd65114a5a59d5d0be83,3a365f5dd3e9d410585a34695bb444d67b220c4b40a9348288a540078bc27f75
spatial,B0,False,2022-09-27,landsat-8,1081,71,217,217,217,0,217,217,0.12087791508997395,0.0,0.0,1.0,3b188221263ad4673846ce5170fa622b5395e51a4aaa750114e1793d3986975b,55416c987a2d25f9177dd974307ae595761c1db31ecaa9d7561fb6c42d4d5e7c,00d1e59ce78baffbf9d24361ac8ba16a1d577b22cb193e15596627259190ed07,0c06b88fd09cd514745b699e6b6a7e12901db8d3247e42b582feaf1f7e91c04a,1eafe424a4c718d6a3b18cff938036f958858c70b344740788993b119bfbb04b,9c2f903993167fc2a228b3cfe60a23fe33f57f252bae6299458338cb8eb967ad,3f630dfcc8a1c2a19b093e7fe0f4bdc7f830fef42266fcf1156112f0eb959046,11f4fe862570895441036964a9b308e92c2ee6ba8a87b5da9009ffd5208a4bda,2c6d6a597c6b1b321c4f632291c22dfe5788a058fe82fd65114a5a59d5d0be83,3a365f5dd3e9d410585a34695bb444d67b220c4b40a9348288a540078bc27f75
spatial,B0,False,2023-06-26,landsat-8,1038,62,208,208,208,0,208,208,0.12249137893448686,0.0,0.0,1.0,3b188221263ad4673846ce5170fa622b5395e51a4aaa750114e1793d3986975b,55416c987a2d25f9177dd974307ae595761c1db31ecaa9d7561fb6c42d4d5e7c,00d1e59ce78baffbf9d24361ac8ba16a1d577b22cb193e15596627259190ed07,0c06b88fd09cd514745b699e6b6a7e12901db8d3247e42b582feaf1f7e91c04a,1eafe424a4c718d6a3b18cff938036f958858c70b344740788993b119bfbb04b,9c2f903993167fc2a228b3cfe60a23fe33f57f252bae6299458338cb8eb967ad,3f630dfcc8a1c2a19b093e7fe0f4bdc7f830fef42266fcf1156112f0eb959046,11f4fe862570895441036964a9b308e92c2ee6ba8a87b5da9009ffd5208a4bda,2c6d6a597c6b1b321c4f632291c22dfe5788a058fe82fd65114a5a59d5d0be83,3a365f5dd3e9d410585a34695bb444d67b220c4b40a9348288a540078bc27f75
spatial,B0,False,2023-07-04,landsat-9,1059,66,212,212,212,4,208,208,0.138889890401901,0.018867924528301886,0.018867924528301886,0.9811320754716981,3b188221263ad4673846ce5170fa622b5395e51a4aaa750114e1793d3986975b,55416c987a2d25f9177dd974307ae595761c1db31ecaa9d7561fb6c42d4d5e7c,00d1e59ce78baffbf9d24361ac8ba16a1d577b22cb193e15596627259190ed07,0c06b88fd09cd514745b699e6b6a7e12901db8d3247e42b582feaf1f7e91c04a,1eafe424a4c718d6a3b18cff938036f958858c70b344740788993b119bfbb04b,9c2f903993167fc2a228b3cfe60a23fe33f57f252bae6299458338cb8eb967ad,3f630dfcc8a1c2a19b093e7fe0f4bdc7f830fef42266fcf1156112f0eb959046,11f4fe862570895441036964a9b308e92c2ee6ba8a87b5da9009ffd5208a4bda,2c6d6a597c6b1b321c4f632291c22dfe5788a058fe82fd65114a5a59d5d0be83,3a365f5dd3e9d410585a34695bb444d67b220c4b40a9348288a540078bc27f75
spatial,B0,False,2023-07-12,landsat-8,1060,69,212,212,212,1,211,211,0.12687096508958606,0.0047169811320754715,0.0047169811320754715,0.9952830188679245,3b188221263ad4673846ce5170fa622b5395e51a4aaa750114e1793d3986975b,55416c987a2d25f9177dd974307ae595761c1db31ecaa9d7561fb6c42d4d5e7c,00d1e59ce78baffbf9d24361ac8ba16a1d577b22cb193e15596627259190ed07,0c06b88fd09cd514745b699e6b6a7e12901db8d3247e42b582feaf1f7e91c04a,1eafe424a4c718d6a3b18cff938036f958858c70b344740788993b119bfbb04b,9c2f903993167fc2a228b3cfe60a23fe33f57f252bae6299458338cb8eb967ad,3f630dfcc8a1c2a19b093e7fe0f4bdc7f830fef42266fcf1156112f0eb959046,11f4fe862570895441036964a9b308e92c2ee6ba8a87b5da9009ffd5208a4bda,2c6d6a597c6b1b321c4f632291c22dfe5788a058fe82fd65114a5a59d5d0be83,3a365f5dd3e9d410585a34695bb444d67b220c4b40a9348288a540078bc27f75
spatial,B0,False,2023-07-20,landsat-9,1072,69,215,215,215,0,215,215,0.1190886827603619,0.0,0.0,1.0,3b188221263ad4673846ce5170fa622b5395e51a4aaa750114e1793d3986975b,55416c987a2d25f9177dd974307ae595761c1db31ecaa9d7561fb6c42d4d5e7c,00d1e59ce78baffbf9d24361ac8ba16a1d577b22cb193e15596627259190ed07,0c06b88fd09cd514745b699e6b6a7e12901db8d3247e42b582feaf1f7e91c04a,1eafe424a4c718d6a3b18cff938036f958858c70b344740788993b119bfbb04b,9c2f903993167fc2a228b3cfe60a23fe33f57f252bae6299458338cb8eb967ad,3f630dfcc8a1c2a19b093e7fe0f4bdc7f830fef42266fcf1156112f0eb959046,11f4fe862570895441036964a9b308e92c2ee6ba8a87b5da9009ffd5208a4bda,2c6d6a597c6b1b321c4f632291c22dfe5788a058fe82fd65114a5a59d5d0be83,3a365f5dd3e9d410585a34695bb444d67b220c4b40a9348288a540078bc27f75
spatial,B0,False,2023-08-05,landsat-9,1076,69,216,216,216,0,216,216,0.11982011994040898,0.0,0.0,1.0,3b188221263ad4673846ce5170fa622b5395e51a4aaa750114e1793d3986975b,55416c987a2d25f9177dd974307ae595761c1db31ecaa9d7561fb6c42d4d5e7c,00d1e59ce78baffbf9d24361ac8ba16a1d577b22cb193e15596627259190ed07,0c06b88fd09cd514745b699e6b6a7e12901db8d3247e42b582feaf1f7e91c04a,1eafe424a4c718d6a3b18cff938036f958858c70b344740788993b119bfbb04b,9c2f903993167fc2a228b3cfe60a23fe33f57f252bae6299458338cb8eb967ad,3f630dfcc8a1c2a19b093e7fe0f4bdc7f830fef42266fcf1156112f0eb959046,11f4fe862570895441036964a9b308e92c2ee6ba8a87b5da9009ffd5208a4bda,2c6d6a597c6b1b321c4f632291c22dfe5788a058fe82fd65114a5a59d5d0be83,3a365f5dd3e9d410585a34695bb444d67b220c4b40a9348288a540078bc27f75
spatial,B0,False,2023-08-13,landsat-8,1063,68,213,213,213,1,212,212,0.11954390213071381,0.004694835680751174,0.004694835680751174,0.9953051643192489,3b188221263ad4673846ce5170fa622b5395e51a4aaa750114e1793d3986975b,55416c987a2d25f9177dd974307ae595761c1db31ecaa9d7561fb6c42d4d5e7c,00d1e59ce78baffbf9d24361ac8ba16a1d577b22cb193e15596627259190ed07,0c06b88fd09cd514745b699e6b6a7e12901db8d3247e42b582feaf1f7e91c04a,1eafe424a4c718d6a3b18cff938036f958858c70b344740788993b119bfbb04b,9c2f903993167fc2a228b3cfe60a23fe33f57f252bae6299458338cb8eb967ad,3f630dfcc8a1c2a19b093e7fe0f4bdc7f830fef42266fcf1156112f0eb959046,11f4fe862570895441036964a9b308e92c2ee6ba8a87b5da9009ffd5208a4bda,2c6d6a597c6b1b321c4f632291c22dfe5788a058fe82fd65114a5a59d5d0be83,3a365f5dd3e9d410585a34695bb444d67b220c4b40a9348288a540078bc27f75
spatial,B0,False,2023-08-29,landsat-8,1088,71,218,218,218,0,218,218,0.12027971318469058,0.0,0.0,1.0,3b188221263ad4673846ce5170fa622b5395e51a4aaa750114e1793d3986975b,55416c987a2d25f9177dd974307ae595761c1db31ecaa9d7561fb6c42d4d5e7c,00d1e59ce78baffbf9d24361ac8ba16a1d577b22cb193e15596627259190ed07,0c06b88fd09cd514745b699e6b6a7e12901db8d3247e42b582feaf1f7e91c04a,1eafe424a4c718d6a3b18cff938036f958858c70b344740788993b119bfbb04b,9c2f903993167fc2a228b3cfe60a23fe33f57f252bae6299458338cb8eb967ad,3f630dfcc8a1c2a19b093e7fe0f4bdc7f830fef42266fcf1156112f0eb959046,11f4fe862570895441036964a9b308e92c2ee6ba8a87b5da9009ffd5208a4bda,2c6d6a597c6b1b321c4f632291c22dfe5788a058fe82fd65114a5a59d5d0be83,3a365f5dd3e9d410585a34695bb444d67b220c4b40a9348288a540078bc27f75
spatial,B0,False,2024-06-20,landsat-9,1050,65,210,210,210,2,208,208,0.12248706114371244,0.009523809523809525,0.009523809523809525,0.9904761904761905,3b188221263ad4673846ce5170fa622b5395e51a4aaa750114e1793d3986975b,55416c987a2d25f9177dd974307ae595761c1db31ecaa9d7561fb6c42d4d5e7c,00d1e59ce78baffbf9d24361ac8ba16a1d577b22cb193e15596627259190ed07,0c06b88fd09cd514745b699e6b6a7e12901db8d3247e42b582feaf1f7e91c04a,1eafe424a4c718d6a3b18cff938036f958858c70b344740788993b119bfbb04b,9c2f903993167fc2a228b3cfe60a23fe33f57f252bae6299458338cb8eb967ad,3f630dfcc8a1c2a19b093e7fe0f4bdc7f830fef42266fcf1156112f0eb959046,11f4fe862570895441036964a9b308e92c2ee6ba8a87b5da9009ffd5208a4bda,2c6d6a597c6b1b321c4f632291c22dfe5788a058fe82fd65114a5a59d5d0be83,3a365f5dd3e9d410585a34695bb444d67b220c4b40a9348288a540078bc27f75
spatial,B0,False,2024-06-28,landsat-8,1060,69,212,212,212,3,209,209,0.14998994232115262,0.014150943396226415,0.014150943396226415,0.9858490566037735,3b188221263ad4673846ce5170fa622b5395e51a4aaa750114e1793d3986975b,55416c987a2d25f9177dd974307ae595761c1db31ecaa9d7561fb6c42d4d5e7c,00d1e59ce78baffbf9d24361ac8ba16a1d577b22cb193e15596627259190ed07,0c06b88fd09cd514745b699e6b6a7e12901db8d3247e42b582feaf1f7e91c04a,1eafe424a4c718d6a3b18cff938036f958858c70b344740788993b119bfbb04b,9c2f903993167fc2a228b3cfe60a23fe33f57f252bae6299458338cb8eb967ad,3f630dfcc8a1c2a19b093e7fe0f4bdc7f830fef42266fcf1156112f0eb959046,11f4fe862570895441036964a9b308e92c2ee6ba8a87b5da9009ffd5208a4bda,2c6d6a597c6b1b321c4f632291c22dfe5788a058fe82fd65114a5a59d5d0be83,3a365f5dd3e9d410585a34695bb444d67b220c4b40a9348288a540078bc27f75
spatial,B0,False,2024-07-22,landsat-9,976,67,196,196,196,0,196,196,0.12359273866082687,0.0,0.0,1.0,3b188221263ad4673846ce5170fa622b5395e51a4aaa750114e1793d3986975b,55416c987a2d25f9177dd974307ae595761c1db31ecaa9d7561fb6c42d4d5e7c,00d1e59ce78baffbf9d24361ac8ba16a1d577b22cb193e15596627259190ed07,0c06b88fd09cd514745b699e6b6a7e12901db8d3247e42b582feaf1f7e91c04a,1eafe424a4c718d6a3b18cff938036f958858c70b344740788993b119bfbb04b,9c2f903993167fc2a228b3cfe60a23fe33f57f252bae6299458338cb8eb967ad,3f630dfcc8a1c2a19b093e7fe0f4bdc7f830fef42266fcf1156112f0eb959046,11f4fe862570895441036964a9b308e92c2ee6ba8a87b5da9009ffd5208a4bda,2c6d6a597c6b1b321c4f632291c22dfe5788a058fe82fd65114a5a59d5d0be83,3a365f5dd3e9d410585a34695bb444d67b220c4b40a9348288a540078bc27f75
spatial,B0,False,2024-07-30,landsat-8,1064,69,213,213,213,0,213,213,0.11837871191522531,0.0,0.0,1.0,3b188221263ad4673846ce5170fa622b5395e51a4aaa750114e1793d3986975b,55416c987a2d25f9177dd974307ae595761c1db31ecaa9d7561fb6c42d4d5e7c,00d1e59ce78baffbf9d24361ac8ba16a1d577b22cb193e15596627259190ed07,0c06b88fd09cd514745b699e6b6a7e12901db8d3247e42b582feaf1f7e91c04a,1eafe424a4c718d6a3b18cff938036f958858c70b344740788993b119bfbb04b,9c2f903993167fc2a228b3cfe60a23fe33f57f252bae6299458338cb8eb967ad,3f630dfcc8a1c2a19b093e7fe0f4bdc7f830fef42266fcf1156112f0eb959046,11f4fe862570895441036964a9b308e92c2ee6ba8a87b5da9009ffd5208a4bda,2c6d6a597c6b1b321c4f632291c22dfe5788a058fe82fd65114a5a59d5d0be83,3a365f5dd3e9d410585a34695bb444d67b220c4b40a9348288a540078bc27f75
spatial,B0,False,2024-08-15,landsat-8,1083,71,217,217,217,0,217,217,0.12001058083130069,0.0,0.0,1.0,3b188221263ad4673846ce5170fa622b5395e51a4aaa750114e1793d3986975b,55416c987a2d25f9177dd974307ae595761c1db31ecaa9d7561fb6c42d4d5e7c,00d1e59ce78baffbf9d24361ac8ba16a1d577b22cb193e15596627259190ed07,0c06b88fd09cd514745b699e6b6a7e12901db8d3247e42b582feaf1f7e91c04a,1eafe424a4c718d6a3b18cff938036f958858c70b344740788993b119bfbb04b,9c2f903993167fc2a228b3cfe60a23fe33f57f252bae6299458338cb8eb967ad,3f630dfcc8a1c2a19b093e7fe0f4bdc7f830fef42266fcf1156112f0eb959046,11f4fe862570895441036964a9b308e92c2ee6ba8a87b5da9009ffd5208a4bda,2c6d6a597c6b1b321c4f632291c22dfe5788a058fe82fd65114a5a59d5d0be83,3a365f5dd3e9d410585a34695bb444d67b220c4b40a9348288a540078bc27f75
spatial,B0,False,2024-08-23,landsat-9,1041,70,209,209,209,6,203,203,0.15118045844124997,0.028708133971291867,0.028708133971291867,0.9712918660287081,3b188221263ad4673846ce5170fa622b5395e51a4aaa750114e1793d3986975b,55416c987a2d25f9177dd974307ae595761c1db31ecaa9d7561fb6c42d4d5e7c,00d1e59ce78baffbf9d24361ac8ba16a1d577b22cb193e15596627259190ed07,0c06b88fd09cd514745b699e6b6a7e12901db8d3247e42b582feaf1f7e91c04a,1eafe424a4c718d6a3b18cff938036f958858c70b344740788993b119bfbb04b,9c2f903993167fc2a228b3cfe60a23fe33f57f252bae6299458338cb8eb967ad,3f630dfcc8a1c2a19b093e7fe0f4bdc7f830fef42266fcf1156112f0eb959046,11f4fe862570895441036964a9b308e92c2ee6ba8a87b5da9009ffd5208a4bda,2c6d6a597c6b1b321c4f632291c22dfe5788a058fe82fd65114a5a59d5d0be83,3a365f5dd3e9d410585a34695bb444d67b220c4b40a9348288a540078bc27f75
spatial,B0,False,2024-08-31,landsat-8,1048,66,210,210,210,0,210,210,0.11894130367095235,0.0,0.0,1.0,3b188221263ad4673846ce5170fa622b5395e51a4aaa750114e1793d3986975b,55416c987a2d25f9177dd974307ae595761c1db31ecaa9d7561fb6c42d4d5e7c,00d1e59ce78baffbf9d24361ac8ba16a1d577b22cb193e15596627259190ed07,0c06b88fd09cd514745b699e6b6a7e12901db8d3247e42b582feaf1f7e91c04a,1eafe424a4c718d6a3b18cff938036f958858c70b344740788993b119bfbb04b,9c2f903993167fc2a228b3cfe60a23fe33f57f252bae6299458338cb8eb967ad,3f630dfcc8a1c2a19b093e7fe0f4bdc7f830fef42266fcf1156112f0eb959046,11f4fe862570895441036964a9b308e92c2ee6ba8a87b5da9009ffd5208a4bda,2c6d6a597c6b1b321c4f632291c22dfe5788a058fe82fd65114a5a59d5d0be83,3a365f5dd3e9d410585a34695bb444d67b220c4b40a9348288a540078bc27f75
spatial,B0,False,2024-09-08,landsat-9,1087,71,218,218,218,2,216,216,0.12391089774582092,0.009174311926605505,0.009174311926605505,0.9908256880733946,3b188221263ad4673846ce5170fa622b5395e51a4aaa750114e1793d3986975b,55416c987a2d25f9177dd974307ae595761c1db31ecaa9d7561fb6c42d4d5e7c,00d1e59ce78baffbf9d24361ac8ba16a1d577b22cb193e15596627259190ed07,0c06b88fd09cd514745b699e6b6a7e12901db8d3247e42b582feaf1f7e91c04a,1eafe424a4c718d6a3b18cff938036f958858c70b344740788993b119bfbb04b,9c2f903993167fc2a228b3cfe60a23fe33f57f252bae6299458338cb8eb967ad,3f630dfcc8a1c2a19b093e7fe0f4bdc7f830fef42266fcf1156112f0eb959046,11f4fe862570895441036964a9b308e92c2ee6ba8a87b5da9009ffd5208a4bda,2c6d6a597c6b1b321c4f632291c22dfe5788a058fe82fd65114a5a59d5d0be83,3a365f5dd3e9d410585a34695bb444d67b220c4b40a9348288a540078bc27f75
spatial,B0,False,2024-10-18,landsat-8,1091,71,219,219,219,19,200,200,0.1585366272608541,0.0867579908675799,0.0867579908675799,0.91324200913242,3b188221263ad4673846ce5170fa622b5395e51a4aaa750114e1793d3986975b,55416c987a2d25f9177dd974307ae595761c1db31ecaa9d7561fb6c42d4d5e7c,00d1e59ce78baffbf9d24361ac8ba16a1d577b22cb193e15596627259190ed07,0c06b88fd09cd514745b699e6b6a7e12901db8d3247e42b582feaf1f7e91c04a,1eafe424a4c718d6a3b18cff938036f958858c70b344740788993b119bfbb04b,9c2f903993167fc2a228b3cfe60a23fe33f57f252bae6299458338cb8eb967ad,3f630dfcc8a1c2a19b093e7fe0f4bdc7f830fef42266fcf1156112f0eb959046,11f4fe862570895441036964a9b308e92c2ee6ba8a87b5da9009ffd5208a4bda,2c6d6a597c6b1b321c4f632291c22dfe5788a058fe82fd65114a5a59d5d0be83,3a365f5dd3e9d410585a34695bb444d67b220c4b40a9348288a540078bc27f75
spatial,B1,False,2020-05-16,landsat-8,1061,69,213,213,213,37,176,176,0.23101327561448537,0.17370892018779344,0.17370892018779344,0.8262910798122066,3b188221263ad4673846ce5170fa622b5395e51a4aaa750114e1793d3986975b,55416c987a2d25f9177dd974307ae595761c1db31ecaa9d7561fb6c42d4d5e7c,00d1e59ce78baffbf9d24361ac8ba16a1d577b22cb193e15596627259190ed07,0c06b88fd09cd514745b699e6b6a7e12901db8d3247e42b582feaf1f7e91c04a,1eafe424a4c718d6a3b18cff938036f958858c70b344740788993b119bfbb04b,9c2f903993167fc2a228b3cfe60a23fe33f57f252bae6299458338cb8eb967ad,3f630dfcc8a1c2a19b093e7fe0f4bdc7f830fef42266fcf1156112f0eb959046,11f4fe862570895441036964a9b308e92c2ee6ba8a87b5da9009ffd5208a4bda,2c6d6a597c6b1b321c4f632291c22dfe5788a058fe82fd65114a5a59d5d0be83,3a365f5dd3e9d410585a34695bb444d67b220c4b40a9348288a540078bc27f75
spatial,B1,False,2020-07-03,landsat-8,1073,70,215,215,215,72,143,143,0.3156325973692966,0.33488372093023255,0.33488372093023255,0.6651162790697674,3b188221263ad4673846ce5170fa622b5395e51a4aaa750114e1793d3986975b,55416c987a2d25f9177dd974307ae595761c1db31ecaa9d7561fb6c42d4d5e7c,00d1e59ce78baffbf9d24361ac8ba16a1d577b22cb193e15596627259190ed07,0c06b88fd09cd514745b699e6b6a7e12901db8d3247e42b582feaf1f7e91c04a,1eafe424a4c718d6a3b18cff938036f958858c70b344740788993b119bfbb04b,9c2f903993167fc2a228b3cfe60a23fe33f57f252bae6299458338cb8eb967ad,3f630dfcc8a1c2a19b093e7fe0f4bdc7f830fef42266fcf1156112f0eb959046,11f4fe862570895441036964a9b308e92c2ee6ba8a87b5da9009ffd5208a4bda,2c6d6a597c6b1b321c4f632291c22dfe5788a058fe82fd65114a5a59d5d0be83,3a365f5dd3e9d410585a34695bb444d67b220c4b40a9348288a540078bc27f75
spatial,B1,False,2020-07-19,landsat-8,1050,68,210,210,210,134,76,76,0.5926299686324712,0.638095238095238,0.638095238095238,0.3619047619047619,3b188221263ad4673846ce5170fa622b5395e51a4aaa750114e1793d3986975b,55416c987a2d25f9177dd974307ae595761c1db31ecaa9d7561fb6c42d4d5e7c,00d1e59ce78baffbf9d24361ac8ba16a1d577b22cb193e15596627259190ed07,0c06b88fd09cd514745b699e6b6a7e12901db8d3247e42b582feaf1f7e91c04a,1eafe424a4c718d6a3b18cff938036f958858c70b344740788993b119bfbb04b,9c2f903993167fc2a228b3cfe60a23fe33f57f252bae6299458338cb8eb967ad,3f630dfcc8a1c2a19b093e7fe0f4bdc7f830fef42266fcf1156112f0eb959046,11f4fe862570895441036964a9b308e92c2ee6ba8a87b5da9009ffd5208a4bda,2c6d6a597c6b1b321c4f632291c22dfe5788a058fe82fd65114a5a59d5d0be83,3a365f5dd3e9d410585a34695bb444d67b220c4b40a9348288a540078bc27f75
spatial,B1,False,2020-08-20,landsat-8,1080,71,216,216,216,64,152,152,0.2328936206705292,0.2962962962962963,0.2962962962962963,0.7037037037037037,3b188221263ad4673846ce5170fa622b5395e51a4aaa750114e1793d3986975b,55416c987a2d25f9177dd974307ae595761c1db31ecaa9d7561fb6c42d4d5e7c,00d1e59ce78baffbf9d24361ac8ba16a1d577b22cb193e15596627259190ed07,0c06b88fd09cd514745b699e6b6a7e12901db8d3247e42b582feaf1f7e91c04a,1eafe424a4c718d6a3b18cff938036f958858c70b344740788993b119bfbb04b,9c2f903993167fc2a228b3cfe60a23fe33f57f252bae6299458338cb8eb967ad,3f630dfcc8a1c2a19b093e7fe0f4bdc7f830fef42266fcf1156112f0eb959046,11f4fe862570895441036964a9b308e92c2ee6ba8a87b5da9009ffd5208a4bda,2c6d6a597c6b1b321c4f632291c22dfe5788a058fe82fd65114a5a59d5d0be83,3a365f5dd3e9d410585a34695bb444d67b220c4b40a9348288a540078bc27f75
spatial,B1,False,2020-09-05,landsat-8,1086,71,218,218,218,145,73,73,0.6996013604326534,0.6651376146788991,0.6651376146788991,0.3348623853211009,3b188221263ad4673846ce5170fa622b5395e51a4aaa750114e1793d3986975b,55416c987a2d25f9177dd974307ae595761c1db31ecaa9d7561fb6c42d4d5e7c,00d1e59ce78baffbf9d24361ac8ba16a1d577b22cb193e15596627259190ed07,0c06b88fd09cd514745b699e6b6a7e12901db8d3247e42b582feaf1f7e91c04a,1eafe424a4c718d6a3b18cff938036f958858c70b344740788993b119bfbb04b,9c2f903993167fc2a228b3cfe60a23fe33f57f252bae6299458338cb8eb967ad,3f630dfcc8a1c2a19b093e7fe0f4bdc7f830fef42266fcf1156112f0eb959046,11f4fe862570895441036964a9b308e92c2ee6ba8a87b5da9009ffd5208a4bda,2c6d6a597c6b1b321c4f632291c22dfe5788a058fe82fd65114a5a59d5d0be83,3a365f5dd3e9d410585a34695bb444d67b220c4b40a9348288a540078bc27f75
spatial,B1,False,2021-07-06,landsat-8,1068,66,214,214,214,72,142,142,0.28983049346154355,0.3364485981308411,0.3364485981308411,0.6635514018691588,3b188221263ad4673846ce5170fa622b5395e51a4aaa750114e1793d3986975b,55416c987a2d25f9177dd974307ae595761c1db31ecaa9d7561fb6c42d4d5e7c,00d1e59ce78baffbf9d24361ac8ba16a1d577b22cb193e15596627259190ed07,0c06b88fd09cd514745b699e6b6a7e12901db8d3247e42b582feaf1f7e91c04a,1eafe424a4c718d6a3b18cff938036f958858c70b344740788993b119bfbb04b,9c2f903993167fc2a228b3cfe60a23fe33f57f252bae6299458338cb8eb967ad,3f630dfcc8a1c2a19b093e7fe0f4bdc7f830fef42266fcf1156112f0eb959046,11f4fe862570895441036964a9b308e92c2ee6ba8a87b5da9009ffd5208a4bda,2c6d6a597c6b1b321c4f632291c22dfe5788a058fe82fd65114a5a59d5d0be83,3a365f5dd3e9d410585a34695bb444d67b220c4b40a9348288a540078bc27f75
spatial,B1,False,2021-08-07,landsat-8,1064,69,213,213,213,57,156,156,0.2771831970372115,0.2676056338028169,0.2676056338028169,0.7323943661971831,3b188221263ad4673846ce5170fa622b5395e51a4aaa750114e1793d3986975b,55416c987a2d25f9177dd974307ae595761c1db31ecaa9d7561fb6c42d4d5e7c,00d1e59ce78baffbf9d24361ac8ba16a1d577b22cb193e15596627259190ed07,0c06b88fd09cd514745b699e6b6a7e12901db8d3247e42b582feaf1f7e91c04a,1eafe424a4c718d6a3b18cff938036f958858c70b344740788993b119bfbb04b,9c2f903993167fc2a228b3cfe60a23fe33f57f252bae6299458338cb8eb967ad,3f630dfcc8a1c2a19b093e7fe0f4bdc7f830fef42266fcf1156112f0eb959046,11f4fe862570895441036964a9b308e92c2ee6ba8a87b5da9009ffd5208a4bda,2c6d6a597c6b1b321c4f632291c22dfe5788a058fe82fd65114a5a59d5d0be83,3a365f5dd3e9d410585a34695bb444d67b220c4b40a9348288a540078bc27f75
spatial,B1,False,2021-10-26,landsat-8,1094,71,219,219,219,47,172,172,0.30594069757396847,0.2146118721461187,0.2146118721461187,0.7853881278538812,3b188221263ad4673846ce5170fa622b5395e51a4aaa750114e1793d3986975b,55416c987a2d25f9177dd974307ae595761c1db31ecaa9d7561fb6c42d4d5e7c,00d1e59ce78baffbf9d24361ac8ba16a1d577b22cb193e15596627259190ed07,0c06b88fd09cd514745b699e6b6a7e12901db8d3247e42b582feaf1f7e91c04a,1eafe424a4c718d6a3b18cff938036f958858c70b344740788993b119bfbb04b,9c2f903993167fc2a228b3cfe60a23fe33f57f252bae6299458338cb8eb967ad,3f630dfcc8a1c2a19b093e7fe0f4bdc7f830fef42266fcf1156112f0eb959046,11f4fe862570895441036964a9b308e92c2ee6ba8a87b5da9009ffd5208a4bda,2c6d6a597c6b1b321c4f632291c22dfe5788a058fe82fd65114a5a59d5d0be83,3a365f5dd3e9d410585a34695bb444d67b220c4b40a9348288a540078bc27f75
spatial,B1,False,2022-05-30,landsat-9,1055,67,211,211,211,122,89,89,0.4727669119909613,0.5781990521327014,0.5781990521327014,0.4218009478672986,3b188221263ad4673846ce5170fa622b5395e51a4aaa750114e1793d3986975b,55416c987a2d25f9177dd974307ae595761c1db31ecaa9d7561fb6c42d4d5e7c,00d1e59ce78baffbf9d24361ac8ba16a1d577b22cb193e15596627259190ed07,0c06b88fd09cd514745b699e6b6a7e12901db8d3247e42b582feaf1f7e91c04a,1eafe424a4c718d6a3b18cff938036f958858c70b344740788993b119bfbb04b,9c2f903993167fc2a228b3cfe60a23fe33f57f252bae6299458338cb8eb967ad,3f630dfcc8a1c2a19b093e7fe0f4bdc7f830fef42266fcf1156112f0eb959046,11f4fe862570895441036964a9b308e92c2ee6ba8a87b5da9009ffd5208a4bda,2c6d6a597c6b1b321c4f632291c22dfe5788a058fe82fd65114a5a59d5d0be83,3a365f5dd3e9d410585a34695bb444d67b220c4b40a9348288a540078bc27f75
spatial,B1,False,2022-06-15,landsat-9,1067,69,214,214,214,100,114,114,0.4322826899399512,0.4672897196261682,0.4672897196261682,0.5327102803738317,3b188221263ad4673846ce5170fa622b5395e51a4aaa750114e1793d3986975b,55416c987a2d25f9177dd974307ae595761c1db31ecaa9d7561fb6c42d4d5e7c,00d1e59ce78baffbf9d24361ac8ba16a1d577b22cb193e15596627259190ed07,0c06b88fd09cd514745b699e6b6a7e12901db8d3247e42b582feaf1f7e91c04a,1eafe424a4c718d6a3b18cff938036f958858c70b344740788993b119bfbb04b,9c2f903993167fc2a228b3cfe60a23fe33f57f252bae6299458338cb8eb967ad,3f630dfcc8a1c2a19b093e7fe0f4bdc7f830fef42266fcf1156112f0eb959046,11f4fe862570895441036964a9b308e92c2ee6ba8a87b5da9009ffd5208a4bda,2c6d6a597c6b1b321c4f632291c22dfe5788a058fe82fd65114a5a59d5d0be83,3a365f5dd3e9d410585a34695bb444d67b220c4b40a9348288a540078bc27f75
spatial,B1,False,2022-06-23,landsat-8,1059,69,212,212,212,159,53,53,0.6876296403204942,0.75,0.75,0.25,3b188221263ad4673846ce5170fa622b5395e51a4aaa750114e1793d3986975b,55416c987a2d25f9177dd974307ae595761c1db31ecaa9d7561fb6c42d4d5e7c,00d1e59ce78baffbf9d24361ac8ba16a1d577b22cb193e15596627259190ed07,0c06b88fd09cd514745b699e6b6a7e12901db8d3247e42b582feaf1f7e91c04a,1eafe424a4c718d6a3b18cff938036f958858c70b344740788993b119bfbb04b,9c2f903993167fc2a228b3cfe60a23fe33f57f252bae6299458338cb8eb967ad,3f630dfcc8a1c2a19b093e7fe0f4bdc7f830fef42266fcf1156112f0eb959046,11f4fe862570895441036964a9b308e92c2ee6ba8a87b5da9009ffd5208a4bda,2c6d6a597c6b1b321c4f632291c22dfe5788a058fe82fd65114a5a59d5d0be83,3a365f5dd3e9d410585a34695bb444d67b220c4b40a9348288a540078bc27f75
spatial,B1,False,2022-07-01,landsat-9,1072,70,215,215,215,86,129,129,0.3294537601956786,0.4,0.4,0.6,3b188221263ad4673846ce5170fa622b5395e51a4aaa750114e1793d3986975b,55416c987a2d25f9177dd974307ae595761c1db31ecaa9d7561fb6c42d4d5e7c,00d1e59ce78baffbf9d24361ac8ba16a1d577b22cb193e15596627259190ed07,0c06b88fd09cd514745b699e6b6a7e12901db8d3247e42b582feaf1f7e91c04a,1eafe424a4c718d6a3b18cff938036f958858c70b344740788993b119bfbb04b,9c2f903993167fc2a228b3cfe60a23fe33f57f252bae6299458338cb8eb967ad,3f630dfcc8a1c2a19b093e7fe0f4bdc7f830fef42266fcf1156112f0eb959046,11f4fe862570895441036964a9b308e92c2ee6ba8a87b5da9009ffd5208a4bda,2c6d6a597c6b1b321c4f632291c22dfe5788a058fe82fd65114a5a59d5d0be83,3a365f5dd3e9d410585a34695bb444d67b220c4b40a9348288a540078bc27f75
spatial,B1,False,2022-07-09,landsat-8,1050,67,210,210,210,124,86,86,0.5563164266311953,0.5904761904761905,0.5904761904761905,0.4095238095238095,3b188221263ad4673846ce5170fa622b5395e51a4aaa750114e1793d3986975b,55416c987a2d25f9177dd974307ae595761c1db31ecaa9d7561fb6c42d4d5e7c,00d1e59ce78baffbf9d24361ac8ba16a1d577b22cb193e15596627259190ed07,0c06b88fd09cd514745b699e6b6a7e12901db8d3247e42b582feaf1f7e91c04a,1eafe424a4c718d6a3b18cff938036f958858c70b344740788993b119bfbb04b,9c2f903993167fc2a228b3cfe60a23fe33f57f252bae6299458338cb8eb967ad,3f630dfcc8a1c2a19b093e7fe0f4bdc7f830fef42266fcf1156112f0eb959046,11f4fe862570895441036964a9b308e92c2ee6ba8a87b5da9009ffd5208a4bda,2c6d6a597c6b1b321c4f632291c22dfe5788a058fe82fd65114a5a59d5d0be83,3a365f5dd3e9d410585a34695bb444d67b220c4b40a9348288a540078bc27f75
spatial,B1,False,2022-07-25,landsat-8,1054,68,211,211,211,97,114,114,0.3936338556526757,0.4597156398104265,0.4597156398104265,0.5402843601895735,3b188221263ad4673846ce5170fa622b5395e51a4aaa750114e1793d3986975b,55416c987a2d25f9177dd974307ae595761c1db31ecaa9d7561fb6c42d4d5e7c,00d1e59ce78baffbf9d24361ac8ba16a1d577b22cb193e15596627259190ed07,0c06b88fd09cd514745b699e6b6a7e12901db8d3247e42b582feaf1f7e91c04a,1eafe424a4c718d6a3b18cff938036f958858c70b344740788993b119bfbb04b,9c2f903993167fc2a228b3cfe60a23fe33f57f252bae6299458338cb8eb967ad,3f630dfcc8a1c2a19b093e7fe0f4bdc7f830fef42266fcf1156112f0eb959046,11f4fe862570895441036964a9b308e92c2ee6ba8a87b5da9009ffd5208a4bda,2c6d6a597c6b1b321c4f632291c22dfe5788a058fe82fd65114a5a59d5d0be83,3a365f5dd3e9d410585a34695bb444d67b220c4b40a9348288a540078bc27f75
spatial,B1,False,2022-08-02,landsat-9,1026,67,206,206,206,153,53,53,0.6833154084349008,0.7427184466019418,0.7427184466019418,0.25728155339805825,3b188221263ad4673846ce5170fa622b5395e51a4aaa750114e1793d3986975b,55416c987a2d25f9177dd974307ae595761c1db31ecaa9d7561fb6c42d4d5e7c,00d1e59ce78baffbf9d24361ac8ba16a1d577b22cb193e15596627259190ed07,0c06b88fd09cd514745b699e6b6a7e12901db8d3247e42b582feaf1f7e91c04a,1eafe424a4c718d6a3b18cff938036f958858c70b344740788993b119bfbb04b,9c2f903993167fc2a228b3cfe60a23fe33f57f252bae6299458338cb8eb967ad,3f630dfcc8a1c2a19b093e7fe0f4bdc7f830fef42266fcf1156112f0eb959046,11f4fe862570895441036964a9b308e92c2ee6ba8a87b5da9009ffd5208a4bda,2c6d6a597c6b1b321c4f632291c22dfe5788a058fe82fd65114a5a59d5d0be83,3a365f5dd3e9d410585a34695bb444d67b220c4b40a9348288a540078bc27f75
spatial,B1,False,2022-08-26,landsat-8,1058,69,212,212,212,132,80,80,0.6065003301246972,0.6226415094339622,0.6226415094339622,0.37735849056603776,3b188221263ad4673846ce5170fa622b5395e51a4aaa750114e1793d3986975b,55416c987a2d25f9177dd974307ae595761c1db31ecaa9d7561fb6c42d4d5e7c,00d1e59ce78baffbf9d24361ac8ba16a1d577b22cb193e15596627259190ed07,0c06b88fd09cd514745b699e6b6a7e12901db8d3247e42b582feaf1f7e91c04a,1eafe424a4c718d6a3b18cff938036f958858c70b344740788993b119bfbb04b,9c2f903993167fc2a228b3cfe60a23fe33f57f252bae6299458338cb8eb967ad,3f630dfcc8a1c2a19b093e7fe0f4bdc7f830fef42266fcf1156112f0eb959046,11f4fe862570895441036964a9b308e92c2ee6ba8a87b5da9009ffd5208a4bda,2c6d6a597c6b1b321c4f632291c22dfe5788a058fe82fd65114a5a59d5d0be83,3a365f5dd3e9d410585a34695bb444d67b220c4b40a9348288a540078bc27f75
spatial,B1,False,2022-09-03,landsat-9,1085,71,217,217,217,120,97,97,0.5104962794200266,0.5529953917050692,0.5529953917050692,0.4470046082949309,3b188221263ad4673846ce5170fa622b5395e51a4aaa750114e1793d3986975b,55416c987a2d25f9177dd974307ae595761c1db31ecaa9d7561fb6c42d4d5e7c,00d1e59ce78baffbf9d24361ac8ba16a1d577b22cb193e15596627259190ed07,0c06b88fd09cd514745b699e6b6a7e12901db8d3247e42b582feaf1f7e91c04a,1eafe424a4c718d6a3b18cff938036f958858c70b344740788993b119bfbb04b,9c2f903993167fc2a228b3cfe60a23fe33f57f252bae6299458338cb8eb967ad,3f630dfcc8a1c2a19b093e7fe0f4bdc7f830fef42266fcf1156112f0eb959046,11f4fe862570895441036964a9b308e92c2ee6ba8a87b5da9009ffd5208a4bda,2c6d6a597c6b1b321c4f632291c22dfe5788a058fe82fd65114a5a59d5d0be83,3a365f5dd3e9d410585a34695bb444d67b220c4b40a9348288a540078bc27f75
spatial,B1,False,2022-09-27,landsat-8,1081,71,217,217,217,156,61,61,0.7789356526662179,0.7188940092165899,0.7188940092165899,0.28110599078341014,3b188221263ad4673846ce5170fa622b5395e51a4aaa750114e1793d3986975b,55416c987a2d25f9177dd974307ae595761c1db31ecaa9d7561fb6c42d4d5e7c,00d1e59ce78baffbf9d24361ac8ba16a1d577b22cb193e15596627259190ed07,0c06b88fd09cd514745b699e6b6a7e12901db8d3247e42b582feaf1f7e91c04a,1eafe424a4c718d6a3b18cff938036f958858c70b344740788993b119bfbb04b,9c2f903993167fc2a228b3cfe60a23fe33f57f252bae6299458338cb8eb967ad,3f630dfcc8a1c2a19b093e7fe0f4bdc7f830fef42266fcf1156112f0eb959046,11f4fe862570895441036964a9b308e92c2ee6ba8a87b5da9009ffd5208a4bda,2c6d6a597c6b1b321c4f632291c22dfe5788a058fe82fd65114a5a59d5d0be83,3a365f5dd3e9d410585a34695bb444d67b220c4b40a9348288a540078bc27f75
spatial,B1,False,2023-06-26,landsat-8,1038,62,208,208,208,69,139,139,0.32381293664989225,0.3317307692307692,0.3317307692307692,0.6682692307692307,3b188221263ad4673846ce5170fa622b5395e51a4aaa750114e1793d3986975b,55416c987a2d25f9177dd974307ae595761c1db31ecaa9d7561fb6c42d4d5e7c,00d1e59ce78baffbf9d24361ac8ba16a1d577b22cb193e15596627259190ed07,0c06b88fd09cd514745b699e6b6a7e12901db8d3247e42b582feaf1f7e91c04a,1eafe424a4c718d6a3b18cff938036f958858c70b344740788993b119bfbb04b,9c2f903993167fc2a228b3cfe60a23fe33f57f252bae6299458338cb8eb967ad,3f630dfcc8a1c2a19b093e7fe0f4bdc7f830fef42266fcf1156112f0eb959046,11f4fe862570895441036964a9b308e92c2ee6ba8a87b5da9009ffd5208a4bda,2c6d6a597c6b1b321c4f632291c22dfe5788a058fe82fd65114a5a59d5d0be83,3a365f5dd3e9d410585a34695bb444d67b220c4b40a9348288a540078bc27f75
spatial,B1,False,2023-07-04,landsat-9,1059,66,212,212,212,62,150,150,0.20512806611788717,0.29245283018867924,0.29245283018867924,0.7075471698113207,3b188221263ad4673846ce5170fa622b5395e51a4aaa750114e1793d3986975b,55416c987a2d25f9177dd974307ae595761c1db31ecaa9d7561fb6c42d4d5e7c,00d1e59ce78baffbf9d24361ac8ba16a1d577b22cb193e15596627259190ed07,0c06b88fd09cd514745b699e6b6a7e12901db8d3247e42b582feaf1f7e91c04a,1eafe424a4c718d6a3b18cff938036f958858c70b344740788993b119bfbb04b,9c2f903993167fc2a228b3cfe60a23fe33f57f252bae6299458338cb8eb967ad,3f630dfcc8a1c2a19b093e7fe0f4bdc7f830fef42266fcf1156112f0eb959046,11f4fe862570895441036964a9b308e92c2ee6ba8a87b5da9009ffd5208a4bda,2c6d6a597c6b1b321c4f632291c22dfe5788a058fe82fd65114a5a59d5d0be83,3a365f5dd3e9d410585a34695bb444d67b220c4b40a9348288a540078bc27f75
spatial,B1,False,2023-07-12,landsat-8,1060,69,212,212,212,65,147,147,0.29551554752311376,0.30660377358490565,0.30660377358490565,0.6933962264150944,3b188221263ad4673846ce5170fa622b5395e51a4aaa750114e1793d3986975b,55416c987a2d25f9177dd974307ae595761c1db31ecaa9d7561fb6c42d4d5e7c,00d1e59ce78baffbf9d24361ac8ba16a1d577b22cb193e15596627259190ed07,0c06b88fd09cd514745b699e6b6a7e12901db8d3247e42b582feaf1f7e91c04a,1eafe424a4c718d6a3b18cff938036f958858c70b344740788993b119bfbb04b,9c2f903993167fc2a228b3cfe60a23fe33f57f252bae6299458338cb8eb967ad,3f630dfcc8a1c2a19b093e7fe0f4bdc7f830fef42266fcf1156112f0eb959046,11f4fe862570895441036964a9b308e92c2ee6ba8a87b5da9009ffd5208a4bda,2c6d6a597c6b1b321c4f632291c22dfe5788a058fe82fd65114a5a59d5d0be83,3a365f5dd3e9d410585a34695bb444d67b220c4b40a9348288a540078bc27f75
spatial,B1,False,2023-07-20,landsat-9,1072,69,215,215,215,154,61,61,0.696819652829338,0.7162790697674418,0.7162790697674418,0.2837209302325581,3b188221263ad4673846ce5170fa622b5395e51a4aaa750114e1793d3986975b,55416c987a2d25f9177dd974307ae595761c1db31ecaa9d7561fb6c42d4d5e7c,00d1e59ce78baffbf9d24361ac8ba16a1d577b22cb193e15596627259190ed07,0c06b88fd09cd514745b699e6b6a7e12901db8d3247e42b582feaf1f7e91c04a,1eafe424a4c718d6a3b18cff938036f958858c70b344740788993b119bfbb04b,9c2f903993167fc2a228b3cfe60a23fe33f57f252bae6299458338cb8eb967ad,3f630dfcc8a1c2a19b093e7fe0f4bdc7f830fef42266fcf1156112f0eb959046,11f4fe862570895441036964a9b308e92c2ee6ba8a87b5da9009ffd5208a4bda,2c6d6a597c6b1b321c4f632291c22dfe5788a058fe82fd65114a5a59d5d0be83,3a365f5dd3e9d410585a34695bb444d67b220c4b40a9348288a540078bc27f75
spatial,B1,False,2023-08-05,landsat-9,1076,69,216,216,216,65,151,151,0.30245465496815843,0.30092592592592593,0.30092592592592593,0.6990740740740741,3b188221263ad4673846ce5170fa622b5395e51a4aaa750114e1793d3986975b,55416c987a2d25f9177dd974307ae595761c1db31ecaa9d7561fb6c42d4d5e7c,00d1e59ce78baffbf9d24361ac8ba16a1d577b22cb193e15596627259190ed07,0c06b88fd09cd514745b699e6b6a7e12901db8d3247e42b582feaf1f7e91c04a,1eafe424a4c718d6a3b18cff938036f958858c70b344740788993b119bfbb04b,9c2f903993167fc2a228b3cfe60a23fe33f57f252bae6299458338cb8eb967ad,3f630dfcc8a1c2a19b093e7fe0f4bdc7f830fef42266fcf1156112f0eb959046,11f4fe862570895441036964a9b308e92c2ee6ba8a87b5da9009ffd5208a4bda,2c6d6a597c6b1b321c4f632291c22dfe5788a058fe82fd65114a5a59d5d0be83,3a365f5dd3e9d410585a34695bb444d67b220c4b40a9348288a540078bc27f75
spatial,B1,False,2023-08-13,landsat-8,1063,68,213,213,213,101,112,112,0.4332509330904066,0.47417840375586856,0.47417840375586856,0.5258215962441315,3b188221263ad4673846ce5170fa622b5395e51a4aaa750114e1793d3986975b,55416c987a2d25f9177dd974307ae595761c1db31ecaa9d7561fb6c42d4d5e7c,00d1e59ce78baffbf9d24361ac8ba16a1d577b22cb193e15596627259190ed07,0c06b88fd09cd514745b699e6b6a7e12901db8d3247e42b582feaf1f7e91c04a,1eafe424a4c718d6a3b18cff938036f958858c70b344740788993b119bfbb04b,9c2f903993167fc2a228b3cfe60a23fe33f57f252bae6299458338cb8eb967ad,3f630dfcc8a1c2a19b093e7fe0f4bdc7f830fef42266fcf1156112f0eb959046,11f4fe862570895441036964a9b308e92c2ee6ba8a87b5da9009ffd5208a4bda,2c6d6a597c6b1b321c4f632291c22dfe5788a058fe82fd65114a5a59d5d0be83,3a365f5dd3e9d410585a34695bb444d67b220c4b40a9348288a540078bc27f75
spatial,B1,False,2023-08-29,landsat-8,1088,71,218,218,218,107,111,111,0.47076095999818957,0.4908256880733945,0.4908256880733945,0.5091743119266054,3b188221263ad4673846ce5170fa622b5395e51a4aaa750114e1793d3986975b,55416c987a2d25f9177dd974307ae595761c1db31ecaa9d7561fb6c42d4d5e7c,00d1e59ce78baffbf9d24361ac8ba16a1d577b22cb193e15596627259190ed07,0c06b88fd09cd514745b699e6b6a7e12901db8d3247e42b582feaf1f7e91c04a,1eafe424a4c718d6a3b18cff938036f958858c70b344740788993b119bfbb04b,9c2f903993167fc2a228b3cfe60a23fe33f57f252bae6299458338cb8eb967ad,3f630dfcc8a1c2a19b093e7fe0f4bdc7f830fef42266fcf1156112f0eb959046,11f4fe862570895441036964a9b308e92c2ee6ba8a87b5da9009ffd5208a4bda,2c6d6a597c6b1b321c4f632291c22dfe5788a058fe82fd65114a5a59d5d0be83,3a365f5dd3e9d410585a34695bb444d67b220c4b40a9348288a540078bc27f75
spatial,B1,False,2024-06-20,landsat-9,1050,65,210,210,210,63,147,147,0.2816865736247337,0.3,0.3,0.7,3b188221263ad4673846ce5170fa622b5395e51a4aaa750114e1793d3986975b,55416c987a2d25f9177dd974307ae595761c1db31ecaa9d7561fb6c42d4d5e7c,00d1e59ce78baffbf9d24361ac8ba16a1d577b22cb193e15596627259190ed07,0c06b88fd09cd514745b699e6b6a7e12901db8d3247e42b582feaf1f7e91c04a,1eafe424a4c718d6a3b18cff938036f958858c70b344740788993b119bfbb04b,9c2f903993167fc2a228b3cfe60a23fe33f57f252bae6299458338cb8eb967ad,3f630dfcc8a1c2a19b093e7fe0f4bdc7f830fef42266fcf1156112f0eb959046,11f4fe862570895441036964a9b308e92c2ee6ba8a87b5da9009ffd5208a4bda,2c6d6a597c6b1b321c4f632291c22dfe5788a058fe82fd65114a5a59d5d0be83,3a365f5dd3e9d410585a34695bb444d67b220c4b40a9348288a540078bc27f75
spatial,B1,False,2024-06-28,landsat-8,1060,69,212,212,212,15,197,197,0.16538672242741737,0.07075471698113207,0.07075471698113207,0.9292452830188679,3b188221263ad4673846ce5170fa622b5395e51a4aaa750114e1793d3986975b,55416c987a2d25f9177dd974307ae595761c1db31ecaa9d7561fb6c42d4d5e7c,00d1e59ce78baffbf9d24361ac8ba16a1d577b22cb193e15596627259190ed07,0c06b88fd09cd514745b699e6b6a7e12901db8d3247e42b582feaf1f7e91c04a,1eafe424a4c718d6a3b18cff938036f958858c70b344740788993b119bfbb04b,9c2f903993167fc2a228b3cfe60a23fe33f57f252bae6299458338cb8eb967ad,3f630dfcc8a1c2a19b093e7fe0f4bdc7f830fef42266fcf1156112f0eb959046,11f4fe862570895441036964a9b308e92c2ee6ba8a87b5da9009ffd5208a4bda,2c6d6a597c6b1b321c4f632291c22dfe5788a058fe82fd65114a5a59d5d0be83,3a365f5dd3e9d410585a34695bb444d67b220c4b40a9348288a540078bc27f75
spatial,B1,False,2024-07-22,landsat-9,976,67,196,196,196,133,63,63,0.6600015555393918,0.6785714285714286,0.6785714285714286,0.32142857142857145,3b188221263ad4673846ce5170fa622b5395e51a4aaa750114e1793d3986975b,55416c987a2d25f9177dd974307ae595761c1db31ecaa9d7561fb6c42d4d5e7c,00d1e59ce78baffbf9d24361ac8ba16a1d577b22cb193e15596627259190ed07,0c06b88fd09cd514745b699e6b6a7e12901db8d3247e42b582feaf1f7e91c04a,1eafe424a4c718d6a3b18cff938036f958858c70b344740788993b119bfbb04b,9c2f903993167fc2a228b3cfe60a23fe33f57f252bae6299458338cb8eb967ad,3f630dfcc8a1c2a19b093e7fe0f4bdc7f830fef42266fcf1156112f0eb959046,11f4fe862570895441036964a9b308e92c2ee6ba8a87b5da9009ffd5208a4bda,2c6d6a597c6b1b321c4f632291c22dfe5788a058fe82fd65114a5a59d5d0be83,3a365f5dd3e9d410585a34695bb444d67b220c4b40a9348288a540078bc27f75
spatial,B1,False,2024-07-30,landsat-8,1064,69,213,213,213,142,71,71,0.6507859677554774,0.6666666666666666,0.6666666666666666,0.3333333333333333,3b188221263ad4673846ce5170fa622b5395e51a4aaa750114e1793d3986975b,55416c987a2d25f9177dd974307ae595761c1db31ecaa9d7561fb6c42d4d5e7c,00d1e59ce78baffbf9d24361ac8ba16a1d577b22cb193e15596627259190ed07,0c06b88fd09cd514745b699e6b6a7e12901db8d3247e42b582feaf1f7e91c04a,1eafe424a4c718d6a3b18cff938036f958858c70b344740788993b119bfbb04b,9c2f903993167fc2a228b3cfe60a23fe33f57f252bae6299458338cb8eb967ad,3f630dfcc8a1c2a19b093e7fe0f4bdc7f830fef42266fcf1156112f0eb959046,11f4fe862570895441036964a9b308e92c2ee6ba8a87b5da9009ffd5208a4bda,2c6d6a597c6b1b321c4f632291c22dfe5788a058fe82fd65114a5a59d5d0be83,3a365f5dd3e9d410585a34695bb444d67b220c4b40a9348288a540078bc27f75
spatial,B1,False,2024-08-15,landsat-8,1083,71,217,217,217,141,76,76,0.6125569156098052,0.6497695852534562,0.6497695852534562,0.35023041474654376,3b188221263ad4673846ce5170fa622b5395e51a4aaa750114e1793d3986975b,55416c987a2d25f9177dd974307ae595761c1db31ecaa9d7561fb6c42d4d5e7c,00d1e59ce78baffbf9d24361ac8ba16a1d577b22cb193e15596627259190ed07,0c06b88fd09cd514745b699e6b6a7e12901db8d3247e42b582feaf1f7e91c04a,1eafe424a4c718d6a3b18cff938036f958858c70b344740788993b119bfbb04b,9c2f903993167fc2a228b3cfe60a23fe33f57f252bae6299458338cb8eb967ad,3f630dfcc8a1c2a19b093e7fe0f4bdc7f830fef42266fcf1156112f0eb959046,11f4fe862570895441036964a9b308e92c2ee6ba8a87b5da9009ffd5208a4bda,2c6d6a597c6b1b321c4f632291c22dfe5788a058fe82fd65114a5a59d5d0be83,3a365f5dd3e9d410585a34695bb444d67b220c4b40a9348288a540078bc27f75
spatial,B1,False,2024-08-23,landsat-9,1041,70,209,209,209,22,187,187,0.14616234594642163,0.10526315789473684,0.10526315789473684,0.8947368421052632,3b188221263ad4673846ce5170fa622b5395e51a4aaa750114e1793d3986975b,55416c987a2d25f9177dd974307ae595761c1db31ecaa9d7561fb6c42d4d5e7c,00d1e59ce78baffbf9d24361ac8ba16a1d577b22cb193e15596627259190ed07,0c06b88fd09cd514745b699e6b6a7e12901db8d3247e42b582feaf1f7e91c04a,1eafe424a4c718d6a3b18cff938036f958858c70b344740788993b119bfbb04b,9c2f903993167fc2a228b3cfe60a23fe33f57f252bae6299458338cb8eb967ad,3f630dfcc8a1c2a19b093e7fe0f4bdc7f830fef42266fcf1156112f0eb959046,11f4fe862570895441036964a9b308e92c2ee6ba8a87b5da9009ffd5208a4bda,2c6d6a597c6b1b321c4f632291c22dfe5788a058fe82fd65114a5a59d5d0be83,3a365f5dd3e9d410585a34695bb444d67b220c4b40a9348288a540078bc27f75
spatial,B1,False,2024-08-31,landsat-8,1048,66,210,210,210,115,95,95,0.5126193890768546,0.5476190476190477,0.5476190476190477,0.4523809523809524,3b188221263ad4673846ce5170fa622b5395e51a4aaa750114e1793d3986975b,55416c987a2d25f9177dd974307ae595761c1db31ecaa9d7561fb6c42d4d5e7c,00d1e59ce78baffbf9d24361ac8ba16a1d577b22cb193e15596627259190ed07,0c06b88fd09cd514745b699e6b6a7e12901db8d3247e42b582feaf1f7e91c04a,1eafe424a4c718d6a3b18cff938036f958858c70b344740788993b119bfbb04b,9c2f903993167fc2a228b3cfe60a23fe33f57f252bae6299458338cb8eb967ad,3f630dfcc8a1c2a19b093e7fe0f4bdc7f830fef42266fcf1156112f0eb959046,11f4fe862570895441036964a9b308e92c2ee6ba8a87b5da9009ffd5208a4bda,2c6d6a597c6b1b321c4f632291c22dfe5788a058fe82fd65114a5a59d5d0be83,3a365f5dd3e9d410585a34695bb444d67b220c4b40a9348288a540078bc27f75
spatial,B1,False,2024-09-08,landsat-9,1087,71,218,218,218,87,131,131,0.3178054938396958,0.39908256880733944,0.39908256880733944,0.6009174311926605,3b188221263ad4673846ce5170fa622b5395e51a4aaa750114e1793d3986975b,55416c987a2d25f9177dd974307ae595761c1db31ecaa9d7561fb6c42d4d5e7c,00d1e59ce78baffbf9d24361ac8ba16a1d577b22cb193e15596627259190ed07,0c06b88fd09cd514745b699e6b6a7e12901db8d3247e42b582feaf1f7e91c04a,1eafe424a4c718d6a3b18cff938036f958858c70b344740788993b119bfbb04b,9c2f903993167fc2a228b3cfe60a23fe33f57f252bae6299458338cb8eb967ad,3f630dfcc8a1c2a19b093e7fe0f4bdc7f830fef42266fcf1156112f0eb959046,11f4fe862570895441036964a9b308e92c2ee6ba8a87b5da9009ffd5208a4bda,2c6d6a597c6b1b321c4f632291c22dfe5788a058fe82fd65114a5a59d5d0be83,3a365f5dd3e9d410585a34695bb444d67b220c4b40a9348288a540078bc27f75
spatial,B1,False,2024-10-18,landsat-8,1091,71,219,219,219,22,197,197,0.1825402267110926,0.1004566210045662,0.1004566210045662,0.8995433789954338,3b188221263ad4673846ce5170fa622b5395e51a4aaa750114e1793d3986975b,55416c987a2d25f9177dd974307ae595761c1db31ecaa9d7561fb6c42d4d5e7c,00d1e59ce78baffbf9d24361ac8ba16a1d577b22cb193e15596627259190ed07,0c06b88fd09cd514745b699e6b6a7e12901db8d3247e42b582feaf1f7e91c04a,1eafe424a4c718d6a3b18cff938036f958858c70b344740788993b119bfbb04b,9c2f903993167fc2a228b3cfe60a23fe33f57f252bae6299458338cb8eb967ad,3f630dfcc8a1c2a19b093e7fe0f4bdc7f830fef42266fcf1156112f0eb959046,11f4fe862570895441036964a9b308e92c2ee6ba8a87b5da9009ffd5208a4bda,2c6d6a597c6b1b321c4f632291c22dfe5788a058fe82fd65114a5a59d5d0be83,3a365f5dd3e9d410585a34695bb444d67b220c4b40a9348288a540078bc27f75
spatial,B2,False,2020-05-16,landsat-8,1061,69,213,213,213,72,141,141,0.30710876791698466,0.3380281690140845,0.3380281690140845,0.6619718309859155,3b188221263ad4673846ce5170fa622b5395e51a4aaa750114e1793d3986975b,55416c987a2d25f9177dd974307ae595761c1db31ecaa9d7561fb6c42d4d5e7c,00d1e59ce78baffbf9d24361ac8ba16a1d577b22cb193e15596627259190ed07,0c06b88fd09cd514745b699e6b6a7e12901db8d3247e42b582feaf1f7e91c04a,1eafe424a4c718d6a3b18cff938036f958858c70b344740788993b119bfbb04b,9c2f903993167fc2a228b3cfe60a23fe33f57f252bae6299458338cb8eb967ad,3f630dfcc8a1c2a19b093e7fe0f4bdc7f830fef42266fcf1156112f0eb959046,11f4fe862570895441036964a9b308e92c2ee6ba8a87b5da9009ffd5208a4bda,2c6d6a597c6b1b321c4f632291c22dfe5788a058fe82fd65114a5a59d5d0be83,3a365f5dd3e9d410585a34695bb444d67b220c4b40a9348288a540078bc27f75
spatial,B2,False,2020-07-03,landsat-8,1073,70,215,215,215,156,59,59,0.6980795929898651,0.7255813953488373,0.7255813953488373,0.2744186046511628,3b188221263ad4673846ce5170fa622b5395e51a4aaa750114e1793d3986975b,55416c987a2d25f9177dd974307ae595761c1db31ecaa9d7561fb6c42d4d5e7c,00d1e59ce78baffbf9d24361ac8ba16a1d577b22cb193e15596627259190ed07,0c06b88fd09cd514745b699e6b6a7e12901db8d3247e42b582feaf1f7e91c04a,1eafe424a4c718d6a3b18cff938036f958858c70b344740788993b119bfbb04b,9c2f903993167fc2a228b3cfe60a23fe33f57f252bae6299458338cb8eb967ad,3f630dfcc8a1c2a19b093e7fe0f4bdc7f830fef42266fcf1156112f0eb959046,11f4fe862570895441036964a9b308e92c2ee6ba8a87b5da9009ffd5208a4bda,2c6d6a597c6b1b321c4f632291c22dfe5788a058fe82fd65114a5a59d5d0be83,3a365f5dd3e9d410585a34695bb444d67b220c4b40a9348288a540078bc27f75
spatial,B2,False,2020-07-19,landsat-8,1050,68,210,210,210,142,68,68,0.7126560955912269,0.6761904761904762,0.6761904761904762,0.3238095238095238,3b188221263ad4673846ce5170fa622b5395e51a4aaa750114e1793d3986975b,55416c987a2d25f9177dd974307ae595761c1db31ecaa9d7561fb6c42d4d5e7c,00d1e59ce78baffbf9d24361ac8ba16a1d577b22cb193e15596627259190ed07,0c06b88fd09cd514745b699e6b6a7e12901db8d3247e42b582feaf1f7e91c04a,1eafe424a4c718d6a3b18cff938036f958858c70b344740788993b119bfbb04b,9c2f903993167fc2a228b3cfe60a23fe33f57f252bae6299458338cb8eb967ad,3f630dfcc8a1c2a19b093e7fe0f4bdc7f830fef42266fcf1156112f0eb959046,11f4fe862570895441036964a9b308e92c2ee6ba8a87b5da9009ffd5208a4bda,2c6d6a597c6b1b321c4f632291c22dfe5788a058fe82fd65114a5a59d5d0be83,3a365f5dd3e9d410585a34695bb444d67b220c4b40a9348288a540078bc27f75
spatial,B2,False,2020-08-20,landsat-8,1080,71,216,216,216,127,89,89,0.5447254559303729,0.5879629629629629,0.5879629629629629,0.41203703703703703,3b188221263ad4673846ce5170fa622b5395e51a4aaa750114e1793d3986975b,55416c987a2d25f9177dd974307ae595761c1db31ecaa9d7561fb6c42d4d5e7c,00d1e59ce78baffbf9d24361ac8ba16a1d577b22cb193e15596627259190ed07,0c06b88fd09cd514745b699e6b6a7e12901db8d3247e42b582feaf1f7e91c04a,1eafe424a4c718d6a3b18cff938036f958858c70b344740788993b119bfbb04b,9c2f903993167fc2a228b3cfe60a23fe33f57f252bae6299458338cb8eb967ad,3f630dfcc8a1c2a19b093e7fe0f4bdc7f830fef42266fcf1156112f0eb959046,11f4fe862570895441036964a9b308e92c2ee6ba8a87b5da9009ffd5208a4bda,2c6d6a597c6b1b321c4f632291c22dfe5788a058fe82fd65114a5a59d5d0be83,3a365f5dd3e9d410585a34695bb444d67b220c4b40a9348288a540078bc27f75
spatial,B2,False,2020-09-05,landsat-8,1086,71,218,218,218,175,43,43,0.8569561469739507,0.8027522935779816,0.8027522935779816,0.19724770642201836,3b188221263ad4673846ce5170fa622b5395e51a4aaa750114e1793d3986975b,55416c987a2d25f9177dd974307ae595761c1db31ecaa9d7561fb6c42d4d5e7c,00d1e59ce78baffbf9d24361ac8ba16a1d577b22cb193e15596627259190ed07,0c06b88fd09cd514745b699e6b6a7e12901db8d3247e42b582feaf1f7e91c04a,1eafe424a4c718d6a3b18cff938036f958858c70b344740788993b119bfbb04b,9c2f903993167fc2a228b3cfe60a23fe33f57f252bae6299458338cb8eb967ad,3f630dfcc8a1c2a19b093e7fe0f4bdc7f830fef42266fcf1156112f0eb959046,11f4fe862570895441036964a9b308e92c2ee6ba8a87b5da9009ffd5208a4bda,2c6d6a597c6b1b321c4f632291c22dfe5788a058fe82fd65114a5a59d5d0be83,3a365f5dd3e9d410585a34695bb444d67b220c4b40a9348288a540078bc27f75
spatial,B2,False,2021-07-06,landsat-8,1068,66,214,214,214,118,96,96,0.5854859667320194,0.5514018691588785,0.5514018691588785,0.4485981308411215,3b188221263ad4673846ce5170fa622b5395e51a4aaa750114e1793d3986975b,55416c987a2d25f9177dd974307ae595761c1db31ecaa9d7561fb6c42d4d5e7c,00d1e59ce78baffbf9d24361ac8ba16a1d577b22cb193e15596627259190ed07,0c06b88fd09cd514745b699e6b6a7e12901db8d3247e42b582feaf1f7e91c04a,1eafe424a4c718d6a3b18cff938036f958858c70b344740788993b119bfbb04b,9c2f903993167fc2a228b3cfe60a23fe33f57f252bae6299458338cb8eb967ad,3f630dfcc8a1c2a19b093e7fe0f4bdc7f830fef42266fcf1156112f0eb959046,11f4fe862570895441036964a9b308e92c2ee6ba8a87b5da9009ffd5208a4bda,2c6d6a597c6b1b321c4f632291c22dfe5788a058fe82fd65114a5a59d5d0be83,3a365f5dd3e9d410585a34695bb444d67b220c4b40a9348288a540078bc27f75
spatial,B2,False,2021-08-07,landsat-8,1064,69,213,213,213,146,67,67,0.7038608385911668,0.6854460093896714,0.6854460093896714,0.3145539906103286,3b188221263ad4673846ce5170fa622b5395e51a4aaa750114e1793d3986975b,55416c987a2d25f9177dd974307ae595761c1db31ecaa9d7561fb6c42d4d5e7c,00d1e59ce78baffbf9d24361ac8ba16a1d577b22cb193e15596627259190ed07,0c06b88fd09cd514745b699e6b6a7e12901db8d3247e42b582feaf1f7e91c04a,1eafe424a4c718d6a3b18cff938036f958858c70b344740788993b119bfbb04b,9c2f903993167fc2a228b3cfe60a23fe33f57f252bae6299458338cb8eb967ad,3f630dfcc8a1c2a19b093e7fe0f4bdc7f830fef42266fcf1156112f0eb959046,11f4fe862570895441036964a9b308e92c2ee6ba8a87b5da9009ffd5208a4bda,2c6d6a597c6b1b321c4f632291c22dfe5788a058fe82fd65114a5a59d5d0be83,3a365f5dd3e9d410585a34695bb444d67b220c4b40a9348288a540078bc27f75
spatial,B2,False,2021-10-26,landsat-8,1094,71,219,219,219,19,200,200,0.18302004382228035,0.0867579908675799,0.0867579908675799,0.91324200913242,3b188221263ad4673846ce5170fa622b5395e51a4aaa750114e1793d3986975b,55416c987a2d25f9177dd974307ae595761c1db31ecaa9d7561fb6c42d4d5e7c,00d1e59ce78baffbf9d24361ac8ba16a1d577b22cb193e15596627259190ed07,0c06b88fd09cd514745b699e6b6a7e12901db8d3247e42b582feaf1f7e91c04a,1eafe424a4c718d6a3b18cff938036f958858c70b344740788993b119bfbb04b,9c2f903993167fc2a228b3cfe60a23fe33f57f252bae6299458338cb8eb967ad,3f630dfcc8a1c2a19b093e7fe0f4bdc7f830fef42266fcf1156112f0eb959046,11f4fe862570895441036964a9b308e92c2ee6ba8a87b5da9009ffd5208a4bda,2c6d6a597c6b1b321c4f632291c22dfe5788a058fe82fd65114a5a59d5d0be83,3a365f5dd3e9d410585a34695bb444d67b220c4b40a9348288a540078bc27f75
spatial,B2,False,2022-05-30,landsat-9,1055,67,211,211,211,99,112,112,0.4192081110509197,0.46919431279620855,0.46919431279620855,0.5308056872037915,3b188221263ad4673846ce5170fa622b5395e51a4aaa750114e1793d3986975b,55416c987a2d25f9177dd974307ae595761c1db31ecaa9d7561fb6c42d4d5e7c,00d1e59ce78baffbf9d24361ac8ba16a1d577b22cb193e15596627259190ed07,0c06b88fd09cd514745b699e6b6a7e12901db8d3247e42b582feaf1f7e91c04a,1eafe424a4c718d6a3b18cff938036f958858c70b344740788993b119bfbb04b,9c2f903993167fc2a228b3cfe60a23fe33f57f252bae6299458338cb8eb967ad,3f630dfcc8a1c2a19b093e7fe0f4bdc7f830fef42266fcf1156112f0eb959046,11f4fe862570895441036964a9b308e92c2ee6ba8a87b5da9009ffd5208a4bda,2c6d6a597c6b1b321c4f632291c22dfe5788a058fe82fd65114a5a59d5d0be83,3a365f5dd3e9d410585a34695bb444d67b220c4b40a9348288a540078bc27f75
spatial,B2,False,2022-06-15,landsat-9,1067,69,214,214,214,149,65,65,0.6979205525784772,0.6962616822429907,0.6962616822429907,0.3037383177570093,3b188221263ad4673846ce5170fa622b5395e51a4aaa750114e1793d3986975b,55416c987a2d25f9177dd974307ae595761c1db31ecaa9d7561fb6c42d4d5e7c,00d1e59ce78baffbf9d24361ac8ba16a1d577b22cb193e15596627259190ed07,0c06b88fd09cd514745b699e6b6a7e12901db8d3247e42b582feaf1f7e91c04a,1eafe424a4c718d6a3b18cff938036f958858c70b344740788993b119bfbb04b,9c2f903993167fc2a228b3cfe60a23fe33f57f252bae6299458338cb8eb967ad,3f630dfcc8a1c2a19b093e7fe0f4bdc7f830fef42266fcf1156112f0eb959046,11f4fe862570895441036964a9b308e92c2ee6ba8a87b5da9009ffd5208a4bda,2c6d6a597c6b1b321c4f632291c22dfe5788a058fe82fd65114a5a59d5d0be83,3a365f5dd3e9d410585a34695bb444d67b220c4b40a9348288a540078bc27f75
spatial,B2,False,2022-06-23,landsat-8,1059,69,212,212,212,131,81,81,0.638227341647981,0.6179245283018868,0.6179245283018868,0.38207547169811323,3b188221263ad4673846ce5170fa622b5395e51a4aaa750114e1793d3986975b,55416c987a2d25f9177dd974307ae595761c1db31ecaa9d7561fb6c42d4d5e7c,00d1e59ce78baffbf9d24361ac8ba16a1d577b22cb193e15596627259190ed07,0c06b88fd09cd514745b699e6b6a7e12901db8d3247e42b582feaf1f7e91c04a,1eafe424a4c718d6a3b18cff938036f958858c70b344740788993b119bfbb04b,9c2f903993167fc2a228b3cfe60a23fe33f57f252bae6299458338cb8eb967ad,3f630dfcc8a1c2a19b093e7fe0f4bdc7f830fef42266fcf1156112f0eb959046,11f4fe862570895441036964a9b308e92c2ee6ba8a87b5da9009ffd5208a4bda,2c6d6a597c6b1b321c4f632291c22dfe5788a058fe82fd65114a5a59d5d0be83,3a365f5dd3e9d410585a34695bb444d67b220c4b40a9348288a540078bc27f75
spatial,B2,False,2022-07-01,landsat-9,1072,70,215,215,215,119,96,96,0.5192516427611971,0.5534883720930233,0.5534883720930233,0.44651162790697674,3b188221263ad4673846ce5170fa622b5395e51a4aaa750114e1793d3986975b,55416c987a2d25f9177dd974307ae595761c1db31ecaa9d7561fb6c42d4d5e7c,00d1e59ce78baffbf9d24361ac8ba16a1d577b22cb193e15596627259190ed07,0c06b88fd09cd514745b699e6b6a7e12901db8d3247e42b582feaf1f7e91c04a,1eafe424a4c718d6a3b18cff938036f958858c70b344740788993b119bfbb04b,9c2f903993167fc2a228b3cfe60a23fe33f57f252bae6299458338cb8eb967ad,3f630dfcc8a1c2a19b093e7fe0f4bdc7f830fef42266fcf1156112f0eb959046,11f4fe862570895441036964a9b308e92c2ee6ba8a87b5da9009ffd5208a4bda,2c6d6a597c6b1b321c4f632291c22dfe5788a058fe82fd65114a5a59d5d0be83,3a365f5dd3e9d410585a34695bb444d67b220c4b40a9348288a540078bc27f75
spatial,B2,False,2022-07-09,landsat-8,1050,67,210,210,210,131,79,79,0.6453041181417629,0.6238095238095238,0.6238095238095238,0.3761904761904762,3b188221263ad4673846ce5170fa622b5395e51a4aaa750114e1793d3986975b,55416c987a2d25f9177dd974307ae595761c1db31ecaa9d7561fb6c42d4d5e7c,00d1e59ce78baffbf9d24361ac8ba16a1d577b22cb193e15596627259190ed07,0c06b88fd09cd514745b699e6b6a7e12901db8d3247e42b582feaf1f7e91c04a,1eafe424a4c718d6a3b18cff938036f958858c70b344740788993b119bfbb04b,9c2f903993167fc2a228b3cfe60a23fe33f57f252bae6299458338cb8eb967ad,3f630dfcc8a1c2a19b093e7fe0f4bdc7f830fef42266fcf1156112f0eb959046,11f4fe862570895441036964a9b308e92c2ee6ba8a87b5da9009ffd5208a4bda,2c6d6a597c6b1b321c4f632291c22dfe5788a058fe82fd65114a5a59d5d0be83,3a365f5dd3e9d410585a34695bb444d67b220c4b40a9348288a540078bc27f75
spatial,B2,False,2022-07-25,landsat-8,1054,68,211,211,211,133,78,78,0.6391801505792215,0.6303317535545023,0.6303317535545023,0.3696682464454976,3b188221263ad4673846ce5170fa622b5395e51a4aaa750114e1793d3986975b,55416c987a2d25f9177dd974307ae595761c1db31ecaa9d7561fb6c42d4d5e7c,00d1e59ce78baffbf9d24361ac8ba16a1d577b22cb193e15596627259190ed07,0c06b88fd09cd514745b699e6b6a7e12901db8d3247e42b582feaf1f7e91c04a,1eafe424a4c718d6a3b18cff938036f958858c70b344740788993b119bfbb04b,9c2f903993167fc2a228b3cfe60a23fe33f57f252bae6299458338cb8eb967ad,3f630dfcc8a1c2a19b093e7fe0f4bdc7f830fef42266fcf1156112f0eb959046,11f4fe862570895441036964a9b308e92c2ee6ba8a87b5da9009ffd5208a4bda,2c6d6a597c6b1b321c4f632291c22dfe5788a058fe82fd65114a5a59d5d0be83,3a365f5dd3e9d410585a34695bb444d67b220c4b40a9348288a540078bc27f75
spatial,B2,False,2022-08-02,landsat-9,1026,67,206,206,206,135,71,71,0.6721418448446432,0.6553398058252428,0.6553398058252428,0.3446601941747573,3b188221263ad4673846ce5170fa622b5395e51a4aaa750114e1793d3986975b,55416c987a2d25f9177dd974307ae595761c1db31ecaa9d7561fb6c42d4d5e7c,00d1e59ce78baffbf9d24361ac8ba16a1d577b22cb193e15596627259190ed07,0c06b88fd09cd514745b699e6b6a7e12901db8d3247e42b582feaf1f7e91c04a,1eafe424a4c718d6a3b18cff938036f958858c70b344740788993b119bfbb04b,9c2f903993167fc2a228b3cfe60a23fe33f57f252bae6299458338cb8eb967ad,3f630dfcc8a1c2a19b093e7fe0f4bdc7f830fef42266fcf1156112f0eb959046,11f4fe862570895441036964a9b308e92c2ee6ba8a87b5da9009ffd5208a4bda,2c6d6a597c6b1b321c4f632291c22dfe5788a058fe82fd65114a5a59d5d0be83,3a365f5dd3e9d410585a34695bb444d67b220c4b40a9348288a540078bc27f75
spatial,B2,False,2022-08-26,landsat-8,1058,69,212,212,212,131,81,81,0.6393450170265733,0.6179245283018868,0.6179245283018868,0.38207547169811323,3b188221263ad4673846ce5170fa622b5395e51a4aaa750114e1793d3986975b,55416c987a2d25f9177dd974307ae595761c1db31ecaa9d7561fb6c42d4d5e7c,00d1e59ce78baffbf9d24361ac8ba16a1d577b22cb193e15596627259190ed07,0c06b88fd09cd514745b699e6b6a7e12901db8d3247e42b582feaf1f7e91c04a,1eafe424a4c718d6a3b18cff938036f958858c70b344740788993b119bfbb04b,9c2f903993167fc2a228b3cfe60a23fe33f57f252bae6299458338cb8eb967ad,3f630dfcc8a1c2a19b093e7fe0f4bdc7f830fef42266fcf1156112f0eb959046,11f4fe862570895441036964a9b308e92c2ee6ba8a87b5da9009ffd5208a4bda,2c6d6a597c6b1b321c4f632291c22dfe5788a058fe82fd65114a5a59d5d0be83,3a365f5dd3e9d410585a34695bb444d67b220c4b40a9348288a540078bc27f75
spatial,B2,False,2022-09-03,landsat-9,1085,71,217,217,217,127,90,90,0.6149476707023147,0.5852534562211982,0.5852534562211982,0.4147465437788018,3b188221263ad4673846ce5170fa622b5395e51a4aaa750114e1793d3986975b,55416c987a2d25f9177dd974307ae595761c1db31ecaa9d7561fb6c42d4d5e7c,00d1e59ce78baffbf9d24361ac8ba16a1d577b22cb193e15596627259190ed07,0c06b88fd09cd514745b699e6b6a7e12901db8d3247e42b582feaf1f7e91c04a,1eafe424a4c718d6a3b18cff938036f958858c70b344740788993b119bfbb04b,9c2f903993167fc2a228b3cfe60a23fe33f57f252bae6299458338cb8eb967ad,3f630dfcc8a1c2a19b093e7fe0f4bdc7f830fef42266fcf1156112f0eb959046,11f4fe862570895441036964a9b308e92c2ee6ba8a87b5da9009ffd5208a4bda,2c6d6a597c6b1b321c4f632291c22dfe5788a058fe82fd65114a5a59d5d0be83,3a365f5dd3e9d410585a34695bb444d67b220c4b40a9348288a540078bc27f75
spatial,B2,False,2022-09-27,landsat-8,1081,71,217,217,217,149,68,68,0.7167822811058069,0.6866359447004609,0.6866359447004609,0.31336405529953915,3b188221263ad4673846ce5170fa622b5395e51a4aaa750114e1793d3986975b,55416c987a2d25f9177dd974307ae595761c1db31ecaa9d7561fb6c42d4d5e7c,00d1e59ce78baffbf9d24361ac8ba16a1d577b22cb193e15596627259190ed07,0c06b88fd09cd514745b699e6b6a7e12901db8d3247e42b582feaf1f7e91c04a,1eafe424a4c718d6a3b18cff938036f958858c70b344740788993b119bfbb04b,9c2f903993167fc2a228b3cfe60a23fe33f57f252bae6299458338cb8eb967ad,3f630dfcc8a1c2a19b093e7fe0f4bdc7f830fef42266fcf1156112f0eb959046,11f4fe862570895441036964a9b308e92c2ee6ba8a87b5da9009ffd5208a4bda,2c6d6a597c6b1b321c4f632291c22dfe5788a058fe82fd65114a5a59d5d0be83,3a365f5dd3e9d410585a34695bb444d67b220c4b40a9348288a540078bc27f75
spatial,B2,False,2023-06-26,landsat-8,1038,62,208,208,208,133,75,75,0.5948007095623485,0.6394230769230769,0.6394230769230769,0.3605769230769231,3b188221263ad4673846ce5170fa622b5395e51a4aaa750114e1793d3986975b,55416c987a2d25f9177dd974307ae595761c1db31ecaa9d7561fb6c42d4d5e7c,00d1e59ce78baffbf9d24361ac8ba16a1d577b22cb193e15596627259190ed07,0c06b88fd09cd514745b699e6b6a7e12901db8d3247e42b582feaf1f7e91c04a,1eafe424a4c718d6a3b18cff938036f958858c70b344740788993b119bfbb04b,9c2f903993167fc2a228b3cfe60a23fe33f57f252bae6299458338cb8eb967ad,3f630dfcc8a1c2a19b093e7fe0f4bdc7f830fef42266fcf1156112f0eb959046,11f4fe862570895441036964a9b308e92c2ee6ba8a87b5da9009ffd5208a4bda,2c6d6a597c6b1b321c4f632291c22dfe5788a058fe82fd65114a5a59d5d0be83,3a365f5dd3e9d410585a34695bb444d67b220c4b40a9348288a540078bc27f75
spatial,B2,False,2023-07-04,landsat-9,1059,66,212,212,212,73,139,139,0.39587028648311445,0.3443396226415094,0.3443396226415094,0.6556603773584906,3b188221263ad4673846ce5170fa622b5395e51a4aaa750114e1793d3986975b,55416c987a2d25f9177dd974307ae595761c1db31ecaa9d7561fb6c42d4d5e7c,00d1e59ce78baffbf9d24361ac8ba16a1d577b22cb193e15596627259190ed07,0c06b88fd09cd514745b699e6b6a7e12901db8d3247e42b582feaf1f7e91c04a,1eafe424a4c718d6a3b18cff938036f958858c70b344740788993b119bfbb04b,9c2f903993167fc2a228b3cfe60a23fe33f57f252bae6299458338cb8eb967ad,3f630dfcc8a1c2a19b093e7fe0f4bdc7f830fef42266fcf1156112f0eb959046,11f4fe862570895441036964a9b308e92c2ee6ba8a87b5da9009ffd5208a4bda,2c6d6a597c6b1b321c4f632291c22dfe5788a058fe82fd65114a5a59d5d0be83,3a365f5dd3e9d410585a34695bb444d67b220c4b40a9348288a540078bc27f75
spatial,B2,False,2023-07-12,landsat-8,1060,69,212,212,212,129,83,83,0.6031087152326714,0.6084905660377359,0.6084905660377359,0.3915094339622642,3b188221263ad4673846ce5170fa622b5395e51a4aaa750114e1793d3986975b,55416c987a2d25f9177dd974307ae595761c1db31ecaa9d7561fb6c42d4d5e7c,00d1e59ce78baffbf9d24361ac8ba16a1d577b22cb193e15596627259190ed07,0c06b88fd09cd514745b699e6b6a7e12901db8d3247e42b582feaf1f7e91c04a,1eafe424a4c718d6a3b18cff938036f958858c70b344740788993b119bfbb04b,9c2f903993167fc2a228b3cfe60a23fe33f57f252bae6299458338cb8eb967ad,3f630dfcc8a1c2a19b093e7fe0f4bdc7f830fef42266fcf1156112f0eb959046,11f4fe862570895441036964a9b308e92c2ee6ba8a87b5da9009ffd5208a4bda,2c6d6a597c6b1b321c4f632291c22dfe5788a058fe82fd65114a5a59d5d0be83,3a365f5dd3e9d410585a34695bb444d67b220c4b40a9348288a540078bc27f75
spatial,B2,False,2023-07-20,landsat-9,1072,69,215,215,215,146,69,69,0.694048336070003,0.6790697674418604,0.6790697674418604,0.3209302325581395,3b188221263ad4673846ce5170fa622b5395e51a4aaa750114e1793d3986975b,55416c987a2d25f9177dd974307ae595761c1db31ecaa9d7561fb6c42d4d5e7c,00d1e59ce78baffbf9d24361ac8ba16a1d577b22cb193e15596627259190ed07,0c06b88fd09cd514745b699e6b6a7e12901db8d3247e42b582feaf1f7e91c04a,1eafe424a4c718d6a3b18cff938036f958858c70b344740788993b119bfbb04b,9c2f903993167fc2a228b3cfe60a23fe33f57f252bae6299458338cb8eb967ad,3f630dfcc8a1c2a19b093e7fe0f4bdc7f830fef42266fcf1156112f0eb959046,11f4fe862570895441036964a9b308e92c2ee6ba8a87b5da9009ffd5208a4bda,2c6d6a597c6b1b321c4f632291c22dfe5788a058fe82fd65114a5a59d5d0be83,3a365f5dd3e9d410585a34695bb444d67b220c4b40a9348288a540078bc27f75
spatial,B2,False,2023-08-05,landsat-9,1076,69,216,216,216,126,90,90,0.5929330320743688,0.5833333333333334,0.5833333333333334,0.4166666666666667,3b188221263ad4673846ce5170fa622b5395e51a4aaa750114e1793d3986975b,55416c987a2d25f9177dd974307ae595761c1db31ecaa9d7561fb6c42d4d5e7c,00d1e59ce78baffbf9d24361ac8ba16a1d577b22cb193e15596627259190ed07,0c06b88fd09cd514745b699e6b6a7e12901db8d3247e42b582feaf1f7e91c04a,1eafe424a4c718d6a3b18cff938036f958858c70b344740788993b119bfbb04b,9c2f903993167fc2a228b3cfe60a23fe33f57f252bae6299458338cb8eb967ad,3f630dfcc8a1c2a19b093e7fe0f4bdc7f830fef42266fcf1156112f0eb959046,11f4fe862570895441036964a9b308e92c2ee6ba8a87b5da9009ffd5208a4bda,2c6d6a597c6b1b321c4f632291c22dfe5788a058fe82fd65114a5a59d5d0be83,3a365f5dd3e9d410585a34695bb444d67b220c4b40a9348288a540078bc27f75
spatial,B2,False,2023-08-13,landsat-8,1063,68,213,213,213,154,59,59,0.7263299571331785,0.7230046948356808,0.7230046948356808,0.27699530516431925,3b188221263ad4673846ce5170fa622b5395e51a4aaa750114e1793d3986975b,55416c987a2d25f9177dd974307ae595761c1db31ecaa9d7561fb6c42d4d5e7c,00d1e59ce78baffbf9d24361ac8ba16a1d577b22cb193e15596627259190ed07,0c06b88fd09cd514745b699e6b6a7e12901db8d3247e42b582feaf1f7e91c04a,1eafe424a4c718d6a3b18cff938036f958858c70b344740788993b119bfbb04b,9c2f903993167fc2a228b3cfe60a23fe33f57f252bae6299458338cb8eb967ad,3f630dfcc8a1c2a19b093e7fe0f4bdc7f830fef42266fcf1156112f0eb959046,11f4fe862570895441036964a9b308e92c2ee6ba8a87b5da9009ffd5208a4bda,2c6d6a597c6b1b321c4f632291c22dfe5788a058fe82fd65114a5a59d5d0be83,3a365f5dd3e9d410585a34695bb444d67b220c4b40a9348288a540078bc27f75
spatial,B2,False,2023-08-29,landsat-8,1088,71,218,218,218,154,64,64,0.7215501981988582,0.7064220183486238,0.7064220183486238,0.29357798165137616,3b188221263ad4673846ce5170fa622b5395e51a4aaa750114e1793d3986975b,55416c987a2d25f9177dd974307ae595761c1db31ecaa9d7561fb6c42d4d5e7c,00d1e59ce78baffbf9d24361ac8ba16a1d577b22cb193e15596627259190ed07,0c06b88fd09cd514745b699e6b6a7e12901db8d3247e42b582feaf1f7e91c04a,1eafe424a4c718d6a3b18cff938036f958858c70b344740788993b119bfbb04b,9c2f903993167fc2a228b3cfe60a23fe33f57f252bae6299458338cb8eb967ad,3f630dfcc8a1c2a19b093e7fe0f4bdc7f830fef42266fcf1156112f0eb959046,11f4fe862570895441036964a9b308e92c2ee6ba8a87b5da9009ffd5208a4bda,2c6d6a597c6b1b321c4f632291c22dfe5788a058fe82fd65114a5a59d5d0be83,3a365f5dd3e9d410585a34695bb444d67b220c4b40a9348288a540078bc27f75
spatial,B2,False,2024-06-20,landsat-9,1050,65,210,210,210,121,89,89,0.5484053355009189,0.5761904761904761,0.5761904761904761,0.4238095238095238,3b188221263ad4673846ce5170fa622b5395e51a4aaa750114e1793d3986975b,55416c987a2d25f9177dd974307ae595761c1db31ecaa9d7561fb6c42d4d5e7c,00d1e59ce78baffbf9d24361ac8ba16a1d577b22cb193e15596627259190ed07,0c06b88fd09cd514745b699e6b6a7e12901db8d3247e42b582feaf1f7e91c04a,1eafe424a4c718d6a3b18cff938036f958858c70b344740788993b119bfbb04b,9c2f903993167fc2a228b3cfe60a23fe33f57f252bae6299458338cb8eb967ad,3f630dfcc8a1c2a19b093e7fe0f4bdc7f830fef42266fcf1156112f0eb959046,11f4fe862570895441036964a9b308e92c2ee6ba8a87b5da9009ffd5208a4bda,2c6d6a597c6b1b321c4f632291c22dfe5788a058fe82fd65114a5a59d5d0be83,3a365f5dd3e9d410585a34695bb444d67b220c4b40a9348288a540078bc27f75
spatial,B2,False,2024-06-28,landsat-8,1060,69,212,212,212,43,169,169,0.2610601513756873,0.2028301886792453,0.2028301886792453,0.7971698113207547,3b188221263ad4673846ce5170fa622b5395e51a4aaa750114e1793d3986975b,55416c987a2d25f9177dd974307ae595761c1db31ecaa9d7561fb6c42d4d5e7c,00d1e59ce78baffbf9d24361ac8ba16a1d577b22cb193e15596627259190ed07,0c06b88fd09cd514745b699e6b6a7e12901db8d3247e42b582feaf1f7e91c04a,1eafe424a4c718d6a3b18cff938036f958858c70b344740788993b119bfbb04b,9c2f903993167fc2a228b3cfe60a23fe33f57f252bae6299458338cb8eb967ad,3f630dfcc8a1c2a19b093e7fe0f4bdc7f830fef42266fcf1156112f0eb959046,11f4fe862570895441036964a9b308e92c2ee6ba8a87b5da9009ffd5208a4bda,2c6d6a597c6b1b321c4f632291c22dfe5788a058fe82fd65114a5a59d5d0be83,3a365f5dd3e9d410585a34695bb444d67b220c4b40a9348288a540078bc27f75
spatial,B2,False,2024-07-22,landsat-9,976,67,196,196,196,124,72,72,0.6805416955677328,0.6326530612244898,0.6326530612244898,0.3673469387755102,3b188221263ad4673846ce5170fa622b5395e51a4aaa750114e1793d3986975b,55416c987a2d25f9177dd974307ae595761c1db31ecaa9d7561fb6c42d4d5e7c,00d1e59ce78baffbf9d24361ac8ba16a1d577b22cb193e15596627259190ed07,0c06b88fd09cd514745b699e6b6a7e12901db8d3247e42b582feaf1f7e91c04a,1eafe424a4c718d6a3b18cff938036f958858c70b344740788993b119bfbb04b,9c2f903993167fc2a228b3cfe60a23fe33f57f252bae6299458338cb8eb967ad,3f630dfcc8a1c2a19b093e7fe0f4bdc7f830fef42266fcf1156112f0eb959046,11f4fe862570895441036964a9b308e92c2ee6ba8a87b5da9009ffd5208a4bda,2c6d6a597c6b1b321c4f632291c22dfe5788a058fe82fd65114a5a59d5d0be83,3a365f5dd3e9d410585a34695bb444d67b220c4b40a9348288a540078bc27f75
spatial,B2,False,2024-07-30,landsat-8,1064,69,213,213,213,144,69,69,0.68137728782075,0.676056338028169,0.676056338028169,0.323943661971831,3b188221263ad4673846ce5170fa622b5395e51a4aaa750114e1793d3986975b,55416c987a2d25f9177dd974307ae595761c1db31ecaa9d7561fb6c42d4d5e7c,00d1e59ce78baffbf9d24361ac8ba16a1d577b22cb193e15596627259190ed07,0c06b88fd09cd514745b699e6b6a7e12901db8d3247e42b582feaf1f7e91c04a,1eafe424a4c718d6a3b18cff938036f958858c70b344740788993b119bfbb04b,9c2f903993167fc2a228b3cfe60a23fe33f57f252bae6299458338cb8eb967ad,3f630dfcc8a1c2a19b093e7fe0f4bdc7f830fef42266fcf1156112f0eb959046,11f4fe862570895441036964a9b308e92c2ee6ba8a87b5da9009ffd5208a4bda,2c6d6a597c6b1b321c4f632291c22dfe5788a058fe82fd65114a5a59d5d0be83,3a365f5dd3e9d410585a34695bb444d67b220c4b40a9348288a540078bc27f75
spatial,B2,False,2024-08-15,landsat-8,1083,71,217,217,217,125,92,92,0.5709855534287298,0.576036866359447,0.576036866359447,0.423963133640553,3b188221263ad4673846ce5170fa622b5395e51a4aaa750114e1793d3986975b,55416c987a2d25f9177dd974307ae595761c1db31ecaa9d7561fb6c42d4d5e7c,00d1e59ce78baffbf9d24361ac8ba16a1d577b22cb193e15596627259190ed07,0c06b88fd09cd514745b699e6b6a7e12901db8d3247e42b582feaf1f7e91c04a,1eafe424a4c718d6a3b18cff938036f958858c70b344740788993b119bfbb04b,9c2f903993167fc2a228b3cfe60a23fe33f57f252bae6299458338cb8eb967ad,3f630dfcc8a1c2a19b093e7fe0f4bdc7f830fef42266fcf1156112f0eb959046,11f4fe862570895441036964a9b308e92c2ee6ba8a87b5da9009ffd5208a4bda,2c6d6a597c6b1b321c4f632291c22dfe5788a058fe82fd65114a5a59d5d0be83,3a365f5dd3e9d410585a34695bb444d67b220c4b40a9348288a540078bc27f75
spatial,B2,False,2024-08-23,landsat-9,1041,70,209,209,209,43,166,166,0.2278920400729932,0.20574162679425836,0.20574162679425836,0.7942583732057417,3b188221263ad4673846ce5170fa622b5395e51a4aaa750114e1793d3986975b,55416c987a2d25f9177dd974307ae595761c1db31ecaa9d7561fb6c42d4d5e7c,00d1e59ce78baffbf9d24361ac8ba16a1d577b22cb193e15596627259190ed07,0c06b88fd09cd514745b699e6b6a7e12901db8d3247e42b582feaf1f7e91c04a,1eafe424a4c718d6a3b18cff938036f958858c70b344740788993b119bfbb04b,9c2f903993167fc2a228b3cfe60a23fe33f57f252bae6299458338cb8eb967ad,3f630dfcc8a1c2a19b093e7fe0f4bdc7f830fef42266fcf1156112f0eb959046,11f4fe862570895441036964a9b308e92c2ee6ba8a87b5da9009ffd5208a4bda,2c6d6a597c6b1b321c4f632291c22dfe5788a058fe82fd65114a5a59d5d0be83,3a365f5dd3e9d410585a34695bb444d67b220c4b40a9348288a540078bc27f75
spatial,B2,False,2024-08-31,landsat-8,1048,66,210,210,210,155,55,55,0.7824065802149541,0.7380952380952381,0.7380952380952381,0.2619047619047619,3b188221263ad4673846ce5170fa622b5395e51a4aaa750114e1793d3986975b,55416c987a2d25f9177dd974307ae595761c1db31ecaa9d7561fb6c42d4d5e7c,00d1e59ce78baffbf9d24361ac8ba16a1d577b22cb193e15596627259190ed07,0c06b88fd09cd514745b699e6b6a7e12901db8d3247e42b582feaf1f7e91c04a,1eafe424a4c718d6a3b18cff938036f958858c70b344740788993b119bfbb04b,9c2f903993167fc2a228b3cfe60a23fe33f57f252bae6299458338cb8eb967ad,3f630dfcc8a1c2a19b093e7fe0f4bdc7f830fef42266fcf1156112f0eb959046,11f4fe862570895441036964a9b308e92c2ee6ba8a87b5da9009ffd5208a4bda,2c6d6a597c6b1b321c4f632291c22dfe5788a058fe82fd65114a5a59d5d0be83,3a365f5dd3e9d410585a34695bb444d67b220c4b40a9348288a540078bc27f75
spatial,B2,False,2024-09-08,landsat-9,1087,71,218,218,218,136,82,82,0.6277284992093164,0.6238532110091743,0.6238532110091743,0.3761467889908257,3b188221263ad4673846ce5170fa622b5395e51a4aaa750114e1793d3986975b,55416c987a2d25f9177dd974307ae595761c1db31ecaa9d7561fb6c42d4d5e7c,00d1e59ce78baffbf9d24361ac8ba16a1d577b22cb193e15596627259190ed07,0c06b88fd09cd514745b699e6b6a7e12901db8d3247e42b582feaf1f7e91c04a,1eafe424a4c718d6a3b18cff938036f958858c70b344740788993b119bfbb04b,9c2f903993167fc2a228b3cfe60a23fe33f57f252bae6299458338cb8eb967ad,3f630dfcc8a1c2a19b093e7fe0f4bdc7f830fef42266fcf1156112f0eb959046,11f4fe862570895441036964a9b308e92c2ee6ba8a87b5da9009ffd5208a4bda,2c6d6a597c6b1b321c4f632291c22dfe5788a058fe82fd65114a5a59d5d0be83,3a365f5dd3e9d410585a34695bb444d67b220c4b40a9348288a540078bc27f75
spatial,B2,False,2024-10-18,landsat-8,1091,71,219,219,219,14,205,205,0.17689363942047337,0.0639269406392694,0.0639269406392694,0.9360730593607306,3b188221263ad4673846ce5170fa622b5395e51a4aaa750114e1793d3986975b,55416c987a2d25f9177dd974307ae595761c1db31ecaa9d7561fb6c42d4d5e7c,00d1e59ce78baffbf9d24361ac8ba16a1d577b22cb193e15596627259190ed07,0c06b88fd09cd514745b699e6b6a7e12901db8d3247e42b582feaf1f7e91c04a,1eafe424a4c718d6a3b18cff938036f958858c70b344740788993b119bfbb04b,9c2f903993167fc2a228b3cfe60a23fe33f57f252bae6299458338cb8eb967ad,3f630dfcc8a1c2a19b093e7fe0f4bdc7f830fef42266fcf1156112f0eb959046,11f4fe862570895441036964a9b308e92c2ee6ba8a87b5da9009ffd5208a4bda,2c6d6a597c6b1b321c4f632291c22dfe5788a058fe82fd65114a5a59d5d0be83,3a365f5dd3e9d410585a34695bb444d67b220c4b40a9348288a540078bc27f75
spatial,M1,False,2020-05-16,landsat-8,1061,69,213,213,213,123,90,90,0.5816616614288397,0.5774647887323944,0.5774647887323944,0.4225352112676056,3b188221263ad4673846ce5170fa622b5395e51a4aaa750114e1793d3986975b,55416c987a2d25f9177dd974307ae595761c1db31ecaa9d7561fb6c42d4d5e7c,00d1e59ce78baffbf9d24361ac8ba16a1d577b22cb193e15596627259190ed07,0c06b88fd09cd514745b699e6b6a7e12901db8d3247e42b582feaf1f7e91c04a,1eafe424a4c718d6a3b18cff938036f958858c70b344740788993b119bfbb04b,9c2f903993167fc2a228b3cfe60a23fe33f57f252bae6299458338cb8eb967ad,3f630dfcc8a1c2a19b093e7fe0f4bdc7f830fef42266fcf1156112f0eb959046,11f4fe862570895441036964a9b308e92c2ee6ba8a87b5da9009ffd5208a4bda,2c6d6a597c6b1b321c4f632291c22dfe5788a058fe82fd65114a5a59d5d0be83,3a365f5dd3e9d410585a34695bb444d67b220c4b40a9348288a540078bc27f75
spatial,M1,False,2020-07-03,landsat-8,1073,70,215,215,215,117,98,98,0.5654930092644593,0.5441860465116279,0.5441860465116279,0.4558139534883721,3b188221263ad4673846ce5170fa622b5395e51a4aaa750114e1793d3986975b,55416c987a2d25f9177dd974307ae595761c1db31ecaa9d7561fb6c42d4d5e7c,00d1e59ce78baffbf9d24361ac8ba16a1d577b22cb193e15596627259190ed07,0c06b88fd09cd514745b699e6b6a7e12901db8d3247e42b582feaf1f7e91c04a,1eafe424a4c718d6a3b18cff938036f958858c70b344740788993b119bfbb04b,9c2f903993167fc2a228b3cfe60a23fe33f57f252bae6299458338cb8eb967ad,3f630dfcc8a1c2a19b093e7fe0f4bdc7f830fef42266fcf1156112f0eb959046,11f4fe862570895441036964a9b308e92c2ee6ba8a87b5da9009ffd5208a4bda,2c6d6a597c6b1b321c4f632291c22dfe5788a058fe82fd65114a5a59d5d0be83,3a365f5dd3e9d410585a34695bb444d67b220c4b40a9348288a540078bc27f75
spatial,M1,False,2020-07-19,landsat-8,1050,68,210,210,210,165,45,45,0.8745351084757418,0.7857142857142857,0.7857142857142857,0.21428571428571427,3b188221263ad4673846ce5170fa622b5395e51a4aaa750114e1793d3986975b,55416c987a2d25f9177dd974307ae595761c1db31ecaa9d7561fb6c42d4d5e7c,00d1e59ce78baffbf9d24361ac8ba16a1d577b22cb193e15596627259190ed07,0c06b88fd09cd514745b699e6b6a7e12901db8d3247e42b582feaf1f7e91c04a,1eafe424a4c718d6a3b18cff938036f958858c70b344740788993b119bfbb04b,9c2f903993167fc2a228b3cfe60a23fe33f57f252bae6299458338cb8eb967ad,3f630dfcc8a1c2a19b093e7fe0f4bdc7f830fef42266fcf1156112f0eb959046,11f4fe862570895441036964a9b308e92c2ee6ba8a87b5da9009ffd5208a4bda,2c6d6a597c6b1b321c4f632291c22dfe5788a058fe82fd65114a5a59d5d0be83,3a365f5dd3e9d410585a34695bb444d67b220c4b40a9348288a540078bc27f75
spatial,M1,False,2020-08-20,landsat-8,1080,71,216,216,216,118,98,98,0.6258969899203846,0.5462962962962963,0.5462962962962963,0.4537037037037037,3b188221263ad4673846ce5170fa622b5395e51a4aaa750114e1793d3986975b,55416c987a2d25f9177dd974307ae595761c1db31ecaa9d7561fb6c42d4d5e7c,00d1e59ce78baffbf9d24361ac8ba16a1d577b22cb193e15596627259190ed07,0c06b88fd09cd514745b699e6b6a7e12901db8d3247e42b582feaf1f7e91c04a,1eafe424a4c718d6a3b18cff938036f958858c70b344740788993b119bfbb04b,9c2f903993167fc2a228b3cfe60a23fe33f57f252bae6299458338cb8eb967ad,3f630dfcc8a1c2a19b093e7fe0f4bdc7f830fef42266fcf1156112f0eb959046,11f4fe862570895441036964a9b308e92c2ee6ba8a87b5da9009ffd5208a4bda,2c6d6a597c6b1b321c4f632291c22dfe5788a058fe82fd65114a5a59d5d0be83,3a365f5dd3e9d410585a34695bb444d67b220c4b40a9348288a540078bc27f75
spatial,M1,False,2020-09-05,landsat-8,1086,71,218,218,218,167,51,51,0.8768613341670859,0.7660550458715596,0.7660550458715596,0.23394495412844038,3b188221263ad4673846ce5170fa622b5395e51a4aaa750114e1793d3986975b,55416c987a2d25f9177dd974307ae595761c1db31ecaa9d7561fb6c42d4d5e7c,00d1e59ce78baffbf9d24361ac8ba16a1d577b22cb193e15596627259190ed07,0c06b88fd09cd514745b699e6b6a7e12901db8d3247e42b582feaf1f7e91c04a,1eafe424a4c718d6a3b18cff938036f958858c70b344740788993b119bfbb04b,9c2f903993167fc2a228b3cfe60a23fe33f57f252bae6299458338cb8eb967ad,3f630dfcc8a1c2a19b093e7fe0f4bdc7f830fef42266fcf1156112f0eb959046,11f4fe862570895441036964a9b308e92c2ee6ba8a87b5da9009ffd5208a4bda,2c6d6a597c6b1b321c4f632291c22dfe5788a058fe82fd65114a5a59d5d0be83,3a365f5dd3e9d410585a34695bb444d67b220c4b40a9348288a540078bc27f75
spatial,M1,False,2021-07-06,landsat-8,1068,66,214,214,214,113,101,101,0.5739865530238549,0.5280373831775701,0.5280373831775701,0.4719626168224299,3b188221263ad4673846ce5170fa622b5395e51a4aaa750114e1793d3986975b,55416c987a2d25f9177dd974307ae595761c1db31ecaa9d7561fb6c42d4d5e7c,00d1e59ce78baffbf9d24361ac8ba16a1d577b22cb193e15596627259190ed07,0c06b88fd09cd514745b699e6b6a7e12901db8d3247e42b582feaf1f7e91c04a,1eafe424a4c718d6a3b18cff938036f958858c70b344740788993b119bfbb04b,9c2f903993167fc2a228b3cfe60a23fe33f57f252bae6299458338cb8eb967ad,3f630dfcc8a1c2a19b093e7fe0f4bdc7f830fef42266fcf1156112f0eb959046,11f4fe862570895441036964a9b308e92c2ee6ba8a87b5da9009ffd5208a4bda,2c6d6a597c6b1b321c4f632291c22dfe5788a058fe82fd65114a5a59d5d0be83,3a365f5dd3e9d410585a34695bb444d67b220c4b40a9348288a540078bc27f75
spatial,M1,False,2021-08-07,landsat-8,1064,69,213,213,213,143,70,70,0.6431877504059208,0.6713615023474179,0.6713615023474179,0.3286384976525822,3b188221263ad4673846ce5170fa622b5395e51a4aaa750114e1793d3986975b,55416c987a2d25f9177dd974307ae595761c1db31ecaa9d7561fb6c42d4d5e7c,00d1e59ce78baffbf9d24361ac8ba16a1d577b22cb193e15596627259190ed07,0c06b88fd09cd514745b699e6b6a7e12901db8d3247e42b582feaf1f7e91c04a,1eafe424a4c718d6a3b18cff938036f958858c70b344740788993b119bfbb04b,9c2f903993167fc2a228b3cfe60a23fe33f57f252bae6299458338cb8eb967ad,3f630dfcc8a1c2a19b093e7fe0f4bdc7f830fef42266fcf1156112f0eb959046,11f4fe862570895441036964a9b308e92c2ee6ba8a87b5da9009ffd5208a4bda,2c6d6a597c6b1b321c4f632291c22dfe5788a058fe82fd65114a5a59d5d0be83,3a365f5dd3e9d410585a34695bb444d67b220c4b40a9348288a540078bc27f75
spatial,M1,False,2021-10-26,landsat-8,1094,71,219,219,219,119,100,100,0.4824034655156781,0.54337899543379,0.54337899543379,0.45662100456621,3b188221263ad4673846ce5170fa622b5395e51a4aaa750114e1793d3986975b,55416c987a2d25f9177dd974307ae595761c1db31ecaa9d7561fb6c42d4d5e7c,00d1e59ce78baffbf9d24361ac8ba16a1d577b22cb193e15596627259190ed07,0c06b88fd09cd514745b699e6b6a7e12901db8d3247e42b582feaf1f7e91c04a,1eafe424a4c718d6a3b18cff938036f958858c70b344740788993b119bfbb04b,9c2f903993167fc2a228b3cfe60a23fe33f57f252bae6299458338cb8eb967ad,3f630dfcc8a1c2a19b093e7fe0f4bdc7f830fef42266fcf1156112f0eb959046,11f4fe862570895441036964a9b308e92c2ee6ba8a87b5da9009ffd5208a4bda,2c6d6a597c6b1b321c4f632291c22dfe5788a058fe82fd65114a5a59d5d0be83,3a365f5dd3e9d410585a34695bb444d67b220c4b40a9348288a540078bc27f75
spatial,M1,False,2022-05-30,landsat-9,1055,67,211,211,211,115,96,96,0.5396844748360298,0.5450236966824644,0.5450236966824644,0.4549763033175355,3b188221263ad4673846ce5170fa622b5395e51a4aaa750114e1793d3986975b,55416c987a2d25f9177dd974307ae595761c1db31ecaa9d7561fb6c42d4d5e7c,00d1e59ce78baffbf9d24361ac8ba16a1d577b22cb193e15596627259190ed07,0c06b88fd09cd514745b699e6b6a7e12901db8d3247e42b582feaf1f7e91c04a,1eafe424a4c718d6a3b18cff938036f958858c70b344740788993b119bfbb04b,9c2f903993167fc2a228b3cfe60a23fe33f57f252bae6299458338cb8eb967ad,3f630dfcc8a1c2a19b093e7fe0f4bdc7f830fef42266fcf1156112f0eb959046,11f4fe862570895441036964a9b308e92c2ee6ba8a87b5da9009ffd5208a4bda,2c6d6a597c6b1b321c4f632291c22dfe5788a058fe82fd65114a5a59d5d0be83,3a365f5dd3e9d410585a34695bb444d67b220c4b40a9348288a540078bc27f75
spatial,M1,False,2022-06-15,landsat-9,1067,69,214,214,214,137,77,77,0.7272090681358653,0.6401869158878505,0.6401869158878505,0.3598130841121495,3b188221263ad4673846ce5170fa622b5395e51a4aaa750114e1793d3986975b,55416c987a2d25f9177dd974307ae595761c1db31ecaa9d7561fb6c42d4d5e7c,00d1e59ce78baffbf9d24361ac8ba16a1d577b22cb193e15596627259190ed07,0c06b88fd09cd514745b699e6b6a7e12901db8d3247e42b582feaf1f7e91c04a,1eafe424a4c718d6a3b18cff938036f958858c70b344740788993b119bfbb04b,9c2f903993167fc2a228b3cfe60a23fe33f57f252bae6299458338cb8eb967ad,3f630dfcc8a1c2a19b093e7fe0f4bdc7f830fef42266fcf1156112f0eb959046,11f4fe862570895441036964a9b308e92c2ee6ba8a87b5da9009ffd5208a4bda,2c6d6a597c6b1b321c4f632291c22dfe5788a058fe82fd65114a5a59d5d0be83,3a365f5dd3e9d410585a34695bb444d67b220c4b40a9348288a540078bc27f75
spatial,M1,False,2022-06-23,landsat-8,1059,69,212,212,212,177,35,35,0.9029657271087341,0.8349056603773585,0.8349056603773585,0.1650943396226415,3b188221263ad4673846ce5170fa622b5395e51a4aaa750114e1793d3986975b,55416c987a2d25f9177dd974307ae595761c1db31ecaa9d7561fb6c42d4d5e7c,00d1e59ce78baffbf9d24361ac8ba16a1d577b22cb193e15596627259190ed07,0c06b88fd09cd514745b699e6b6a7e12901db8d3247e42b582feaf1f7e91c04a,1eafe424a4c718d6a3b18cff938036f958858c70b344740788993b119bfbb04b,9c2f903993167fc2a228b3cfe60a23fe33f57f252bae6299458338cb8eb967ad,3f630dfcc8a1c2a19b093e7fe0f4bdc7f830fef42266fcf1156112f0eb959046,11f4fe862570895441036964a9b308e92c2ee6ba8a87b5da9009ffd5208a4bda,2c6d6a597c6b1b321c4f632291c22dfe5788a058fe82fd65114a5a59d5d0be83,3a365f5dd3e9d410585a34695bb444d67b220c4b40a9348288a540078bc27f75
spatial,M1,False,2022-07-01,landsat-9,1072,70,215,215,215,122,93,93,0.6064453886138651,0.5674418604651162,0.5674418604651162,0.4325581395348837,3b188221263ad4673846ce5170fa622b5395e51a4aaa750114e1793d3986975b,55416c987a2d25f9177dd974307ae595761c1db31ecaa9d7561fb6c42d4d5e7c,00d1e59ce78baffbf9d24361ac8ba16a1d577b22cb193e15596627259190ed07,0c06b88fd09cd514745b699e6b6a7e12901db8d3247e42b582feaf1f7e91c04a,1eafe424a4c718d6a3b18cff938036f958858c70b344740788993b119bfbb04b,9c2f903993167fc2a228b3cfe60a23fe33f57f252bae6299458338cb8eb967ad,3f630dfcc8a1c2a19b093e7fe0f4bdc7f830fef42266fcf1156112f0eb959046,11f4fe862570895441036964a9b308e92c2ee6ba8a87b5da9009ffd5208a4bda,2c6d6a597c6b1b321c4f632291c22dfe5788a058fe82fd65114a5a59d5d0be83,3a365f5dd3e9d410585a34695bb444d67b220c4b40a9348288a540078bc27f75
spatial,M1,False,2022-07-09,landsat-8,1050,67,210,210,210,148,62,62,0.7697253406770825,0.7047619047619048,0.7047619047619048,0.29523809523809524,3b188221263ad4673846ce5170fa622b5395e51a4aaa750114e1793d3986975b,55416c987a2d25f9177dd974307ae595761c1db31ecaa9d7561fb6c42d4d5e7c,00d1e59ce78baffbf9d24361ac8ba16a1d577b22cb193e15596627259190ed07,0c06b88fd09cd514745b699e6b6a7e12901db8d3247e42b582feaf1f7e91c04a,1eafe424a4c718d6a3b18cff938036f958858c70b344740788993b119bfbb04b,9c2f903993167fc2a228b3cfe60a23fe33f57f252bae6299458338cb8eb967ad,3f630dfcc8a1c2a19b093e7fe0f4bdc7f830fef42266fcf1156112f0eb959046,11f4fe862570895441036964a9b308e92c2ee6ba8a87b5da9009ffd5208a4bda,2c6d6a597c6b1b321c4f632291c22dfe5788a058fe82fd65114a5a59d5d0be83,3a365f5dd3e9d410585a34695bb444d67b220c4b40a9348288a540078bc27f75
spatial,M1,False,2022-07-25,landsat-8,1054,68,211,211,211,139,72,72,0.7168738057247717,0.6587677725118484,0.6587677725118484,0.3412322274881517,3b188221263ad4673846ce5170fa622b5395e51a4aaa750114e1793d3986975b,55416c987a2d25f9177dd974307ae595761c1db31ecaa9d7561fb6c42d4d5e7c,00d1e59ce78baffbf9d24361ac8ba16a1d577b22cb193e15596627259190ed07,0c06b88fd09cd514745b699e6b6a7e12901db8d3247e42b582feaf1f7e91c04a,1eafe424a4c718d6a3b18cff938036f958858c70b344740788993b119bfbb04b,9c2f903993167fc2a228b3cfe60a23fe33f57f252bae6299458338cb8eb967ad,3f630dfcc8a1c2a19b093e7fe0f4bdc7f830fef42266fcf1156112f0eb959046,11f4fe862570895441036964a9b308e92c2ee6ba8a87b5da9009ffd5208a4bda,2c6d6a597c6b1b321c4f632291c22dfe5788a058fe82fd65114a5a59d5d0be83,3a365f5dd3e9d410585a34695bb444d67b220c4b40a9348288a540078bc27f75
spatial,M1,False,2022-08-02,landsat-9,1026,67,206,206,206,165,41,41,0.9178937748672539,0.8009708737864077,0.8009708737864077,0.19902912621359223,3b188221263ad4673846ce5170fa622b5395e51a4aaa750114e1793d3986975b,55416c987a2d25f9177dd974307ae595761c1db31ecaa9d7561fb6c42d4d5e7c,00d1e59ce78baffbf9d24361ac8ba16a1d577b22cb193e15596627259190ed07,0c06b88fd09cd514745b699e6b6a7e12901db8d3247e42b582feaf1f7e91c04a,1eafe424a4c718d6a3b18cff938036f958858c70b344740788993b119bfbb04b,9c2f903993167fc2a228b3cfe60a23fe33f57f252bae6299458338cb8eb967ad,3f630dfcc8a1c2a19b093e7fe0f4bdc7f830fef42266fcf1156112f0eb959046,11f4fe862570895441036964a9b308e92c2ee6ba8a87b5da9009ffd5208a4bda,2c6d6a597c6b1b321c4f632291c22dfe5788a058fe82fd65114a5a59d5d0be83,3a365f5dd3e9d410585a34695bb444d67b220c4b40a9348288a540078bc27f75
spatial,M1,False,2022-08-26,landsat-8,1058,69,212,212,212,152,60,60,0.7662491409317334,0.7169811320754716,0.7169811320754716,0.2830188679245283,3b188221263ad4673846ce5170fa622b5395e51a4aaa750114e1793d3986975b,55416c987a2d25f9177dd974307ae595761c1db31ecaa9d7561fb6c42d4d5e7c,00d1e59ce78baffbf9d24361ac8ba16a1d577b22cb193e15596627259190ed07,0c06b88fd09cd514745b699e6b6a7e12901db8d3247e42b582feaf1f7e91c04a,1eafe424a4c718d6a3b18cff938036f958858c70b344740788993b119bfbb04b,9c2f903993167fc2a228b3cfe60a23fe33f57f252bae6299458338cb8eb967ad,3f630dfcc8a1c2a19b093e7fe0f4bdc7f830fef42266fcf1156112f0eb959046,11f4fe862570895441036964a9b308e92c2ee6ba8a87b5da9009ffd5208a4bda,2c6d6a597c6b1b321c4f632291c22dfe5788a058fe82fd65114a5a59d5d0be83,3a365f5dd3e9d410585a34695bb444d67b220c4b40a9348288a540078bc27f75
spatial,M1,False,2022-09-03,landsat-9,1085,71,217,217,217,123,94,94,0.6336841238079276,0.5668202764976958,0.5668202764976958,0.43317972350230416,3b188221263ad4673846ce5170fa622b5395e51a4aaa750114e1793d3986975b,55416c987a2d25f9177dd974307ae595761c1db31ecaa9d7561fb6c42d4d5e7c,00d1e59ce78baffbf9d24361ac8ba16a1d577b22cb193e15596627259190ed07,0c06b88fd09cd514745b699e6b6a7e12901db8d3247e42b582feaf1f7e91c04a,1eafe424a4c718d6a3b18cff938036f958858c70b344740788993b119bfbb04b,9c2f903993167fc2a228b3cfe60a23fe33f57f252bae6299458338cb8eb967ad,3f630dfcc8a1c2a19b093e7fe0f4bdc7f830fef42266fcf1156112f0eb959046,11f4fe862570895441036964a9b308e92c2ee6ba8a87b5da9009ffd5208a4bda,2c6d6a597c6b1b321c4f632291c22dfe5788a058fe82fd65114a5a59d5d0be83,3a365f5dd3e9d410585a34695bb444d67b220c4b40a9348288a540078bc27f75
spatial,M1,False,2022-09-27,landsat-8,1081,71,217,217,217,177,40,40,0.9069944801543675,0.815668202764977,0.815668202764977,0.18433179723502305,3b188221263ad4673846ce5170fa622b5395e51a4aaa750114e1793d3986975b,55416c987a2d25f9177dd974307ae595761c1db31ecaa9d7561fb6c42d4d5e7c,00d1e59ce78baffbf9d24361ac8ba16a1d577b22cb193e15596627259190ed07,0c06b88fd09cd514745b699e6b6a7e12901db8d3247e42b582feaf1f7e91c04a,1eafe424a4c718d6a3b18cff938036f958858c70b344740788993b119bfbb04b,9c2f903993167fc2a228b3cfe60a23fe33f57f252bae6299458338cb8eb967ad,3f630dfcc8a1c2a19b093e7fe0f4bdc7f830fef42266fcf1156112f0eb959046,11f4fe862570895441036964a9b308e92c2ee6ba8a87b5da9009ffd5208a4bda,2c6d6a597c6b1b321c4f632291c22dfe5788a058fe82fd65114a5a59d5d0be83,3a365f5dd3e9d410585a34695bb444d67b220c4b40a9348288a540078bc27f75
spatial,M1,False,2023-06-26,landsat-8,1038,62,208,208,208,117,91,91,0.604410050366275,0.5625,0.5625,0.4375,3b188221263ad4673846ce5170fa622b5395e51a4aaa750114e1793d3986975b,55416c987a2d25f9177dd974307ae595761c1db31ecaa9d7561fb6c42d4d5e7c,00d1e59ce78baffbf9d24361ac8ba16a1d577b22cb193e15596627259190ed07,0c06b88fd09cd514745b699e6b6a7e12901db8d3247e42b582feaf1f7e91c04a,1eafe424a4c718d6a3b18cff938036f958858c70b344740788993b119bfbb04b,9c2f903993167fc2a228b3cfe60a23fe33f57f252bae6299458338cb8eb967ad,3f630dfcc8a1c2a19b093e7fe0f4bdc7f830fef42266fcf1156112f0eb959046,11f4fe862570895441036964a9b308e92c2ee6ba8a87b5da9009ffd5208a4bda,2c6d6a597c6b1b321c4f632291c22dfe5788a058fe82fd65114a5a59d5d0be83,3a365f5dd3e9d410585a34695bb444d67b220c4b40a9348288a540078bc27f75
spatial,M1,False,2023-07-04,landsat-9,1059,66,212,212,212,70,142,142,0.3713117687680412,0.330188679245283,0.330188679245283,0.6698113207547169,3b188221263ad4673846ce5170fa622b5395e51a4aaa750114e1793d3986975b,55416c987a2d25f9177dd974307ae595761c1db31ecaa9d7561fb6c42d4d5e7c,00d1e59ce78baffbf9d24361ac8ba16a1d577b22cb193e15596627259190ed07,0c06b88fd09cd514745b699e6b6a7e12901db8d3247e42b582feaf1f7e91c04a,1eafe424a4c718d6a3b18cff938036f958858c70b344740788993b119bfbb04b,9c2f903993167fc2a228b3cfe60a23fe33f57f252bae6299458338cb8eb967ad,3f630dfcc8a1c2a19b093e7fe0f4bdc7f830fef42266fcf1156112f0eb959046,11f4fe862570895441036964a9b308e92c2ee6ba8a87b5da9009ffd5208a4bda,2c6d6a597c6b1b321c4f632291c22dfe5788a058fe82fd65114a5a59d5d0be83,3a365f5dd3e9d410585a34695bb444d67b220c4b40a9348288a540078bc27f75
spatial,M1,False,2023-07-12,landsat-8,1060,69,212,212,212,126,86,86,0.6650838993443972,0.5943396226415094,0.5943396226415094,0.4056603773584906,3b188221263ad4673846ce5170fa622b5395e51a4aaa750114e1793d3986975b,55416c987a2d25f9177dd974307ae595761c1db31ecaa9d7561fb6c42d4d5e7c,00d1e59ce78baffbf9d24361ac8ba16a1d577b22cb193e15596627259190ed07,0c06b88fd09cd514745b699e6b6a7e12901db8d3247e42b582feaf1f7e91c04a,1eafe424a4c718d6a3b18cff938036f958858c70b344740788993b119bfbb04b,9c2f903993167fc2a228b3cfe60a23fe33f57f252bae6299458338cb8eb967ad,3f630dfcc8a1c2a19b093e7fe0f4bdc7f830fef42266fcf1156112f0eb959046,11f4fe862570895441036964a9b308e92c2ee6ba8a87b5da9009ffd5208a4bda,2c6d6a597c6b1b321c4f632291c22dfe5788a058fe82fd65114a5a59d5d0be83,3a365f5dd3e9d410585a34695bb444d67b220c4b40a9348288a540078bc27f75
spatial,M1,False,2023-07-20,landsat-9,1072,69,215,215,215,162,53,53,0.8392016201689697,0.7534883720930232,0.7534883720930232,0.24651162790697675,3b188221263ad4673846ce5170fa622b5395e51a4aaa750114e1793d3986975b,55416c987a2d25f9177dd974307ae595761c1db31ecaa9d7561fb6c42d4d5e7c,00d1e59ce78baffbf9d24361ac8ba16a1d577b22cb193e15596627259190ed07,0c06b88fd09cd514745b699e6b6a7e12901db8d3247e42b582feaf1f7e91c04a,1eafe424a4c718d6a3b18cff938036f958858c70b344740788993b119bfbb04b,9c2f903993167fc2a228b3cfe60a23fe33f57f252bae6299458338cb8eb967ad,3f630dfcc8a1c2a19b093e7fe0f4bdc7f830fef42266fcf1156112f0eb959046,11f4fe862570895441036964a9b308e92c2ee6ba8a87b5da9009ffd5208a4bda,2c6d6a597c6b1b321c4f632291c22dfe5788a058fe82fd65114a5a59d5d0be83,3a365f5dd3e9d410585a34695bb444d67b220c4b40a9348288a540078bc27f75
spatial,M1,False,2023-08-05,landsat-9,1076,69,216,216,216,121,95,95,0.5400230058698734,0.5601851851851852,0.5601851851851852,0.4398148148148148,3b188221263ad4673846ce5170fa622b5395e51a4aaa750114e1793d3986975b,55416c987a2d25f9177dd974307ae595761c1db31ecaa9d7561fb6c42d4d5e7c,00d1e59ce78baffbf9d24361ac8ba16a1d577b22cb193e15596627259190ed07,0c06b88fd09cd514745b699e6b6a7e12901db8d3247e42b582feaf1f7e91c04a,1eafe424a4c718d6a3b18cff938036f958858c70b344740788993b119bfbb04b,9c2f903993167fc2a228b3cfe60a23fe33f57f252bae6299458338cb8eb967ad,3f630dfcc8a1c2a19b093e7fe0f4bdc7f830fef42266fcf1156112f0eb959046,11f4fe862570895441036964a9b308e92c2ee6ba8a87b5da9009ffd5208a4bda,2c6d6a597c6b1b321c4f632291c22dfe5788a058fe82fd65114a5a59d5d0be83,3a365f5dd3e9d410585a34695bb444d67b220c4b40a9348288a540078bc27f75
spatial,M1,False,2023-08-13,landsat-8,1063,68,213,213,213,160,53,53,0.8057078244416157,0.7511737089201878,0.7511737089201878,0.24882629107981222,3b188221263ad4673846ce5170fa622b5395e51a4aaa750114e1793d3986975b,55416c987a2d25f9177dd974307ae595761c1db31ecaa9d7561fb6c42d4d5e7c,00d1e59ce78baffbf9d24361ac8ba16a1d577b22cb193e15596627259190ed07,0c06b88fd09cd514745b699e6b6a7e12901db8d3247e42b582feaf1f7e91c04a,1eafe424a4c718d6a3b18cff938036f958858c70b344740788993b119bfbb04b,9c2f903993167fc2a228b3cfe60a23fe33f57f252bae6299458338cb8eb967ad,3f630dfcc8a1c2a19b093e7fe0f4bdc7f830fef42266fcf1156112f0eb959046,11f4fe862570895441036964a9b308e92c2ee6ba8a87b5da9009ffd5208a4bda,2c6d6a597c6b1b321c4f632291c22dfe5788a058fe82fd65114a5a59d5d0be83,3a365f5dd3e9d410585a34695bb444d67b220c4b40a9348288a540078bc27f75
spatial,M1,False,2023-08-29,landsat-8,1088,71,218,218,218,159,59,59,0.8147031675241164,0.7293577981651376,0.7293577981651376,0.2706422018348624,3b188221263ad4673846ce5170fa622b5395e51a4aaa750114e1793d3986975b,55416c987a2d25f9177dd974307ae595761c1db31ecaa9d7561fb6c42d4d5e7c,00d1e59ce78baffbf9d24361ac8ba16a1d577b22cb193e15596627259190ed07,0c06b88fd09cd514745b699e6b6a7e12901db8d3247e42b582feaf1f7e91c04a,1eafe424a4c718d6a3b18cff938036f958858c70b344740788993b119bfbb04b,9c2f903993167fc2a228b3cfe60a23fe33f57f252bae6299458338cb8eb967ad,3f630dfcc8a1c2a19b093e7fe0f4bdc7f830fef42266fcf1156112f0eb959046,11f4fe862570895441036964a9b308e92c2ee6ba8a87b5da9009ffd5208a4bda,2c6d6a597c6b1b321c4f632291c22dfe5788a058fe82fd65114a5a59d5d0be83,3a365f5dd3e9d410585a34695bb444d67b220c4b40a9348288a540078bc27f75
spatial,M1,False,2024-06-20,landsat-9,1050,65,210,210,210,137,73,73,0.6375913852408884,0.6523809523809524,0.6523809523809524,0.3476190476190476,3b188221263ad4673846ce5170fa622b5395e51a4aaa750114e1793d3986975b,55416c987a2d25f9177dd974307ae595761c1db31ecaa9d7561fb6c42d4d5e7c,00d1e59ce78baffbf9d24361ac8ba16a1d577b22cb193e15596627259190ed07,0c06b88fd09cd514745b699e6b6a7e12901db8d3247e42b582feaf1f7e91c04a,1eafe424a4c718d6a3b18cff938036f958858c70b344740788993b119bfbb04b,9c2f903993167fc2a228b3cfe60a23fe33f57f252bae6299458338cb8eb967ad,3f630dfcc8a1c2a19b093e7fe0f4bdc7f830fef42266fcf1156112f0eb959046,11f4fe862570895441036964a9b308e92c2ee6ba8a87b5da9009ffd5208a4bda,2c6d6a597c6b1b321c4f632291c22dfe5788a058fe82fd65114a5a59d5d0be83,3a365f5dd3e9d410585a34695bb444d67b220c4b40a9348288a540078bc27f75
spatial,M1,False,2024-06-28,landsat-8,1060,69,212,212,212,73,139,139,0.3515434950808939,0.3443396226415094,0.3443396226415094,0.6556603773584906,3b188221263ad4673846ce5170fa622b5395e51a4aaa750114e1793d3986975b,55416c987a2d25f9177dd974307ae595761c1db31ecaa9d7561fb6c42d4d5e7c,00d1e59ce78baffbf9d24361ac8ba16a1d577b22cb193e15596627259190ed07,0c06b88fd09cd514745b699e6b6a7e12901db8d3247e42b582feaf1f7e91c04a,1eafe424a4c718d6a3b18cff938036f958858c70b344740788993b119bfbb04b,9c2f903993167fc2a228b3cfe60a23fe33f57f252bae6299458338cb8eb967ad,3f630dfcc8a1c2a19b093e7fe0f4bdc7f830fef42266fcf1156112f0eb959046,11f4fe862570895441036964a9b308e92c2ee6ba8a87b5da9009ffd5208a4bda,2c6d6a597c6b1b321c4f632291c22dfe5788a058fe82fd65114a5a59d5d0be83,3a365f5dd3e9d410585a34695bb444d67b220c4b40a9348288a540078bc27f75
spatial,M1,False,2024-07-22,landsat-9,976,67,196,196,196,150,46,46,0.7880941069544533,0.7653061224489796,0.7653061224489796,0.23469387755102042,3b188221263ad4673846ce5170fa622b5395e51a4aaa750114e1793d3986975b,55416c987a2d25f9177dd974307ae595761c1db31ecaa9d7561fb6c42d4d5e7c,00d1e59ce78baffbf9d24361ac8ba16a1d577b22cb193e15596627259190ed07,0c06b88fd09cd514745b699e6b6a7e12901db8d3247e42b582feaf1f7e91c04a,1eafe424a4c718d6a3b18cff938036f958858c70b344740788993b119bfbb04b,9c2f903993167fc2a228b3cfe60a23fe33f57f252bae6299458338cb8eb967ad,3f630dfcc8a1c2a19b093e7fe0f4bdc7f830fef42266fcf1156112f0eb959046,11f4fe862570895441036964a9b308e92c2ee6ba8a87b5da9009ffd5208a4bda,2c6d6a597c6b1b321c4f632291c22dfe5788a058fe82fd65114a5a59d5d0be83,3a365f5dd3e9d410585a34695bb444d67b220c4b40a9348288a540078bc27f75
spatial,M1,False,2024-07-30,landsat-8,1064,69,213,213,213,159,54,54,0.8129450923629113,0.7464788732394366,0.7464788732394366,0.2535211267605634,3b188221263ad4673846ce5170fa622b5395e51a4aaa750114e1793d3986975b,55416c987a2d25f9177dd974307ae595761c1db31ecaa9d7561fb6c42d4d5e7c,00d1e59ce78baffbf9d24361ac8ba16a1d577b22cb193e15596627259190ed07,0c06b88fd09cd514745b699e6b6a7e12901db8d3247e42b582feaf1f7e91c04a,1eafe424a4c718d6a3b18cff938036f958858c70b344740788993b119bfbb04b,9c2f903993167fc2a228b3cfe60a23fe33f57f252bae6299458338cb8eb967ad,3f630dfcc8a1c2a19b093e7fe0f4bdc7f830fef42266fcf1156112f0eb959046,11f4fe862570895441036964a9b308e92c2ee6ba8a87b5da9009ffd5208a4bda,2c6d6a597c6b1b321c4f632291c22dfe5788a058fe82fd65114a5a59d5d0be83,3a365f5dd3e9d410585a34695bb444d67b220c4b40a9348288a540078bc27f75
spatial,M1,False,2024-08-15,landsat-8,1083,71,217,217,217,135,82,82,0.661898893528684,0.6221198156682027,0.6221198156682027,0.3778801843317972,3b188221263ad4673846ce5170fa622b5395e51a4aaa750114e1793d3986975b,55416c987a2d25f9177dd974307ae595761c1db31ecaa9d7561fb6c42d4d5e7c,00d1e59ce78baffbf9d24361ac8ba16a1d577b22cb193e15596627259190ed07,0c06b88fd09cd514745b699e6b6a7e12901db8d3247e42b582feaf1f7e91c04a,1eafe424a4c718d6a3b18cff938036f958858c70b344740788993b119bfbb04b,9c2f903993167fc2a228b3cfe60a23fe33f57f252bae6299458338cb8eb967ad,3f630dfcc8a1c2a19b093e7fe0f4bdc7f830fef42266fcf1156112f0eb959046,11f4fe862570895441036964a9b308e92c2ee6ba8a87b5da9009ffd5208a4bda,2c6d6a597c6b1b321c4f632291c22dfe5788a058fe82fd65114a5a59d5d0be83,3a365f5dd3e9d410585a34695bb444d67b220c4b40a9348288a540078bc27f75
spatial,M1,False,2024-08-23,landsat-9,1041,70,209,209,209,82,127,127,0.36187257492525365,0.3923444976076555,0.3923444976076555,0.6076555023923444,3b188221263ad4673846ce5170fa622b5395e51a4aaa750114e1793d3986975b,55416c987a2d25f9177dd974307ae595761c1db31ecaa9d7561fb6c42d4d5e7c,00d1e59ce78baffbf9d24361ac8ba16a1d577b22cb193e15596627259190ed07,0c06b88fd09cd514745b699e6b6a7e12901db8d3247e42b582feaf1f7e91c04a,1eafe424a4c718d6a3b18cff938036f958858c70b344740788993b119bfbb04b,9c2f903993167fc2a228b3cfe60a23fe33f57f252bae6299458338cb8eb967ad,3f630dfcc8a1c2a19b093e7fe0f4bdc7f830fef42266fcf1156112f0eb959046,11f4fe862570895441036964a9b308e92c2ee6ba8a87b5da9009ffd5208a4bda,2c6d6a597c6b1b321c4f632291c22dfe5788a058fe82fd65114a5a59d5d0be83,3a365f5dd3e9d410585a34695bb444d67b220c4b40a9348288a540078bc27f75
spatial,M1,False,2024-08-31,landsat-8,1048,66,210,210,210,153,57,57,0.803550325600521,0.7285714285714285,0.7285714285714285,0.2714285714285714,3b188221263ad4673846ce5170fa622b5395e51a4aaa750114e1793d3986975b,55416c987a2d25f9177dd974307ae595761c1db31ecaa9d7561fb6c42d4d5e7c,00d1e59ce78baffbf9d24361ac8ba16a1d577b22cb193e15596627259190ed07,0c06b88fd09cd514745b699e6b6a7e12901db8d3247e42b582feaf1f7e91c04a,1eafe424a4c718d6a3b18cff938036f958858c70b344740788993b119bfbb04b,9c2f903993167fc2a228b3cfe60a23fe33f57f252bae6299458338cb8eb967ad,3f630dfcc8a1c2a19b093e7fe0f4bdc7f830fef42266fcf1156112f0eb959046,11f4fe862570895441036964a9b308e92c2ee6ba8a87b5da9009ffd5208a4bda,2c6d6a597c6b1b321c4f632291c22dfe5788a058fe82fd65114a5a59d5d0be83,3a365f5dd3e9d410585a34695bb444d67b220c4b40a9348288a540078bc27f75
spatial,M1,False,2024-09-08,landsat-9,1087,71,218,218,218,125,93,93,0.6455256309859634,0.573394495412844,0.573394495412844,0.42660550458715596,3b188221263ad4673846ce5170fa622b5395e51a4aaa750114e1793d3986975b,55416c987a2d25f9177dd974307ae595761c1db31ecaa9d7561fb6c42d4d5e7c,00d1e59ce78baffbf9d24361ac8ba16a1d577b22cb193e15596627259190ed07,0c06b88fd09cd514745b699e6b6a7e12901db8d3247e42b582feaf1f7e91c04a,1eafe424a4c718d6a3b18cff938036f958858c70b344740788993b119bfbb04b,9c2f903993167fc2a228b3cfe60a23fe33f57f252bae6299458338cb8eb967ad,3f630dfcc8a1c2a19b093e7fe0f4bdc7f830fef42266fcf1156112f0eb959046,11f4fe862570895441036964a9b308e92c2ee6ba8a87b5da9009ffd5208a4bda,2c6d6a597c6b1b321c4f632291c22dfe5788a058fe82fd65114a5a59d5d0be83,3a365f5dd3e9d410585a34695bb444d67b220c4b40a9348288a540078bc27f75
spatial,M1,False,2024-10-18,landsat-8,1091,71,219,219,219,84,135,135,0.34866277539727586,0.3835616438356164,0.3835616438356164,0.6164383561643836,3b188221263ad4673846ce5170fa622b5395e51a4aaa750114e1793d3986975b,55416c987a2d25f9177dd974307ae595761c1db31ecaa9d7561fb6c42d4d5e7c,00d1e59ce78baffbf9d24361ac8ba16a1d577b22cb193e15596627259190ed07,0c06b88fd09cd514745b699e6b6a7e12901db8d3247e42b582feaf1f7e91c04a,1eafe424a4c718d6a3b18cff938036f958858c70b344740788993b119bfbb04b,9c2f903993167fc2a228b3cfe60a23fe33f57f252bae6299458338cb8eb967ad,3f630dfcc8a1c2a19b093e7fe0f4bdc7f830fef42266fcf1156112f0eb959046,11f4fe862570895441036964a9b308e92c2ee6ba8a87b5da9009ffd5208a4bda,2c6d6a597c6b1b321c4f632291c22dfe5788a058fe82fd65114a5a59d5d0be83,3a365f5dd3e9d410585a34695bb444d67b220c4b40a9348288a540078bc27f75
spatial,M2,False,2020-05-16,landsat-8,1061,69,213,213,213,151,62,62,0.7271768958111878,0.7089201877934272,0.7089201877934272,0.29107981220657275,3b188221263ad4673846ce5170fa622b5395e51a4aaa750114e1793d3986975b,55416c987a2d25f9177dd974307ae595761c1db31ecaa9d7561fb6c42d4d5e7c,00d1e59ce78baffbf9d24361ac8ba16a1d577b22cb193e15596627259190ed07,0c06b88fd09cd514745b699e6b6a7e12901db8d3247e42b582feaf1f7e91c04a,1eafe424a4c718d6a3b18cff938036f958858c70b344740788993b119bfbb04b,9c2f903993167fc2a228b3cfe60a23fe33f57f252bae6299458338cb8eb967ad,3f630dfcc8a1c2a19b093e7fe0f4bdc7f830fef42266fcf1156112f0eb959046,11f4fe862570895441036964a9b308e92c2ee6ba8a87b5da9009ffd5208a4bda,2c6d6a597c6b1b321c4f632291c22dfe5788a058fe82fd65114a5a59d5d0be83,3a365f5dd3e9d410585a34695bb444d67b220c4b40a9348288a540078bc27f75
spatial,M2,False,2020-07-03,landsat-8,1073,70,215,215,215,170,45,45,0.8866249379628612,0.7906976744186046,0.7906976744186046,0.20930232558139536,3b188221263ad4673846ce5170fa622b5395e51a4aaa750114e1793d3986975b,55416c987a2d25f9177dd974307ae595761c1db31ecaa9d7561fb6c42d4d5e7c,00d1e59ce78baffbf9d24361ac8ba16a1d577b22cb193e15596627259190ed07,0c06b88fd09cd514745b699e6b6a7e12901db8d3247e42b582feaf1f7e91c04a,1eafe424a4c718d6a3b18cff938036f958858c70b344740788993b119bfbb04b,9c2f903993167fc2a228b3cfe60a23fe33f57f252bae6299458338cb8eb967ad,3f630dfcc8a1c2a19b093e7fe0f4bdc7f830fef42266fcf1156112f0eb959046,11f4fe862570895441036964a9b308e92c2ee6ba8a87b5da9009ffd5208a4bda,2c6d6a597c6b1b321c4f632291c22dfe5788a058fe82fd65114a5a59d5d0be83,3a365f5dd3e9d410585a34695bb444d67b220c4b40a9348288a540078bc27f75
spatial,M2,False,2020-07-19,landsat-8,1050,68,210,210,210,182,28,28,0.9335799103596852,0.8666666666666667,0.8666666666666667,0.13333333333333333,3b188221263ad4673846ce5170fa622b5395e51a4aaa750114e1793d3986975b,55416c987a2d25f9177dd974307ae595761c1db31ecaa9d7561fb6c42d4d5e7c,00d1e59ce78baffbf9d24361ac8ba16a1d577b22cb193e15596627259190ed07,0c06b88fd09cd514745b699e6b6a7e12901db8d3247e42b582feaf1f7e91c04a,1eafe424a4c718d6a3b18cff938036f958858c70b344740788993b119bfbb04b,9c2f903993167fc2a228b3cfe60a23fe33f57f252bae6299458338cb8eb967ad,3f630dfcc8a1c2a19b093e7fe0f4bdc7f830fef42266fcf1156112f0eb959046,11f4fe862570895441036964a9b308e92c2ee6ba8a87b5da9009ffd5208a4bda,2c6d6a597c6b1b321c4f632291c22dfe5788a058fe82fd65114a5a59d5d0be83,3a365f5dd3e9d410585a34695bb444d67b220c4b40a9348288a540078bc27f75
spatial,M2,False,2020-08-20,landsat-8,1080,71,216,216,216,148,68,68,0.7291901934211641,0.6851851851851852,0.6851851851851852,0.3148148148148148,3b188221263ad4673846ce5170fa622b5395e51a4aaa750114e1793d3986975b,55416c987a2d25f9177dd974307ae595761c1db31ecaa9d7561fb6c42d4d5e7c,00d1e59ce78baffbf9d24361ac8ba16a1d577b22cb193e15596627259190ed07,0c06b88fd09cd514745b699e6b6a7e12901db8d3247e42b582feaf1f7e91c04a,1eafe424a4c718d6a3b18cff938036f958858c70b344740788993b119bfbb04b,9c2f903993167fc2a228b3cfe60a23fe33f57f252bae6299458338cb8eb967ad,3f630dfcc8a1c2a19b093e7fe0f4bdc7f830fef42266fcf1156112f0eb959046,11f4fe862570895441036964a9b308e92c2ee6ba8a87b5da9009ffd5208a4bda,2c6d6a597c6b1b321c4f632291c22dfe5788a058fe82fd65114a5a59d5d0be83,3a365f5dd3e9d410585a34695bb444d67b220c4b40a9348288a540078bc27f75
spatial,M2,False,2020-09-05,landsat-8,1086,71,218,218,218,163,55,55,0.83953201270701,0.7477064220183486,0.7477064220183486,0.25229357798165136,3b188221263ad4673846ce5170fa622b5395e51a4aaa750114e1793d3986975b,55416c987a2d25f9177dd974307ae595761c1db31ecaa9d7561fb6c42d4d5e7c,00d1e59ce78baffbf9d24361ac8ba16a1d577b22cb193e15596627259190ed07,0c06b88fd09cd514745b699e6b6a7e12901db8d3247e42b582feaf1f7e91c04a,1eafe424a4c718d6a3b18cff938036f958858c70b344740788993b119bfbb04b,9c2f903993167fc2a228b3cfe60a23fe33f57f252bae6299458338cb8eb967ad,3f630dfcc8a1c2a19b093e7fe0f4bdc7f830fef42266fcf1156112f0eb959046,11f4fe862570895441036964a9b308e92c2ee6ba8a87b5da9009ffd5208a4bda,2c6d6a597c6b1b321c4f632291c22dfe5788a058fe82fd65114a5a59d5d0be83,3a365f5dd3e9d410585a34695bb444d67b220c4b40a9348288a540078bc27f75
spatial,M2,False,2021-07-06,landsat-8,1068,66,214,214,214,135,79,79,0.6994955179860189,0.6308411214953271,0.6308411214953271,0.3691588785046729,3b188221263ad4673846ce5170fa622b5395e51a4aaa750114e1793d3986975b,55416c987a2d25f9177dd974307ae595761c1db31ecaa9d7561fb6c42d4d5e7c,00d1e59ce78baffbf9d24361ac8ba16a1d577b22cb193e15596627259190ed07,0c06b88fd09cd514745b699e6b6a7e12901db8d3247e42b582feaf1f7e91c04a,1eafe424a4c718d6a3b18cff938036f958858c70b344740788993b119bfbb04b,9c2f903993167fc2a228b3cfe60a23fe33f57f252bae6299458338cb8eb967ad,3f630dfcc8a1c2a19b093e7fe0f4bdc7f830fef42266fcf1156112f0eb959046,11f4fe862570895441036964a9b308e92c2ee6ba8a87b5da9009ffd5208a4bda,2c6d6a597c6b1b321c4f632291c22dfe5788a058fe82fd65114a5a59d5d0be83,3a365f5dd3e9d410585a34695bb444d67b220c4b40a9348288a540078bc27f75
spatial,M2,False,2021-08-07,landsat-8,1064,69,213,213,213,146,67,67,0.7546618299129799,0.6854460093896714,0.6854460093896714,0.3145539906103286,3b188221263ad4673846ce5170fa622b5395e51a4aaa750114e1793d3986975b,55416c987a2d25f9177dd974307ae595761c1db31ecaa9d7561fb6c42d4d5e7c,00d1e59ce78baffbf9d24361ac8ba16a1d577b22cb193e15596627259190ed07,0c06b88fd09cd514745b699e6b6a7e12901db8d3247e42b582feaf1f7e91c04a,1eafe424a4c718d6a3b18cff938036f958858c70b344740788993b119bfbb04b,9c2f903993167fc2a228b3cfe60a23fe33f57f252bae6299458338cb8eb967ad,3f630dfcc8a1c2a19b093e7fe0f4bdc7f830fef42266fcf1156112f0eb959046,11f4fe862570895441036964a9b308e92c2ee6ba8a87b5da9009ffd5208a4bda,2c6d6a597c6b1b321c4f632291c22dfe5788a058fe82fd65114a5a59d5d0be83,3a365f5dd3e9d410585a34695bb444d67b220c4b40a9348288a540078bc27f75
spatial,M2,False,2021-10-26,landsat-8,1094,71,219,219,219,158,61,61,0.8331346820043057,0.7214611872146118,0.7214611872146118,0.2785388127853881,3b188221263ad4673846ce5170fa622b5395e51a4aaa750114e1793d3986975b,55416c987a2d25f9177dd974307ae595761c1db31ecaa9d7561fb6c42d4d5e7c,00d1e59ce78baffbf9d24361ac8ba16a1d577b22cb193e15596627259190ed07,0c06b88fd09cd514745b699e6b6a7e12901db8d3247e42b582feaf1f7e91c04a,1eafe424a4c718d6a3b18cff938036f958858c70b344740788993b119bfbb04b,9c2f903993167fc2a228b3cfe60a23fe33f57f252bae6299458338cb8eb967ad,3f630dfcc8a1c2a19b093e7fe0f4bdc7f830fef42266fcf1156112f0eb959046,11f4fe862570895441036964a9b308e92c2ee6ba8a87b5da9009ffd5208a4bda,2c6d6a597c6b1b321c4f632291c22dfe5788a058fe82fd65114a5a59d5d0be83,3a365f5dd3e9d410585a34695bb444d67b220c4b40a9348288a540078bc27f75
spatial,M2,False,2022-05-30,landsat-9,1055,67,211,211,211,147,64,64,0.761351934761122,0.6966824644549763,0.6966824644549763,0.3033175355450237,3b188221263ad4673846ce5170fa622b5395e51a4aaa750114e1793d3986975b,55416c987a2d25f9177dd974307ae595761c1db31ecaa9d7561fb6c42d4d5e7c,00d1e59ce78baffbf9d24361ac8ba16a1d577b22cb193e15596627259190ed07,0c06b88fd09cd514745b699e6b6a7e12901db8d3247e42b582feaf1f7e91c04a,1eafe424a4c718d6a3b18cff938036f958858c70b344740788993b119bfbb04b,9c2f903993167fc2a228b3cfe60a23fe33f57f252bae6299458338cb8eb967ad,3f630dfcc8a1c2a19b093e7fe0f4bdc7f830fef42266fcf1156112f0eb959046,11f4fe862570895441036964a9b308e92c2ee6ba8a87b5da9009ffd5208a4bda,2c6d6a597c6b1b321c4f632291c22dfe5788a058fe82fd65114a5a59d5d0be83,3a365f5dd3e9d410585a34695bb444d67b220c4b40a9348288a540078bc27f75
spatial,M2,False,2022-06-15,landsat-9,1067,69,214,214,214,165,49,49,0.876303470585465,0.7710280373831776,0.7710280373831776,0.22897196261682243,3b188221263ad4673846ce5170fa622b5395e51a4aaa750114e1793d3986975b,55416c987a2d25f9177dd974307ae595761c1db31ecaa9d7561fb6c42d4d5e7c,00d1e59ce78baffbf9d24361ac8ba16a1d577b22cb193e15596627259190ed07,0c06b88fd09cd514745b699e6b6a7e12901db8d3247e42b582feaf1f7e91c04a,1eafe424a4c718d6a3b18cff938036f958858c70b344740788993b119bfbb04b,9c2f903993167fc2a228b3cfe60a23fe33f57f252bae6299458338cb8eb967ad,3f630dfcc8a1c2a19b093e7fe0f4bdc7f830fef42266fcf1156112f0eb959046,11f4fe862570895441036964a9b308e92c2ee6ba8a87b5da9009ffd5208a4bda,2c6d6a597c6b1b321c4f632291c22dfe5788a058fe82fd65114a5a59d5d0be83,3a365f5dd3e9d410585a34695bb444d67b220c4b40a9348288a540078bc27f75
spatial,M2,False,2022-06-23,landsat-8,1059,69,212,212,212,191,21,21,0.9622356651685574,0.9009433962264151,0.9009433962264151,0.09905660377358491,3b188221263ad4673846ce5170fa622b5395e51a4aaa750114e1793d3986975b,55416c987a2d25f9177dd974307ae595761c1db31ecaa9d7561fb6c42d4d5e7c,00d1e59ce78baffbf9d24361ac8ba16a1d577b22cb193e15596627259190ed07,0c06b88fd09cd514745b699e6b6a7e12901db8d3247e42b582feaf1f7e91c04a,1eafe424a4c718d6a3b18cff938036f958858c70b344740788993b119bfbb04b,9c2f903993167fc2a228b3cfe60a23fe33f57f252bae6299458338cb8eb967ad,3f630dfcc8a1c2a19b093e7fe0f4bdc7f830fef42266fcf1156112f0eb959046,11f4fe862570895441036964a9b308e92c2ee6ba8a87b5da9009ffd5208a4bda,2c6d6a597c6b1b321c4f632291c22dfe5788a058fe82fd65114a5a59d5d0be83,3a365f5dd3e9d410585a34695bb444d67b220c4b40a9348288a540078bc27f75
spatial,M2,False,2022-07-01,landsat-9,1072,70,215,215,215,152,63,63,0.7855593005915728,0.7069767441860465,0.7069767441860465,0.2930232558139535,3b188221263ad4673846ce5170fa622b5395e51a4aaa750114e1793d3986975b,55416c987a2d25f9177dd974307ae595761c1db31ecaa9d7561fb6c42d4d5e7c,00d1e59ce78baffbf9d24361ac8ba16a1d577b22cb193e15596627259190ed07,0c06b88fd09cd514745b699e6b6a7e12901db8d3247e42b582feaf1f7e91c04a,1eafe424a4c718d6a3b18cff938036f958858c70b344740788993b119bfbb04b,9c2f903993167fc2a228b3cfe60a23fe33f57f252bae6299458338cb8eb967ad,3f630dfcc8a1c2a19b093e7fe0f4bdc7f830fef42266fcf1156112f0eb959046,11f4fe862570895441036964a9b308e92c2ee6ba8a87b5da9009ffd5208a4bda,2c6d6a597c6b1b321c4f632291c22dfe5788a058fe82fd65114a5a59d5d0be83,3a365f5dd3e9d410585a34695bb444d67b220c4b40a9348288a540078bc27f75
spatial,M2,False,2022-07-09,landsat-8,1050,67,210,210,210,187,23,23,0.948594142937816,0.8904761904761904,0.8904761904761904,0.10952380952380952,3b188221263ad4673846ce5170fa622b5395e51a4aaa750114e1793d3986975b,55416c987a2d25f9177dd974307ae595761c1db31ecaa9d7561fb6c42d4d5e7c,00d1e59ce78baffbf9d24361ac8ba16a1d577b22cb193e15596627259190ed07,0c06b88fd09cd514745b699e6b6a7e12901db8d3247e42b582feaf1f7e91c04a,1eafe424a4c718d6a3b18cff938036f958858c70b344740788993b119bfbb04b,9c2f903993167fc2a228b3cfe60a23fe33f57f252bae6299458338cb8eb967ad,3f630dfcc8a1c2a19b093e7fe0f4bdc7f830fef42266fcf1156112f0eb959046,11f4fe862570895441036964a9b308e92c2ee6ba8a87b5da9009ffd5208a4bda,2c6d6a597c6b1b321c4f632291c22dfe5788a058fe82fd65114a5a59d5d0be83,3a365f5dd3e9d410585a34695bb444d67b220c4b40a9348288a540078bc27f75
spatial,M2,False,2022-07-25,landsat-8,1054,68,211,211,211,157,54,54,0.8236593872490429,0.7440758293838863,0.7440758293838863,0.2559241706161137,3b188221263ad4673846ce5170fa622b5395e51a4aaa750114e1793d3986975b,55416c987a2d25f9177dd974307ae595761c1db31ecaa9d7561fb6c42d4d5e7c,00d1e59ce78baffbf9d24361ac8ba16a1d577b22cb193e15596627259190ed07,0c06b88fd09cd514745b699e6b6a7e12901db8d3247e42b582feaf1f7e91c04a,1eafe424a4c718d6a3b18cff938036f958858c70b344740788993b119bfbb04b,9c2f903993167fc2a228b3cfe60a23fe33f57f252bae6299458338cb8eb967ad,3f630dfcc8a1c2a19b093e7fe0f4bdc7f830fef42266fcf1156112f0eb959046,11f4fe862570895441036964a9b308e92c2ee6ba8a87b5da9009ffd5208a4bda,2c6d6a597c6b1b321c4f632291c22dfe5788a058fe82fd65114a5a59d5d0be83,3a365f5dd3e9d410585a34695bb444d67b220c4b40a9348288a540078bc27f75
spatial,M2,False,2022-08-02,landsat-9,1026,67,206,206,206,181,25,25,0.9497518211058694,0.8786407766990292,0.8786407766990292,0.12135922330097088,3b188221263ad4673846ce5170fa622b5395e51a4aaa750114e1793d3986975b,55416c987a2d25f9177dd974307ae595761c1db31ecaa9d7561fb6c42d4d5e7c,00d1e59ce78baffbf9d24361ac8ba16a1d577b22cb193e15596627259190ed07,0c06b88fd09cd514745b699e6b6a7e12901db8d3247e42b582feaf1f7e91c04a,1eafe424a4c718d6a3b18cff938036f958858c70b344740788993b119bfbb04b,9c2f903993167fc2a228b3cfe60a23fe33f57f252bae6299458338cb8eb967ad,3f630dfcc8a1c2a19b093e7fe0f4bdc7f830fef42266fcf1156112f0eb959046,11f4fe862570895441036964a9b308e92c2ee6ba8a87b5da9009ffd5208a4bda,2c6d6a597c6b1b321c4f632291c22dfe5788a058fe82fd65114a5a59d5d0be83,3a365f5dd3e9d410585a34695bb444d67b220c4b40a9348288a540078bc27f75
spatial,M2,False,2022-08-26,landsat-8,1058,69,212,212,212,183,29,29,0.9189735012194149,0.8632075471698113,0.8632075471698113,0.13679245283018868,3b188221263ad4673846ce5170fa622b5395e51a4aaa750114e1793d3986975b,55416c987a2d25f9177dd974307ae595761c1db31ecaa9d7561fb6c42d4d5e7c,00d1e59ce78baffbf9d24361ac8ba16a1d577b22cb193e15596627259190ed07,0c06b88fd09cd514745b699e6b6a7e12901db8d3247e42b582feaf1f7e91c04a,1eafe424a4c718d6a3b18cff938036f958858c70b344740788993b119bfbb04b,9c2f903993167fc2a228b3cfe60a23fe33f57f252bae6299458338cb8eb967ad,3f630dfcc8a1c2a19b093e7fe0f4bdc7f830fef42266fcf1156112f0eb959046,11f4fe862570895441036964a9b308e92c2ee6ba8a87b5da9009ffd5208a4bda,2c6d6a597c6b1b321c4f632291c22dfe5788a058fe82fd65114a5a59d5d0be83,3a365f5dd3e9d410585a34695bb444d67b220c4b40a9348288a540078bc27f75
spatial,M2,False,2022-09-03,landsat-9,1085,71,217,217,217,132,85,85,0.6797774297629867,0.6082949308755761,0.6082949308755761,0.391705069124424,3b188221263ad4673846ce5170fa622b5395e51a4aaa750114e1793d3986975b,55416c987a2d25f9177dd974307ae595761c1db31ecaa9d7561fb6c42d4d5e7c,00d1e59ce78baffbf9d24361ac8ba16a1d577b22cb193e15596627259190ed07,0c06b88fd09cd514745b699e6b6a7e12901db8d3247e42b582feaf1f7e91c04a,1eafe424a4c718d6a3b18cff938036f958858c70b344740788993b119bfbb04b,9c2f903993167fc2a228b3cfe60a23fe33f57f252bae6299458338cb8eb967ad,3f630dfcc8a1c2a19b093e7fe0f4bdc7f830fef42266fcf1156112f0eb959046,11f4fe862570895441036964a9b308e92c2ee6ba8a87b5da9009ffd5208a4bda,2c6d6a597c6b1b321c4f632291c22dfe5788a058fe82fd65114a5a59d5d0be83,3a365f5dd3e9d410585a34695bb444d67b220c4b40a9348288a540078bc27f75
spatial,M2,False,2022-09-27,landsat-8,1081,71,217,217,217,186,31,31,0.9370926139632179,0.8571428571428571,0.8571428571428571,0.14285714285714285,3b188221263ad4673846ce5170fa622b5395e51a4aaa750114e1793d3986975b,55416c987a2d25f9177dd974307ae595761c1db31ecaa9d7561fb6c42d4d5e7c,00d1e59ce78baffbf9d24361ac8ba16a1d577b22cb193e15596627259190ed07,0c06b88fd09cd514745b699e6b6a7e12901db8d3247e42b582feaf1f7e91c04a,1eafe424a4c718d6a3b18cff938036f958858c70b344740788993b119bfbb04b,9c2f903993167fc2a228b3cfe60a23fe33f57f252bae6299458338cb8eb967ad,3f630dfcc8a1c2a19b093e7fe0f4bdc7f830fef42266fcf1156112f0eb959046,11f4fe862570895441036964a9b308e92c2ee6ba8a87b5da9009ffd5208a4bda,2c6d6a597c6b1b321c4f632291c22dfe5788a058fe82fd65114a5a59d5d0be83,3a365f5dd3e9d410585a34695bb444d67b220c4b40a9348288a540078bc27f75
spatial,M2,False,2023-06-26,landsat-8,1038,62,208,208,208,147,61,61,0.8023682023876479,0.7067307692307693,0.7067307692307693,0.2932692307692308,3b188221263ad4673846ce5170fa622b5395e51a4aaa750114e1793d3986975b,55416c987a2d25f9177dd974307ae595761c1db31ecaa9d7561fb6c42d4d5e7c,00d1e59ce78baffbf9d24361ac8ba16a1d577b22cb193e15596627259190ed07,0c06b88fd09cd514745b699e6b6a7e12901db8d3247e42b582feaf1f7e91c04a,1eafe424a4c718d6a3b18cff938036f958858c70b344740788993b119bfbb04b,9c2f903993167fc2a228b3cfe60a23fe33f57f252bae6299458338cb8eb967ad,3f630dfcc8a1c2a19b093e7fe0f4bdc7f830fef42266fcf1156112f0eb959046,11f4fe862570895441036964a9b308e92c2ee6ba8a87b5da9009ffd5208a4bda,2c6d6a597c6b1b321c4f632291c22dfe5788a058fe82fd65114a5a59d5d0be83,3a365f5dd3e9d410585a34695bb444d67b220c4b40a9348288a540078bc27f75
spatial,M2,False,2023-07-04,landsat-9,1059,66,212,212,212,142,70,70,0.7381569011561664,0.6698113207547169,0.6698113207547169,0.330188679245283,3b188221263ad4673846ce5170fa622b5395e51a4aaa750114e1793d3986975b,55416c987a2d25f9177dd974307ae595761c1db31ecaa9d7561fb6c42d4d5e7c,00d1e59ce78baffbf9d24361ac8ba16a1d577b22cb193e15596627259190ed07,0c06b88fd09cd514745b699e6b6a7e12901db8d3247e42b582feaf1f7e91c04a,1eafe424a4c718d6a3b18cff938036f958858c70b344740788993b119bfbb04b,9c2f903993167fc2a228b3cfe60a23fe33f57f252bae6299458338cb8eb967ad,3f630dfcc8a1c2a19b093e7fe0f4bdc7f830fef42266fcf1156112f0eb959046,11f4fe862570895441036964a9b308e92c2ee6ba8a87b5da9009ffd5208a4bda,2c6d6a597c6b1b321c4f632291c22dfe5788a058fe82fd65114a5a59d5d0be83,3a365f5dd3e9d410585a34695bb444d67b220c4b40a9348288a540078bc27f75
spatial,M2,False,2023-07-12,landsat-8,1060,69,212,212,212,137,75,75,0.7269034930478626,0.6462264150943396,0.6462264150943396,0.35377358490566035,3b188221263ad4673846ce5170fa622b5395e51a4aaa750114e1793d3986975b,55416c987a2d25f9177dd974307ae595761c1db31ecaa9d7561fb6c42d4d5e7c,00d1e59ce78baffbf9d24361ac8ba16a1d577b22cb193e15596627259190ed07,0c06b88fd09cd514745b699e6b6a7e12901db8d3247e42b582feaf1f7e91c04a,1eafe424a4c718d6a3b18cff938036f958858c70b344740788993b119bfbb04b,9c2f903993167fc2a228b3cfe60a23fe33f57f252bae6299458338cb8eb967ad,3f630dfcc8a1c2a19b093e7fe0f4bdc7f830fef42266fcf1156112f0eb959046,11f4fe862570895441036964a9b308e92c2ee6ba8a87b5da9009ffd5208a4bda,2c6d6a597c6b1b321c4f632291c22dfe5788a058fe82fd65114a5a59d5d0be83,3a365f5dd3e9d410585a34695bb444d67b220c4b40a9348288a540078bc27f75
spatial,M2,False,2023-07-20,landsat-9,1072,69,215,215,215,186,29,29,0.9436637607839499,0.8651162790697674,0.8651162790697674,0.13488372093023257,3b188221263ad4673846ce5170fa622b5395e51a4aaa750114e1793d3986975b,55416c987a2d25f9177dd974307ae595761c1db31ecaa9d7561fb6c42d4d5e7c,00d1e59ce78baffbf9d24361ac8ba16a1d577b22cb193e15596627259190ed07,0c06b88fd09cd514745b699e6b6a7e12901db8d3247e42b582feaf1f7e91c04a,1eafe424a4c718d6a3b18cff938036f958858c70b344740788993b119bfbb04b,9c2f903993167fc2a228b3cfe60a23fe33f57f252bae6299458338cb8eb967ad,3f630dfcc8a1c2a19b093e7fe0f4bdc7f830fef42266fcf1156112f0eb959046,11f4fe862570895441036964a9b308e92c2ee6ba8a87b5da9009ffd5208a4bda,2c6d6a597c6b1b321c4f632291c22dfe5788a058fe82fd65114a5a59d5d0be83,3a365f5dd3e9d410585a34695bb444d67b220c4b40a9348288a540078bc27f75
spatial,M2,False,2023-08-05,landsat-9,1076,69,216,216,216,154,62,62,0.8151593468639091,0.7129629629629629,0.7129629629629629,0.28703703703703703,3b188221263ad4673846ce5170fa622b5395e51a4aaa750114e1793d3986975b,55416c987a2d25f9177dd974307ae595761c1db31ecaa9d7561fb6c42d4d5e7c,00d1e59ce78baffbf9d24361ac8ba16a1d577b22cb193e15596627259190ed07,0c06b88fd09cd514745b699e6b6a7e12901db8d3247e42b582feaf1f7e91c04a,1eafe424a4c718d6a3b18cff938036f958858c70b344740788993b119bfbb04b,9c2f903993167fc2a228b3cfe60a23fe33f57f252bae6299458338cb8eb967ad,3f630dfcc8a1c2a19b093e7fe0f4bdc7f830fef42266fcf1156112f0eb959046,11f4fe862570895441036964a9b308e92c2ee6ba8a87b5da9009ffd5208a4bda,2c6d6a597c6b1b321c4f632291c22dfe5788a058fe82fd65114a5a59d5d0be83,3a365f5dd3e9d410585a34695bb444d67b220c4b40a9348288a540078bc27f75
spatial,M2,False,2023-08-13,landsat-8,1063,68,213,213,213,157,56,56,0.815310363640671,0.7370892018779343,0.7370892018779343,0.26291079812206575,3b188221263ad4673846ce5170fa622b5395e51a4aaa750114e1793d3986975b,55416c987a2d25f9177dd974307ae595761c1db31ecaa9d7561fb6c42d4d5e7c,00d1e59ce78baffbf9d24361ac8ba16a1d577b22cb193e15596627259190ed07,0c06b88fd09cd514745b699e6b6a7e12901db8d3247e42b582feaf1f7e91c04a,1eafe424a4c718d6a3b18cff938036f958858c70b344740788993b119bfbb04b,9c2f903993167fc2a228b3cfe60a23fe33f57f252bae6299458338cb8eb967ad,3f630dfcc8a1c2a19b093e7fe0f4bdc7f830fef42266fcf1156112f0eb959046,11f4fe862570895441036964a9b308e92c2ee6ba8a87b5da9009ffd5208a4bda,2c6d6a597c6b1b321c4f632291c22dfe5788a058fe82fd65114a5a59d5d0be83,3a365f5dd3e9d410585a34695bb444d67b220c4b40a9348288a540078bc27f75
spatial,M2,False,2023-08-29,landsat-8,1088,71,218,218,218,163,55,55,0.8480275664180211,0.7477064220183486,0.7477064220183486,0.25229357798165136,3b188221263ad4673846ce5170fa622b5395e51a4aaa750114e1793d3986975b,55416c987a2d25f9177dd974307ae595761c1db31ecaa9d7561fb6c42d4d5e7c,00d1e59ce78baffbf9d24361ac8ba16a1d577b22cb193e15596627259190ed07,0c06b88fd09cd514745b699e6b6a7e12901db8d3247e42b582feaf1f7e91c04a,1eafe424a4c718d6a3b18cff938036f958858c70b344740788993b119bfbb04b,9c2f903993167fc2a228b3cfe60a23fe33f57f252bae6299458338cb8eb967ad,3f630dfcc8a1c2a19b093e7fe0f4bdc7f830fef42266fcf1156112f0eb959046,11f4fe862570895441036964a9b308e92c2ee6ba8a87b5da9009ffd5208a4bda,2c6d6a597c6b1b321c4f632291c22dfe5788a058fe82fd65114a5a59d5d0be83,3a365f5dd3e9d410585a34695bb444d67b220c4b40a9348288a540078bc27f75
spatial,M2,False,2024-06-20,landsat-9,1050,65,210,210,210,150,60,60,0.746960101264479,0.7142857142857143,0.7142857142857143,0.2857142857142857,3b188221263ad4673846ce5170fa622b5395e51a4aaa750114e1793d3986975b,55416c987a2d25f9177dd974307ae595761c1db31ecaa9d7561fb6c42d4d5e7c,00d1e59ce78baffbf9d24361ac8ba16a1d577b22cb193e15596627259190ed07,0c06b88fd09cd514745b699e6b6a7e12901db8d3247e42b582feaf1f7e91c04a,1eafe424a4c718d6a3b18cff938036f958858c70b344740788993b119bfbb04b,9c2f903993167fc2a228b3cfe60a23fe33f57f252bae6299458338cb8eb967ad,3f630dfcc8a1c2a19b093e7fe0f4bdc7f830fef42266fcf1156112f0eb959046,11f4fe862570895441036964a9b308e92c2ee6ba8a87b5da9009ffd5208a4bda,2c6d6a597c6b1b321c4f632291c22dfe5788a058fe82fd65114a5a59d5d0be83,3a365f5dd3e9d410585a34695bb444d67b220c4b40a9348288a540078bc27f75
spatial,M2,False,2024-06-28,landsat-8,1060,69,212,212,212,142,70,70,0.7420582128662186,0.6698113207547169,0.6698113207547169,0.330188679245283,3b188221263ad4673846ce5170fa622b5395e51a4aaa750114e1793d3986975b,55416c987a2d25f9177dd974307ae595761c1db31ecaa9d7561fb6c42d4d5e7c,00d1e59ce78baffbf9d24361ac8ba16a1d577b22cb193e15596627259190ed07,0c06b88fd09cd514745b699e6b6a7e12901db8d3247e42b582feaf1f7e91c04a,1eafe424a4c718d6a3b18cff938036f958858c70b344740788993b119bfbb04b,9c2f903993167fc2a228b3cfe60a23fe33f57f252bae6299458338cb8eb967ad,3f630dfcc8a1c2a19b093e7fe0f4bdc7f830fef42266fcf1156112f0eb959046,11f4fe862570895441036964a9b308e92c2ee6ba8a87b5da9009ffd5208a4bda,2c6d6a597c6b1b321c4f632291c22dfe5788a058fe82fd65114a5a59d5d0be83,3a365f5dd3e9d410585a34695bb444d67b220c4b40a9348288a540078bc27f75
spatial,M2,False,2024-07-22,landsat-9,976,67,196,196,196,159,37,37,0.7789170915134686,0.8112244897959183,0.8112244897959183,0.18877551020408162,3b188221263ad4673846ce5170fa622b5395e51a4aaa750114e1793d3986975b,55416c987a2d25f9177dd974307ae595761c1db31ecaa9d7561fb6c42d4d5e7c,00d1e59ce78baffbf9d24361ac8ba16a1d577b22cb193e15596627259190ed07,0c06b88fd09cd514745b699e6b6a7e12901db8d3247e42b582feaf1f7e91c04a,1eafe424a4c718d6a3b18cff938036f958858c70b344740788993b119bfbb04b,9c2f903993167fc2a228b3cfe60a23fe33f57f252bae6299458338cb8eb967ad,3f630dfcc8a1c2a19b093e7fe0f4bdc7f830fef42266fcf1156112f0eb959046,11f4fe862570895441036964a9b308e92c2ee6ba8a87b5da9009ffd5208a4bda,2c6d6a597c6b1b321c4f632291c22dfe5788a058fe82fd65114a5a59d5d0be83,3a365f5dd3e9d410585a34695bb444d67b220c4b40a9348288a540078bc27f75
spatial,M2,False,2024-07-30,landsat-8,1064,69,213,213,213,191,22,22,0.957153331419997,0.8967136150234741,0.8967136150234741,0.10328638497652583,3b188221263ad4673846ce5170fa622b5395e51a4aaa750114e1793d3986975b,55416c987a2d25f9177dd974307ae595761c1db31ecaa9d7561fb6c42d4d5e7c,00d1e59ce78baffbf9d24361ac8ba16a1d577b22cb193e15596627259190ed07,0c06b88fd09cd514745b699e6b6a7e12901db8d3247e42b582feaf1f7e91c04a,1eafe424a4c718d6a3b18cff938036f958858c70b344740788993b119bfbb04b,9c2f903993167fc2a228b3cfe60a23fe33f57f252bae6299458338cb8eb967ad,3f630dfcc8a1c2a19b093e7fe0f4bdc7f830fef42266fcf1156112f0eb959046,11f4fe862570895441036964a9b308e92c2ee6ba8a87b5da9009ffd5208a4bda,2c6d6a597c6b1b321c4f632291c22dfe5788a058fe82fd65114a5a59d5d0be83,3a365f5dd3e9d410585a34695bb444d67b220c4b40a9348288a540078bc27f75
spatial,M2,False,2024-08-15,landsat-8,1083,71,217,217,217,157,60,60,0.783627557941355,0.7235023041474654,0.7235023041474654,0.2764976958525346,3b188221263ad4673846ce5170fa622b5395e51a4aaa750114e1793d3986975b,55416c987a2d25f9177dd974307ae595761c1db31ecaa9d7561fb6c42d4d5e7c,00d1e59ce78baffbf9d24361ac8ba16a1d577b22cb193e15596627259190ed07,0c06b88fd09cd514745b699e6b6a7e12901db8d3247e42b582feaf1f7e91c04a,1eafe424a4c718d6a3b18cff938036f958858c70b344740788993b119bfbb04b,9c2f903993167fc2a228b3cfe60a23fe33f57f252bae6299458338cb8eb967ad,3f630dfcc8a1c2a19b093e7fe0f4bdc7f830fef42266fcf1156112f0eb959046,11f4fe862570895441036964a9b308e92c2ee6ba8a87b5da9009ffd5208a4bda,2c6d6a597c6b1b321c4f632291c22dfe5788a058fe82fd65114a5a59d5d0be83,3a365f5dd3e9d410585a34695bb444d67b220c4b40a9348288a540078bc27f75
spatial,M2,False,2024-08-23,landsat-9,1041,70,209,209,209,152,57,57,0.7862872016963537,0.7272727272727273,0.7272727272727273,0.2727272727272727,3b188221263ad4673846ce5170fa622b5395e51a4aaa750114e1793d3986975b,55416c987a2d25f9177dd974307ae595761c1db31ecaa9d7561fb6c42d4d5e7c,00d1e59ce78baffbf9d24361ac8ba16a1d577b22cb193e15596627259190ed07,0c06b88fd09cd514745b699e6b6a7e12901db8d3247e42b582feaf1f7e91c04a,1eafe424a4c718d6a3b18cff938036f958858c70b344740788993b119bfbb04b,9c2f903993167fc2a228b3cfe60a23fe33f57f252bae6299458338cb8eb967ad,3f630dfcc8a1c2a19b093e7fe0f4bdc7f830fef42266fcf1156112f0eb959046,11f4fe862570895441036964a9b308e92c2ee6ba8a87b5da9009ffd5208a4bda,2c6d6a597c6b1b321c4f632291c22dfe5788a058fe82fd65114a5a59d5d0be83,3a365f5dd3e9d410585a34695bb444d67b220c4b40a9348288a540078bc27f75
spatial,M2,False,2024-08-31,landsat-8,1048,66,210,210,210,170,40,40,0.8936685412410185,0.8095238095238095,0.8095238095238095,0.19047619047619047,3b188221263ad4673846ce5170fa622b5395e51a4aaa750114e1793d3986975b,55416c987a2d25f9177dd974307ae595761c1db31ecaa9d7561fb6c42d4d5e7c,00d1e59ce78baffbf9d24361ac8ba16a1d577b22cb193e15596627259190ed07,0c06b88fd09cd514745b699e6b6a7e12901db8d3247e42b582feaf1f7e91c04a,1eafe424a4c718d6a3b18cff938036f958858c70b344740788993b119bfbb04b,9c2f903993167fc2a228b3cfe60a23fe33f57f252bae6299458338cb8eb967ad,3f630dfcc8a1c2a19b093e7fe0f4bdc7f830fef42266fcf1156112f0eb959046,11f4fe862570895441036964a9b308e92c2ee6ba8a87b5da9009ffd5208a4bda,2c6d6a597c6b1b321c4f632291c22dfe5788a058fe82fd65114a5a59d5d0be83,3a365f5dd3e9d410585a34695bb444d67b220c4b40a9348288a540078bc27f75
spatial,M2,False,2024-09-08,landsat-9,1087,71,218,218,218,131,87,87,0.6546594273320104,0.6009174311926605,0.6009174311926605,0.39908256880733944,3b188221263ad4673846ce5170fa622b5395e51a4aaa750114e1793d3986975b,55416c987a2d25f9177dd974307ae595761c1db31ecaa9d7561fb6c42d4d5e7c,00d1e59ce78baffbf9d24361ac8ba16a1d577b22cb193e15596627259190ed07,0c06b88fd09cd514745b699e6b6a7e12901db8d3247e42b582feaf1f7e91c04a,1eafe424a4c718d6a3b18cff938036f958858c70b344740788993b119bfbb04b,9c2f903993167fc2a228b3cfe60a23fe33f57f252bae6299458338cb8eb967ad,3f630dfcc8a1c2a19b093e7fe0f4bdc7f830fef42266fcf1156112f0eb959046,11f4fe862570895441036964a9b308e92c2ee6ba8a87b5da9009ffd5208a4bda,2c6d6a597c6b1b321c4f632291c22dfe5788a058fe82fd65114a5a59d5d0be83,3a365f5dd3e9d410585a34695bb444d67b220c4b40a9348288a540078bc27f75
spatial,M2,False,2024-10-18,landsat-8,1091,71,219,219,219,155,64,64,0.8155520140834265,0.7077625570776256,0.7077625570776256,0.2922374429223744,3b188221263ad4673846ce5170fa622b5395e51a4aaa750114e1793d3986975b,55416c987a2d25f9177dd974307ae595761c1db31ecaa9d7561fb6c42d4d5e7c,00d1e59ce78baffbf9d24361ac8ba16a1d577b22cb193e15596627259190ed07,0c06b88fd09cd514745b699e6b6a7e12901db8d3247e42b582feaf1f7e91c04a,1eafe424a4c718d6a3b18cff938036f958858c70b344740788993b119bfbb04b,9c2f903993167fc2a228b3cfe60a23fe33f57f252bae6299458338cb8eb967ad,3f630dfcc8a1c2a19b093e7fe0f4bdc7f830fef42266fcf1156112f0eb959046,11f4fe862570895441036964a9b308e92c2ee6ba8a87b5da9009ffd5208a4bda,2c6d6a597c6b1b321c4f632291c22dfe5788a058fe82fd65114a5a59d5d0be83,3a365f5dd3e9d410585a34695bb444d67b220c4b40a9348288a540078bc27f75
joint,B0,False,2020-05-16,landsat-8,1061,69,213,213,213,2,211,211,0.14527000496932096,0.009389671361502348,0.009389671361502348,0.9906103286384976,3b188221263ad4673846ce5170fa622b5395e51a4aaa750114e1793d3986975b,55416c987a2d25f9177dd974307ae595761c1db31ecaa9d7561fb6c42d4d5e7c,00d1e59ce78baffbf9d24361ac8ba16a1d577b22cb193e15596627259190ed07,0c06b88fd09cd514745b699e6b6a7e12901db8d3247e42b582feaf1f7e91c04a,1eafe424a4c718d6a3b18cff938036f958858c70b344740788993b119bfbb04b,9c2f903993167fc2a228b3cfe60a23fe33f57f252bae6299458338cb8eb967ad,3f630dfcc8a1c2a19b093e7fe0f4bdc7f830fef42266fcf1156112f0eb959046,11f4fe862570895441036964a9b308e92c2ee6ba8a87b5da9009ffd5208a4bda,2c6d6a597c6b1b321c4f632291c22dfe5788a058fe82fd65114a5a59d5d0be83,3a365f5dd3e9d410585a34695bb444d67b220c4b40a9348288a540078bc27f75
joint,B0,False,2020-07-03,landsat-8,1073,70,215,215,215,1,214,214,0.12021933071547242,0.004651162790697674,0.004651162790697674,0.9953488372093023,3b188221263ad4673846ce5170fa622b5395e51a4aaa750114e1793d3986975b,55416c987a2d25f9177dd974307ae595761c1db31ecaa9d7561fb6c42d4d5e7c,00d1e59ce78baffbf9d24361ac8ba16a1d577b22cb193e15596627259190ed07,0c06b88fd09cd514745b699e6b6a7e12901db8d3247e42b582feaf1f7e91c04a,1eafe424a4c718d6a3b18cff938036f958858c70b344740788993b119bfbb04b,9c2f903993167fc2a228b3cfe60a23fe33f57f252bae6299458338cb8eb967ad,3f630dfcc8a1c2a19b093e7fe0f4bdc7f830fef42266fcf1156112f0eb959046,11f4fe862570895441036964a9b308e92c2ee6ba8a87b5da9009ffd5208a4bda,2c6d6a597c6b1b321c4f632291c22dfe5788a058fe82fd65114a5a59d5d0be83,3a365f5dd3e9d410585a34695bb444d67b220c4b40a9348288a540078bc27f75
joint,B0,False,2020-07-19,landsat-8,1050,68,210,210,210,0,210,210,0.11827361605518466,0.0,0.0,1.0,3b188221263ad4673846ce5170fa622b5395e51a4aaa750114e1793d3986975b,55416c987a2d25f9177dd974307ae595761c1db31ecaa9d7561fb6c42d4d5e7c,00d1e59ce78baffbf9d24361ac8ba16a1d577b22cb193e15596627259190ed07,0c06b88fd09cd514745b699e6b6a7e12901db8d3247e42b582feaf1f7e91c04a,1eafe424a4c718d6a3b18cff938036f958858c70b344740788993b119bfbb04b,9c2f903993167fc2a228b3cfe60a23fe33f57f252bae6299458338cb8eb967ad,3f630dfcc8a1c2a19b093e7fe0f4bdc7f830fef42266fcf1156112f0eb959046,11f4fe862570895441036964a9b308e92c2ee6ba8a87b5da9009ffd5208a4bda,2c6d6a597c6b1b321c4f632291c22dfe5788a058fe82fd65114a5a59d5d0be83,3a365f5dd3e9d410585a34695bb444d67b220c4b40a9348288a540078bc27f75
joint,B0,False,2020-08-20,landsat-8,1080,71,216,216,216,2,214,214,0.1279610109585289,0.009259259259259259,0.009259259259259259,0.9907407407407407,3b188221263ad4673846ce5170fa622b5395e51a4aaa750114e1793d3986975b,55416c987a2d25f9177dd974307ae595761c1db31ecaa9d7561fb6c42d4d5e7c,00d1e59ce78baffbf9d24361ac8ba16a1d577b22cb193e15596627259190ed07,0c06b88fd09cd514745b699e6b6a7e12901db8d3247e42b582feaf1f7e91c04a,1eafe424a4c718d6a3b18cff938036f958858c70b344740788993b119bfbb04b,9c2f903993167fc2a228b3cfe60a23fe33f57f252bae6299458338cb8eb967ad,3f630dfcc8a1c2a19b093e7fe0f4bdc7f830fef42266fcf1156112f0eb959046,11f4fe862570895441036964a9b308e92c2ee6ba8a87b5da9009ffd5208a4bda,2c6d6a597c6b1b321c4f632291c22dfe5788a058fe82fd65114a5a59d5d0be83,3a365f5dd3e9d410585a34695bb444d67b220c4b40a9348288a540078bc27f75
joint,B0,False,2020-09-05,landsat-8,1086,71,218,218,218,0,218,218,0.12476848337272653,0.0,0.0,1.0,3b188221263ad4673846ce5170fa622b5395e51a4aaa750114e1793d3986975b,55416c987a2d25f9177dd974307ae595761c1db31ecaa9d7561fb6c42d4d5e7c,00d1e59ce78baffbf9d24361ac8ba16a1d577b22cb193e15596627259190ed07,0c06b88fd09cd514745b699e6b6a7e12901db8d3247e42b582feaf1f7e91c04a,1eafe424a4c718d6a3b18cff938036f958858c70b344740788993b119bfbb04b,9c2f903993167fc2a228b3cfe60a23fe33f57f252bae6299458338cb8eb967ad,3f630dfcc8a1c2a19b093e7fe0f4bdc7f830fef42266fcf1156112f0eb959046,11f4fe862570895441036964a9b308e92c2ee6ba8a87b5da9009ffd5208a4bda,2c6d6a597c6b1b321c4f632291c22dfe5788a058fe82fd65114a5a59d5d0be83,3a365f5dd3e9d410585a34695bb444d67b220c4b40a9348288a540078bc27f75
joint,B0,False,2021-07-06,landsat-8,1068,66,214,214,214,2,212,212,0.1280411807279105,0.009345794392523364,0.009345794392523364,0.9906542056074766,3b188221263ad4673846ce5170fa622b5395e51a4aaa750114e1793d3986975b,55416c987a2d25f9177dd974307ae595761c1db31ecaa9d7561fb6c42d4d5e7c,00d1e59ce78baffbf9d24361ac8ba16a1d577b22cb193e15596627259190ed07,0c06b88fd09cd514745b699e6b6a7e12901db8d3247e42b582feaf1f7e91c04a,1eafe424a4c718d6a3b18cff938036f958858c70b344740788993b119bfbb04b,9c2f903993167fc2a228b3cfe60a23fe33f57f252bae6299458338cb8eb967ad,3f630dfcc8a1c2a19b093e7fe0f4bdc7f830fef42266fcf1156112f0eb959046,11f4fe862570895441036964a9b308e92c2ee6ba8a87b5da9009ffd5208a4bda,2c6d6a597c6b1b321c4f632291c22dfe5788a058fe82fd65114a5a59d5d0be83,3a365f5dd3e9d410585a34695bb444d67b220c4b40a9348288a540078bc27f75
joint,B0,False,2021-08-07,landsat-8,1064,69,213,213,213,2,211,211,0.12133165700502892,0.009389671361502348,0.009389671361502348,0.9906103286384976,3b188221263ad4673846ce5170fa622b5395e51a4aaa750114e1793d3986975b,55416c987a2d25f9177dd974307ae595761c1db31ecaa9d7561fb6c42d4d5e7c,00d1e59ce78baffbf9d24361ac8ba16a1d577b22cb193e15596627259190ed07,0c06b88fd09cd514745b699e6b6a7e12901db8d3247e42b582feaf1f7e91c04a,1eafe424a4c718d6a3b18cff938036f958858c70b344740788993b119bfbb04b,9c2f903993167fc2a228b3cfe60a23fe33f57f252bae6299458338cb8eb967ad,3f630dfcc8a1c2a19b093e7fe0f4bdc7f830fef42266fcf1156112f0eb959046,11f4fe862570895441036964a9b308e92c2ee6ba8a87b5da9009ffd5208a4bda,2c6d6a597c6b1b321c4f632291c22dfe5788a058fe82fd65114a5a59d5d0be83,3a365f5dd3e9d410585a34695bb444d67b220c4b40a9348288a540078bc27f75
joint,B0,False,2021-10-26,landsat-8,1094,71,219,219,219,18,201,201,0.15695215682101304,0.0821917808219178,0.0821917808219178,0.9178082191780822,3b188221263ad4673846ce5170fa622b5395e51a4aaa750114e1793d3986975b,55416c987a2d25f9177dd974307ae595761c1db31ecaa9d7561fb6c42d4d5e7c,00d1e59ce78baffbf9d24361ac8ba16a1d577b22cb193e15596627259190ed07,0c06b88fd09cd514745b699e6b6a7e12901db8d3247e42b582feaf1f7e91c04a,1eafe424a4c718d6a3b18cff938036f958858c70b344740788993b119bfbb04b,9c2f903993167fc2a228b3cfe60a23fe33f57f252bae6299458338cb8eb967ad,3f630dfcc8a1c2a19b093e7fe0f4bdc7f830fef42266fcf1156112f0eb959046,11f4fe862570895441036964a9b308e92c2ee6ba8a87b5da9009ffd5208a4bda,2c6d6a597c6b1b321c4f632291c22dfe5788a058fe82fd65114a5a59d5d0be83,3a365f5dd3e9d410585a34695bb444d67b220c4b40a9348288a540078bc27f75
joint,B0,False,2022-05-30,landsat-9,1055,67,211,211,211,0,211,211,0.11958265711683727,0.0,0.0,1.0,3b188221263ad4673846ce5170fa622b5395e51a4aaa750114e1793d3986975b,55416c987a2d25f9177dd974307ae595761c1db31ecaa9d7561fb6c42d4d5e7c,00d1e59ce78baffbf9d24361ac8ba16a1d577b22cb193e15596627259190ed07,0c06b88fd09cd514745b699e6b6a7e12901db8d3247e42b582feaf1f7e91c04a,1eafe424a4c718d6a3b18cff938036f958858c70b344740788993b119bfbb04b,9c2f903993167fc2a228b3cfe60a23fe33f57f252bae6299458338cb8eb967ad,3f630dfcc8a1c2a19b093e7fe0f4bdc7f830fef42266fcf1156112f0eb959046,11f4fe862570895441036964a9b308e92c2ee6ba8a87b5da9009ffd5208a4bda,2c6d6a597c6b1b321c4f632291c22dfe5788a058fe82fd65114a5a59d5d0be83,3a365f5dd3e9d410585a34695bb444d67b220c4b40a9348288a540078bc27f75
joint,B0,False,2022-06-15,landsat-9,1067,69,214,214,214,2,212,212,0.12020696243627073,0.009345794392523364,0.009345794392523364,0.9906542056074766,3b188221263ad4673846ce5170fa622b5395e51a4aaa750114e1793d3986975b,55416c987a2d25f9177dd974307ae595761c1db31ecaa9d7561fb6c42d4d5e7c,00d1e59ce78baffbf9d24361ac8ba16a1d577b22cb193e15596627259190ed07,0c06b88fd09cd514745b699e6b6a7e12901db8d3247e42b582feaf1f7e91c04a,1eafe424a4c718d6a3b18cff938036f958858c70b344740788993b119bfbb04b,9c2f903993167fc2a228b3cfe60a23fe33f57f252bae6299458338cb8eb967ad,3f630dfcc8a1c2a19b093e7fe0f4bdc7f830fef42266fcf1156112f0eb959046,11f4fe862570895441036964a9b308e92c2ee6ba8a87b5da9009ffd5208a4bda,2c6d6a597c6b1b321c4f632291c22dfe5788a058fe82fd65114a5a59d5d0be83,3a365f5dd3e9d410585a34695bb444d67b220c4b40a9348288a540078bc27f75
joint,B0,False,2022-06-23,landsat-8,1059,69,212,212,212,0,212,212,0.11815350006991103,0.0,0.0,1.0,3b188221263ad4673846ce5170fa622b5395e51a4aaa750114e1793d3986975b,55416c987a2d25f9177dd974307ae595761c1db31ecaa9d7561fb6c42d4d5e7c,00d1e59ce78baffbf9d24361ac8ba16a1d577b22cb193e15596627259190ed07,0c06b88fd09cd514745b699e6b6a7e12901db8d3247e42b582feaf1f7e91c04a,1eafe424a4c718d6a3b18cff938036f958858c70b344740788993b119bfbb04b,9c2f903993167fc2a228b3cfe60a23fe33f57f252bae6299458338cb8eb967ad,3f630dfcc8a1c2a19b093e7fe0f4bdc7f830fef42266fcf1156112f0eb959046,11f4fe862570895441036964a9b308e92c2ee6ba8a87b5da9009ffd5208a4bda,2c6d6a597c6b1b321c4f632291c22dfe5788a058fe82fd65114a5a59d5d0be83,3a365f5dd3e9d410585a34695bb444d67b220c4b40a9348288a540078bc27f75
joint,B0,False,2022-07-01,landsat-9,1072,70,215,215,215,2,213,213,0.12145754133043671,0.009302325581395349,0.009302325581395349,0.9906976744186047,3b188221263ad4673846ce5170fa622b5395e51a4aaa750114e1793d3986975b,55416c987a2d25f9177dd974307ae595761c1db31ecaa9d7561fb6c42d4d5e7c,00d1e59ce78baffbf9d24361ac8ba16a1d577b22cb193e15596627259190ed07,0c06b88fd09cd514745b699e6b6a7e12901db8d3247e42b582feaf1f7e91c04a,1eafe424a4c718d6a3b18cff938036f958858c70b344740788993b119bfbb04b,9c2f903993167fc2a228b3cfe60a23fe33f57f252bae6299458338cb8eb967ad,3f630dfcc8a1c2a19b093e7fe0f4bdc7f830fef42266fcf1156112f0eb959046,11f4fe862570895441036964a9b308e92c2ee6ba8a87b5da9009ffd5208a4bda,2c6d6a597c6b1b321c4f632291c22dfe5788a058fe82fd65114a5a59d5d0be83,3a365f5dd3e9d410585a34695bb444d67b220c4b40a9348288a540078bc27f75
joint,B0,False,2022-07-09,landsat-8,1050,67,210,210,210,0,210,210,0.11822032499001596,0.0,0.0,1.0,3b188221263ad4673846ce5170fa622b5395e51a4aaa750114e1793d3986975b,55416c987a2d25f9177dd974307ae595761c1db31ecaa9d7561fb6c42d4d5e7c,00d1e59ce78baffbf9d24361ac8ba16a1d577b22cb193e15596627259190ed07,0c06b88fd09cd514745b699e6b6a7e12901db8d3247e42b582feaf1f7e91c04a,1eafe424a4c718d6a3b18cff938036f958858c70b344740788993b119bfbb04b,9c2f903993167fc2a228b3cfe60a23fe33f57f252bae6299458338cb8eb967ad,3f630dfcc8a1c2a19b093e7fe0f4bdc7f830fef42266fcf1156112f0eb959046,11f4fe862570895441036964a9b308e92c2ee6ba8a87b5da9009ffd5208a4bda,2c6d6a597c6b1b321c4f632291c22dfe5788a058fe82fd65114a5a59d5d0be83,3a365f5dd3e9d410585a34695bb444d67b220c4b40a9348288a540078bc27f75
joint,B0,False,2022-07-25,landsat-8,1054,68,211,211,211,2,209,209,0.11984935655381894,0.009478672985781991,0.009478672985781991,0.990521327014218,3b188221263ad4673846ce5170fa622b5395e51a4aaa750114e1793d3986975b,55416c987a2d25f9177dd974307ae595761c1db31ecaa9d7561fb6c42d4d5e7c,00d1e59ce78baffbf9d24361ac8ba16a1d577b22cb193e15596627259190ed07,0c06b88fd09cd514745b699e6b6a7e12901db8d3247e42b582feaf1f7e91c04a,1eafe424a4c718d6a3b18cff938036f958858c70b344740788993b119bfbb04b,9c2f903993167fc2a228b3cfe60a23fe33f57f252bae6299458338cb8eb967ad,3f630dfcc8a1c2a19b093e7fe0f4bdc7f830fef42266fcf1156112f0eb959046,11f4fe862570895441036964a9b308e92c2ee6ba8a87b5da9009ffd5208a4bda,2c6d6a597c6b1b321c4f632291c22dfe5788a058fe82fd65114a5a59d5d0be83,3a365f5dd3e9d410585a34695bb444d67b220c4b40a9348288a540078bc27f75
joint,B0,False,2022-08-02,landsat-9,1026,67,206,206,206,0,206,206,0.11888890774880845,0.0,0.0,1.0,3b188221263ad4673846ce5170fa622b5395e51a4aaa750114e1793d3986975b,55416c987a2d25f9177dd974307ae595761c1db31ecaa9d7561fb6c42d4d5e7c,00d1e59ce78baffbf9d24361ac8ba16a1d577b22cb193e15596627259190ed07,0c06b88fd09cd514745b699e6b6a7e12901db8d3247e42b582feaf1f7e91c04a,1eafe424a4c718d6a3b18cff938036f958858c70b344740788993b119bfbb04b,9c2f903993167fc2a228b3cfe60a23fe33f57f252bae6299458338cb8eb967ad,3f630dfcc8a1c2a19b093e7fe0f4bdc7f830fef42266fcf1156112f0eb959046,11f4fe862570895441036964a9b308e92c2ee6ba8a87b5da9009ffd5208a4bda,2c6d6a597c6b1b321c4f632291c22dfe5788a058fe82fd65114a5a59d5d0be83,3a365f5dd3e9d410585a34695bb444d67b220c4b40a9348288a540078bc27f75
joint,B0,False,2022-08-26,landsat-8,1058,69,212,212,212,0,212,212,0.11968012437740486,0.0,0.0,1.0,3b188221263ad4673846ce5170fa622b5395e51a4aaa750114e1793d3986975b,55416c987a2d25f9177dd974307ae595761c1db31ecaa9d7561fb6c42d4d5e7c,00d1e59ce78baffbf9d24361ac8ba16a1d577b22cb193e15596627259190ed07,0c06b88fd09cd514745b699e6b6a7e12901db8d3247e42b582feaf1f7e91c04a,1eafe424a4c718d6a3b18cff938036f958858c70b344740788993b119bfbb04b,9c2f903993167fc2a228b3cfe60a23fe33f57f252bae6299458338cb8eb967ad,3f630dfcc8a1c2a19b093e7fe0f4bdc7f830fef42266fcf1156112f0eb959046,11f4fe862570895441036964a9b308e92c2ee6ba8a87b5da9009ffd5208a4bda,2c6d6a597c6b1b321c4f632291c22dfe5788a058fe82fd65114a5a59d5d0be83,3a365f5dd3e9d410585a34695bb444d67b220c4b40a9348288a540078bc27f75
joint,B0,False,2022-09-03,landsat-9,1085,71,217,217,217,0,217,217,0.1205980563535506,0.0,0.0,1.0,3b188221263ad4673846ce5170fa622b5395e51a4aaa750114e1793d3986975b,55416c987a2d25f9177dd974307ae595761c1db31ecaa9d7561fb6c42d4d5e7c,00d1e59ce78baffbf9d24361ac8ba16a1d577b22cb193e15596627259190ed07,0c06b88fd09cd514745b699e6b6a7e12901db8d3247e42b582feaf1f7e91c04a,1eafe424a4c718d6a3b18cff938036f958858c70b344740788993b119bfbb04b,9c2f903993167fc2a228b3cfe60a23fe33f57f252bae6299458338cb8eb967ad,3f630dfcc8a1c2a19b093e7fe0f4bdc7f830fef42266fcf1156112f0eb959046,11f4fe862570895441036964a9b308e92c2ee6ba8a87b5da9009ffd5208a4bda,2c6d6a597c6b1b321c4f632291c22dfe5788a058fe82fd65114a5a59d5d0be83,3a365f5dd3e9d410585a34695bb444d67b220c4b40a9348288a540078bc27f75
joint,B0,False,2022-09-27,landsat-8,1081,71,217,217,217,1,216,216,0.12192128777718367,0.004608294930875576,0.004608294930875576,0.9953917050691244,3b188221263ad4673846ce5170fa622b5395e51a4aaa750114e1793d3986975b,55416c987a2d25f9177dd974307ae595761c1db31ecaa9d7561fb6c42d4d5e7c,00d1e59ce78baffbf9d24361ac8ba16a1d577b22cb193e15596627259190ed07,0c06b88fd09cd514745b699e6b6a7e12901db8d3247e42b582feaf1f7e91c04a,1eafe424a4c718d6a3b18cff938036f958858c70b344740788993b119bfbb04b,9c2f903993167fc2a228b3cfe60a23fe33f57f252bae6299458338cb8eb967ad,3f630dfcc8a1c2a19b093e7fe0f4bdc7f830fef42266fcf1156112f0eb959046,11f4fe862570895441036964a9b308e92c2ee6ba8a87b5da9009ffd5208a4bda,2c6d6a597c6b1b321c4f632291c22dfe5788a058fe82fd65114a5a59d5d0be83,3a365f5dd3e9d410585a34695bb444d67b220c4b40a9348288a540078bc27f75
joint,B0,False,2023-06-26,landsat-8,1038,62,208,208,208,0,208,208,0.12099305632011295,0.0,0.0,1.0,3b188221263ad4673846ce5170fa622b5395e51a4aaa750114e1793d3986975b,55416c987a2d25f9177dd974307ae595761c1db31ecaa9d7561fb6c42d4d5e7c,00d1e59ce78baffbf9d24361ac8ba16a1d577b22cb193e15596627259190ed07,0c06b88fd09cd514745b699e6b6a7e12901db8d3247e42b582feaf1f7e91c04a,1eafe424a4c718d6a3b18cff938036f958858c70b344740788993b119bfbb04b,9c2f903993167fc2a228b3cfe60a23fe33f57f252bae6299458338cb8eb967ad,3f630dfcc8a1c2a19b093e7fe0f4bdc7f830fef42266fcf1156112f0eb959046,11f4fe862570895441036964a9b308e92c2ee6ba8a87b5da9009ffd5208a4bda,2c6d6a597c6b1b321c4f632291c22dfe5788a058fe82fd65114a5a59d5d0be83,3a365f5dd3e9d410585a34695bb444d67b220c4b40a9348288a540078bc27f75
joint,B0,False,2023-07-04,landsat-9,1059,66,212,212,212,4,208,208,0.13976145670109316,0.018867924528301886,0.018867924528301886,0.9811320754716981,3b188221263ad4673846ce5170fa622b5395e51a4aaa750114e1793d3986975b,55416c987a2d25f9177dd974307ae595761c1db31ecaa9d7561fb6c42d4d5e7c,00d1e59ce78baffbf9d24361ac8ba16a1d577b22cb193e15596627259190ed07,0c06b88fd09cd514745b699e6b6a7e12901db8d3247e42b582feaf1f7e91c04a,1eafe424a4c718d6a3b18cff938036f958858c70b344740788993b119bfbb04b,9c2f903993167fc2a228b3cfe60a23fe33f57f252bae6299458338cb8eb967ad,3f630dfcc8a1c2a19b093e7fe0f4bdc7f830fef42266fcf1156112f0eb959046,11f4fe862570895441036964a9b308e92c2ee6ba8a87b5da9009ffd5208a4bda,2c6d6a597c6b1b321c4f632291c22dfe5788a058fe82fd65114a5a59d5d0be83,3a365f5dd3e9d410585a34695bb444d67b220c4b40a9348288a540078bc27f75
joint,B0,False,2023-07-12,landsat-8,1060,69,212,212,212,0,212,212,0.12380640652403324,0.0,0.0,1.0,3b188221263ad4673846ce5170fa622b5395e51a4aaa750114e1793d3986975b,55416c987a2d25f9177dd974307ae595761c1db31ecaa9d7561fb6c42d4d5e7c,00d1e59ce78baffbf9d24361ac8ba16a1d577b22cb193e15596627259190ed07,0c06b88fd09cd514745b699e6b6a7e12901db8d3247e42b582feaf1f7e91c04a,1eafe424a4c718d6a3b18cff938036f958858c70b344740788993b119bfbb04b,9c2f903993167fc2a228b3cfe60a23fe33f57f252bae6299458338cb8eb967ad,3f630dfcc8a1c2a19b093e7fe0f4bdc7f830fef42266fcf1156112f0eb959046,11f4fe862570895441036964a9b308e92c2ee6ba8a87b5da9009ffd5208a4bda,2c6d6a597c6b1b321c4f632291c22dfe5788a058fe82fd65114a5a59d5d0be83,3a365f5dd3e9d410585a34695bb444d67b220c4b40a9348288a540078bc27f75
joint,B0,False,2023-07-20,landsat-9,1072,69,215,215,215,0,215,215,0.11775949350516735,0.0,0.0,1.0,3b188221263ad4673846ce5170fa622b5395e51a4aaa750114e1793d3986975b,55416c987a2d25f9177dd974307ae595761c1db31ecaa9d7561fb6c42d4d5e7c,00d1e59ce78baffbf9d24361ac8ba16a1d577b22cb193e15596627259190ed07,0c06b88fd09cd514745b699e6b6a7e12901db8d3247e42b582feaf1f7e91c04a,1eafe424a4c718d6a3b18cff938036f958858c70b344740788993b119bfbb04b,9c2f903993167fc2a228b3cfe60a23fe33f57f252bae6299458338cb8eb967ad,3f630dfcc8a1c2a19b093e7fe0f4bdc7f830fef42266fcf1156112f0eb959046,11f4fe862570895441036964a9b308e92c2ee6ba8a87b5da9009ffd5208a4bda,2c6d6a597c6b1b321c4f632291c22dfe5788a058fe82fd65114a5a59d5d0be83,3a365f5dd3e9d410585a34695bb444d67b220c4b40a9348288a540078bc27f75
joint,B0,False,2023-08-05,landsat-9,1076,69,216,216,216,0,216,216,0.11850621758506637,0.0,0.0,1.0,3b188221263ad4673846ce5170fa622b5395e51a4aaa750114e1793d3986975b,55416c987a2d25f9177dd974307ae595761c1db31ecaa9d7561fb6c42d4d5e7c,00d1e59ce78baffbf9d24361ac8ba16a1d577b22cb193e15596627259190ed07,0c06b88fd09cd514745b699e6b6a7e12901db8d3247e42b582feaf1f7e91c04a,1eafe424a4c718d6a3b18cff938036f958858c70b344740788993b119bfbb04b,9c2f903993167fc2a228b3cfe60a23fe33f57f252bae6299458338cb8eb967ad,3f630dfcc8a1c2a19b093e7fe0f4bdc7f830fef42266fcf1156112f0eb959046,11f4fe862570895441036964a9b308e92c2ee6ba8a87b5da9009ffd5208a4bda,2c6d6a597c6b1b321c4f632291c22dfe5788a058fe82fd65114a5a59d5d0be83,3a365f5dd3e9d410585a34695bb444d67b220c4b40a9348288a540078bc27f75
joint,B0,False,2023-08-13,landsat-8,1063,68,213,213,213,1,212,212,0.11920679817550023,0.004694835680751174,0.004694835680751174,0.9953051643192489,3b188221263ad4673846ce5170fa622b5395e51a4aaa750114e1793d3986975b,55416c987a2d25f9177dd974307ae595761c1db31ecaa9d7561fb6c42d4d5e7c,00d1e59ce78baffbf9d24361ac8ba16a1d577b22cb193e15596627259190ed07,0c06b88fd09cd514745b699e6b6a7e12901db8d3247e42b582feaf1f7e91c04a,1eafe424a4c718d6a3b18cff938036f958858c70b344740788993b119bfbb04b,9c2f903993167fc2a228b3cfe60a23fe33f57f252bae6299458338cb8eb967ad,3f630dfcc8a1c2a19b093e7fe0f4bdc7f830fef42266fcf1156112f0eb959046,11f4fe862570895441036964a9b308e92c2ee6ba8a87b5da9009ffd5208a4bda,2c6d6a597c6b1b321c4f632291c22dfe5788a058fe82fd65114a5a59d5d0be83,3a365f5dd3e9d410585a34695bb444d67b220c4b40a9348288a540078bc27f75
joint,B0,False,2023-08-29,landsat-8,1088,71,218,218,218,0,218,218,0.11987620859771907,0.0,0.0,1.0,3b188221263ad4673846ce5170fa622b5395e51a4aaa750114e1793d3986975b,55416c987a2d25f9177dd974307ae595761c1db31ecaa9d7561fb6c42d4d5e7c,00d1e59ce78baffbf9d24361ac8ba16a1d577b22cb193e15596627259190ed07,0c06b88fd09cd514745b699e6b6a7e12901db8d3247e42b582feaf1f7e91c04a,1eafe424a4c718d6a3b18cff938036f958858c70b344740788993b119bfbb04b,9c2f903993167fc2a228b3cfe60a23fe33f57f252bae6299458338cb8eb967ad,3f630dfcc8a1c2a19b093e7fe0f4bdc7f830fef42266fcf1156112f0eb959046,11f4fe862570895441036964a9b308e92c2ee6ba8a87b5da9009ffd5208a4bda,2c6d6a597c6b1b321c4f632291c22dfe5788a058fe82fd65114a5a59d5d0be83,3a365f5dd3e9d410585a34695bb444d67b220c4b40a9348288a540078bc27f75
joint,B0,False,2024-06-20,landsat-9,1050,65,210,210,210,2,208,208,0.12374952787577734,0.009523809523809525,0.009523809523809525,0.9904761904761905,3b188221263ad4673846ce5170fa622b5395e51a4aaa750114e1793d3986975b,55416c987a2d25f9177dd974307ae595761c1db31ecaa9d7561fb6c42d4d5e7c,00d1e59ce78baffbf9d24361ac8ba16a1d577b22cb193e15596627259190ed07,0c06b88fd09cd514745b699e6b6a7e12901db8d3247e42b582feaf1f7e91c04a,1eafe424a4c718d6a3b18cff938036f958858c70b344740788993b119bfbb04b,9c2f903993167fc2a228b3cfe60a23fe33f57f252bae6299458338cb8eb967ad,3f630dfcc8a1c2a19b093e7fe0f4bdc7f830fef42266fcf1156112f0eb959046,11f4fe862570895441036964a9b308e92c2ee6ba8a87b5da9009ffd5208a4bda,2c6d6a597c6b1b321c4f632291c22dfe5788a058fe82fd65114a5a59d5d0be83,3a365f5dd3e9d410585a34695bb444d67b220c4b40a9348288a540078bc27f75
joint,B0,False,2024-06-28,landsat-8,1060,69,212,212,212,3,209,209,0.16552896005267692,0.014150943396226415,0.014150943396226415,0.9858490566037735,3b188221263ad4673846ce5170fa622b5395e51a4aaa750114e1793d3986975b,55416c987a2d25f9177dd974307ae595761c1db31ecaa9d7561fb6c42d4d5e7c,00d1e59ce78baffbf9d24361ac8ba16a1d577b22cb193e15596627259190ed07,0c06b88fd09cd514745b699e6b6a7e12901db8d3247e42b582feaf1f7e91c04a,1eafe424a4c718d6a3b18cff938036f958858c70b344740788993b119bfbb04b,9c2f903993167fc2a228b3cfe60a23fe33f57f252bae6299458338cb8eb967ad,3f630dfcc8a1c2a19b093e7fe0f4bdc7f830fef42266fcf1156112f0eb959046,11f4fe862570895441036964a9b308e92c2ee6ba8a87b5da9009ffd5208a4bda,2c6d6a597c6b1b321c4f632291c22dfe5788a058fe82fd65114a5a59d5d0be83,3a365f5dd3e9d410585a34695bb444d67b220c4b40a9348288a540078bc27f75
joint,B0,False,2024-07-22,landsat-9,976,67,196,196,196,0,196,196,0.12092260437713226,0.0,0.0,1.0,3b188221263ad4673846ce5170fa622b5395e51a4aaa750114e1793d3986975b,55416c987a2d25f9177dd974307ae595761c1db31ecaa9d7561fb6c42d4d5e7c,00d1e59ce78baffbf9d24361ac8ba16a1d577b22cb193e15596627259190ed07,0c06b88fd09cd514745b699e6b6a7e12901db8d3247e42b582feaf1f7e91c04a,1eafe424a4c718d6a3b18cff938036f958858c70b344740788993b119bfbb04b,9c2f903993167fc2a228b3cfe60a23fe33f57f252bae6299458338cb8eb967ad,3f630dfcc8a1c2a19b093e7fe0f4bdc7f830fef42266fcf1156112f0eb959046,11f4fe862570895441036964a9b308e92c2ee6ba8a87b5da9009ffd5208a4bda,2c6d6a597c6b1b321c4f632291c22dfe5788a058fe82fd65114a5a59d5d0be83,3a365f5dd3e9d410585a34695bb444d67b220c4b40a9348288a540078bc27f75
joint,B0,False,2024-07-30,landsat-8,1064,69,213,213,213,0,213,213,0.11770085169850111,0.0,0.0,1.0,3b188221263ad4673846ce5170fa622b5395e51a4aaa750114e1793d3986975b,55416c987a2d25f9177dd974307ae595761c1db31ecaa9d7561fb6c42d4d5e7c,00d1e59ce78baffbf9d24361ac8ba16a1d577b22cb193e15596627259190ed07,0c06b88fd09cd514745b699e6b6a7e12901db8d3247e42b582feaf1f7e91c04a,1eafe424a4c718d6a3b18cff938036f958858c70b344740788993b119bfbb04b,9c2f903993167fc2a228b3cfe60a23fe33f57f252bae6299458338cb8eb967ad,3f630dfcc8a1c2a19b093e7fe0f4bdc7f830fef42266fcf1156112f0eb959046,11f4fe862570895441036964a9b308e92c2ee6ba8a87b5da9009ffd5208a4bda,2c6d6a597c6b1b321c4f632291c22dfe5788a058fe82fd65114a5a59d5d0be83,3a365f5dd3e9d410585a34695bb444d67b220c4b40a9348288a540078bc27f75
joint,B0,False,2024-08-15,landsat-8,1083,71,217,217,217,0,217,217,0.11941753302342516,0.0,0.0,1.0,3b188221263ad4673846ce5170fa622b5395e51a4aaa750114e1793d3986975b,55416c987a2d25f9177dd974307ae595761c1db31ecaa9d7561fb6c42d4d5e7c,00d1e59ce78baffbf9d24361ac8ba16a1d577b22cb193e15596627259190ed07,0c06b88fd09cd514745b699e6b6a7e12901db8d3247e42b582feaf1f7e91c04a,1eafe424a4c718d6a3b18cff938036f958858c70b344740788993b119bfbb04b,9c2f903993167fc2a228b3cfe60a23fe33f57f252bae6299458338cb8eb967ad,3f630dfcc8a1c2a19b093e7fe0f4bdc7f830fef42266fcf1156112f0eb959046,11f4fe862570895441036964a9b308e92c2ee6ba8a87b5da9009ffd5208a4bda,2c6d6a597c6b1b321c4f632291c22dfe5788a058fe82fd65114a5a59d5d0be83,3a365f5dd3e9d410585a34695bb444d67b220c4b40a9348288a540078bc27f75
joint,B0,False,2024-08-23,landsat-9,1041,70,209,209,209,6,203,203,0.1495216095359688,0.028708133971291867,0.028708133971291867,0.9712918660287081,3b188221263ad4673846ce5170fa622b5395e51a4aaa750114e1793d3986975b,55416c987a2d25f9177dd974307ae595761c1db31ecaa9d7561fb6c42d4d5e7c,00d1e59ce78baffbf9d24361ac8ba16a1d577b22cb193e15596627259190ed07,0c06b88fd09cd514745b699e6b6a7e12901db8d3247e42b582feaf1f7e91c04a,1eafe424a4c718d6a3b18cff938036f958858c70b344740788993b119bfbb04b,9c2f903993167fc2a228b3cfe60a23fe33f57f252bae6299458338cb8eb967ad,3f630dfcc8a1c2a19b093e7fe0f4bdc7f830fef42266fcf1156112f0eb959046,11f4fe862570895441036964a9b308e92c2ee6ba8a87b5da9009ffd5208a4bda,2c6d6a597c6b1b321c4f632291c22dfe5788a058fe82fd65114a5a59d5d0be83,3a365f5dd3e9d410585a34695bb444d67b220c4b40a9348288a540078bc27f75
joint,B0,False,2024-08-31,landsat-8,1048,66,210,210,210,0,210,210,0.11870258035124923,0.0,0.0,1.0,3b188221263ad4673846ce5170fa622b5395e51a4aaa750114e1793d3986975b,55416c987a2d25f9177dd974307ae595761c1db31ecaa9d7561fb6c42d4d5e7c,00d1e59ce78baffbf9d24361ac8ba16a1d577b22cb193e15596627259190ed07,0c06b88fd09cd514745b699e6b6a7e12901db8d3247e42b582feaf1f7e91c04a,1eafe424a4c718d6a3b18cff938036f958858c70b344740788993b119bfbb04b,9c2f903993167fc2a228b3cfe60a23fe33f57f252bae6299458338cb8eb967ad,3f630dfcc8a1c2a19b093e7fe0f4bdc7f830fef42266fcf1156112f0eb959046,11f4fe862570895441036964a9b308e92c2ee6ba8a87b5da9009ffd5208a4bda,2c6d6a597c6b1b321c4f632291c22dfe5788a058fe82fd65114a5a59d5d0be83,3a365f5dd3e9d410585a34695bb444d67b220c4b40a9348288a540078bc27f75
joint,B0,False,2024-09-08,landsat-9,1087,71,218,218,218,2,216,216,0.12364900657340502,0.009174311926605505,0.009174311926605505,0.9908256880733946,3b188221263ad4673846ce5170fa622b5395e51a4aaa750114e1793d3986975b,55416c987a2d25f9177dd974307ae595761c1db31ecaa9d7561fb6c42d4d5e7c,00d1e59ce78baffbf9d24361ac8ba16a1d577b22cb193e15596627259190ed07,0c06b88fd09cd514745b699e6b6a7e12901db8d3247e42b582feaf1f7e91c04a,1eafe424a4c718d6a3b18cff938036f958858c70b344740788993b119bfbb04b,9c2f903993167fc2a228b3cfe60a23fe33f57f252bae6299458338cb8eb967ad,3f630dfcc8a1c2a19b093e7fe0f4bdc7f830fef42266fcf1156112f0eb959046,11f4fe862570895441036964a9b308e92c2ee6ba8a87b5da9009ffd5208a4bda,2c6d6a597c6b1b321c4f632291c22dfe5788a058fe82fd65114a5a59d5d0be83,3a365f5dd3e9d410585a34695bb444d67b220c4b40a9348288a540078bc27f75
joint,B0,False,2024-10-18,landsat-8,1091,71,219,219,219,19,200,200,0.16004094014397044,0.0867579908675799,0.0867579908675799,0.91324200913242,3b188221263ad4673846ce5170fa622b5395e51a4aaa750114e1793d3986975b,55416c987a2d25f9177dd974307ae595761c1db31ecaa9d7561fb6c42d4d5e7c,00d1e59ce78baffbf9d24361ac8ba16a1d577b22cb193e15596627259190ed07,0c06b88fd09cd514745b699e6b6a7e12901db8d3247e42b582feaf1f7e91c04a,1eafe424a4c718d6a3b18cff938036f958858c70b344740788993b119bfbb04b,9c2f903993167fc2a228b3cfe60a23fe33f57f252bae6299458338cb8eb967ad,3f630dfcc8a1c2a19b093e7fe0f4bdc7f830fef42266fcf1156112f0eb959046,11f4fe862570895441036964a9b308e92c2ee6ba8a87b5da9009ffd5208a4bda,2c6d6a597c6b1b321c4f632291c22dfe5788a058fe82fd65114a5a59d5d0be83,3a365f5dd3e9d410585a34695bb444d67b220c4b40a9348288a540078bc27f75
joint,B1,True,2020-05-16,landsat-8,1061,69,213,213,213,38,175,175,0.2228323776422984,0.1784037558685446,0.1784037558685446,0.8215962441314554,3b188221263ad4673846ce5170fa622b5395e51a4aaa750114e1793d3986975b,55416c987a2d25f9177dd974307ae595761c1db31ecaa9d7561fb6c42d4d5e7c,00d1e59ce78baffbf9d24361ac8ba16a1d577b22cb193e15596627259190ed07,0c06b88fd09cd514745b699e6b6a7e12901db8d3247e42b582feaf1f7e91c04a,1eafe424a4c718d6a3b18cff938036f958858c70b344740788993b119bfbb04b,9c2f903993167fc2a228b3cfe60a23fe33f57f252bae6299458338cb8eb967ad,3f630dfcc8a1c2a19b093e7fe0f4bdc7f830fef42266fcf1156112f0eb959046,11f4fe862570895441036964a9b308e92c2ee6ba8a87b5da9009ffd5208a4bda,2c6d6a597c6b1b321c4f632291c22dfe5788a058fe82fd65114a5a59d5d0be83,3a365f5dd3e9d410585a34695bb444d67b220c4b40a9348288a540078bc27f75
joint,B1,True,2020-07-03,landsat-8,1073,70,215,215,215,52,163,163,0.2690912040336836,0.24186046511627907,0.24186046511627907,0.7581395348837209,3b188221263ad4673846ce5170fa622b5395e51a4aaa750114e1793d3986975b,55416c987a2d25f9177dd974307ae595761c1db31ecaa9d7561fb6c42d4d5e7c,00d1e59ce78baffbf9d24361ac8ba16a1d577b22cb193e15596627259190ed07,0c06b88fd09cd514745b699e6b6a7e12901db8d3247e42b582feaf1f7e91c04a,1eafe424a4c718d6a3b18cff938036f958858c70b344740788993b119bfbb04b,9c2f903993167fc2a228b3cfe60a23fe33f57f252bae6299458338cb8eb967ad,3f630dfcc8a1c2a19b093e7fe0f4bdc7f830fef42266fcf1156112f0eb959046,11f4fe862570895441036964a9b308e92c2ee6ba8a87b5da9009ffd5208a4bda,2c6d6a597c6b1b321c4f632291c22dfe5788a058fe82fd65114a5a59d5d0be83,3a365f5dd3e9d410585a34695bb444d67b220c4b40a9348288a540078bc27f75
joint,B1,True,2020-07-19,landsat-8,1050,68,210,210,210,130,80,80,0.5608530050556025,0.6190476190476191,0.6190476190476191,0.38095238095238093,3b188221263ad4673846ce5170fa622b5395e51a4aaa750114e1793d3986975b,55416c987a2d25f9177dd974307ae595761c1db31ecaa9d7561fb6c42d4d5e7c,00d1e59ce78baffbf9d24361ac8ba16a1d577b22cb193e15596627259190ed07,0c06b88fd09cd514745b699e6b6a7e12901db8d3247e42b582feaf1f7e91c04a,1eafe424a4c718d6a3b18cff938036f958858c70b344740788993b119bfbb04b,9c2f903993167fc2a228b3cfe60a23fe33f57f252bae6299458338cb8eb967ad,3f630dfcc8a1c2a19b093e7fe0f4bdc7f830fef42266fcf1156112f0eb959046,11f4fe862570895441036964a9b308e92c2ee6ba8a87b5da9009ffd5208a4bda,2c6d6a597c6b1b321c4f632291c22dfe5788a058fe82fd65114a5a59d5d0be83,3a365f5dd3e9d410585a34695bb444d67b220c4b40a9348288a540078bc27f75
joint,B1,True,2020-08-20,landsat-8,1080,71,216,216,216,65,151,151,0.22988722473456752,0.30092592592592593,0.30092592592592593,0.6990740740740741,3b188221263ad4673846ce5170fa622b5395e51a4aaa750114e1793d3986975b,55416c987a2d25f9177dd974307ae595761c1db31ecaa9d7561fb6c42d4d5e7c,00d1e59ce78baffbf9d24361ac8ba16a1d577b22cb193e15596627259190ed07,0c06b88fd09cd514745b699e6b6a7e12901db8d3247e42b582feaf1f7e91c04a,1eafe424a4c718d6a3b18cff938036f958858c70b344740788993b119bfbb04b,9c2f903993167fc2a228b3cfe60a23fe33f57f252bae6299458338cb8eb967ad,3f630dfcc8a1c2a19b093e7fe0f4bdc7f830fef42266fcf1156112f0eb959046,11f4fe862570895441036964a9b308e92c2ee6ba8a87b5da9009ffd5208a4bda,2c6d6a597c6b1b321c4f632291c22dfe5788a058fe82fd65114a5a59d5d0be83,3a365f5dd3e9d410585a34695bb444d67b220c4b40a9348288a540078bc27f75
joint,B1,True,2020-09-05,landsat-8,1086,71,218,218,218,127,91,91,0.6708580545729631,0.5825688073394495,0.5825688073394495,0.41743119266055045,3b188221263ad4673846ce5170fa622b5395e51a4aaa750114e1793d3986975b,55416c987a2d25f9177dd974307ae595761c1db31ecaa9d7561fb6c42d4d5e7c,00d1e59ce78baffbf9d24361ac8ba16a1d577b22cb193e15596627259190ed07,0c06b88fd09cd514745b699e6b6a7e12901db8d3247e42b582feaf1f7e91c04a,1eafe424a4c718d6a3b18cff938036f958858c70b344740788993b119bfbb04b,9c2f903993167fc2a228b3cfe60a23fe33f57f252bae6299458338cb8eb967ad,3f630dfcc8a1c2a19b093e7fe0f4bdc7f830fef42266fcf1156112f0eb959046,11f4fe862570895441036964a9b308e92c2ee6ba8a87b5da9009ffd5208a4bda,2c6d6a597c6b1b321c4f632291c22dfe5788a058fe82fd65114a5a59d5d0be83,3a365f5dd3e9d410585a34695bb444d67b220c4b40a9348288a540078bc27f75
joint,B1,True,2021-07-06,landsat-8,1068,66,214,214,214,66,148,148,0.27393715030770166,0.308411214953271,0.308411214953271,0.6915887850467289,3b188221263ad4673846ce5170fa622b5395e51a4aaa750114e1793d3986975b,55416c987a2d25f9177dd974307ae595761c1db31ecaa9d7561fb6c42d4d5e7c,00d1e59ce78baffbf9d24361ac8ba16a1d577b22cb193e15596627259190ed07,0c06b88fd09cd514745b699e6b6a7e12901db8d3247e42b582feaf1f7e91c04a,1eafe424a4c718d6a3b18cff938036f958858c70b344740788993b119bfbb04b,9c2f903993167fc2a228b3cfe60a23fe33f57f252bae6299458338cb8eb967ad,3f630dfcc8a1c2a19b093e7fe0f4bdc7f830fef42266fcf1156112f0eb959046,11f4fe862570895441036964a9b308e92c2ee6ba8a87b5da9009ffd5208a4bda,2c6d6a597c6b1b321c4f632291c22dfe5788a058fe82fd65114a5a59d5d0be83,3a365f5dd3e9d410585a34695bb444d67b220c4b40a9348288a540078bc27f75
joint,B1,True,2021-08-07,landsat-8,1064,69,213,213,213,39,174,174,0.2337484563468246,0.18309859154929578,0.18309859154929578,0.8169014084507042,3b188221263ad4673846ce5170fa622b5395e51a4aaa750114e1793d3986975b,55416c987a2d25f9177dd974307ae595761c1db31ecaa9d7561fb6c42d4d5e7c,00d1e59ce78baffbf9d24361ac8ba16a1d577b22cb193e15596627259190ed07,0c06b88fd09cd514745b699e6b6a7e12901db8d3247e42b582feaf1f7e91c04a,1eafe424a4c718d6a3b18cff938036f958858c70b344740788993b119bfbb04b,9c2f903993167fc2a228b3cfe60a23fe33f57f252bae6299458338cb8eb967ad,3f630dfcc8a1c2a19b093e7fe0f4bdc7f830fef42266fcf1156112f0eb959046,11f4fe862570895441036964a9b308e92c2ee6ba8a87b5da9009ffd5208a4bda,2c6d6a597c6b1b321c4f632291c22dfe5788a058fe82fd65114a5a59d5d0be83,3a365f5dd3e9d410585a34695bb444d67b220c4b40a9348288a540078bc27f75
joint,B1,True,2021-10-26,landsat-8,1094,71,219,219,219,47,172,172,0.17227930660612928,0.2146118721461187,0.2146118721461187,0.7853881278538812,3b188221263ad4673846ce5170fa622b5395e51a4aaa750114e1793d3986975b,55416c987a2d25f9177dd974307ae595761c1db31ecaa9d7561fb6c42d4d5e7c,00d1e59ce78baffbf9d24361ac8ba16a1d577b22cb193e15596627259190ed07,0c06b88fd09cd514745b699e6b6a7e12901db8d3247e42b582feaf1f7e91c04a,1eafe424a4c718d6a3b18cff938036f958858c70b344740788993b119bfbb04b,9c2f903993167fc2a228b3cfe60a23fe33f57f252bae6299458338cb8eb967ad,3f630dfcc8a1c2a19b093e7fe0f4bdc7f830fef42266fcf1156112f0eb959046,11f4fe862570895441036964a9b308e92c2ee6ba8a87b5da9009ffd5208a4bda,2c6d6a597c6b1b321c4f632291c22dfe5788a058fe82fd65114a5a59d5d0be83,3a365f5dd3e9d410585a34695bb444d67b220c4b40a9348288a540078bc27f75
joint,B1,True,2022-05-30,landsat-9,1055,67,211,211,211,102,109,109,0.3755952352165344,0.4834123222748815,0.4834123222748815,0.5165876777251185,3b188221263ad4673846ce5170fa622b5395e51a4aaa750114e1793d3986975b,55416c987a2d25f9177dd974307ae595761c1db31ecaa9d7561fb6c42d4d5e7c,00d1e59ce78baffbf9d24361ac8ba16a1d577b22cb193e15596627259190ed07,0c06b88fd09cd514745b699e6b6a7e12901db8d3247e42b582feaf1f7e91c04a,1eafe424a4c718d6a3b18cff938036f958858c70b344740788993b119bfbb04b,9c2f903993167fc2a228b3cfe60a23fe33f57f252bae6299458338cb8eb967ad,3f630dfcc8a1c2a19b093e7fe0f4bdc7f830fef42266fcf1156112f0eb959046,11f4fe862570895441036964a9b308e92c2ee6ba8a87b5da9009ffd5208a4bda,2c6d6a597c6b1b321c4f632291c22dfe5788a058fe82fd65114a5a59d5d0be83,3a365f5dd3e9d410585a34695bb444d67b220c4b40a9348288a540078bc27f75
joint,B1,True,2022-06-15,landsat-9,1067,69,214,214,214,102,112,112,0.3685368260548877,0.4766355140186916,0.4766355140186916,0.5233644859813084,3b188221263ad4673846ce5170fa622b5395e51a4aaa750114e1793d3986975b,55416c987a2d25f9177dd974307ae595761c1db31ecaa9d7561fb6c42d4d5e7c,00d1e59ce78baffbf9d24361ac8ba16a1d577b22cb193e15596627259190ed07,0c06b88fd09cd514745b699e6b6a7e12901db8d3247e42b582feaf1f7e91c04a,1eafe424a4c718d6a3b18cff938036f958858c70b344740788993b119bfbb04b,9c2f903993167fc2a228b3cfe60a23fe33f57f252bae6299458338cb8eb967ad,3f630dfcc8a1c2a19b093e7fe0f4bdc7f830fef42266fcf1156112f0eb959046,11f4fe862570895441036964a9b308e92c2ee6ba8a87b5da9009ffd5208a4bda,2c6d6a597c6b1b321c4f632291c22dfe5788a058fe82fd65114a5a59d5d0be83,3a365f5dd3e9d410585a34695bb444d67b220c4b40a9348288a540078bc27f75
joint,B1,True,2022-06-23,landsat-8,1059,69,212,212,212,159,53,53,0.7016275909253795,0.75,0.75,0.25,3b188221263ad4673846ce5170fa622b5395e51a4aaa750114e1793d3986975b,55416c987a2d25f9177dd974307ae595761c1db31ecaa9d7561fb6c42d4d5e7c,00d1e59ce78baffbf9d24361ac8ba16a1d577b22cb193e15596627259190ed07,0c06b88fd09cd514745b699e6b6a7e12901db8d3247e42b582feaf1f7e91c04a,1eafe424a4c718d6a3b18cff938036f958858c70b344740788993b119bfbb04b,9c2f903993167fc2a228b3cfe60a23fe33f57f252bae6299458338cb8eb967ad,3f630dfcc8a1c2a19b093e7fe0f4bdc7f830fef42266fcf1156112f0eb959046,11f4fe862570895441036964a9b308e92c2ee6ba8a87b5da9009ffd5208a4bda,2c6d6a597c6b1b321c4f632291c22dfe5788a058fe82fd65114a5a59d5d0be83,3a365f5dd3e9d410585a34695bb444d67b220c4b40a9348288a540078bc27f75
joint,B1,True,2022-07-01,landsat-9,1072,70,215,215,215,83,132,132,0.3041788138443511,0.386046511627907,0.386046511627907,0.6139534883720931,3b188221263ad4673846ce5170fa622b5395e51a4aaa750114e1793d3986975b,55416c987a2d25f9177dd974307ae595761c1db31ecaa9d7561fb6c42d4d5e7c,00d1e59ce78baffbf9d24361ac8ba16a1d577b22cb193e15596627259190ed07,0c06b88fd09cd514745b699e6b6a7e12901db8d3247e42b582feaf1f7e91c04a,1eafe424a4c718d6a3b18cff938036f958858c70b344740788993b119bfbb04b,9c2f903993167fc2a228b3cfe60a23fe33f57f252bae6299458338cb8eb967ad,3f630dfcc8a1c2a19b093e7fe0f4bdc7f830fef42266fcf1156112f0eb959046,11f4fe862570895441036964a9b308e92c2ee6ba8a87b5da9009ffd5208a4bda,2c6d6a597c6b1b321c4f632291c22dfe5788a058fe82fd65114a5a59d5d0be83,3a365f5dd3e9d410585a34695bb444d67b220c4b40a9348288a540078bc27f75
joint,B1,True,2022-07-09,landsat-8,1050,67,210,210,210,113,97,97,0.5000225510730014,0.5380952380952381,0.5380952380952381,0.46190476190476193,3b188221263ad4673846ce5170fa622b5395e51a4aaa750114e1793d3986975b,55416c987a2d25f9177dd974307ae595761c1db31ecaa9d7561fb6c42d4d5e7c,00d1e59ce78baffbf9d24361ac8ba16a1d577b22cb193e15596627259190ed07,0c06b88fd09cd514745b699e6b6a7e12901db8d3247e42b582feaf1f7e91c04a,1eafe424a4c718d6a3b18cff938036f958858c70b344740788993b119bfbb04b,9c2f903993167fc2a228b3cfe60a23fe33f57f252bae6299458338cb8eb967ad,3f630dfcc8a1c2a19b093e7fe0f4bdc7f830fef42266fcf1156112f0eb959046,11f4fe862570895441036964a9b308e92c2ee6ba8a87b5da9009ffd5208a4bda,2c6d6a597c6b1b321c4f632291c22dfe5788a058fe82fd65114a5a59d5d0be83,3a365f5dd3e9d410585a34695bb444d67b220c4b40a9348288a540078bc27f75
joint,B1,True,2022-07-25,landsat-8,1054,68,211,211,211,92,119,119,0.36592050757018946,0.43601895734597157,0.43601895734597157,0.5639810426540285,3b188221263ad4673846ce5170fa622b5395e51a4aaa750114e1793d3986975b,55416c987a2d25f9177dd974307ae595761c1db31ecaa9d7561fb6c42d4d5e7c,00d1e59ce78baffbf9d24361ac8ba16a1d577b22cb193e15596627259190ed07,0c06b88fd09cd514745b699e6b6a7e12901db8d3247e42b582feaf1f7e91c04a,1eafe424a4c718d6a3b18cff938036f958858c70b344740788993b119bfbb04b,9c2f903993167fc2a228b3cfe60a23fe33f57f252bae6299458338cb8eb967ad,3f630dfcc8a1c2a19b093e7fe0f4bdc7f830fef42266fcf1156112f0eb959046,11f4fe862570895441036964a9b308e92c2ee6ba8a87b5da9009ffd5208a4bda,2c6d6a597c6b1b321c4f632291c22dfe5788a058fe82fd65114a5a59d5d0be83,3a365f5dd3e9d410585a34695bb444d67b220c4b40a9348288a540078bc27f75
joint,B1,True,2022-08-02,landsat-9,1026,67,206,206,206,150,56,56,0.6516379121444313,0.7281553398058253,0.7281553398058253,0.27184466019417475,3b188221263ad4673846ce5170fa622b5395e51a4aaa750114e1793d3986975b,55416c987a2d25f9177dd974307ae595761c1db31ecaa9d7561fb6c42d4d5e7c,00d1e59ce78baffbf9d24361ac8ba16a1d577b22cb193e15596627259190ed07,0c06b88fd09cd514745b699e6b6a7e12901db8d3247e42b582feaf1f7e91c04a,1eafe424a4c718d6a3b18cff938036f958858c70b344740788993b119bfbb04b,9c2f903993167fc2a228b3cfe60a23fe33f57f252bae6299458338cb8eb967ad,3f630dfcc8a1c2a19b093e7fe0f4bdc7f830fef42266fcf1156112f0eb959046,11f4fe862570895441036964a9b308e92c2ee6ba8a87b5da9009ffd5208a4bda,2c6d6a597c6b1b321c4f632291c22dfe5788a058fe82fd65114a5a59d5d0be83,3a365f5dd3e9d410585a34695bb444d67b220c4b40a9348288a540078bc27f75
joint,B1,True,2022-08-26,landsat-8,1058,69,212,212,212,118,94,94,0.5566873042524403,0.5566037735849056,0.5566037735849056,0.44339622641509435,3b188221263ad4673846ce5170fa622b5395e51a4aaa750114e1793d3986975b,55416c987a2d25f9177dd974307ae595761c1db31ecaa9d7561fb6c42d4d5e7c,00d1e59ce78baffbf9d24361ac8ba16a1d577b22cb193e15596627259190ed07,0c06b88fd09cd514745b699e6b6a7e12901db8d3247e42b582feaf1f7e91c04a,1eafe424a4c718d6a3b18cff938036f958858c70b344740788993b119bfbb04b,9c2f903993167fc2a228b3cfe60a23fe33f57f252bae6299458338cb8eb967ad,3f630dfcc8a1c2a19b093e7fe0f4bdc7f830fef42266fcf1156112f0eb959046,11f4fe862570895441036964a9b308e92c2ee6ba8a87b5da9009ffd5208a4bda,2c6d6a597c6b1b321c4f632291c22dfe5788a058fe82fd65114a5a59d5d0be83,3a365f5dd3e9d410585a34695bb444d67b220c4b40a9348288a540078bc27f75
joint,B1,True,2022-09-03,landsat-9,1085,71,217,217,217,106,111,111,0.39803939025348006,0.48847926267281105,0.48847926267281105,0.511520737327189,3b188221263ad4673846ce5170fa622b5395e51a4aaa750114e1793d3986975b,55416c987a2d25f9177dd974307ae595761c1db31ecaa9d7561fb6c42d4d5e7c,00d1e59ce78baffbf9d24361ac8ba16a1d577b22cb193e15596627259190ed07,0c06b88fd09cd514745b699e6b6a7e12901db8d3247e42b582feaf1f7e91c04a,1eafe424a4c718d6a3b18cff938036f958858c70b344740788993b119bfbb04b,9c2f903993167fc2a228b3cfe60a23fe33f57f252bae6299458338cb8eb967ad,3f630dfcc8a1c2a19b093e7fe0f4bdc7f830fef42266fcf1156112f0eb959046,11f4fe862570895441036964a9b308e92c2ee6ba8a87b5da9009ffd5208a4bda,2c6d6a597c6b1b321c4f632291c22dfe5788a058fe82fd65114a5a59d5d0be83,3a365f5dd3e9d410585a34695bb444d67b220c4b40a9348288a540078bc27f75
joint,B1,True,2022-09-27,landsat-8,1081,71,217,217,217,155,62,62,0.7628501586994682,0.7142857142857143,0.7142857142857143,0.2857142857142857,3b188221263ad4673846ce5170fa622b5395e51a4aaa750114e1793d3986975b,55416c987a2d25f9177dd974307ae595761c1db31ecaa9d7561fb6c42d4d5e7c,00d1e59ce78baffbf9d24361ac8ba16a1d577b22cb193e15596627259190ed07,0c06b88fd09cd514745b699e6b6a7e12901db8d3247e42b582feaf1f7e91c04a,1eafe424a4c718d6a3b18cff938036f958858c70b344740788993b119bfbb04b,9c2f903993167fc2a228b3cfe60a23fe33f57f252bae6299458338cb8eb967ad,3f630dfcc8a1c2a19b093e7fe0f4bdc7f830fef42266fcf1156112f0eb959046,11f4fe862570895441036964a9b308e92c2ee6ba8a87b5da9009ffd5208a4bda,2c6d6a597c6b1b321c4f632291c22dfe5788a058fe82fd65114a5a59d5d0be83,3a365f5dd3e9d410585a34695bb444d67b220c4b40a9348288a540078bc27f75
joint,B1,True,2023-06-26,landsat-8,1038,62,208,208,208,59,149,149,0.2685996574560624,0.28365384615384615,0.28365384615384615,0.7163461538461539,3b188221263ad4673846ce5170fa622b5395e51a4aaa750114e1793d3986975b,55416c987a2d25f9177dd974307ae595761c1db31ecaa9d7561fb6c42d4d5e7c,00d1e59ce78baffbf9d24361ac8ba16a1d577b22cb193e15596627259190ed07,0c06b88fd09cd514745b699e6b6a7e12901db8d3247e42b582feaf1f7e91c04a,1eafe424a4c718d6a3b18cff938036f958858c70b344740788993b119bfbb04b,9c2f903993167fc2a228b3cfe60a23fe33f57f252bae6299458338cb8eb967ad,3f630dfcc8a1c2a19b093e7fe0f4bdc7f830fef42266fcf1156112f0eb959046,11f4fe862570895441036964a9b308e92c2ee6ba8a87b5da9009ffd5208a4bda,2c6d6a597c6b1b321c4f632291c22dfe5788a058fe82fd65114a5a59d5d0be83,3a365f5dd3e9d410585a34695bb444d67b220c4b40a9348288a540078bc27f75
joint,B1,True,2023-07-04,landsat-9,1059,66,212,212,212,58,154,154,0.20276053335286526,0.27358490566037735,0.27358490566037735,0.7264150943396226,3b188221263ad4673846ce5170fa622b5395e51a4aaa750114e1793d3986975b,55416c987a2d25f9177dd974307ae595761c1db31ecaa9d7561fb6c42d4d5e7c,00d1e59ce78baffbf9d24361ac8ba16a1d577b22cb193e15596627259190ed07,0c06b88fd09cd514745b699e6b6a7e12901db8d3247e42b582feaf1f7e91c04a,1eafe424a4c718d6a3b18cff938036f958858c70b344740788993b119bfbb04b,9c2f903993167fc2a228b3cfe60a23fe33f57f252bae6299458338cb8eb967ad,3f630dfcc8a1c2a19b093e7fe0f4bdc7f830fef42266fcf1156112f0eb959046,11f4fe862570895441036964a9b308e92c2ee6ba8a87b5da9009ffd5208a4bda,2c6d6a597c6b1b321c4f632291c22dfe5788a058fe82fd65114a5a59d5d0be83,3a365f5dd3e9d410585a34695bb444d67b220c4b40a9348288a540078bc27f75
joint,B1,True,2023-07-12,landsat-8,1060,69,212,212,212,64,148,148,0.29236901863597187,0.3018867924528302,0.3018867924528302,0.6981132075471698,3b188221263ad4673846ce5170fa622b5395e51a4aaa750114e1793d3986975b,55416c987a2d25f9177dd974307ae595761c1db31ecaa9d7561fb6c42d4d5e7c,00d1e59ce78baffbf9d24361ac8ba16a1d577b22cb193e15596627259190ed07,0c06b88fd09cd514745b699e6b6a7e12901db8d3247e42b582feaf1f7e91c04a,1eafe424a4c718d6a3b18cff938036f958858c70b344740788993b119bfbb04b,9c2f903993167fc2a228b3cfe60a23fe33f57f252bae6299458338cb8eb967ad,3f630dfcc8a1c2a19b093e7fe0f4bdc7f830fef42266fcf1156112f0eb959046,11f4fe862570895441036964a9b308e92c2ee6ba8a87b5da9009ffd5208a4bda,2c6d6a597c6b1b321c4f632291c22dfe5788a058fe82fd65114a5a59d5d0be83,3a365f5dd3e9d410585a34695bb444d67b220c4b40a9348288a540078bc27f75
joint,B1,True,2023-07-20,landsat-9,1072,69,215,215,215,152,63,63,0.6733900382192559,0.7069767441860465,0.7069767441860465,0.2930232558139535,3b188221263ad4673846ce5170fa622b5395e51a4aaa750114e1793d3986975b,55416c987a2d25f9177dd974307ae595761c1db31ecaa9d7561fb6c42d4d5e7c,00d1e59ce78baffbf9d24361ac8ba16a1d577b22cb193e15596627259190ed07,0c06b88fd09cd514745b699e6b6a7e12901db8d3247e42b582feaf1f7e91c04a,1eafe424a4c718d6a3b18cff938036f958858c70b344740788993b119bfbb04b,9c2f903993167fc2a228b3cfe60a23fe33f57f252bae6299458338cb8eb967ad,3f630dfcc8a1c2a19b093e7fe0f4bdc7f830fef42266fcf1156112f0eb959046,11f4fe862570895441036964a9b308e92c2ee6ba8a87b5da9009ffd5208a4bda,2c6d6a597c6b1b321c4f632291c22dfe5788a058fe82fd65114a5a59d5d0be83,3a365f5dd3e9d410585a34695bb444d67b220c4b40a9348288a540078bc27f75
joint,B1,True,2023-08-05,landsat-9,1076,69,216,216,216,46,170,170,0.2588890275292426,0.21296296296296297,0.21296296296296297,0.7870370370370371,3b188221263ad4673846ce5170fa622b5395e51a4aaa750114e1793d3986975b,55416c987a2d25f9177dd974307ae595761c1db31ecaa9d7561fb6c42d4d5e7c,00d1e59ce78baffbf9d24361ac8ba16a1d577b22cb193e15596627259190ed07,0c06b88fd09cd514745b699e6b6a7e12901db8d3247e42b582feaf1f7e91c04a,1eafe424a4c718d6a3b18cff938036f958858c70b344740788993b119bfbb04b,9c2f903993167fc2a228b3cfe60a23fe33f57f252bae6299458338cb8eb967ad,3f630dfcc8a1c2a19b093e7fe0f4bdc7f830fef42266fcf1156112f0eb959046,11f4fe862570895441036964a9b308e92c2ee6ba8a87b5da9009ffd5208a4bda,2c6d6a597c6b1b321c4f632291c22dfe5788a058fe82fd65114a5a59d5d0be83,3a365f5dd3e9d410585a34695bb444d67b220c4b40a9348288a540078bc27f75
joint,B1,True,2023-08-13,landsat-8,1063,68,213,213,213,78,135,135,0.3916495254047483,0.36619718309859156,0.36619718309859156,0.6338028169014085,3b188221263ad4673846ce5170fa622b5395e51a4aaa750114e1793d3986975b,55416c987a2d25f9177dd974307ae595761c1db31ecaa9d7561fb6c42d4d5e7c,00d1e59ce78baffbf9d24361ac8ba16a1d577b22cb193e15596627259190ed07,0c06b88fd09cd514745b699e6b6a7e12901db8d3247e42b582feaf1f7e91c04a,1eafe424a4c718d6a3b18cff938036f958858c70b344740788993b119bfbb04b,9c2f903993167fc2a228b3cfe60a23fe33f57f252bae6299458338cb8eb967ad,3f630dfcc8a1c2a19b093e7fe0f4bdc7f830fef42266fcf1156112f0eb959046,11f4fe862570895441036964a9b308e92c2ee6ba8a87b5da9009ffd5208a4bda,2c6d6a597c6b1b321c4f632291c22dfe5788a058fe82fd65114a5a59d5d0be83,3a365f5dd3e9d410585a34695bb444d67b220c4b40a9348288a540078bc27f75
joint,B1,True,2023-08-29,landsat-8,1088,71,218,218,218,104,114,114,0.40996727347513023,0.47706422018348627,0.47706422018348627,0.5229357798165137,3b188221263ad4673846ce5170fa622b5395e51a4aaa750114e1793d3986975b,55416c987a2d25f9177dd974307ae595761c1db31ecaa9d7561fb6c42d4d5e7c,00d1e59ce78baffbf9d24361ac8ba16a1d577b22cb193e15596627259190ed07,0c06b88fd09cd514745b699e6b6a7e12901db8d3247e42b582feaf1f7e91c04a,1eafe424a4c718d6a3b18cff938036f958858c70b344740788993b119bfbb04b,9c2f903993167fc2a228b3cfe60a23fe33f57f252bae6299458338cb8eb967ad,3f630dfcc8a1c2a19b093e7fe0f4bdc7f830fef42266fcf1156112f0eb959046,11f4fe862570895441036964a9b308e92c2ee6ba8a87b5da9009ffd5208a4bda,2c6d6a597c6b1b321c4f632291c22dfe5788a058fe82fd65114a5a59d5d0be83,3a365f5dd3e9d410585a34695bb444d67b220c4b40a9348288a540078bc27f75
joint,B1,True,2024-06-20,landsat-9,1050,65,210,210,210,64,146,146,0.26980378512824876,0.3047619047619048,0.3047619047619048,0.6952380952380952,3b188221263ad4673846ce5170fa622b5395e51a4aaa750114e1793d3986975b,55416c987a2d25f9177dd974307ae595761c1db31ecaa9d7561fb6c42d4d5e7c,00d1e59ce78baffbf9d24361ac8ba16a1d577b22cb193e15596627259190ed07,0c06b88fd09cd514745b699e6b6a7e12901db8d3247e42b582feaf1f7e91c04a,1eafe424a4c718d6a3b18cff938036f958858c70b344740788993b119bfbb04b,9c2f903993167fc2a228b3cfe60a23fe33f57f252bae6299458338cb8eb967ad,3f630dfcc8a1c2a19b093e7fe0f4bdc7f830fef42266fcf1156112f0eb959046,11f4fe862570895441036964a9b308e92c2ee6ba8a87b5da9009ffd5208a4bda,2c6d6a597c6b1b321c4f632291c22dfe5788a058fe82fd65114a5a59d5d0be83,3a365f5dd3e9d410585a34695bb444d67b220c4b40a9348288a540078bc27f75
joint,B1,True,2024-06-28,landsat-8,1060,69,212,212,212,13,199,199,0.14600287745087817,0.06132075471698113,0.06132075471698113,0.9386792452830188,3b188221263ad4673846ce5170fa622b5395e51a4aaa750114e1793d3986975b,55416c987a2d25f9177dd974307ae595761c1db31ecaa9d7561fb6c42d4d5e7c,00d1e59ce78baffbf9d24361ac8ba16a1d577b22cb193e15596627259190ed07,0c06b88fd09cd514745b699e6b6a7e12901db8d3247e42b582feaf1f7e91c04a,1eafe424a4c718d6a3b18cff938036f958858c70b344740788993b119bfbb04b,9c2f903993167fc2a228b3cfe60a23fe33f57f252bae6299458338cb8eb967ad,3f630dfcc8a1c2a19b093e7fe0f4bdc7f830fef42266fcf1156112f0eb959046,11f4fe862570895441036964a9b308e92c2ee6ba8a87b5da9009ffd5208a4bda,2c6d6a597c6b1b321c4f632291c22dfe5788a058fe82fd65114a5a59d5d0be83,3a365f5dd3e9d410585a34695bb444d67b220c4b40a9348288a540078bc27f75
joint,B1,True,2024-07-22,landsat-9,976,67,196,196,196,138,58,58,0.6399264820069968,0.7040816326530612,0.7040816326530612,0.29591836734693877,3b188221263ad4673846ce5170fa622b5395e51a4aaa750114e1793d3986975b,55416c987a2d25f9177dd974307ae595761c1db31ecaa9d7561fb6c42d4d5e7c,00d1e59ce78baffbf9d24361ac8ba16a1d577b22cb193e15596627259190ed07,0c06b88fd09cd514745b699e6b6a7e12901db8d3247e42b582feaf1f7e91c04a,1eafe424a4c718d6a3b18cff938036f958858c70b344740788993b119bfbb04b,9c2f903993167fc2a228b3cfe60a23fe33f57f252bae6299458338cb8eb967ad,3f630dfcc8a1c2a19b093e7fe0f4bdc7f830fef42266fcf1156112f0eb959046,11f4fe862570895441036964a9b308e92c2ee6ba8a87b5da9009ffd5208a4bda,2c6d6a597c6b1b321c4f632291c22dfe5788a058fe82fd65114a5a59d5d0be83,3a365f5dd3e9d410585a34695bb444d67b220c4b40a9348288a540078bc27f75
joint,B1,True,2024-07-30,landsat-8,1064,69,213,213,213,136,77,77,0.6182757081833634,0.6384976525821596,0.6384976525821596,0.3615023474178404,3b188221263ad4673846ce5170fa622b5395e51a4aaa750114e1793d3986975b,55416c987a2d25f9177dd974307ae595761c1db31ecaa9d7561fb6c42d4d5e7c,00d1e59ce78baffbf9d24361ac8ba16a1d577b22cb193e15596627259190ed07,0c06b88fd09cd514745b699e6b6a7e12901db8d3247e42b582feaf1f7e91c04a,1eafe424a4c718d6a3b18cff938036f958858c70b344740788993b119bfbb04b,9c2f903993167fc2a228b3cfe60a23fe33f57f252bae6299458338cb8eb967ad,3f630dfcc8a1c2a19b093e7fe0f4bdc7f830fef42266fcf1156112f0eb959046,11f4fe862570895441036964a9b308e92c2ee6ba8a87b5da9009ffd5208a4bda,2c6d6a597c6b1b321c4f632291c22dfe5788a058fe82fd65114a5a59d5d0be83,3a365f5dd3e9d410585a34695bb444d67b220c4b40a9348288a540078bc27f75
joint,B1,True,2024-08-15,landsat-8,1083,71,217,217,217,142,75,75,0.6122395757461874,0.6543778801843319,0.6543778801843319,0.3456221198156682,3b188221263ad4673846ce5170fa622b5395e51a4aaa750114e1793d3986975b,55416c987a2d25f9177dd974307ae595761c1db31ecaa9d7561fb6c42d4d5e7c,00d1e59ce78baffbf9d24361ac8ba16a1d577b22cb193e15596627259190ed07,0c06b88fd09cd514745b699e6b6a7e12901db8d3247e42b582feaf1f7e91c04a,1eafe424a4c718d6a3b18cff938036f958858c70b344740788993b119bfbb04b,9c2f903993167fc2a228b3cfe60a23fe33f57f252bae6299458338cb8eb967ad,3f630dfcc8a1c2a19b093e7fe0f4bdc7f830fef42266fcf1156112f0eb959046,11f4fe862570895441036964a9b308e92c2ee6ba8a87b5da9009ffd5208a4bda,2c6d6a597c6b1b321c4f632291c22dfe5788a058fe82fd65114a5a59d5d0be83,3a365f5dd3e9d410585a34695bb444d67b220c4b40a9348288a540078bc27f75
joint,B1,True,2024-08-23,landsat-9,1041,70,209,209,209,21,188,188,0.14096167000743653,0.10047846889952153,0.10047846889952153,0.8995215311004785,3b188221263ad4673846ce5170fa622b5395e51a4aaa750114e1793d3986975b,55416c987a2d25f9177dd974307ae595761c1db31ecaa9d7561fb6c42d4d5e7c,00d1e59ce78baffbf9d24361ac8ba16a1d577b22cb193e15596627259190ed07,0c06b88fd09cd514745b699e6b6a7e12901db8d3247e42b582feaf1f7e91c04a,1eafe424a4c718d6a3b18cff938036f958858c70b344740788993b119bfbb04b,9c2f903993167fc2a228b3cfe60a23fe33f57f252bae6299458338cb8eb967ad,3f630dfcc8a1c2a19b093e7fe0f4bdc7f830fef42266fcf1156112f0eb959046,11f4fe862570895441036964a9b308e92c2ee6ba8a87b5da9009ffd5208a4bda,2c6d6a597c6b1b321c4f632291c22dfe5788a058fe82fd65114a5a59d5d0be83,3a365f5dd3e9d410585a34695bb444d67b220c4b40a9348288a540078bc27f75
joint,B1,True,2024-08-31,landsat-8,1048,66,210,210,210,118,92,92,0.5187245861822481,0.5619047619047619,0.5619047619047619,0.4380952380952381,3b188221263ad4673846ce5170fa622b5395e51a4aaa750114e1793d3986975b,55416c987a2d25f9177dd974307ae595761c1db31ecaa9d7561fb6c42d4d5e7c,00d1e59ce78baffbf9d24361ac8ba16a1d577b22cb193e15596627259190ed07,0c06b88fd09cd514745b699e6b6a7e12901db8d3247e42b582feaf1f7e91c04a,1eafe424a4c718d6a3b18cff938036f958858c70b344740788993b119bfbb04b,9c2f903993167fc2a228b3cfe60a23fe33f57f252bae6299458338cb8eb967ad,3f630dfcc8a1c2a19b093e7fe0f4bdc7f830fef42266fcf1156112f0eb959046,11f4fe862570895441036964a9b308e92c2ee6ba8a87b5da9009ffd5208a4bda,2c6d6a597c6b1b321c4f632291c22dfe5788a058fe82fd65114a5a59d5d0be83,3a365f5dd3e9d410585a34695bb444d67b220c4b40a9348288a540078bc27f75
joint,B1,True,2024-09-08,landsat-9,1087,71,218,218,218,84,134,134,0.3019070720370598,0.3853211009174312,0.3853211009174312,0.6146788990825688,3b188221263ad4673846ce5170fa622b5395e51a4aaa750114e1793d3986975b,55416c987a2d25f9177dd974307ae595761c1db31ecaa9d7561fb6c42d4d5e7c,00d1e59ce78baffbf9d24361ac8ba16a1d577b22cb193e15596627259190ed07,0c06b88fd09cd514745b699e6b6a7e12901db8d3247e42b582feaf1f7e91c04a,1eafe424a4c718d6a3b18cff938036f958858c70b344740788993b119bfbb04b,9c2f903993167fc2a228b3cfe60a23fe33f57f252bae6299458338cb8eb967ad,3f630dfcc8a1c2a19b093e7fe0f4bdc7f830fef42266fcf1156112f0eb959046,11f4fe862570895441036964a9b308e92c2ee6ba8a87b5da9009ffd5208a4bda,2c6d6a597c6b1b321c4f632291c22dfe5788a058fe82fd65114a5a59d5d0be83,3a365f5dd3e9d410585a34695bb444d67b220c4b40a9348288a540078bc27f75
joint,B1,True,2024-10-18,landsat-8,1091,71,219,219,219,19,200,200,0.15717028775306832,0.0867579908675799,0.0867579908675799,0.91324200913242,3b188221263ad4673846ce5170fa622b5395e51a4aaa750114e1793d3986975b,55416c987a2d25f9177dd974307ae595761c1db31ecaa9d7561fb6c42d4d5e7c,00d1e59ce78baffbf9d24361ac8ba16a1d577b22cb193e15596627259190ed07,0c06b88fd09cd514745b699e6b6a7e12901db8d3247e42b582feaf1f7e91c04a,1eafe424a4c718d6a3b18cff938036f958858c70b344740788993b119bfbb04b,9c2f903993167fc2a228b3cfe60a23fe33f57f252bae6299458338cb8eb967ad,3f630dfcc8a1c2a19b093e7fe0f4bdc7f830fef42266fcf1156112f0eb959046,11f4fe862570895441036964a9b308e92c2ee6ba8a87b5da9009ffd5208a4bda,2c6d6a597c6b1b321c4f632291c22dfe5788a058fe82fd65114a5a59d5d0be83,3a365f5dd3e9d410585a34695bb444d67b220c4b40a9348288a540078bc27f75
joint,B2,False,2020-05-16,landsat-8,1061,69,213,213,213,69,144,144,0.2959570922261281,0.323943661971831,0.323943661971831,0.676056338028169,3b188221263ad4673846ce5170fa622b5395e51a4aaa750114e1793d3986975b,55416c987a2d25f9177dd974307ae595761c1db31ecaa9d7561fb6c42d4d5e7c,00d1e59ce78baffbf9d24361ac8ba16a1d577b22cb193e15596627259190ed07,0c06b88fd09cd514745b699e6b6a7e12901db8d3247e42b582feaf1f7e91c04a,1eafe424a4c718d6a3b18cff938036f958858c70b344740788993b119bfbb04b,9c2f903993167fc2a228b3cfe60a23fe33f57f252bae6299458338cb8eb967ad,3f630dfcc8a1c2a19b093e7fe0f4bdc7f830fef42266fcf1156112f0eb959046,11f4fe862570895441036964a9b308e92c2ee6ba8a87b5da9009ffd5208a4bda,2c6d6a597c6b1b321c4f632291c22dfe5788a058fe82fd65114a5a59d5d0be83,3a365f5dd3e9d410585a34695bb444d67b220c4b40a9348288a540078bc27f75
joint,B2,False,2020-07-03,landsat-8,1073,70,215,215,215,149,66,66,0.6719432872979269,0.6930232558139535,0.6930232558139535,0.30697674418604654,3b188221263ad4673846ce5170fa622b5395e51a4aaa750114e1793d3986975b,55416c987a2d25f9177dd974307ae595761c1db31ecaa9d7561fb6c42d4d5e7c,00d1e59ce78baffbf9d24361ac8ba16a1d577b22cb193e15596627259190ed07,0c06b88fd09cd514745b699e6b6a7e12901db8d3247e42b582feaf1f7e91c04a,1eafe424a4c718d6a3b18cff938036f958858c70b344740788993b119bfbb04b,9c2f903993167fc2a228b3cfe60a23fe33f57f252bae6299458338cb8eb967ad,3f630dfcc8a1c2a19b093e7fe0f4bdc7f830fef42266fcf1156112f0eb959046,11f4fe862570895441036964a9b308e92c2ee6ba8a87b5da9009ffd5208a4bda,2c6d6a597c6b1b321c4f632291c22dfe5788a058fe82fd65114a5a59d5d0be83,3a365f5dd3e9d410585a34695bb444d67b220c4b40a9348288a540078bc27f75
joint,B2,False,2020-07-19,landsat-8,1050,68,210,210,210,139,71,71,0.6905736972043782,0.6619047619047619,0.6619047619047619,0.3380952380952381,3b188221263ad4673846ce5170fa622b5395e51a4aaa750114e1793d3986975b,55416c987a2d25f9177dd974307ae595761c1db31ecaa9d7561fb6c42d4d5e7c,00d1e59ce78baffbf9d24361ac8ba16a1d577b22cb193e15596627259190ed07,0c06b88fd09cd514745b699e6b6a7e12901db8d3247e42b582feaf1f7e91c04a,1eafe424a4c718d6a3b18cff938036f958858c70b344740788993b119bfbb04b,9c2f903993167fc2a228b3cfe60a23fe33f57f252bae6299458338cb8eb967ad,3f630dfcc8a1c2a19b093e7fe0f4bdc7f830fef42266fcf1156112f0eb959046,11f4fe862570895441036964a9b308e92c2ee6ba8a87b5da9009ffd5208a4bda,2c6d6a597c6b1b321c4f632291c22dfe5788a058fe82fd65114a5a59d5d0be83,3a365f5dd3e9d410585a34695bb444d67b220c4b40a9348288a540078bc27f75
joint,B2,False,2020-08-20,landsat-8,1080,71,216,216,216,122,94,94,0.5217589788256692,0.5648148148148148,0.5648148148148148,0.4351851851851852,3b188221263ad4673846ce5170fa622b5395e51a4aaa750114e1793d3986975b,55416c987a2d25f9177dd974307ae595761c1db31ecaa9d7561fb6c42d4d5e7c,00d1e59ce78baffbf9d24361ac8ba16a1d577b22cb193e15596627259190ed07,0c06b88fd09cd514745b699e6b6a7e12901db8d3247e42b582feaf1f7e91c04a,1eafe424a4c718d6a3b18cff938036f958858c70b344740788993b119bfbb04b,9c2f903993167fc2a228b3cfe60a23fe33f57f252bae6299458338cb8eb967ad,3f630dfcc8a1c2a19b093e7fe0f4bdc7f830fef42266fcf1156112f0eb959046,11f4fe862570895441036964a9b308e92c2ee6ba8a87b5da9009ffd5208a4bda,2c6d6a597c6b1b321c4f632291c22dfe5788a058fe82fd65114a5a59d5d0be83,3a365f5dd3e9d410585a34695bb444d67b220c4b40a9348288a540078bc27f75
joint,B2,False,2020-09-05,landsat-8,1086,71,218,218,218,171,47,47,0.8408884746652845,0.7844036697247706,0.7844036697247706,0.21559633027522937,3b188221263ad4673846ce5170fa622b5395e51a4aaa750114e1793d3986975b,55416c987a2d25f9177dd974307ae595761c1db31ecaa9d7561fb6c42d4d5e7c,00d1e59ce78baffbf9d24361ac8ba16a1d577b22cb193e15596627259190ed07,0c06b88fd09cd514745b699e6b6a7e12901db8d3247e42b582feaf1f7e91c04a,1eafe424a4c718d6a3b18cff938036f958858c70b344740788993b119bfbb04b,9c2f903993167fc2a228b3cfe60a23fe33f57f252bae6299458338cb8eb967ad,3f630dfcc8a1c2a19b093e7fe0f4bdc7f830fef42266fcf1156112f0eb959046,11f4fe862570895441036964a9b308e92c2ee6ba8a87b5da9009ffd5208a4bda,2c6d6a597c6b1b321c4f632291c22dfe5788a058fe82fd65114a5a59d5d0be83,3a365f5dd3e9d410585a34695bb444d67b220c4b40a9348288a540078bc27f75
joint,B2,False,2021-07-06,landsat-8,1068,66,214,214,214,117,97,97,0.5580468401545431,0.5467289719626168,0.5467289719626168,0.4532710280373832,3b188221263ad4673846ce5170fa622b5395e51a4aaa750114e1793d3986975b,55416c987a2d25f9177dd974307ae595761c1db31ecaa9d7561fb6c42d4d5e7c,00d1e59ce78baffbf9d24361ac8ba16a1d577b22cb193e15596627259190ed07,0c06b88fd09cd514745b699e6b6a7e12901db8d3247e42b582feaf1f7e91c04a,1eafe424a4c718d6a3b18cff938036f958858c70b344740788993b119bfbb04b,9c2f903993167fc2a228b3cfe60a23fe33f57f252bae6299458338cb8eb967ad,3f630dfcc8a1c2a19b093e7fe0f4bdc7f830fef42266fcf1156112f0eb959046,11f4fe862570895441036964a9b308e92c2ee6ba8a87b5da9009ffd5208a4bda,2c6d6a597c6b1b321c4f632291c22dfe5788a058fe82fd65114a5a59d5d0be83,3a365f5dd3e9d410585a34695bb444d67b220c4b40a9348288a540078bc27f75
joint,B2,False,2021-08-07,landsat-8,1064,69,213,213,213,138,75,75,0.6702279209714772,0.647887323943662,0.647887323943662,0.352112676056338,3b188221263ad4673846ce5170fa622b5395e51a4aaa750114e1793d3986975b,55416c987a2d25f9177dd974307ae595761c1db31ecaa9d7561fb6c42d4d5e7c,00d1e59ce78baffbf9d24361ac8ba16a1d577b22cb193e15596627259190ed07,0c06b88fd09cd514745b699e6b6a7e12901db8d3247e42b582feaf1f7e91c04a,1eafe424a4c718d6a3b18cff938036f958858c70b344740788993b119bfbb04b,9c2f903993167fc2a228b3cfe60a23fe33f57f252bae6299458338cb8eb967ad,3f630dfcc8a1c2a19b093e7fe0f4bdc7f830fef42266fcf1156112f0eb959046,11f4fe862570895441036964a9b308e92c2ee6ba8a87b5da9009ffd5208a4bda,2c6d6a597c6b1b321c4f632291c22dfe5788a058fe82fd65114a5a59d5d0be83,3a365f5dd3e9d410585a34695bb444d67b220c4b40a9348288a540078bc27f75
joint,B2,False,2021-10-26,landsat-8,1094,71,219,219,219,20,199,199,0.17959395991121085,0.091324200913242,0.091324200913242,0.908675799086758,3b188221263ad4673846ce5170fa622b5395e51a4aaa750114e1793d3986975b,55416c987a2d25f9177dd974307ae595761c1db31ecaa9d7561fb6c42d4d5e7c,00d1e59ce78baffbf9d24361ac8ba16a1d577b22cb193e15596627259190ed07,0c06b88fd09cd514745b699e6b6a7e12901db8d3247e42b582feaf1f7e91c04a,1eafe424a4c718d6a3b18cff938036f958858c70b344740788993b119bfbb04b,9c2f903993167fc2a228b3cfe60a23fe33f57f252bae6299458338cb8eb967ad,3f630dfcc8a1c2a19b093e7fe0f4bdc7f830fef42266fcf1156112f0eb959046,11f4fe862570895441036964a9b308e92c2ee6ba8a87b5da9009ffd5208a4bda,2c6d6a597c6b1b321c4f632291c22dfe5788a058fe82fd65114a5a59d5d0be83,3a365f5dd3e9d410585a34695bb444d67b220c4b40a9348288a540078bc27f75
joint,B2,False,2022-05-30,landsat-9,1055,67,211,211,211,92,119,119,0.3938507123997515,0.43601895734597157,0.43601895734597157,0.5639810426540285,3b188221263ad4673846ce5170fa622b5395e51a4aaa750114e1793d3986975b,55416c987a2d25f9177dd974307ae595761c1db31ecaa9d7561fb6c42d4d5e7c,00d1e59ce78baffbf9d24361ac8ba16a1d577b22cb193e15596627259190ed07,0c06b88fd09cd514745b699e6b6a7e12901db8d3247e42b582feaf1f7e91c04a,1eafe424a4c718d6a3b18cff938036f958858c70b344740788993b119bfbb04b,9c2f903993167fc2a228b3cfe60a23fe33f57f252bae6299458338cb8eb967ad,3f630dfcc8a1c2a19b093e7fe0f4bdc7f830fef42266fcf1156112f0eb959046,11f4fe862570895441036964a9b308e92c2ee6ba8a87b5da9009ffd5208a4bda,2c6d6a597c6b1b321c4f632291c22dfe5788a058fe82fd65114a5a59d5d0be83,3a365f5dd3e9d410585a34695bb444d67b220c4b40a9348288a540078bc27f75
joint,B2,False,2022-06-15,landsat-9,1067,69,214,214,214,141,73,73,0.6708251920359839,0.6588785046728972,0.6588785046728972,0.3411214953271028,3b188221263ad4673846ce5170fa622b5395e51a4aaa750114e1793d3986975b,55416c987a2d25f9177dd974307ae595761c1db31ecaa9d7561fb6c42d4d5e7c,00d1e59ce78baffbf9d24361ac8ba16a1d577b22cb193e15596627259190ed07,0c06b88fd09cd514745b699e6b6a7e12901db8d3247e42b582feaf1f7e91c04a,1eafe424a4c718d6a3b18cff938036f958858c70b344740788993b119bfbb04b,9c2f903993167fc2a228b3cfe60a23fe33f57f252bae6299458338cb8eb967ad,3f630dfcc8a1c2a19b093e7fe0f4bdc7f830fef42266fcf1156112f0eb959046,11f4fe862570895441036964a9b308e92c2ee6ba8a87b5da9009ffd5208a4bda,2c6d6a597c6b1b321c4f632291c22dfe5788a058fe82fd65114a5a59d5d0be83,3a365f5dd3e9d410585a34695bb444d67b220c4b40a9348288a540078bc27f75
joint,B2,False,2022-06-23,landsat-8,1059,69,212,212,212,121,91,91,0.6031649416457977,0.5707547169811321,0.5707547169811321,0.42924528301886794,3b188221263ad4673846ce5170fa622b5395e51a4aaa750114e1793d3986975b,55416c987a2d25f9177dd974307ae595761c1db31ecaa9d7561fb6c42d4d5e7c,00d1e59ce78baffbf9d24361ac8ba16a1d577b22cb193e15596627259190ed07,0c06b88fd09cd514745b699e6b6a7e12901db8d3247e42b582feaf1f7e91c04a,1eafe424a4c718d6a3b18cff938036f958858c70b344740788993b119bfbb04b,9c2f903993167fc2a228b3cfe60a23fe33f57f252bae6299458338cb8eb967ad,3f630dfcc8a1c2a19b093e7fe0f4bdc7f830fef42266fcf1156112f0eb959046,11f4fe862570895441036964a9b308e92c2ee6ba8a87b5da9009ffd5208a4bda,2c6d6a597c6b1b321c4f632291c22dfe5788a058fe82fd65114a5a59d5d0be83,3a365f5dd3e9d410585a34695bb444d67b220c4b40a9348288a540078bc27f75
joint,B2,False,2022-07-01,landsat-9,1072,70,215,215,215,115,100,100,0.49677564076407493,0.5348837209302325,0.5348837209302325,0.46511627906976744,3b188221263ad4673846ce5170fa622b5395e51a4aaa750114e1793d3986975b,55416c987a2d25f9177dd974307ae595761c1db31ecaa9d7561fb6c42d4d5e7c,00d1e59ce78baffbf9d24361ac8ba16a1d577b22cb193e15596627259190ed07,0c06b88fd09cd514745b699e6b6a7e12901db8d3247e42b582feaf1f7e91c04a,1eafe424a4c718d6a3b18cff938036f958858c70b344740788993b119bfbb04b,9c2f903993167fc2a228b3cfe60a23fe33f57f252bae6299458338cb8eb967ad,3f630dfcc8a1c2a19b093e7fe0f4bdc7f830fef42266fcf1156112f0eb959046,11f4fe862570895441036964a9b308e92c2ee6ba8a87b5da9009ffd5208a4bda,2c6d6a597c6b1b321c4f632291c22dfe5788a058fe82fd65114a5a59d5d0be83,3a365f5dd3e9d410585a34695bb444d67b220c4b40a9348288a540078bc27f75
joint,B2,False,2022-07-09,landsat-8,1050,67,210,210,210,121,89,89,0.6102466931834927,0.5761904761904761,0.5761904761904761,0.4238095238095238,3b188221263ad4673846ce5170fa622b5395e51a4aaa750114e1793d3986975b,55416c987a2d25f9177dd974307ae595761c1db31ecaa9d7561fb6c42d4d5e7c,00d1e59ce78baffbf9d24361ac8ba16a1d577b22cb193e15596627259190ed07,0c06b88fd09cd514745b699e6b6a7e12901db8d3247e42b582feaf1f7e91c04a,1eafe424a4c718d6a3b18cff938036f958858c70b344740788993b119bfbb04b,9c2f903993167fc2a228b3cfe60a23fe33f57f252bae6299458338cb8eb967ad,3f630dfcc8a1c2a19b093e7fe0f4bdc7f830fef42266fcf1156112f0eb959046,11f4fe862570895441036964a9b308e92c2ee6ba8a87b5da9009ffd5208a4bda,2c6d6a597c6b1b321c4f632291c22dfe5788a058fe82fd65114a5a59d5d0be83,3a365f5dd3e9d410585a34695bb444d67b220c4b40a9348288a540078bc27f75
joint,B2,False,2022-07-25,landsat-8,1054,68,211,211,211,127,84,84,0.6135385790230565,0.6018957345971564,0.6018957345971564,0.3981042654028436,3b188221263ad4673846ce5170fa622b5395e51a4aaa750114e1793d3986975b,55416c987a2d25f9177dd974307ae595761c1db31ecaa9d7561fb6c42d4d5e7c,00d1e59ce78baffbf9d24361ac8ba16a1d577b22cb193e15596627259190ed07,0c06b88fd09cd514745b699e6b6a7e12901db8d3247e42b582feaf1f7e91c04a,1eafe424a4c718d6a3b18cff938036f958858c70b344740788993b119bfbb04b,9c2f903993167fc2a228b3cfe60a23fe33f57f252bae6299458338cb8eb967ad,3f630dfcc8a1c2a19b093e7fe0f4bdc7f830fef42266fcf1156112f0eb959046,11f4fe862570895441036964a9b308e92c2ee6ba8a87b5da9009ffd5208a4bda,2c6d6a597c6b1b321c4f632291c22dfe5788a058fe82fd65114a5a59d5d0be83,3a365f5dd3e9d410585a34695bb444d67b220c4b40a9348288a540078bc27f75
joint,B2,False,2022-08-02,landsat-9,1026,67,206,206,206,124,82,82,0.6373042888110019,0.6019417475728155,0.6019417475728155,0.39805825242718446,3b188221263ad4673846ce5170fa622b5395e51a4aaa750114e1793d3986975b,55416c987a2d25f9177dd974307ae595761c1db31ecaa9d7561fb6c42d4d5e7c,00d1e59ce78baffbf9d24361ac8ba16a1d577b22cb193e15596627259190ed07,0c06b88fd09cd514745b699e6b6a7e12901db8d3247e42b582feaf1f7e91c04a,1eafe424a4c718d6a3b18cff938036f958858c70b344740788993b119bfbb04b,9c2f903993167fc2a228b3cfe60a23fe33f57f252bae6299458338cb8eb967ad,3f630dfcc8a1c2a19b093e7fe0f4bdc7f830fef42266fcf1156112f0eb959046,11f4fe862570895441036964a9b308e92c2ee6ba8a87b5da9009ffd5208a4bda,2c6d6a597c6b1b321c4f632291c22dfe5788a058fe82fd65114a5a59d5d0be83,3a365f5dd3e9d410585a34695bb444d67b220c4b40a9348288a540078bc27f75
joint,B2,False,2022-08-26,landsat-8,1058,69,212,212,212,123,89,89,0.606456708795418,0.5801886792452831,0.5801886792452831,0.419811320754717,3b188221263ad4673846ce5170fa622b5395e51a4aaa750114e1793d3986975b,55416c987a2d25f9177dd974307ae595761c1db31ecaa9d7561fb6c42d4d5e7c,00d1e59ce78baffbf9d24361ac8ba16a1d577b22cb193e15596627259190ed07,0c06b88fd09cd514745b699e6b6a7e12901db8d3247e42b582feaf1f7e91c04a,1eafe424a4c718d6a3b18cff938036f958858c70b344740788993b119bfbb04b,9c2f903993167fc2a228b3cfe60a23fe33f57f252bae6299458338cb8eb967ad,3f630dfcc8a1c2a19b093e7fe0f4bdc7f830fef42266fcf1156112f0eb959046,11f4fe862570895441036964a9b308e92c2ee6ba8a87b5da9009ffd5208a4bda,2c6d6a597c6b1b321c4f632291c22dfe5788a058fe82fd65114a5a59d5d0be83,3a365f5dd3e9d410585a34695bb444d67b220c4b40a9348288a540078bc27f75
joint,B2,False,2022-09-03,landsat-9,1085,71,217,217,217,124,93,93,0.5929084505120161,0.5714285714285714,0.5714285714285714,0.42857142857142855,3b188221263ad4673846ce5170fa622b5395e51a4aaa750114e1793d3986975b,55416c987a2d25f9177dd974307ae595761c1db31ecaa9d7561fb6c42d4d5e7c,00d1e59ce78baffbf9d24361ac8ba16a1d577b22cb193e15596627259190ed07,0c06b88fd09cd514745b699e6b6a7e12901db8d3247e42b582feaf1f7e91c04a,1eafe424a4c718d6a3b18cff938036f958858c70b344740788993b119bfbb04b,9c2f903993167fc2a228b3cfe60a23fe33f57f252bae6299458338cb8eb967ad,3f630dfcc8a1c2a19b093e7fe0f4bdc7f830fef42266fcf1156112f0eb959046,11f4fe862570895441036964a9b308e92c2ee6ba8a87b5da9009ffd5208a4bda,2c6d6a597c6b1b321c4f632291c22dfe5788a058fe82fd65114a5a59d5d0be83,3a365f5dd3e9d410585a34695bb444d67b220c4b40a9348288a540078bc27f75
joint,B2,False,2022-09-27,landsat-8,1081,71,217,217,217,145,72,72,0.6969295752057475,0.6682027649769585,0.6682027649769585,0.3317972350230415,3b188221263ad4673846ce5170fa622b5395e51a4aaa750114e1793d3986975b,55416c987a2d25f9177dd974307ae595761c1db31ecaa9d7561fb6c42d4d5e7c,00d1e59ce78baffbf9d24361ac8ba16a1d577b22cb193e15596627259190ed07,0c06b88fd09cd514745b699e6b6a7e12901db8d3247e42b582feaf1f7e91c04a,1eafe424a4c718d6a3b18cff938036f958858c70b344740788993b119bfbb04b,9c2f903993167fc2a228b3cfe60a23fe33f57f252bae6299458338cb8eb967ad,3f630dfcc8a1c2a19b093e7fe0f4bdc7f830fef42266fcf1156112f0eb959046,11f4fe862570895441036964a9b308e92c2ee6ba8a87b5da9009ffd5208a4bda,2c6d6a597c6b1b321c4f632291c22dfe5788a058fe82fd65114a5a59d5d0be83,3a365f5dd3e9d410585a34695bb444d67b220c4b40a9348288a540078bc27f75
joint,B2,False,2023-06-26,landsat-8,1038,62,208,208,208,124,84,84,0.5561591193061327,0.5961538461538461,0.5961538461538461,0.40384615384615385,3b188221263ad4673846ce5170fa622b5395e51a4aaa750114e1793d3986975b,55416c987a2d25f9177dd974307ae595761c1db31ecaa9d7561fb6c42d4d5e7c,00d1e59ce78baffbf9d24361ac8ba16a1d577b22cb193e15596627259190ed07,0c06b88fd09cd514745b699e6b6a7e12901db8d3247e42b582feaf1f7e91c04a,1eafe424a4c718d6a3b18cff938036f958858c70b344740788993b119bfbb04b,9c2f903993167fc2a228b3cfe60a23fe33f57f252bae6299458338cb8eb967ad,3f630dfcc8a1c2a19b093e7fe0f4bdc7f830fef42266fcf1156112f0eb959046,11f4fe862570895441036964a9b308e92c2ee6ba8a87b5da9009ffd5208a4bda,2c6d6a597c6b1b321c4f632291c22dfe5788a058fe82fd65114a5a59d5d0be83,3a365f5dd3e9d410585a34695bb444d67b220c4b40a9348288a540078bc27f75
joint,B2,False,2023-07-04,landsat-9,1059,66,212,212,212,68,144,144,0.373051200366563,0.32075471698113206,0.32075471698113206,0.6792452830188679,3b188221263ad4673846ce5170fa622b5395e51a4aaa750114e1793d3986975b,55416c987a2d25f9177dd974307ae595761c1db31ecaa9d7561fb6c42d4d5e7c,00d1e59ce78baffbf9d24361ac8ba16a1d577b22cb193e15596627259190ed07,0c06b88fd09cd514745b699e6b6a7e12901db8d3247e42b582feaf1f7e91c04a,1eafe424a4c718d6a3b18cff938036f958858c70b344740788993b119bfbb04b,9c2f903993167fc2a228b3cfe60a23fe33f57f252bae6299458338cb8eb967ad,3f630dfcc8a1c2a19b093e7fe0f4bdc7f830fef42266fcf1156112f0eb959046,11f4fe862570895441036964a9b308e92c2ee6ba8a87b5da9009ffd5208a4bda,2c6d6a597c6b1b321c4f632291c22dfe5788a058fe82fd65114a5a59d5d0be83,3a365f5dd3e9d410585a34695bb444d67b220c4b40a9348288a540078bc27f75
joint,B2,False,2023-07-12,landsat-8,1060,69,212,212,212,121,91,91,0.5610538818643586,0.5707547169811321,0.5707547169811321,0.42924528301886794,3b188221263ad4673846ce5170fa622b5395e51a4aaa750114e1793d3986975b,55416c987a2d25f9177dd974307ae595761c1db31ecaa9d7561fb6c42d4d5e7c,00d1e59ce78baffbf9d24361ac8ba16a1d577b22cb193e15596627259190ed07,0c06b88fd09cd514745b699e6b6a7e12901db8d3247e42b582feaf1f7e91c04a,1eafe424a4c718d6a3b18cff938036f958858c70b344740788993b119bfbb04b,9c2f903993167fc2a228b3cfe60a23fe33f57f252bae6299458338cb8eb967ad,3f630dfcc8a1c2a19b093e7fe0f4bdc7f830fef42266fcf1156112f0eb959046,11f4fe862570895441036964a9b308e92c2ee6ba8a87b5da9009ffd5208a4bda,2c6d6a597c6b1b321c4f632291c22dfe5788a058fe82fd65114a5a59d5d0be83,3a365f5dd3e9d410585a34695bb444d67b220c4b40a9348288a540078bc27f75
joint,B2,False,2023-07-20,landsat-9,1072,69,215,215,215,144,71,71,0.6800867625171366,0.6697674418604651,0.6697674418604651,0.3302325581395349,3b188221263ad4673846ce5170fa622b5395e51a4aaa750114e1793d3986975b,55416c987a2d25f9177dd974307ae595761c1db31ecaa9d7561fb6c42d4d5e7c,00d1e59ce78baffbf9d24361ac8ba16a1d577b22cb193e15596627259190ed07,0c06b88fd09cd514745b699e6b6a7e12901db8d3247e42b582feaf1f7e91c04a,1eafe424a4c718d6a3b18cff938036f958858c70b344740788993b119bfbb04b,9c2f903993167fc2a228b3cfe60a23fe33f57f252bae6299458338cb8eb967ad,3f630dfcc8a1c2a19b093e7fe0f4bdc7f830fef42266fcf1156112f0eb959046,11f4fe862570895441036964a9b308e92c2ee6ba8a87b5da9009ffd5208a4bda,2c6d6a597c6b1b321c4f632291c22dfe5788a058fe82fd65114a5a59d5d0be83,3a365f5dd3e9d410585a34695bb444d67b220c4b40a9348288a540078bc27f75
joint,B2,False,2023-08-05,landsat-9,1076,69,216,216,216,119,97,97,0.5631384098252528,0.5509259259259259,0.5509259259259259,0.44907407407407407,3b188221263ad4673846ce5170fa622b5395e51a4aaa750114e1793d3986975b,55416c987a2d25f9177dd974307ae595761c1db31ecaa9d7561fb6c42d4d5e7c,00d1e59ce78baffbf9d24361ac8ba16a1d577b22cb193e15596627259190ed07,0c06b88fd09cd514745b699e6b6a7e12901db8d3247e42b582feaf1f7e91c04a,1eafe424a4c718d6a3b18cff938036f958858c70b344740788993b119bfbb04b,9c2f903993167fc2a228b3cfe60a23fe33f57f252bae6299458338cb8eb967ad,3f630dfcc8a1c2a19b093e7fe0f4bdc7f830fef42266fcf1156112f0eb959046,11f4fe862570895441036964a9b308e92c2ee6ba8a87b5da9009ffd5208a4bda,2c6d6a597c6b1b321c4f632291c22dfe5788a058fe82fd65114a5a59d5d0be83,3a365f5dd3e9d410585a34695bb444d67b220c4b40a9348288a540078bc27f75
joint,B2,False,2023-08-13,landsat-8,1063,68,213,213,213,146,67,67,0.6962613739146685,0.6854460093896714,0.6854460093896714,0.3145539906103286,3b188221263ad4673846ce5170fa622b5395e51a4aaa750114e1793d3986975b,55416c987a2d25f9177dd974307ae595761c1db31ecaa9d7561fb6c42d4d5e7c,00d1e59ce78baffbf9d24361ac8ba16a1d577b22cb193e15596627259190ed07,0c06b88fd09cd514745b699e6b6a7e12901db8d3247e42b582feaf1f7e91c04a,1eafe424a4c718d6a3b18cff938036f958858c70b344740788993b119bfbb04b,9c2f903993167fc2a228b3cfe60a23fe33f57f252bae6299458338cb8eb967ad,3f630dfcc8a1c2a19b093e7fe0f4bdc7f830fef42266fcf1156112f0eb959046,11f4fe862570895441036964a9b308e92c2ee6ba8a87b5da9009ffd5208a4bda,2c6d6a597c6b1b321c4f632291c22dfe5788a058fe82fd65114a5a59d5d0be83,3a365f5dd3e9d410585a34695bb444d67b220c4b40a9348288a540078bc27f75
joint,B2,False,2023-08-29,landsat-8,1088,71,218,218,218,151,67,67,0.6990788226029311,0.6926605504587156,0.6926605504587156,0.3073394495412844,3b188221263ad4673846ce5170fa622b5395e51a4aaa750114e1793d3986975b,55416c987a2d25f9177dd974307ae595761c1db31ecaa9d7561fb6c42d4d5e7c,00d1e59ce78baffbf9d24361ac8ba16a1d577b22cb193e15596627259190ed07,0c06b88fd09cd514745b699e6b6a7e12901db8d3247e42b582feaf1f7e91c04a,1eafe424a4c718d6a3b18cff938036f958858c70b344740788993b119bfbb04b,9c2f903993167fc2a228b3cfe60a23fe33f57f252bae6299458338cb8eb967ad,3f630dfcc8a1c2a19b093e7fe0f4bdc7f830fef42266fcf1156112f0eb959046,11f4fe862570895441036964a9b308e92c2ee6ba8a87b5da9009ffd5208a4bda,2c6d6a597c6b1b321c4f632291c22dfe5788a058fe82fd65114a5a59d5d0be83,3a365f5dd3e9d410585a34695bb444d67b220c4b40a9348288a540078bc27f75
joint,B2,False,2024-06-20,landsat-9,1050,65,210,210,210,115,95,95,0.5162949282477676,0.5476190476190477,0.5476190476190477,0.4523809523809524,3b188221263ad4673846ce5170fa622b5395e51a4aaa750114e1793d3986975b,55416c987a2d25f9177dd974307ae595761c1db31ecaa9d7561fb6c42d4d5e7c,00d1e59ce78baffbf9d24361ac8ba16a1d577b22cb193e15596627259190ed07,0c06b88fd09cd514745b699e6b6a7e12901db8d3247e42b582feaf1f7e91c04a,1eafe424a4c718d6a3b18cff938036f958858c70b344740788993b119bfbb04b,9c2f903993167fc2a228b3cfe60a23fe33f57f252bae6299458338cb8eb967ad,3f630dfcc8a1c2a19b093e7fe0f4bdc7f830fef42266fcf1156112f0eb959046,11f4fe862570895441036964a9b308e92c2ee6ba8a87b5da9009ffd5208a4bda,2c6d6a597c6b1b321c4f632291c22dfe5788a058fe82fd65114a5a59d5d0be83,3a365f5dd3e9d410585a34695bb444d67b220c4b40a9348288a540078bc27f75
joint,B2,False,2024-06-28,landsat-8,1060,69,212,212,212,43,169,169,0.2558916094336192,0.2028301886792453,0.2028301886792453,0.7971698113207547,3b188221263ad4673846ce5170fa622b5395e51a4aaa750114e1793d3986975b,55416c987a2d25f9177dd974307ae595761c1db31ecaa9d7561fb6c42d4d5e7c,00d1e59ce78baffbf9d24361ac8ba16a1d577b22cb193e15596627259190ed07,0c06b88fd09cd514745b699e6b6a7e12901db8d3247e42b582feaf1f7e91c04a,1eafe424a4c718d6a3b18cff938036f958858c70b344740788993b119bfbb04b,9c2f903993167fc2a228b3cfe60a23fe33f57f252bae6299458338cb8eb967ad,3f630dfcc8a1c2a19b093e7fe0f4bdc7f830fef42266fcf1156112f0eb959046,11f4fe862570895441036964a9b308e92c2ee6ba8a87b5da9009ffd5208a4bda,2c6d6a597c6b1b321c4f632291c22dfe5788a058fe82fd65114a5a59d5d0be83,3a365f5dd3e9d410585a34695bb444d67b220c4b40a9348288a540078bc27f75
joint,B2,False,2024-07-22,landsat-9,976,67,196,196,196,119,77,77,0.663916625228432,0.6071428571428571,0.6071428571428571,0.39285714285714285,3b188221263ad4673846ce5170fa622b5395e51a4aaa750114e1793d3986975b,55416c987a2d25f9177dd974307ae595761c1db31ecaa9d7561fb6c42d4d5e7c,00d1e59ce78baffbf9d24361ac8ba16a1d577b22cb193e15596627259190ed07,0c06b88fd09cd514745b699e6b6a7e12901db8d3247e42b582feaf1f7e91c04a,1eafe424a4c718d6a3b18cff938036f958858c70b344740788993b119bfbb04b,9c2f903993167fc2a228b3cfe60a23fe33f57f252bae6299458338cb8eb967ad,3f630dfcc8a1c2a19b093e7fe0f4bdc7f830fef42266fcf1156112f0eb959046,11f4fe862570895441036964a9b308e92c2ee6ba8a87b5da9009ffd5208a4bda,2c6d6a597c6b1b321c4f632291c22dfe5788a058fe82fd65114a5a59d5d0be83,3a365f5dd3e9d410585a34695bb444d67b220c4b40a9348288a540078bc27f75
joint,B2,False,2024-07-30,landsat-8,1064,69,213,213,213,137,76,76,0.6489793789284983,0.6431924882629108,0.6431924882629108,0.3568075117370892,3b188221263ad4673846ce5170fa622b5395e51a4aaa750114e1793d3986975b,55416c987a2d25f9177dd974307ae595761c1db31ecaa9d7561fb6c42d4d5e7c,00d1e59ce78baffbf9d24361ac8ba16a1d577b22cb193e15596627259190ed07,0c06b88fd09cd514745b699e6b6a7e12901db8d3247e42b582feaf1f7e91c04a,1eafe424a4c718d6a3b18cff938036f958858c70b344740788993b119bfbb04b,9c2f903993167fc2a228b3cfe60a23fe33f57f252bae6299458338cb8eb967ad,3f630dfcc8a1c2a19b093e7fe0f4bdc7f830fef42266fcf1156112f0eb959046,11f4fe862570895441036964a9b308e92c2ee6ba8a87b5da9009ffd5208a4bda,2c6d6a597c6b1b321c4f632291c22dfe5788a058fe82fd65114a5a59d5d0be83,3a365f5dd3e9d410585a34695bb444d67b220c4b40a9348288a540078bc27f75
joint,B2,False,2024-08-15,landsat-8,1083,71,217,217,217,120,97,97,0.5392181362214702,0.5529953917050692,0.5529953917050692,0.4470046082949309,3b188221263ad4673846ce5170fa622b5395e51a4aaa750114e1793d3986975b,55416c987a2d25f9177dd974307ae595761c1db31ecaa9d7561fb6c42d4d5e7c,00d1e59ce78baffbf9d24361ac8ba16a1d577b22cb193e15596627259190ed07,0c06b88fd09cd514745b699e6b6a7e12901db8d3247e42b582feaf1f7e91c04a,1eafe424a4c718d6a3b18cff938036f958858c70b344740788993b119bfbb04b,9c2f903993167fc2a228b3cfe60a23fe33f57f252bae6299458338cb8eb967ad,3f630dfcc8a1c2a19b093e7fe0f4bdc7f830fef42266fcf1156112f0eb959046,11f4fe862570895441036964a9b308e92c2ee6ba8a87b5da9009ffd5208a4bda,2c6d6a597c6b1b321c4f632291c22dfe5788a058fe82fd65114a5a59d5d0be83,3a365f5dd3e9d410585a34695bb444d67b220c4b40a9348288a540078bc27f75
joint,B2,False,2024-08-23,landsat-9,1041,70,209,209,209,40,169,169,0.21694011846931233,0.19138755980861244,0.19138755980861244,0.8086124401913876,3b188221263ad4673846ce5170fa622b5395e51a4aaa750114e1793d3986975b,55416c987a2d25f9177dd974307ae595761c1db31ecaa9d7561fb6c42d4d5e7c,00d1e59ce78baffbf9d24361ac8ba16a1d577b22cb193e15596627259190ed07,0c06b88fd09cd514745b699e6b6a7e12901db8d3247e42b582feaf1f7e91c04a,1eafe424a4c718d6a3b18cff938036f958858c70b344740788993b119bfbb04b,9c2f903993167fc2a228b3cfe60a23fe33f57f252bae6299458338cb8eb967ad,3f630dfcc8a1c2a19b093e7fe0f4bdc7f830fef42266fcf1156112f0eb959046,11f4fe862570895441036964a9b308e92c2ee6ba8a87b5da9009ffd5208a4bda,2c6d6a597c6b1b321c4f632291c22dfe5788a058fe82fd65114a5a59d5d0be83,3a365f5dd3e9d410585a34695bb444d67b220c4b40a9348288a540078bc27f75
joint,B2,False,2024-08-31,landsat-8,1048,66,210,210,210,149,61,61,0.7561453922251189,0.7095238095238096,0.7095238095238096,0.2904761904761905,3b188221263ad4673846ce5170fa622b5395e51a4aaa750114e1793d3986975b,55416c987a2d25f9177dd974307ae595761c1db31ecaa9d7561fb6c42d4d5e7c,00d1e59ce78baffbf9d24361ac8ba16a1d577b22cb193e15596627259190ed07,0c06b88fd09cd514745b699e6b6a7e12901db8d3247e42b582feaf1f7e91c04a,1eafe424a4c718d6a3b18cff938036f958858c70b344740788993b119bfbb04b,9c2f903993167fc2a228b3cfe60a23fe33f57f252bae6299458338cb8eb967ad,3f630dfcc8a1c2a19b093e7fe0f4bdc7f830fef42266fcf1156112f0eb959046,11f4fe862570895441036964a9b308e92c2ee6ba8a87b5da9009ffd5208a4bda,2c6d6a597c6b1b321c4f632291c22dfe5788a058fe82fd65114a5a59d5d0be83,3a365f5dd3e9d410585a34695bb444d67b220c4b40a9348288a540078bc27f75
joint,B2,False,2024-09-08,landsat-9,1087,71,218,218,218,133,85,85,0.6007504784164323,0.6100917431192661,0.6100917431192661,0.38990825688073394,3b188221263ad4673846ce5170fa622b5395e51a4aaa750114e1793d3986975b,55416c987a2d25f9177dd974307ae595761c1db31ecaa9d7561fb6c42d4d5e7c,00d1e59ce78baffbf9d24361ac8ba16a1d577b22cb193e15596627259190ed07,0c06b88fd09cd514745b699e6b6a7e12901db8d3247e42b582feaf1f7e91c04a,1eafe424a4c718d6a3b18cff938036f958858c70b344740788993b119bfbb04b,9c2f903993167fc2a228b3cfe60a23fe33f57f252bae6299458338cb8eb967ad,3f630dfcc8a1c2a19b093e7fe0f4bdc7f830fef42266fcf1156112f0eb959046,11f4fe862570895441036964a9b308e92c2ee6ba8a87b5da9009ffd5208a4bda,2c6d6a597c6b1b321c4f632291c22dfe5788a058fe82fd65114a5a59d5d0be83,3a365f5dd3e9d410585a34695bb444d67b220c4b40a9348288a540078bc27f75
joint,B2,False,2024-10-18,landsat-8,1091,71,219,219,219,15,204,204,0.17284237257616017,0.0684931506849315,0.0684931506849315,0.9315068493150684,3b188221263ad4673846ce5170fa622b5395e51a4aaa750114e1793d3986975b,55416c987a2d25f9177dd974307ae595761c1db31ecaa9d7561fb6c42d4d5e7c,00d1e59ce78baffbf9d24361ac8ba16a1d577b22cb193e15596627259190ed07,0c06b88fd09cd514745b699e6b6a7e12901db8d3247e42b582feaf1f7e91c04a,1eafe424a4c718d6a3b18cff938036f958858c70b344740788993b119bfbb04b,9c2f903993167fc2a228b3cfe60a23fe33f57f252bae6299458338cb8eb967ad,3f630dfcc8a1c2a19b093e7fe0f4bdc7f830fef42266fcf1156112f0eb959046,11f4fe862570895441036964a9b308e92c2ee6ba8a87b5da9009ffd5208a4bda,2c6d6a597c6b1b321c4f632291c22dfe5788a058fe82fd65114a5a59d5d0be83,3a365f5dd3e9d410585a34695bb444d67b220c4b40a9348288a540078bc27f75
joint,M1,False,2020-05-16,landsat-8,1061,69,213,213,213,109,104,104,0.5472990925692194,0.5117370892018779,0.5117370892018779,0.48826291079812206,3b188221263ad4673846ce5170fa622b5395e51a4aaa750114e1793d3986975b,55416c987a2d25f9177dd974307ae595761c1db31ecaa9d7561fb6c42d4d5e7c,00d1e59ce78baffbf9d24361ac8ba16a1d577b22cb193e15596627259190ed07,0c06b88fd09cd514745b699e6b6a7e12901db8d3247e42b582feaf1f7e91c04a,1eafe424a4c718d6a3b18cff938036f958858c70b344740788993b119bfbb04b,9c2f903993167fc2a228b3cfe60a23fe33f57f252bae6299458338cb8eb967ad,3f630dfcc8a1c2a19b093e7fe0f4bdc7f830fef42266fcf1156112f0eb959046,11f4fe862570895441036964a9b308e92c2ee6ba8a87b5da9009ffd5208a4bda,2c6d6a597c6b1b321c4f632291c22dfe5788a058fe82fd65114a5a59d5d0be83,3a365f5dd3e9d410585a34695bb444d67b220c4b40a9348288a540078bc27f75
joint,M1,False,2020-07-03,landsat-8,1073,70,215,215,215,111,104,104,0.5386357193317743,0.5162790697674419,0.5162790697674419,0.48372093023255813,3b188221263ad4673846ce5170fa622b5395e51a4aaa750114e1793d3986975b,55416c987a2d25f9177dd974307ae595761c1db31ecaa9d7561fb6c42d4d5e7c,00d1e59ce78baffbf9d24361ac8ba16a1d577b22cb193e15596627259190ed07,0c06b88fd09cd514745b699e6b6a7e12901db8d3247e42b582feaf1f7e91c04a,1eafe424a4c718d6a3b18cff938036f958858c70b344740788993b119bfbb04b,9c2f903993167fc2a228b3cfe60a23fe33f57f252bae6299458338cb8eb967ad,3f630dfcc8a1c2a19b093e7fe0f4bdc7f830fef42266fcf1156112f0eb959046,11f4fe862570895441036964a9b308e92c2ee6ba8a87b5da9009ffd5208a4bda,2c6d6a597c6b1b321c4f632291c22dfe5788a058fe82fd65114a5a59d5d0be83,3a365f5dd3e9d410585a34695bb444d67b220c4b40a9348288a540078bc27f75
joint,M1,False,2020-07-19,landsat-8,1050,68,210,210,210,163,47,47,0.883012788635182,0.7761904761904762,0.7761904761904762,0.22380952380952382,3b188221263ad4673846ce5170fa622b5395e51a4aaa750114e1793d3986975b,55416c987a2d25f9177dd974307ae595761c1db31ecaa9d7561fb6c42d4d5e7c,00d1e59ce78baffbf9d24361ac8ba16a1d577b22cb193e15596627259190ed07,0c06b88fd09cd514745b699e6b6a7e12901db8d3247e42b582feaf1f7e91c04a,1eafe424a4c718d6a3b18cff938036f958858c70b344740788993b119bfbb04b,9c2f903993167fc2a228b3cfe60a23fe33f57f252bae6299458338cb8eb967ad,3f630dfcc8a1c2a19b093e7fe0f4bdc7f830fef42266fcf1156112f0eb959046,11f4fe862570895441036964a9b308e92c2ee6ba8a87b5da9009ffd5208a4bda,2c6d6a597c6b1b321c4f632291c22dfe5788a058fe82fd65114a5a59d5d0be83,3a365f5dd3e9d410585a34695bb444d67b220c4b40a9348288a540078bc27f75
joint,M1,False,2020-08-20,landsat-8,1080,71,216,216,216,115,101,101,0.5444858701323148,0.5324074074074074,0.5324074074074074,0.4675925925925926,3b188221263ad4673846ce5170fa622b5395e51a4aaa750114e1793d3986975b,55416c987a2d25f9177dd974307ae595761c1db31ecaa9d7561fb6c42d4d5e7c,00d1e59ce78baffbf9d24361ac8ba16a1d577b22cb193e15596627259190ed07,0c06b88fd09cd514745b699e6b6a7e12901db8d3247e42b582feaf1f7e91c04a,1eafe424a4c718d6a3b18cff938036f958858c70b344740788993b119bfbb04b,9c2f903993167fc2a228b3cfe60a23fe33f57f252bae6299458338cb8eb967ad,3f630dfcc8a1c2a19b093e7fe0f4bdc7f830fef42266fcf1156112f0eb959046,11f4fe862570895441036964a9b308e92c2ee6ba8a87b5da9009ffd5208a4bda,2c6d6a597c6b1b321c4f632291c22dfe5788a058fe82fd65114a5a59d5d0be83,3a365f5dd3e9d410585a34695bb444d67b220c4b40a9348288a540078bc27f75
joint,M1,False,2020-09-05,landsat-8,1086,71,218,218,218,159,59,59,0.798641281342251,0.7293577981651376,0.7293577981651376,0.2706422018348624,3b188221263ad4673846ce5170fa622b5395e51a4aaa750114e1793d3986975b,55416c987a2d25f9177dd974307ae595761c1db31ecaa9d7561fb6c42d4d5e7c,00d1e59ce78baffbf9d24361ac8ba16a1d577b22cb193e15596627259190ed07,0c06b88fd09cd514745b699e6b6a7e12901db8d3247e42b582feaf1f7e91c04a,1eafe424a4c718d6a3b18cff938036f958858c70b344740788993b119bfbb04b,9c2f903993167fc2a228b3cfe60a23fe33f57f252bae6299458338cb8eb967ad,3f630dfcc8a1c2a19b093e7fe0f4bdc7f830fef42266fcf1156112f0eb959046,11f4fe862570895441036964a9b308e92c2ee6ba8a87b5da9009ffd5208a4bda,2c6d6a597c6b1b321c4f632291c22dfe5788a058fe82fd65114a5a59d5d0be83,3a365f5dd3e9d410585a34695bb444d67b220c4b40a9348288a540078bc27f75
joint,M1,False,2021-07-06,landsat-8,1068,66,214,214,214,111,103,103,0.5667029549693113,0.5186915887850467,0.5186915887850467,0.48130841121495327,3b188221263ad4673846ce5170fa622b5395e51a4aaa750114e1793d3986975b,55416c987a2d25f9177dd974307ae595761c1db31ecaa9d7561fb6c42d4d5e7c,00d1e59ce78baffbf9d24361ac8ba16a1d577b22cb193e15596627259190ed07,0c06b88fd09cd514745b699e6b6a7e12901db8d3247e42b582feaf1f7e91c04a,1eafe424a4c718d6a3b18cff938036f958858c70b344740788993b119bfbb04b,9c2f903993167fc2a228b3cfe60a23fe33f57f252bae6299458338cb8eb967ad,3f630dfcc8a1c2a19b093e7fe0f4bdc7f830fef42266fcf1156112f0eb959046,11f4fe862570895441036964a9b308e92c2ee6ba8a87b5da9009ffd5208a4bda,2c6d6a597c6b1b321c4f632291c22dfe5788a058fe82fd65114a5a59d5d0be83,3a365f5dd3e9d410585a34695bb444d67b220c4b40a9348288a540078bc27f75
joint,M1,False,2021-08-07,landsat-8,1064,69,213,213,213,136,77,77,0.6234836405346704,0.6384976525821596,0.6384976525821596,0.3615023474178404,3b188221263ad4673846ce5170fa622b5395e51a4aaa750114e1793d3986975b,55416c987a2d25f9177dd974307ae595761c1db31ecaa9d7561fb6c42d4d5e7c,00d1e59ce78baffbf9d24361ac8ba16a1d577b22cb193e15596627259190ed07,0c06b88fd09cd514745b699e6b6a7e12901db8d3247e42b582feaf1f7e91c04a,1eafe424a4c718d6a3b18cff938036f958858c70b344740788993b119bfbb04b,9c2f903993167fc2a228b3cfe60a23fe33f57f252bae6299458338cb8eb967ad,3f630dfcc8a1c2a19b093e7fe0f4bdc7f830fef42266fcf1156112f0eb959046,11f4fe862570895441036964a9b308e92c2ee6ba8a87b5da9009ffd5208a4bda,2c6d6a597c6b1b321c4f632291c22dfe5788a058fe82fd65114a5a59d5d0be83,3a365f5dd3e9d410585a34695bb444d67b220c4b40a9348288a540078bc27f75
joint,M1,False,2021-10-26,landsat-8,1094,71,219,219,219,43,176,176,0.2339406526608424,0.1963470319634703,0.1963470319634703,0.8036529680365296,3b188221263ad4673846ce5170fa622b5395e51a4aaa750114e1793d3986975b,55416c987a2d25f9177dd974307ae595761c1db31ecaa9d7561fb6c42d4d5e7c,00d1e59ce78baffbf9d24361ac8ba16a1d577b22cb193e15596627259190ed07,0c06b88fd09cd514745b699e6b6a7e12901db8d3247e42b582feaf1f7e91c04a,1eafe424a4c718d6a3b18cff938036f958858c70b344740788993b119bfbb04b,9c2f903993167fc2a228b3cfe60a23fe33f57f252bae6299458338cb8eb967ad,3f630dfcc8a1c2a19b093e7fe0f4bdc7f830fef42266fcf1156112f0eb959046,11f4fe862570895441036964a9b308e92c2ee6ba8a87b5da9009ffd5208a4bda,2c6d6a597c6b1b321c4f632291c22dfe5788a058fe82fd65114a5a59d5d0be83,3a365f5dd3e9d410585a34695bb444d67b220c4b40a9348288a540078bc27f75
joint,M1,False,2022-05-30,landsat-9,1055,67,211,211,211,104,107,107,0.4957079627924688,0.4928909952606635,0.4928909952606635,0.5071090047393365,3b188221263ad4673846ce5170fa622b5395e51a4aaa750114e1793d3986975b,55416c987a2d25f9177dd974307ae595761c1db31ecaa9d7561fb6c42d4d5e7c,00d1e59ce78baffbf9d24361ac8ba16a1d577b22cb193e15596627259190ed07,0c06b88fd09cd514745b699e6b6a7e12901db8d3247e42b582feaf1f7e91c04a,1eafe424a4c718d6a3b18cff938036f958858c70b344740788993b119bfbb04b,9c2f903993167fc2a228b3cfe60a23fe33f57f252bae6299458338cb8eb967ad,3f630dfcc8a1c2a19b093e7fe0f4bdc7f830fef42266fcf1156112f0eb959046,11f4fe862570895441036964a9b308e92c2ee6ba8a87b5da9009ffd5208a4bda,2c6d6a597c6b1b321c4f632291c22dfe5788a058fe82fd65114a5a59d5d0be83,3a365f5dd3e9d410585a34695bb444d67b220c4b40a9348288a540078bc27f75
joint,M1,False,2022-06-15,landsat-9,1067,69,214,214,214,139,75,75,0.7496069459514654,0.6495327102803738,0.6495327102803738,0.35046728971962615,3b188221263ad4673846ce5170fa622b5395e51a4aaa750114e1793d3986975b,55416c987a2d25f9177dd974307ae595761c1db31ecaa9d7561fb6c42d4d5e7c,00d1e59ce78baffbf9d24361ac8ba16a1d577b22cb193e15596627259190ed07,0c06b88fd09cd514745b699e6b6a7e12901db8d3247e42b582feaf1f7e91c04a,1eafe424a4c718d6a3b18cff938036f958858c70b344740788993b119bfbb04b,9c2f903993167fc2a228b3cfe60a23fe33f57f252bae6299458338cb8eb967ad,3f630dfcc8a1c2a19b093e7fe0f4bdc7f830fef42266fcf1156112f0eb959046,11f4fe862570895441036964a9b308e92c2ee6ba8a87b5da9009ffd5208a4bda,2c6d6a597c6b1b321c4f632291c22dfe5788a058fe82fd65114a5a59d5d0be83,3a365f5dd3e9d410585a34695bb444d67b220c4b40a9348288a540078bc27f75
joint,M1,False,2022-06-23,landsat-8,1059,69,212,212,212,173,39,39,0.8933039176654789,0.8160377358490566,0.8160377358490566,0.18396226415094338,3b188221263ad4673846ce5170fa622b5395e51a4aaa750114e1793d3986975b,55416c987a2d25f9177dd974307ae595761c1db31ecaa9d7561fb6c42d4d5e7c,00d1e59ce78baffbf9d24361ac8ba16a1d577b22cb193e15596627259190ed07,0c06b88fd09cd514745b699e6b6a7e12901db8d3247e42b582feaf1f7e91c04a,1eafe424a4c718d6a3b18cff938036f958858c70b344740788993b119bfbb04b,9c2f903993167fc2a228b3cfe60a23fe33f57f252bae6299458338cb8eb967ad,3f630dfcc8a1c2a19b093e7fe0f4bdc7f830fef42266fcf1156112f0eb959046,11f4fe862570895441036964a9b308e92c2ee6ba8a87b5da9009ffd5208a4bda,2c6d6a597c6b1b321c4f632291c22dfe5788a058fe82fd65114a5a59d5d0be83,3a365f5dd3e9d410585a34695bb444d67b220c4b40a9348288a540078bc27f75
joint,M1,False,2022-07-01,landsat-9,1072,70,215,215,215,124,91,91,0.6063521420960979,0.5767441860465117,0.5767441860465117,0.4232558139534884,3b188221263ad4673846ce5170fa622b5395e51a4aaa750114e1793d3986975b,55416c987a2d25f9177dd974307ae595761c1db31ecaa9d7561fb6c42d4d5e7c,00d1e59ce78baffbf9d24361ac8ba16a1d577b22cb193e15596627259190ed07,0c06b88fd09cd514745b699e6b6a7e12901db8d3247e42b582feaf1f7e91c04a,1eafe424a4c718d6a3b18cff938036f958858c70b344740788993b119bfbb04b,9c2f903993167fc2a228b3cfe60a23fe33f57f252bae6299458338cb8eb967ad,3f630dfcc8a1c2a19b093e7fe0f4bdc7f830fef42266fcf1156112f0eb959046,11f4fe862570895441036964a9b308e92c2ee6ba8a87b5da9009ffd5208a4bda,2c6d6a597c6b1b321c4f632291c22dfe5788a058fe82fd65114a5a59d5d0be83,3a365f5dd3e9d410585a34695bb444d67b220c4b40a9348288a540078bc27f75
joint,M1,False,2022-07-09,landsat-8,1050,67,210,210,210,148,62,62,0.779914435812101,0.7047619047619048,0.7047619047619048,0.29523809523809524,3b188221263ad4673846ce5170fa622b5395e51a4aaa750114e1793d3986975b,55416c987a2d25f9177dd974307ae595761c1db31ecaa9d7561fb6c42d4d5e7c,00d1e59ce78baffbf9d24361ac8ba16a1d577b22cb193e15596627259190ed07,0c06b88fd09cd514745b699e6b6a7e12901db8d3247e42b582feaf1f7e91c04a,1eafe424a4c718d6a3b18cff938036f958858c70b344740788993b119bfbb04b,9c2f903993167fc2a228b3cfe60a23fe33f57f252bae6299458338cb8eb967ad,3f630dfcc8a1c2a19b093e7fe0f4bdc7f830fef42266fcf1156112f0eb959046,11f4fe862570895441036964a9b308e92c2ee6ba8a87b5da9009ffd5208a4bda,2c6d6a597c6b1b321c4f632291c22dfe5788a058fe82fd65114a5a59d5d0be83,3a365f5dd3e9d410585a34695bb444d67b220c4b40a9348288a540078bc27f75
joint,M1,False,2022-07-25,landsat-8,1054,68,211,211,211,138,73,73,0.7337503985722289,0.6540284360189573,0.6540284360189573,0.3459715639810427,3b188221263ad4673846ce5170fa622b5395e51a4aaa750114e1793d3986975b,55416c987a2d25f9177dd974307ae595761c1db31ecaa9d7561fb6c42d4d5e7c,00d1e59ce78baffbf9d24361ac8ba16a1d577b22cb193e15596627259190ed07,0c06b88fd09cd514745b699e6b6a7e12901db8d3247e42b582feaf1f7e91c04a,1eafe424a4c718d6a3b18cff938036f958858c70b344740788993b119bfbb04b,9c2f903993167fc2a228b3cfe60a23fe33f57f252bae6299458338cb8eb967ad,3f630dfcc8a1c2a19b093e7fe0f4bdc7f830fef42266fcf1156112f0eb959046,11f4fe862570895441036964a9b308e92c2ee6ba8a87b5da9009ffd5208a4bda,2c6d6a597c6b1b321c4f632291c22dfe5788a058fe82fd65114a5a59d5d0be83,3a365f5dd3e9d410585a34695bb444d67b220c4b40a9348288a540078bc27f75
joint,M1,False,2022-08-02,landsat-9,1026,67,206,206,206,170,36,36,0.9133526587336386,0.8252427184466019,0.8252427184466019,0.17475728155339806,3b188221263ad4673846ce5170fa622b5395e51a4aaa750114e1793d3986975b,55416c987a2d25f9177dd974307ae595761c1db31ecaa9d7561fb6c42d4d5e7c,00d1e59ce78baffbf9d24361ac8ba16a1d577b22cb193e15596627259190ed07,0c06b88fd09cd514745b699e6b6a7e12901db8d3247e42b582feaf1f7e91c04a,1eafe424a4c718d6a3b18cff938036f958858c70b344740788993b119bfbb04b,9c2f903993167fc2a228b3cfe60a23fe33f57f252bae6299458338cb8eb967ad,3f630dfcc8a1c2a19b093e7fe0f4bdc7f830fef42266fcf1156112f0eb959046,11f4fe862570895441036964a9b308e92c2ee6ba8a87b5da9009ffd5208a4bda,2c6d6a597c6b1b321c4f632291c22dfe5788a058fe82fd65114a5a59d5d0be83,3a365f5dd3e9d410585a34695bb444d67b220c4b40a9348288a540078bc27f75
joint,M1,False,2022-08-26,landsat-8,1058,69,212,212,212,155,57,57,0.8078498123060205,0.7311320754716981,0.7311320754716981,0.2688679245283019,3b188221263ad4673846ce5170fa622b5395e51a4aaa750114e1793d3986975b,55416c987a2d25f9177dd974307ae595761c1db31ecaa9d7561fb6c42d4d5e7c,00d1e59ce78baffbf9d24361ac8ba16a1d577b22cb193e15596627259190ed07,0c06b88fd09cd514745b699e6b6a7e12901db8d3247e42b582feaf1f7e91c04a,1eafe424a4c718d6a3b18cff938036f958858c70b344740788993b119bfbb04b,9c2f903993167fc2a228b3cfe60a23fe33f57f252bae6299458338cb8eb967ad,3f630dfcc8a1c2a19b093e7fe0f4bdc7f830fef42266fcf1156112f0eb959046,11f4fe862570895441036964a9b308e92c2ee6ba8a87b5da9009ffd5208a4bda,2c6d6a597c6b1b321c4f632291c22dfe5788a058fe82fd65114a5a59d5d0be83,3a365f5dd3e9d410585a34695bb444d67b220c4b40a9348288a540078bc27f75
joint,M1,False,2022-09-03,landsat-9,1085,71,217,217,217,126,91,91,0.6281945715473286,0.5806451612903226,0.5806451612903226,0.41935483870967744,3b188221263ad4673846ce5170fa622b5395e51a4aaa750114e1793d3986975b,55416c987a2d25f9177dd974307ae595761c1db31ecaa9d7561fb6c42d4d5e7c,00d1e59ce78baffbf9d24361ac8ba16a1d577b22cb193e15596627259190ed07,0c06b88fd09cd514745b699e6b6a7e12901db8d3247e42b582feaf1f7e91c04a,1eafe424a4c718d6a3b18cff938036f958858c70b344740788993b119bfbb04b,9c2f903993167fc2a228b3cfe60a23fe33f57f252bae6299458338cb8eb967ad,3f630dfcc8a1c2a19b093e7fe0f4bdc7f830fef42266fcf1156112f0eb959046,11f4fe862570895441036964a9b308e92c2ee6ba8a87b5da9009ffd5208a4bda,2c6d6a597c6b1b321c4f632291c22dfe5788a058fe82fd65114a5a59d5d0be83,3a365f5dd3e9d410585a34695bb444d67b220c4b40a9348288a540078bc27f75
joint,M1,False,2022-09-27,landsat-8,1081,71,217,217,217,183,34,34,0.9256046181876229,0.8433179723502304,0.8433179723502304,0.15668202764976957,3b188221263ad4673846ce5170fa622b5395e51a4aaa750114e1793d3986975b,55416c987a2d25f9177dd974307ae595761c1db31ecaa9d7561fb6c42d4d5e7c,00d1e59ce78baffbf9d24361ac8ba16a1d577b22cb193e15596627259190ed07,0c06b88fd09cd514745b699e6b6a7e12901db8d3247e42b582feaf1f7e91c04a,1eafe424a4c718d6a3b18cff938036f958858c70b344740788993b119bfbb04b,9c2f903993167fc2a228b3cfe60a23fe33f57f252bae6299458338cb8eb967ad,3f630dfcc8a1c2a19b093e7fe0f4bdc7f830fef42266fcf1156112f0eb959046,11f4fe862570895441036964a9b308e92c2ee6ba8a87b5da9009ffd5208a4bda,2c6d6a597c6b1b321c4f632291c22dfe5788a058fe82fd65114a5a59d5d0be83,3a365f5dd3e9d410585a34695bb444d67b220c4b40a9348288a540078bc27f75
joint,M1,False,2023-06-26,landsat-8,1038,62,208,208,208,110,98,98,0.5530770934753255,0.5288461538461539,0.5288461538461539,0.47115384615384615,3b188221263ad4673846ce5170fa622b5395e51a4aaa750114e1793d3986975b,55416c987a2d25f9177dd974307ae595761c1db31ecaa9d7561fb6c42d4d5e7c,00d1e59ce78baffbf9d24361ac8ba16a1d577b22cb193e15596627259190ed07,0c06b88fd09cd514745b699e6b6a7e12901db8d3247e42b582feaf1f7e91c04a,1eafe424a4c718d6a3b18cff938036f958858c70b344740788993b119bfbb04b,9c2f903993167fc2a228b3cfe60a23fe33f57f252bae6299458338cb8eb967ad,3f630dfcc8a1c2a19b093e7fe0f4bdc7f830fef42266fcf1156112f0eb959046,11f4fe862570895441036964a9b308e92c2ee6ba8a87b5da9009ffd5208a4bda,2c6d6a597c6b1b321c4f632291c22dfe5788a058fe82fd65114a5a59d5d0be83,3a365f5dd3e9d410585a34695bb444d67b220c4b40a9348288a540078bc27f75
joint,M1,False,2023-07-04,landsat-9,1059,66,212,212,212,70,142,142,0.3561740109180904,0.330188679245283,0.330188679245283,0.6698113207547169,3b188221263ad4673846ce5170fa622b5395e51a4aaa750114e1793d3986975b,55416c987a2d25f9177dd974307ae595761c1db31ecaa9d7561fb6c42d4d5e7c,00d1e59ce78baffbf9d24361ac8ba16a1d577b22cb193e15596627259190ed07,0c06b88fd09cd514745b699e6b6a7e12901db8d3247e42b582feaf1f7e91c04a,1eafe424a4c718d6a3b18cff938036f958858c70b344740788993b119bfbb04b,9c2f903993167fc2a228b3cfe60a23fe33f57f252bae6299458338cb8eb967ad,3f630dfcc8a1c2a19b093e7fe0f4bdc7f830fef42266fcf1156112f0eb959046,11f4fe862570895441036964a9b308e92c2ee6ba8a87b5da9009ffd5208a4bda,2c6d6a597c6b1b321c4f632291c22dfe5788a058fe82fd65114a5a59d5d0be83,3a365f5dd3e9d410585a34695bb444d67b220c4b40a9348288a540078bc27f75
joint,M1,False,2023-07-12,landsat-8,1060,69,212,212,212,125,87,87,0.6530052532044819,0.589622641509434,0.589622641509434,0.41037735849056606,3b188221263ad4673846ce5170fa622b5395e51a4aaa750114e1793d3986975b,55416c987a2d25f9177dd974307ae595761c1db31ecaa9d7561fb6c42d4d5e7c,00d1e59ce78baffbf9d24361ac8ba16a1d577b22cb193e15596627259190ed07,0c06b88fd09cd514745b699e6b6a7e12901db8d3247e42b582feaf1f7e91c04a,1eafe424a4c718d6a3b18cff938036f958858c70b344740788993b119bfbb04b,9c2f903993167fc2a228b3cfe60a23fe33f57f252bae6299458338cb8eb967ad,3f630dfcc8a1c2a19b093e7fe0f4bdc7f830fef42266fcf1156112f0eb959046,11f4fe862570895441036964a9b308e92c2ee6ba8a87b5da9009ffd5208a4bda,2c6d6a597c6b1b321c4f632291c22dfe5788a058fe82fd65114a5a59d5d0be83,3a365f5dd3e9d410585a34695bb444d67b220c4b40a9348288a540078bc27f75
joint,M1,False,2023-07-20,landsat-9,1072,69,215,215,215,165,50,50,0.8385070440933021,0.7674418604651163,0.7674418604651163,0.23255813953488372,3b188221263ad4673846ce5170fa622b5395e51a4aaa750114e1793d3986975b,55416c987a2d25f9177dd974307ae595761c1db31ecaa9d7561fb6c42d4d5e7c,00d1e59ce78baffbf9d24361ac8ba16a1d577b22cb193e15596627259190ed07,0c06b88fd09cd514745b699e6b6a7e12901db8d3247e42b582feaf1f7e91c04a,1eafe424a4c718d6a3b18cff938036f958858c70b344740788993b119bfbb04b,9c2f903993167fc2a228b3cfe60a23fe33f57f252bae6299458338cb8eb967ad,3f630dfcc8a1c2a19b093e7fe0f4bdc7f830fef42266fcf1156112f0eb959046,11f4fe862570895441036964a9b308e92c2ee6ba8a87b5da9009ffd5208a4bda,2c6d6a597c6b1b321c4f632291c22dfe5788a058fe82fd65114a5a59d5d0be83,3a365f5dd3e9d410585a34695bb444d67b220c4b40a9348288a540078bc27f75
joint,M1,False,2023-08-05,landsat-9,1076,69,216,216,216,116,100,100,0.5144391841627702,0.5370370370370371,0.5370370370370371,0.46296296296296297,3b188221263ad4673846ce5170fa622b5395e51a4aaa750114e1793d3986975b,55416c987a2d25f9177dd974307ae595761c1db31ecaa9d7561fb6c42d4d5e7c,00d1e59ce78baffbf9d24361ac8ba16a1d577b22cb193e15596627259190ed07,0c06b88fd09cd514745b699e6b6a7e12901db8d3247e42b582feaf1f7e91c04a,1eafe424a4c718d6a3b18cff938036f958858c70b344740788993b119bfbb04b,9c2f903993167fc2a228b3cfe60a23fe33f57f252bae6299458338cb8eb967ad,3f630dfcc8a1c2a19b093e7fe0f4bdc7f830fef42266fcf1156112f0eb959046,11f4fe862570895441036964a9b308e92c2ee6ba8a87b5da9009ffd5208a4bda,2c6d6a597c6b1b321c4f632291c22dfe5788a058fe82fd65114a5a59d5d0be83,3a365f5dd3e9d410585a34695bb444d67b220c4b40a9348288a540078bc27f75
joint,M1,False,2023-08-13,landsat-8,1063,68,213,213,213,155,58,58,0.8230057586756091,0.7276995305164319,0.7276995305164319,0.27230046948356806,3b188221263ad4673846ce5170fa622b5395e51a4aaa750114e1793d3986975b,55416c987a2d25f9177dd974307ae595761c1db31ecaa9d7561fb6c42d4d5e7c,00d1e59ce78baffbf9d24361ac8ba16a1d577b22cb193e15596627259190ed07,0c06b88fd09cd514745b699e6b6a7e12901db8d3247e42b582feaf1f7e91c04a,1eafe424a4c718d6a3b18cff938036f958858c70b344740788993b119bfbb04b,9c2f903993167fc2a228b3cfe60a23fe33f57f252bae6299458338cb8eb967ad,3f630dfcc8a1c2a19b093e7fe0f4bdc7f830fef42266fcf1156112f0eb959046,11f4fe862570895441036964a9b308e92c2ee6ba8a87b5da9009ffd5208a4bda,2c6d6a597c6b1b321c4f632291c22dfe5788a058fe82fd65114a5a59d5d0be83,3a365f5dd3e9d410585a34695bb444d67b220c4b40a9348288a540078bc27f75
joint,M1,False,2023-08-29,landsat-8,1088,71,218,218,218,159,59,59,0.7891776350942991,0.7293577981651376,0.7293577981651376,0.2706422018348624,3b188221263ad4673846ce5170fa622b5395e51a4aaa750114e1793d3986975b,55416c987a2d25f9177dd974307ae595761c1db31ecaa9d7561fb6c42d4d5e7c,00d1e59ce78baffbf9d24361ac8ba16a1d577b22cb193e15596627259190ed07,0c06b88fd09cd514745b699e6b6a7e12901db8d3247e42b582feaf1f7e91c04a,1eafe424a4c718d6a3b18cff938036f958858c70b344740788993b119bfbb04b,9c2f903993167fc2a228b3cfe60a23fe33f57f252bae6299458338cb8eb967ad,3f630dfcc8a1c2a19b093e7fe0f4bdc7f830fef42266fcf1156112f0eb959046,11f4fe862570895441036964a9b308e92c2ee6ba8a87b5da9009ffd5208a4bda,2c6d6a597c6b1b321c4f632291c22dfe5788a058fe82fd65114a5a59d5d0be83,3a365f5dd3e9d410585a34695bb444d67b220c4b40a9348288a540078bc27f75
joint,M1,False,2024-06-20,landsat-9,1050,65,210,210,210,128,82,82,0.6620875314512698,0.6095238095238096,0.6095238095238096,0.3904761904761905,3b188221263ad4673846ce5170fa622b5395e51a4aaa750114e1793d3986975b,55416c987a2d25f9177dd974307ae595761c1db31ecaa9d7561fb6c42d4d5e7c,00d1e59ce78baffbf9d24361ac8ba16a1d577b22cb193e15596627259190ed07,0c06b88fd09cd514745b699e6b6a7e12901db8d3247e42b582feaf1f7e91c04a,1eafe424a4c718d6a3b18cff938036f958858c70b344740788993b119bfbb04b,9c2f903993167fc2a228b3cfe60a23fe33f57f252bae6299458338cb8eb967ad,3f630dfcc8a1c2a19b093e7fe0f4bdc7f830fef42266fcf1156112f0eb959046,11f4fe862570895441036964a9b308e92c2ee6ba8a87b5da9009ffd5208a4bda,2c6d6a597c6b1b321c4f632291c22dfe5788a058fe82fd65114a5a59d5d0be83,3a365f5dd3e9d410585a34695bb444d67b220c4b40a9348288a540078bc27f75
joint,M1,False,2024-06-28,landsat-8,1060,69,212,212,212,56,156,156,0.30361548226492985,0.2641509433962264,0.2641509433962264,0.7358490566037735,3b188221263ad4673846ce5170fa622b5395e51a4aaa750114e1793d3986975b,55416c987a2d25f9177dd974307ae595761c1db31ecaa9d7561fb6c42d4d5e7c,00d1e59ce78baffbf9d24361ac8ba16a1d577b22cb193e15596627259190ed07,0c06b88fd09cd514745b699e6b6a7e12901db8d3247e42b582feaf1f7e91c04a,1eafe424a4c718d6a3b18cff938036f958858c70b344740788993b119bfbb04b,9c2f903993167fc2a228b3cfe60a23fe33f57f252bae6299458338cb8eb967ad,3f630dfcc8a1c2a19b093e7fe0f4bdc7f830fef42266fcf1156112f0eb959046,11f4fe862570895441036964a9b308e92c2ee6ba8a87b5da9009ffd5208a4bda,2c6d6a597c6b1b321c4f632291c22dfe5788a058fe82fd65114a5a59d5d0be83,3a365f5dd3e9d410585a34695bb444d67b220c4b40a9348288a540078bc27f75
joint,M1,False,2024-07-22,landsat-9,976,67,196,196,196,142,54,54,0.7659921405919159,0.7244897959183674,0.7244897959183674,0.2755102040816326,3b188221263ad4673846ce5170fa622b5395e51a4aaa750114e1793d3986975b,55416c987a2d25f9177dd974307ae595761c1db31ecaa9d7561fb6c42d4d5e7c,00d1e59ce78baffbf9d24361ac8ba16a1d577b22cb193e15596627259190ed07,0c06b88fd09cd514745b699e6b6a7e12901db8d3247e42b582feaf1f7e91c04a,1eafe424a4c718d6a3b18cff938036f958858c70b344740788993b119bfbb04b,9c2f903993167fc2a228b3cfe60a23fe33f57f252bae6299458338cb8eb967ad,3f630dfcc8a1c2a19b093e7fe0f4bdc7f830fef42266fcf1156112f0eb959046,11f4fe862570895441036964a9b308e92c2ee6ba8a87b5da9009ffd5208a4bda,2c6d6a597c6b1b321c4f632291c22dfe5788a058fe82fd65114a5a59d5d0be83,3a365f5dd3e9d410585a34695bb444d67b220c4b40a9348288a540078bc27f75
joint,M1,False,2024-07-30,landsat-8,1064,69,213,213,213,155,58,58,0.811913423809425,0.7276995305164319,0.7276995305164319,0.27230046948356806,3b188221263ad4673846ce5170fa622b5395e51a4aaa750114e1793d3986975b,55416c987a2d25f9177dd974307ae595761c1db31ecaa9d7561fb6c42d4d5e7c,00d1e59ce78baffbf9d24361ac8ba16a1d577b22cb193e15596627259190ed07,0c06b88fd09cd514745b699e6b6a7e12901db8d3247e42b582feaf1f7e91c04a,1eafe424a4c718d6a3b18cff938036f958858c70b344740788993b119bfbb04b,9c2f903993167fc2a228b3cfe60a23fe33f57f252bae6299458338cb8eb967ad,3f630dfcc8a1c2a19b093e7fe0f4bdc7f830fef42266fcf1156112f0eb959046,11f4fe862570895441036964a9b308e92c2ee6ba8a87b5da9009ffd5208a4bda,2c6d6a597c6b1b321c4f632291c22dfe5788a058fe82fd65114a5a59d5d0be83,3a365f5dd3e9d410585a34695bb444d67b220c4b40a9348288a540078bc27f75
joint,M1,False,2024-08-15,landsat-8,1083,71,217,217,217,136,81,81,0.6747100007085322,0.6267281105990783,0.6267281105990783,0.37327188940092165,3b188221263ad4673846ce5170fa622b5395e51a4aaa750114e1793d3986975b,55416c987a2d25f9177dd974307ae595761c1db31ecaa9d7561fb6c42d4d5e7c,00d1e59ce78baffbf9d24361ac8ba16a1d577b22cb193e15596627259190ed07,0c06b88fd09cd514745b699e6b6a7e12901db8d3247e42b582feaf1f7e91c04a,1eafe424a4c718d6a3b18cff938036f958858c70b344740788993b119bfbb04b,9c2f903993167fc2a228b3cfe60a23fe33f57f252bae6299458338cb8eb967ad,3f630dfcc8a1c2a19b093e7fe0f4bdc7f830fef42266fcf1156112f0eb959046,11f4fe862570895441036964a9b308e92c2ee6ba8a87b5da9009ffd5208a4bda,2c6d6a597c6b1b321c4f632291c22dfe5788a058fe82fd65114a5a59d5d0be83,3a365f5dd3e9d410585a34695bb444d67b220c4b40a9348288a540078bc27f75
joint,M1,False,2024-08-23,landsat-9,1041,70,209,209,209,70,139,139,0.3368156433693582,0.3349282296650718,0.3349282296650718,0.6650717703349283,3b188221263ad4673846ce5170fa622b5395e51a4aaa750114e1793d3986975b,55416c987a2d25f9177dd974307ae595761c1db31ecaa9d7561fb6c42d4d5e7c,00d1e59ce78baffbf9d24361ac8ba16a1d577b22cb193e15596627259190ed07,0c06b88fd09cd514745b699e6b6a7e12901db8d3247e42b582feaf1f7e91c04a,1eafe424a4c718d6a3b18cff938036f958858c70b344740788993b119bfbb04b,9c2f903993167fc2a228b3cfe60a23fe33f57f252bae6299458338cb8eb967ad,3f630dfcc8a1c2a19b093e7fe0f4bdc7f830fef42266fcf1156112f0eb959046,11f4fe862570895441036964a9b308e92c2ee6ba8a87b5da9009ffd5208a4bda,2c6d6a597c6b1b321c4f632291c22dfe5788a058fe82fd65114a5a59d5d0be83,3a365f5dd3e9d410585a34695bb444d67b220c4b40a9348288a540078bc27f75
joint,M1,False,2024-08-31,landsat-8,1048,66,210,210,210,153,57,57,0.8155026888424286,0.7285714285714285,0.7285714285714285,0.2714285714285714,3b188221263ad4673846ce5170fa622b5395e51a4aaa750114e1793d3986975b,55416c987a2d25f9177dd974307ae595761c1db31ecaa9d7561fb6c42d4d5e7c,00d1e59ce78baffbf9d24361ac8ba16a1d577b22cb193e15596627259190ed07,0c06b88fd09cd514745b699e6b6a7e12901db8d3247e42b582feaf1f7e91c04a,1eafe424a4c718d6a3b18cff938036f958858c70b344740788993b119bfbb04b,9c2f903993167fc2a228b3cfe60a23fe33f57f252bae6299458338cb8eb967ad,3f630dfcc8a1c2a19b093e7fe0f4bdc7f830fef42266fcf1156112f0eb959046,11f4fe862570895441036964a9b308e92c2ee6ba8a87b5da9009ffd5208a4bda,2c6d6a597c6b1b321c4f632291c22dfe5788a058fe82fd65114a5a59d5d0be83,3a365f5dd3e9d410585a34695bb444d67b220c4b40a9348288a540078bc27f75
joint,M1,False,2024-09-08,landsat-9,1087,71,218,218,218,127,91,91,0.6442794896952467,0.5825688073394495,0.5825688073394495,0.41743119266055045,3b188221263ad4673846ce5170fa622b5395e51a4aaa750114e1793d3986975b,55416c987a2d25f9177dd974307ae595761c1db31ecaa9d7561fb6c42d4d5e7c,00d1e59ce78baffbf9d24361ac8ba16a1d577b22cb193e15596627259190ed07,0c06b88fd09cd514745b699e6b6a7e12901db8d3247e42b582feaf1f7e91c04a,1eafe424a4c718d6a3b18cff938036f958858c70b344740788993b119bfbb04b,9c2f903993167fc2a228b3cfe60a23fe33f57f252bae6299458338cb8eb967ad,3f630dfcc8a1c2a19b093e7fe0f4bdc7f830fef42266fcf1156112f0eb959046,11f4fe862570895441036964a9b308e92c2ee6ba8a87b5da9009ffd5208a4bda,2c6d6a597c6b1b321c4f632291c22dfe5788a058fe82fd65114a5a59d5d0be83,3a365f5dd3e9d410585a34695bb444d67b220c4b40a9348288a540078bc27f75
joint,M1,False,2024-10-18,landsat-8,1091,71,219,219,219,54,165,165,0.25347338959903704,0.2465753424657534,0.2465753424657534,0.7534246575342466,3b188221263ad4673846ce5170fa622b5395e51a4aaa750114e1793d3986975b,55416c987a2d25f9177dd974307ae595761c1db31ecaa9d7561fb6c42d4d5e7c,00d1e59ce78baffbf9d24361ac8ba16a1d577b22cb193e15596627259190ed07,0c06b88fd09cd514745b699e6b6a7e12901db8d3247e42b582feaf1f7e91c04a,1eafe424a4c718d6a3b18cff938036f958858c70b344740788993b119bfbb04b,9c2f903993167fc2a228b3cfe60a23fe33f57f252bae6299458338cb8eb967ad,3f630dfcc8a1c2a19b093e7fe0f4bdc7f830fef42266fcf1156112f0eb959046,11f4fe862570895441036964a9b308e92c2ee6ba8a87b5da9009ffd5208a4bda,2c6d6a597c6b1b321c4f632291c22dfe5788a058fe82fd65114a5a59d5d0be83,3a365f5dd3e9d410585a34695bb444d67b220c4b40a9348288a540078bc27f75
joint,M2,True,2020-05-16,landsat-8,1061,69,213,213,213,85,128,128,0.46825665590031124,0.39906103286384975,0.39906103286384975,0.6009389671361502,3b188221263ad4673846ce5170fa622b5395e51a4aaa750114e1793d3986975b,55416c987a2d25f9177dd974307ae595761c1db31ecaa9d7561fb6c42d4d5e7c,00d1e59ce78baffbf9d24361ac8ba16a1d577b22cb193e15596627259190ed07,0c06b88fd09cd514745b699e6b6a7e12901db8d3247e42b582feaf1f7e91c04a,1eafe424a4c718d6a3b18cff938036f958858c70b344740788993b119bfbb04b,9c2f903993167fc2a228b3cfe60a23fe33f57f252bae6299458338cb8eb967ad,3f630dfcc8a1c2a19b093e7fe0f4bdc7f830fef42266fcf1156112f0eb959046,11f4fe862570895441036964a9b308e92c2ee6ba8a87b5da9009ffd5208a4bda,2c6d6a597c6b1b321c4f632291c22dfe5788a058fe82fd65114a5a59d5d0be83,3a365f5dd3e9d410585a34695bb444d67b220c4b40a9348288a540078bc27f75
joint,M2,True,2020-07-03,landsat-8,1073,70,215,215,215,154,61,61,0.8163310344668873,0.7162790697674418,0.7162790697674418,0.2837209302325581,3b188221263ad4673846ce5170fa622b5395e51a4aaa750114e1793d3986975b,55416c987a2d25f9177dd974307ae595761c1db31ecaa9d7561fb6c42d4d5e7c,00d1e59ce78baffbf9d24361ac8ba16a1d577b22cb193e15596627259190ed07,0c06b88fd09cd514745b699e6b6a7e12901db8d3247e42b582feaf1f7e91c04a,1eafe424a4c718d6a3b18cff938036f958858c70b344740788993b119bfbb04b,9c2f903993167fc2a228b3cfe60a23fe33f57f252bae6299458338cb8eb967ad,3f630dfcc8a1c2a19b093e7fe0f4bdc7f830fef42266fcf1156112f0eb959046,11f4fe862570895441036964a9b308e92c2ee6ba8a87b5da9009ffd5208a4bda,2c6d6a597c6b1b321c4f632291c22dfe5788a058fe82fd65114a5a59d5d0be83,3a365f5dd3e9d410585a34695bb444d67b220c4b40a9348288a540078bc27f75
joint,M2,True,2020-07-19,landsat-8,1050,68,210,210,210,171,39,39,0.8756155955153269,0.8142857142857143,0.8142857142857143,0.18571428571428572,3b188221263ad4673846ce5170fa622b5395e51a4aaa750114e1793d3986975b,55416c987a2d25f9177dd974307ae595761c1db31ecaa9d7561fb6c42d4d5e7c,00d1e59ce78baffbf9d24361ac8ba16a1d577b22cb193e15596627259190ed07,0c06b88fd09cd514745b699e6b6a7e12901db8d3247e42b582feaf1f7e91c04a,1eafe424a4c718d6a3b18cff938036f958858c70b344740788993b119bfbb04b,9c2f903993167fc2a228b3cfe60a23fe33f57f252bae6299458338cb8eb967ad,3f630dfcc8a1c2a19b093e7fe0f4bdc7f830fef42266fcf1156112f0eb959046,11f4fe862570895441036964a9b308e92c2ee6ba8a87b5da9009ffd5208a4bda,2c6d6a597c6b1b321c4f632291c22dfe5788a058fe82fd65114a5a59d5d0be83,3a365f5dd3e9d410585a34695bb444d67b220c4b40a9348288a540078bc27f75
joint,M2,True,2020-08-20,landsat-8,1080,71,216,216,216,120,96,96,0.6006952801507186,0.5555555555555556,0.5555555555555556,0.4444444444444444,3b188221263ad4673846ce5170fa622b5395e51a4aaa750114e1793d3986975b,55416c987a2d25f9177dd974307ae595761c1db31ecaa9d7561fb6c42d4d5e7c,00d1e59ce78baffbf9d24361ac8ba16a1d577b22cb193e15596627259190ed07,0c06b88fd09cd514745b699e6b6a7e12901db8d3247e42b582feaf1f7e91c04a,1eafe424a4c718d6a3b18cff938036f958858c70b344740788993b119bfbb04b,9c2f903993167fc2a228b3cfe60a23fe33f57f252bae6299458338cb8eb967ad,3f630dfcc8a1c2a19b093e7fe0f4bdc7f830fef42266fcf1156112f0eb959046,11f4fe862570895441036964a9b308e92c2ee6ba8a87b5da9009ffd5208a4bda,2c6d6a597c6b1b321c4f632291c22dfe5788a058fe82fd65114a5a59d5d0be83,3a365f5dd3e9d410585a34695bb444d67b220c4b40a9348288a540078bc27f75
joint,M2,True,2020-09-05,landsat-8,1086,71,218,218,218,160,58,58,0.8206529214366455,0.7339449541284404,0.7339449541284404,0.26605504587155965,3b188221263ad4673846ce5170fa622b5395e51a4aaa750114e1793d3986975b,55416c987a2d25f9177dd974307ae595761c1db31ecaa9d7561fb6c42d4d5e7c,00d1e59ce78baffbf9d24361ac8ba16a1d577b22cb193e15596627259190ed07,0c06b88fd09cd514745b699e6b6a7e12901db8d3247e42b582feaf1f7e91c04a,1eafe424a4c718d6a3b18cff938036f958858c70b344740788993b119bfbb04b,9c2f903993167fc2a228b3cfe60a23fe33f57f252bae6299458338cb8eb967ad,3f630dfcc8a1c2a19b093e7fe0f4bdc7f830fef42266fcf1156112f0eb959046,11f4fe862570895441036964a9b308e92c2ee6ba8a87b5da9009ffd5208a4bda,2c6d6a597c6b1b321c4f632291c22dfe5788a058fe82fd65114a5a59d5d0be83,3a365f5dd3e9d410585a34695bb444d67b220c4b40a9348288a540078bc27f75
joint,M2,True,2021-07-06,landsat-8,1068,66,214,214,214,108,106,106,0.5858752043011322,0.5046728971962616,0.5046728971962616,0.4953271028037383,3b188221263ad4673846ce5170fa622b5395e51a4aaa750114e1793d3986975b,55416c987a2d25f9177dd974307ae595761c1db31ecaa9d7561fb6c42d4d5e7c,00d1e59ce78baffbf9d24361ac8ba16a1d577b22cb193e15596627259190ed07,0c06b88fd09cd514745b699e6b6a7e12901db8d3247e42b582feaf1f7e91c04a,1eafe424a4c718d6a3b18cff938036f958858c70b344740788993b119bfbb04b,9c2f903993167fc2a228b3cfe60a23fe33f57f252bae6299458338cb8eb967ad,3f630dfcc8a1c2a19b093e7fe0f4bdc7f830fef42266fcf1156112f0eb959046,11f4fe862570895441036964a9b308e92c2ee6ba8a87b5da9009ffd5208a4bda,2c6d6a597c6b1b321c4f632291c22dfe5788a058fe82fd65114a5a59d5d0be83,3a365f5dd3e9d410585a34695bb444d67b220c4b40a9348288a540078bc27f75
joint,M2,True,2021-08-07,landsat-8,1064,69,213,213,213,79,134,134,0.38229675306418687,0.37089201877934275,0.37089201877934275,0.6291079812206573,3b188221263ad4673846ce5170fa622b5395e51a4aaa750114e1793d3986975b,55416c987a2d25f9177dd974307ae595761c1db31ecaa9d7561fb6c42d4d5e7c,00d1e59ce78baffbf9d24361ac8ba16a1d577b22cb193e15596627259190ed07,0c06b88fd09cd514745b699e6b6a7e12901db8d3247e42b582feaf1f7e91c04a,1eafe424a4c718d6a3b18cff938036f958858c70b344740788993b119bfbb04b,9c2f903993167fc2a228b3cfe60a23fe33f57f252bae6299458338cb8eb967ad,3f630dfcc8a1c2a19b093e7fe0f4bdc7f830fef42266fcf1156112f0eb959046,11f4fe862570895441036964a9b308e92c2ee6ba8a87b5da9009ffd5208a4bda,2c6d6a597c6b1b321c4f632291c22dfe5788a058fe82fd65114a5a59d5d0be83,3a365f5dd3e9d410585a34695bb444d67b220c4b40a9348288a540078bc27f75
joint,M2,True,2021-10-26,landsat-8,1094,71,219,219,219,112,107,107,0.49451813501929626,0.5114155251141552,0.5114155251141552,0.4885844748858447,3b188221263ad4673846ce5170fa622b5395e51a4aaa750114e1793d3986975b,55416c987a2d25f9177dd974307ae595761c1db31ecaa9d7561fb6c42d4d5e7c,00d1e59ce78baffbf9d24361ac8ba16a1d577b22cb193e15596627259190ed07,0c06b88fd09cd514745b699e6b6a7e12901db8d3247e42b582feaf1f7e91c04a,1eafe424a4c718d6a3b18cff938036f958858c70b344740788993b119bfbb04b,9c2f903993167fc2a228b3cfe60a23fe33f57f252bae6299458338cb8eb967ad,3f630dfcc8a1c2a19b093e7fe0f4bdc7f830fef42266fcf1156112f0eb959046,11f4fe862570895441036964a9b308e92c2ee6ba8a87b5da9009ffd5208a4bda,2c6d6a597c6b1b321c4f632291c22dfe5788a058fe82fd65114a5a59d5d0be83,3a365f5dd3e9d410585a34695bb444d67b220c4b40a9348288a540078bc27f75
joint,M2,True,2022-05-30,landsat-9,1055,67,211,211,211,122,89,89,0.5817478433393297,0.5781990521327014,0.5781990521327014,0.4218009478672986,3b188221263ad4673846ce5170fa622b5395e51a4aaa750114e1793d3986975b,55416c987a2d25f9177dd974307ae595761c1db31ecaa9d7561fb6c42d4d5e7c,00d1e59ce78baffbf9d24361ac8ba16a1d577b22cb193e15596627259190ed07,0c06b88fd09cd514745b699e6b6a7e12901db8d3247e42b582feaf1f7e91c04a,1eafe424a4c718d6a3b18cff938036f958858c70b344740788993b119bfbb04b,9c2f903993167fc2a228b3cfe60a23fe33f57f252bae6299458338cb8eb967ad,3f630dfcc8a1c2a19b093e7fe0f4bdc7f830fef42266fcf1156112f0eb959046,11f4fe862570895441036964a9b308e92c2ee6ba8a87b5da9009ffd5208a4bda,2c6d6a597c6b1b321c4f632291c22dfe5788a058fe82fd65114a5a59d5d0be83,3a365f5dd3e9d410585a34695bb444d67b220c4b40a9348288a540078bc27f75
joint,M2,True,2022-06-15,landsat-9,1067,69,214,214,214,150,64,64,0.7991408499371726,0.7009345794392523,0.7009345794392523,0.29906542056074764,3b188221263ad4673846ce5170fa622b5395e51a4aaa750114e1793d3986975b,55416c987a2d25f9177dd974307ae595761c1db31ecaa9d7561fb6c42d4d5e7c,00d1e59ce78baffbf9d24361ac8ba16a1d577b22cb193e15596627259190ed07,0c06b88fd09cd514745b699e6b6a7e12901db8d3247e42b582feaf1f7e91c04a,1eafe424a4c718d6a3b18cff938036f958858c70b344740788993b119bfbb04b,9c2f903993167fc2a228b3cfe60a23fe33f57f252bae6299458338cb8eb967ad,3f630dfcc8a1c2a19b093e7fe0f4bdc7f830fef42266fcf1156112f0eb959046,11f4fe862570895441036964a9b308e92c2ee6ba8a87b5da9009ffd5208a4bda,2c6d6a597c6b1b321c4f632291c22dfe5788a058fe82fd65114a5a59d5d0be83,3a365f5dd3e9d410585a34695bb444d67b220c4b40a9348288a540078bc27f75
joint,M2,True,2022-06-23,landsat-8,1059,69,212,212,212,157,55,55,0.7875728252964682,0.7405660377358491,0.7405660377358491,0.25943396226415094,3b188221263ad4673846ce5170fa622b5395e51a4aaa750114e1793d3986975b,55416c987a2d25f9177dd974307ae595761c1db31ecaa9d7561fb6c42d4d5e7c,00d1e59ce78baffbf9d24361ac8ba16a1d577b22cb193e15596627259190ed07,0c06b88fd09cd514745b699e6b6a7e12901db8d3247e42b582feaf1f7e91c04a,1eafe424a4c718d6a3b18cff938036f958858c70b344740788993b119bfbb04b,9c2f903993167fc2a228b3cfe60a23fe33f57f252bae6299458338cb8eb967ad,3f630dfcc8a1c2a19b093e7fe0f4bdc7f830fef42266fcf1156112f0eb959046,11f4fe862570895441036964a9b308e92c2ee6ba8a87b5da9009ffd5208a4bda,2c6d6a597c6b1b321c4f632291c22dfe5788a058fe82fd65114a5a59d5d0be83,3a365f5dd3e9d410585a34695bb444d67b220c4b40a9348288a540078bc27f75
joint,M2,True,2022-07-01,landsat-9,1072,70,215,215,215,140,75,75,0.6869682494989066,0.6511627906976745,0.6511627906976745,0.3488372093023256,3b188221263ad4673846ce5170fa622b5395e51a4aaa750114e1793d3986975b,55416c987a2d25f9177dd974307ae595761c1db31ecaa9d7561fb6c42d4d5e7c,00d1e59ce78baffbf9d24361ac8ba16a1d577b22cb193e15596627259190ed07,0c06b88fd09cd514745b699e6b6a7e12901db8d3247e42b582feaf1f7e91c04a,1eafe424a4c718d6a3b18cff938036f958858c70b344740788993b119bfbb04b,9c2f903993167fc2a228b3cfe60a23fe33f57f252bae6299458338cb8eb967ad,3f630dfcc8a1c2a19b093e7fe0f4bdc7f830fef42266fcf1156112f0eb959046,11f4fe862570895441036964a9b308e92c2ee6ba8a87b5da9009ffd5208a4bda,2c6d6a597c6b1b321c4f632291c22dfe5788a058fe82fd65114a5a59d5d0be83,3a365f5dd3e9d410585a34695bb444d67b220c4b40a9348288a540078bc27f75
joint,M2,True,2022-07-09,landsat-8,1050,67,210,210,210,173,37,37,0.8889535008694464,0.8238095238095238,0.8238095238095238,0.1761904761904762,3b188221263ad4673846ce5170fa622b5395e51a4aaa750114e1793d3986975b,55416c987a2d25f9177dd974307ae595761c1db31ecaa9d7561fb6c42d4d5e7c,00d1e59ce78baffbf9d24361ac8ba16a1d577b22cb193e15596627259190ed07,0c06b88fd09cd514745b699e6b6a7e12901db8d3247e42b582feaf1f7e91c04a,1eafe424a4c718d6a3b18cff938036f958858c70b344740788993b119bfbb04b,9c2f903993167fc2a228b3cfe60a23fe33f57f252bae6299458338cb8eb967ad,3f630dfcc8a1c2a19b093e7fe0f4bdc7f830fef42266fcf1156112f0eb959046,11f4fe862570895441036964a9b308e92c2ee6ba8a87b5da9009ffd5208a4bda,2c6d6a597c6b1b321c4f632291c22dfe5788a058fe82fd65114a5a59d5d0be83,3a365f5dd3e9d410585a34695bb444d67b220c4b40a9348288a540078bc27f75
joint,M2,True,2022-07-25,landsat-8,1054,68,211,211,211,145,66,66,0.7547643201897656,0.6872037914691943,0.6872037914691943,0.3127962085308057,3b188221263ad4673846ce5170fa622b5395e51a4aaa750114e1793d3986975b,55416c987a2d25f9177dd974307ae595761c1db31ecaa9d7561fb6c42d4d5e7c,00d1e59ce78baffbf9d24361ac8ba16a1d577b22cb193e15596627259190ed07,0c06b88fd09cd514745b699e6b6a7e12901db8d3247e42b582feaf1f7e91c04a,1eafe424a4c718d6a3b18cff938036f958858c70b344740788993b119bfbb04b,9c2f903993167fc2a228b3cfe60a23fe33f57f252bae6299458338cb8eb967ad,3f630dfcc8a1c2a19b093e7fe0f4bdc7f830fef42266fcf1156112f0eb959046,11f4fe862570895441036964a9b308e92c2ee6ba8a87b5da9009ffd5208a4bda,2c6d6a597c6b1b321c4f632291c22dfe5788a058fe82fd65114a5a59d5d0be83,3a365f5dd3e9d410585a34695bb444d67b220c4b40a9348288a540078bc27f75
joint,M2,True,2022-08-02,landsat-9,1026,67,206,206,206,153,53,53,0.820443637564675,0.7427184466019418,0.7427184466019418,0.25728155339805825,3b188221263ad4673846ce5170fa622b5395e51a4aaa750114e1793d3986975b,55416c987a2d25f9177dd974307ae595761c1db31ecaa9d7561fb6c42d4d5e7c,00d1e59ce78baffbf9d24361ac8ba16a1d577b22cb193e15596627259190ed07,0c06b88fd09cd514745b699e6b6a7e12901db8d3247e42b582feaf1f7e91c04a,1eafe424a4c718d6a3b18cff938036f958858c70b344740788993b119bfbb04b,9c2f903993167fc2a228b3cfe60a23fe33f57f252bae6299458338cb8eb967ad,3f630dfcc8a1c2a19b093e7fe0f4bdc7f830fef42266fcf1156112f0eb959046,11f4fe862570895441036964a9b308e92c2ee6ba8a87b5da9009ffd5208a4bda,2c6d6a597c6b1b321c4f632291c22dfe5788a058fe82fd65114a5a59d5d0be83,3a365f5dd3e9d410585a34695bb444d67b220c4b40a9348288a540078bc27f75
joint,M2,True,2022-08-26,landsat-8,1058,69,212,212,212,92,120,120,0.49978121258278,0.4339622641509434,0.4339622641509434,0.5660377358490566,3b188221263ad4673846ce5170fa622b5395e51a4aaa750114e1793d3986975b,55416c987a2d25f9177dd974307ae595761c1db31ecaa9d7561fb6c42d4d5e7c,00d1e59ce78baffbf9d24361ac8ba16a1d577b22cb193e15596627259190ed07,0c06b88fd09cd514745b699e6b6a7e12901db8d3247e42b582feaf1f7e91c04a,1eafe424a4c718d6a3b18cff938036f958858c70b344740788993b119bfbb04b,9c2f903993167fc2a228b3cfe60a23fe33f57f252bae6299458338cb8eb967ad,3f630dfcc8a1c2a19b093e7fe0f4bdc7f830fef42266fcf1156112f0eb959046,11f4fe862570895441036964a9b308e92c2ee6ba8a87b5da9009ffd5208a4bda,2c6d6a597c6b1b321c4f632291c22dfe5788a058fe82fd65114a5a59d5d0be83,3a365f5dd3e9d410585a34695bb444d67b220c4b40a9348288a540078bc27f75
joint,M2,True,2022-09-03,landsat-9,1085,71,217,217,217,123,94,94,0.6194777619539676,0.5668202764976958,0.5668202764976958,0.43317972350230416,3b188221263ad4673846ce5170fa622b5395e51a4aaa750114e1793d3986975b,55416c987a2d25f9177dd974307ae595761c1db31ecaa9d7561fb6c42d4d5e7c,00d1e59ce78baffbf9d24361ac8ba16a1d577b22cb193e15596627259190ed07,0c06b88fd09cd514745b699e6b6a7e12901db8d3247e42b582feaf1f7e91c04a,1eafe424a4c718d6a3b18cff938036f958858c70b344740788993b119bfbb04b,9c2f903993167fc2a228b3cfe60a23fe33f57f252bae6299458338cb8eb967ad,3f630dfcc8a1c2a19b093e7fe0f4bdc7f830fef42266fcf1156112f0eb959046,11f4fe862570895441036964a9b308e92c2ee6ba8a87b5da9009ffd5208a4bda,2c6d6a597c6b1b321c4f632291c22dfe5788a058fe82fd65114a5a59d5d0be83,3a365f5dd3e9d410585a34695bb444d67b220c4b40a9348288a540078bc27f75
joint,M2,True,2022-09-27,landsat-8,1081,71,217,217,217,171,46,46,0.8835083451171135,0.7880184331797235,0.7880184331797235,0.2119815668202765,3b188221263ad4673846ce5170fa622b5395e51a4aaa750114e1793d3986975b,55416c987a2d25f9177dd974307ae595761c1db31ecaa9d7561fb6c42d4d5e7c,00d1e59ce78baffbf9d24361ac8ba16a1d577b22cb193e15596627259190ed07,0c06b88fd09cd514745b699e6b6a7e12901db8d3247e42b582feaf1f7e91c04a,1eafe424a4c718d6a3b18cff938036f958858c70b344740788993b119bfbb04b,9c2f903993167fc2a228b3cfe60a23fe33f57f252bae6299458338cb8eb967ad,3f630dfcc8a1c2a19b093e7fe0f4bdc7f830fef42266fcf1156112f0eb959046,11f4fe862570895441036964a9b308e92c2ee6ba8a87b5da9009ffd5208a4bda,2c6d6a597c6b1b321c4f632291c22dfe5788a058fe82fd65114a5a59d5d0be83,3a365f5dd3e9d410585a34695bb444d67b220c4b40a9348288a540078bc27f75
joint,M2,True,2023-06-26,landsat-8,1038,62,208,208,208,132,76,76,0.7036577436889246,0.6346153846153846,0.6346153846153846,0.36538461538461536,3b188221263ad4673846ce5170fa622b5395e51a4aaa750114e1793d3986975b,55416c987a2d25f9177dd974307ae595761c1db31ecaa9d7561fb6c42d4d5e7c,00d1e59ce78baffbf9d24361ac8ba16a1d577b22cb193e15596627259190ed07,0c06b88fd09cd514745b699e6b6a7e12901db8d3247e42b582feaf1f7e91c04a,1eafe424a4c718d6a3b18cff938036f958858c70b344740788993b119bfbb04b,9c2f903993167fc2a228b3cfe60a23fe33f57f252bae6299458338cb8eb967ad,3f630dfcc8a1c2a19b093e7fe0f4bdc7f830fef42266fcf1156112f0eb959046,11f4fe862570895441036964a9b308e92c2ee6ba8a87b5da9009ffd5208a4bda,2c6d6a597c6b1b321c4f632291c22dfe5788a058fe82fd65114a5a59d5d0be83,3a365f5dd3e9d410585a34695bb444d67b220c4b40a9348288a540078bc27f75
joint,M2,True,2023-07-04,landsat-9,1059,66,212,212,212,72,140,140,0.37171844021662087,0.33962264150943394,0.33962264150943394,0.660377358490566,3b188221263ad4673846ce5170fa622b5395e51a4aaa750114e1793d3986975b,55416c987a2d25f9177dd974307ae595761c1db31ecaa9d7561fb6c42d4d5e7c,00d1e59ce78baffbf9d24361ac8ba16a1d577b22cb193e15596627259190ed07,0c06b88fd09cd514745b699e6b6a7e12901db8d3247e42b582feaf1f7e91c04a,1eafe424a4c718d6a3b18cff938036f958858c70b344740788993b119bfbb04b,9c2f903993167fc2a228b3cfe60a23fe33f57f252bae6299458338cb8eb967ad,3f630dfcc8a1c2a19b093e7fe0f4bdc7f830fef42266fcf1156112f0eb959046,11f4fe862570895441036964a9b308e92c2ee6ba8a87b5da9009ffd5208a4bda,2c6d6a597c6b1b321c4f632291c22dfe5788a058fe82fd65114a5a59d5d0be83,3a365f5dd3e9d410585a34695bb444d67b220c4b40a9348288a540078bc27f75
joint,M2,True,2023-07-12,landsat-8,1060,69,212,212,212,119,93,93,0.6131924550033654,0.5613207547169812,0.5613207547169812,0.4386792452830189,3b188221263ad4673846ce5170fa622b5395e51a4aaa750114e1793d3986975b,55416c987a2d25f9177dd974307ae595761c1db31ecaa9d7561fb6c42d4d5e7c,00d1e59ce78baffbf9d24361ac8ba16a1d577b22cb193e15596627259190ed07,0c06b88fd09cd514745b699e6b6a7e12901db8d3247e42b582feaf1f7e91c04a,1eafe424a4c718d6a3b18cff938036f958858c70b344740788993b119bfbb04b,9c2f903993167fc2a228b3cfe60a23fe33f57f252bae6299458338cb8eb967ad,3f630dfcc8a1c2a19b093e7fe0f4bdc7f830fef42266fcf1156112f0eb959046,11f4fe862570895441036964a9b308e92c2ee6ba8a87b5da9009ffd5208a4bda,2c6d6a597c6b1b321c4f632291c22dfe5788a058fe82fd65114a5a59d5d0be83,3a365f5dd3e9d410585a34695bb444d67b220c4b40a9348288a540078bc27f75
joint,M2,True,2023-07-20,landsat-9,1072,69,215,215,215,168,47,47,0.8045270819459543,0.7813953488372093,0.7813953488372093,0.2186046511627907,3b188221263ad4673846ce5170fa622b5395e51a4aaa750114e1793d3986975b,55416c987a2d25f9177dd974307ae595761c1db31ecaa9d7561fb6c42d4d5e7c,00d1e59ce78baffbf9d24361ac8ba16a1d577b22cb193e15596627259190ed07,0c06b88fd09cd514745b699e6b6a7e12901db8d3247e42b582feaf1f7e91c04a,1eafe424a4c718d6a3b18cff938036f958858c70b344740788993b119bfbb04b,9c2f903993167fc2a228b3cfe60a23fe33f57f252bae6299458338cb8eb967ad,3f630dfcc8a1c2a19b093e7fe0f4bdc7f830fef42266fcf1156112f0eb959046,11f4fe862570895441036964a9b308e92c2ee6ba8a87b5da9009ffd5208a4bda,2c6d6a597c6b1b321c4f632291c22dfe5788a058fe82fd65114a5a59d5d0be83,3a365f5dd3e9d410585a34695bb444d67b220c4b40a9348288a540078bc27f75
joint,M2,True,2023-08-05,landsat-9,1076,69,216,216,216,142,74,74,0.752518351445612,0.6574074074074074,0.6574074074074074,0.3425925925925926,3b188221263ad4673846ce5170fa622b5395e51a4aaa750114e1793d3986975b,55416c987a2d25f9177dd974307ae595761c1db31ecaa9d7561fb6c42d4d5e7c,00d1e59ce78baffbf9d24361ac8ba16a1d577b22cb193e15596627259190ed07,0c06b88fd09cd514745b699e6b6a7e12901db8d3247e42b582feaf1f7e91c04a,1eafe424a4c718d6a3b18cff938036f958858c70b344740788993b119bfbb04b,9c2f903993167fc2a228b3cfe60a23fe33f57f252bae6299458338cb8eb967ad,3f630dfcc8a1c2a19b093e7fe0f4bdc7f830fef42266fcf1156112f0eb959046,11f4fe862570895441036964a9b308e92c2ee6ba8a87b5da9009ffd5208a4bda,2c6d6a597c6b1b321c4f632291c22dfe5788a058fe82fd65114a5a59d5d0be83,3a365f5dd3e9d410585a34695bb444d67b220c4b40a9348288a540078bc27f75
joint,M2,True,2023-08-13,landsat-8,1063,68,213,213,213,147,66,66,0.7606582330546773,0.6901408450704225,0.6901408450704225,0.30985915492957744,3b188221263ad4673846ce5170fa622b5395e51a4aaa750114e1793d3986975b,55416c987a2d25f9177dd974307ae595761c1db31ecaa9d7561fb6c42d4d5e7c,00d1e59ce78baffbf9d24361ac8ba16a1d577b22cb193e15596627259190ed07,0c06b88fd09cd514745b699e6b6a7e12901db8d3247e42b582feaf1f7e91c04a,1eafe424a4c718d6a3b18cff938036f958858c70b344740788993b119bfbb04b,9c2f903993167fc2a228b3cfe60a23fe33f57f252bae6299458338cb8eb967ad,3f630dfcc8a1c2a19b093e7fe0f4bdc7f830fef42266fcf1156112f0eb959046,11f4fe862570895441036964a9b308e92c2ee6ba8a87b5da9009ffd5208a4bda,2c6d6a597c6b1b321c4f632291c22dfe5788a058fe82fd65114a5a59d5d0be83,3a365f5dd3e9d410585a34695bb444d67b220c4b40a9348288a540078bc27f75
joint,M2,True,2023-08-29,landsat-8,1088,71,218,218,218,137,81,81,0.6249484103765961,0.6284403669724771,0.6284403669724771,0.37155963302752293,3b188221263ad4673846ce5170fa622b5395e51a4aaa750114e1793d3986975b,55416c987a2d25f9177dd974307ae595761c1db31ecaa9d7561fb6c42d4d5e7c,00d1e59ce78baffbf9d24361ac8ba16a1d577b22cb193e15596627259190ed07,0c06b88fd09cd514745b699e6b6a7e12901db8d3247e42b582feaf1f7e91c04a,1eafe424a4c718d6a3b18cff938036f958858c70b344740788993b119bfbb04b,9c2f903993167fc2a228b3cfe60a23fe33f57f252bae6299458338cb8eb967ad,3f630dfcc8a1c2a19b093e7fe0f4bdc7f830fef42266fcf1156112f0eb959046,11f4fe862570895441036964a9b308e92c2ee6ba8a87b5da9009ffd5208a4bda,2c6d6a597c6b1b321c4f632291c22dfe5788a058fe82fd65114a5a59d5d0be83,3a365f5dd3e9d410585a34695bb444d67b220c4b40a9348288a540078bc27f75
joint,M2,True,2024-06-20,landsat-9,1050,65,210,210,210,142,68,68,0.6995896548368828,0.6761904761904762,0.6761904761904762,0.3238095238095238,3b188221263ad4673846ce5170fa622b5395e51a4aaa750114e1793d3986975b,55416c987a2d25f9177dd974307ae595761c1db31ecaa9d7561fb6c42d4d5e7c,00d1e59ce78baffbf9d24361ac8ba16a1d577b22cb193e15596627259190ed07,0c06b88fd09cd514745b699e6b6a7e12901db8d3247e42b582feaf1f7e91c04a,1eafe424a4c718d6a3b18cff938036f958858c70b344740788993b119bfbb04b,9c2f903993167fc2a228b3cfe60a23fe33f57f252bae6299458338cb8eb967ad,3f630dfcc8a1c2a19b093e7fe0f4bdc7f830fef42266fcf1156112f0eb959046,11f4fe862570895441036964a9b308e92c2ee6ba8a87b5da9009ffd5208a4bda,2c6d6a597c6b1b321c4f632291c22dfe5788a058fe82fd65114a5a59d5d0be83,3a365f5dd3e9d410585a34695bb444d67b220c4b40a9348288a540078bc27f75
joint,M2,True,2024-06-28,landsat-8,1060,69,212,212,212,101,111,111,0.46599608701688333,0.47641509433962265,0.47641509433962265,0.5235849056603774,3b188221263ad4673846ce5170fa622b5395e51a4aaa750114e1793d3986975b,55416c987a2d25f9177dd974307ae595761c1db31ecaa9d7561fb6c42d4d5e7c,00d1e59ce78baffbf9d24361ac8ba16a1d577b22cb193e15596627259190ed07,0c06b88fd09cd514745b699e6b6a7e12901db8d3247e42b582feaf1f7e91c04a,1eafe424a4c718d6a3b18cff938036f958858c70b344740788993b119bfbb04b,9c2f903993167fc2a228b3cfe60a23fe33f57f252bae6299458338cb8eb967ad,3f630dfcc8a1c2a19b093e7fe0f4bdc7f830fef42266fcf1156112f0eb959046,11f4fe862570895441036964a9b308e92c2ee6ba8a87b5da9009ffd5208a4bda,2c6d6a597c6b1b321c4f632291c22dfe5788a058fe82fd65114a5a59d5d0be83,3a365f5dd3e9d410585a34695bb444d67b220c4b40a9348288a540078bc27f75
joint,M2,True,2024-07-22,landsat-9,976,67,196,196,196,155,41,41,0.76548622154581,0.7908163265306123,0.7908163265306123,0.20918367346938777,3b188221263ad4673846ce5170fa622b5395e51a4aaa750114e1793d3986975b,55416c987a2d25f9177dd974307ae595761c1db31ecaa9d7561fb6c42d4d5e7c,00d1e59ce78baffbf9d24361ac8ba16a1d577b22cb193e15596627259190ed07,0c06b88fd09cd514745b699e6b6a7e12901db8d3247e42b582feaf1f7e91c04a,1eafe424a4c718d6a3b18cff938036f958858c70b344740788993b119bfbb04b,9c2f903993167fc2a228b3cfe60a23fe33f57f252bae6299458338cb8eb967ad,3f630dfcc8a1c2a19b093e7fe0f4bdc7f830fef42266fcf1156112f0eb959046,11f4fe862570895441036964a9b308e92c2ee6ba8a87b5da9009ffd5208a4bda,2c6d6a597c6b1b321c4f632291c22dfe5788a058fe82fd65114a5a59d5d0be83,3a365f5dd3e9d410585a34695bb444d67b220c4b40a9348288a540078bc27f75
joint,M2,True,2024-07-30,landsat-8,1064,69,213,213,213,186,27,27,0.9366403108272655,0.8732394366197183,0.8732394366197183,0.1267605633802817,3b188221263ad4673846ce5170fa622b5395e51a4aaa750114e1793d3986975b,55416c987a2d25f9177dd974307ae595761c1db31ecaa9d7561fb6c42d4d5e7c,00d1e59ce78baffbf9d24361ac8ba16a1d577b22cb193e15596627259190ed07,0c06b88fd09cd514745b699e6b6a7e12901db8d3247e42b582feaf1f7e91c04a,1eafe424a4c718d6a3b18cff938036f958858c70b344740788993b119bfbb04b,9c2f903993167fc2a228b3cfe60a23fe33f57f252bae6299458338cb8eb967ad,3f630dfcc8a1c2a19b093e7fe0f4bdc7f830fef42266fcf1156112f0eb959046,11f4fe862570895441036964a9b308e92c2ee6ba8a87b5da9009ffd5208a4bda,2c6d6a597c6b1b321c4f632291c22dfe5788a058fe82fd65114a5a59d5d0be83,3a365f5dd3e9d410585a34695bb444d67b220c4b40a9348288a540078bc27f75
joint,M2,True,2024-08-15,landsat-8,1083,71,217,217,217,152,65,65,0.7609895883299967,0.7004608294930875,0.7004608294930875,0.2995391705069124,3b188221263ad4673846ce5170fa622b5395e51a4aaa750114e1793d3986975b,55416c987a2d25f9177dd974307ae595761c1db31ecaa9d7561fb6c42d4d5e7c,00d1e59ce78baffbf9d24361ac8ba16a1d577b22cb193e15596627259190ed07,0c06b88fd09cd514745b699e6b6a7e12901db8d3247e42b582feaf1f7e91c04a,1eafe424a4c718d6a3b18cff938036f958858c70b344740788993b119bfbb04b,9c2f903993167fc2a228b3cfe60a23fe33f57f252bae6299458338cb8eb967ad,3f630dfcc8a1c2a19b093e7fe0f4bdc7f830fef42266fcf1156112f0eb959046,11f4fe862570895441036964a9b308e92c2ee6ba8a87b5da9009ffd5208a4bda,2c6d6a597c6b1b321c4f632291c22dfe5788a058fe82fd65114a5a59d5d0be83,3a365f5dd3e9d410585a34695bb444d67b220c4b40a9348288a540078bc27f75
joint,M2,True,2024-08-23,landsat-9,1041,70,209,209,209,28,181,181,0.2647757713268641,0.1339712918660287,0.1339712918660287,0.8660287081339713,3b188221263ad4673846ce5170fa622b5395e51a4aaa750114e1793d3986975b,55416c987a2d25f9177dd974307ae595761c1db31ecaa9d7561fb6c42d4d5e7c,00d1e59ce78baffbf9d24361ac8ba16a1d577b22cb193e15596627259190ed07,0c06b88fd09cd514745b699e6b6a7e12901db8d3247e42b582feaf1f7e91c04a,1eafe424a4c718d6a3b18cff938036f958858c70b344740788993b119bfbb04b,9c2f903993167fc2a228b3cfe60a23fe33f57f252bae6299458338cb8eb967ad,3f630dfcc8a1c2a19b093e7fe0f4bdc7f830fef42266fcf1156112f0eb959046,11f4fe862570895441036964a9b308e92c2ee6ba8a87b5da9009ffd5208a4bda,2c6d6a597c6b1b321c4f632291c22dfe5788a058fe82fd65114a5a59d5d0be83,3a365f5dd3e9d410585a34695bb444d67b220c4b40a9348288a540078bc27f75
joint,M2,True,2024-08-31,landsat-8,1048,66,210,210,210,160,50,50,0.8714892883463532,0.7619047619047619,0.7619047619047619,0.23809523809523808,3b188221263ad4673846ce5170fa622b5395e51a4aaa750114e1793d3986975b,55416c987a2d25f9177dd974307ae595761c1db31ecaa9d7561fb6c42d4d5e7c,00d1e59ce78baffbf9d24361ac8ba16a1d577b22cb193e15596627259190ed07,0c06b88fd09cd514745b699e6b6a7e12901db8d3247e42b582feaf1f7e91c04a,1eafe424a4c718d6a3b18cff938036f958858c70b344740788993b119bfbb04b,9c2f903993167fc2a228b3cfe60a23fe33f57f252bae6299458338cb8eb967ad,3f630dfcc8a1c2a19b093e7fe0f4bdc7f830fef42266fcf1156112f0eb959046,11f4fe862570895441036964a9b308e92c2ee6ba8a87b5da9009ffd5208a4bda,2c6d6a597c6b1b321c4f632291c22dfe5788a058fe82fd65114a5a59d5d0be83,3a365f5dd3e9d410585a34695bb444d67b220c4b40a9348288a540078bc27f75
joint,M2,True,2024-09-08,landsat-9,1087,71,218,218,218,143,75,75,0.670702489108843,0.6559633027522935,0.6559633027522935,0.3440366972477064,3b188221263ad4673846ce5170fa622b5395e51a4aaa750114e1793d3986975b,55416c987a2d25f9177dd974307ae595761c1db31ecaa9d7561fb6c42d4d5e7c,00d1e59ce78baffbf9d24361ac8ba16a1d577b22cb193e15596627259190ed07,0c06b88fd09cd514745b699e6b6a7e12901db8d3247e42b582feaf1f7e91c04a,1eafe424a4c718d6a3b18cff938036f958858c70b344740788993b119bfbb04b,9c2f903993167fc2a228b3cfe60a23fe33f57f252bae6299458338cb8eb967ad,3f630dfcc8a1c2a19b093e7fe0f4bdc7f830fef42266fcf1156112f0eb959046,11f4fe862570895441036964a9b308e92c2ee6ba8a87b5da9009ffd5208a4bda,2c6d6a597c6b1b321c4f632291c22dfe5788a058fe82fd65114a5a59d5d0be83,3a365f5dd3e9d410585a34695bb444d67b220c4b40a9348288a540078bc27f75
joint,M2,True,2024-10-18,landsat-8,1091,71,219,219,219,42,177,177,0.24276899141723113,0.1917808219178082,0.1917808219178082,0.8082191780821918,3b188221263ad4673846ce5170fa622b5395e51a4aaa750114e1793d3986975b,55416c987a2d25f9177dd974307ae595761c1db31ecaa9d7561fb6c42d4d5e7c,00d1e59ce78baffbf9d24361ac8ba16a1d577b22cb193e15596627259190ed07,0c06b88fd09cd514745b699e6b6a7e12901db8d3247e42b582feaf1f7e91c04a,1eafe424a4c718d6a3b18cff938036f958858c70b344740788993b119bfbb04b,9c2f903993167fc2a228b3cfe60a23fe33f57f252bae6299458338cb8eb967ad,3f630dfcc8a1c2a19b093e7fe0f4bdc7f830fef42266fcf1156112f0eb959046,11f4fe862570895441036964a9b308e92c2ee6ba8a87b5da9009ffd5208a4bda,2c6d6a597c6b1b321c4f632291c22dfe5788a058fe82fd65114a5a59d5d0be83,3a365f5dd3e9d410585a34695bb444d67b220c4b40a9348288a540078bc27f75
