family,model_id,focus_joint_b1_or_m2,target_date,platform,tract_date_row_count,independent_spatial_block_count,mae_c,rmse_c,mean_signed_error_c,spearman_rho,spearman_defined,analysis_config_semantic_sha256,compile_provenance_file_sha256,compile_provenance_commit_sha256,oof_predictions_sha256,model_dataset_provenance_file_sha256,model_dataset_commit_sha256,target_progress_sha256,model_ready_target_sha256,date_summary_sha256,development_model_table_sha256
temporal,B0,False,2020-05-16,landsat-8,1061,69,4.139752502890146,4.674693046106054,-3.51828107755226,,False,3b188221263ad4673846ce5170fa622b5395e51a4aaa750114e1793d3986975b,55416c987a2d25f9177dd974307ae595761c1db31ecaa9d7561fb6c42d4d5e7c,00d1e59ce78baffbf9d24361ac8ba16a1d577b22cb193e15596627259190ed07,0c06b88fd09cd514745b699e6b6a7e12901db8d3247e42b582feaf1f7e91c04a,1eafe424a4c718d6a3b18cff938036f958858c70b344740788993b119bfbb04b,9c2f903993167fc2a228b3cfe60a23fe33f57f252bae6299458338cb8eb967ad,3f630dfcc8a1c2a19b093e7fe0f4bdc7f830fef42266fcf1156112f0eb959046,11f4fe862570895441036964a9b308e92c2ee6ba8a87b5da9009ffd5208a4bda,2c6d6a597c6b1b321c4f632291c22dfe5788a058fe82fd65114a5a59d5d0be83,3a365f5dd3e9d410585a34695bb444d67b220c4b40a9348288a540078bc27f75
temporal,B0,False,2020-07-03,landsat-8,1073,70,2.3587152680169825,3.165472449763809,1.2322608818525338,,False,3b188221263ad4673846ce5170fa622b5395e51a4aaa750114e1793d3986975b,55416c987a2d25f9177dd974307ae595761c1db31ecaa9d7561fb6c42d4d5e7c,00d1e59ce78baffbf9d24361ac8ba16a1d577b22cb193e15596627259190ed07,0c06b88fd09cd514745b699e6b6a7e12901db8d3247e42b582feaf1f7e91c04a,1eafe424a4c718d6a3b18cff938036f958858c70b344740788993b119bfbb04b,9c2f903993167fc2a228b3cfe60a23fe33f57f252bae6299458338cb8eb967ad,3f630dfcc8a1c2a19b093e7fe0f4bdc7f830fef42266fcf1156112f0eb959046,11f4fe862570895441036964a9b308e92c2ee6ba8a87b5da9009ffd5208a4bda,2c6d6a597c6b1b321c4f632291c22dfe5788a058fe82fd65114a5a59d5d0be83,3a365f5dd3e9d410585a34695bb444d67b220c4b40a9348288a540078bc27f75
temporal,B0,False,2020-07-19,landsat-8,1050,68,2.6909493342034017,3.4543770220037717,0.026116567897538082,,False,3b188221263ad4673846ce5170fa622b5395e51a4aaa750114e1793d3986975b,55416c987a2d25f9177dd974307ae595761c1db31ecaa9d7561fb6c42d4d5e7c,00d1e59ce78baffbf9d24361ac8ba16a1d577b22cb193e15596627259190ed07,0c06b88fd09cd514745b699e6b6a7e12901db8d3247e42b582feaf1f7e91c04a,1eafe424a4c718d6a3b18cff938036f958858c70b344740788993b119bfbb04b,9c2f903993167fc2a228b3cfe60a23fe33f57f252bae6299458338cb8eb967ad,3f630dfcc8a1c2a19b093e7fe0f4bdc7f830fef42266fcf1156112f0eb959046,11f4fe862570895441036964a9b308e92c2ee6ba8a87b5da9009ffd5208a4bda,2c6d6a597c6b1b321c4f632291c22dfe5788a058fe82fd65114a5a59d5d0be83,3a365f5dd3e9d410585a34695bb444d67b220c4b40a9348288a540078bc27f75
temporal,B0,False,2020-08-20,landsat-8,1080,71,3.7919500940826714,4.188452773480535,-3.413450857378209,,False,3b188221263ad4673846ce5170fa622b5395e51a4aaa750114e1793d3986975b,55416c987a2d25f9177dd974307ae595761c1db31ecaa9d7561fb6c42d4d5e7c,00d1e59ce78baffbf9d24361ac8ba16a1d577b22cb193e15596627259190ed07,0c06b88fd09cd514745b699e6b6a7e12901db8d3247e42b582feaf1f7e91c04a,1eafe424a4c718d6a3b18cff938036f958858c70b344740788993b119bfbb04b,9c2f903993167fc2a228b3cfe60a23fe33f57f252bae6299458338cb8eb967ad,3f630dfcc8a1c2a19b093e7fe0f4bdc7f830fef42266fcf1156112f0eb959046,11f4fe862570895441036964a9b308e92c2ee6ba8a87b5da9009ffd5208a4bda,2c6d6a597c6b1b321c4f632291c22dfe5788a058fe82fd65114a5a59d5d0be83,3a365f5dd3e9d410585a34695bb444d67b220c4b40a9348288a540078bc27f75
temporal,B0,False,2020-09-05,landsat-8,1086,71,7.776627392801204,8.41185927249268,-7.694440773524729,,False,3b188221263ad4673846ce5170fa622b5395e51a4aaa750114e1793d3986975b,55416c987a2d25f9177dd974307ae595761c1db31ecaa9d7561fb6c42d4d5e7c,00d1e59ce78baffbf9d24361ac8ba16a1d577b22cb193e15596627259190ed07,0c06b88fd09cd514745b699e6b6a7e12901db8d3247e42b582feaf1f7e91c04a,1eafe424a4c718d6a3b18cff938036f958858c70b344740788993b119bfbb04b,9c2f903993167fc2a228b3cfe60a23fe33f57f252bae6299458338cb8eb967ad,3f630dfcc8a1c2a19b093e7fe0f4bdc7f830fef42266fcf1156112f0eb959046,11f4fe862570895441036964a9b308e92c2ee6ba8a87b5da9009ffd5208a4bda,2c6d6a597c6b1b321c4f632291c22dfe5788a058fe82fd65114a5a59d5d0be83,3a365f5dd3e9d410585a34695bb444d67b220c4b40a9348288a540078bc27f75
temporal,B0,False,2020-09-21,landsat-8,1007,65,1.8353991179383933,2.458003036192516,1.6124564951855003,,False,3b188221263ad4673846ce5170fa622b5395e51a4aaa750114e1793d3986975b,55416c987a2d25f9177dd974307ae595761c1db31ecaa9d7561fb6c42d4d5e7c,00d1e59ce78baffbf9d24361ac8ba16a1d577b22cb193e15596627259190ed07,0c06b88fd09cd514745b699e6b6a7e12901db8d3247e42b582feaf1f7e91c04a,1eafe424a4c718d6a3b18cff938036f958858c70b344740788993b119bfbb04b,9c2f903993167fc2a228b3cfe60a23fe33f57f252bae6299458338cb8eb967ad,3f630dfcc8a1c2a19b093e7fe0f4bdc7f830fef42266fcf1156112f0eb959046,11f4fe862570895441036964a9b308e92c2ee6ba8a87b5da9009ffd5208a4bda,2c6d6a597c6b1b321c4f632291c22dfe5788a058fe82fd65114a5a59d5d0be83,3a365f5dd3e9d410585a34695bb444d67b220c4b40a9348288a540078bc27f75
temporal,B0,False,2020-10-07,landsat-8,967,66,1.8978858318145644,2.32553520663057,-0.975394070762822,,False,3b188221263ad4673846ce5170fa622b5395e51a4aaa750114e1793d3986975b,55416c987a2d25f9177dd974307ae595761c1db31ecaa9d7561fb6c42d4d5e7c,00d1e59ce78baffbf9d24361ac8ba16a1d577b22cb193e15596627259190ed07,0c06b88fd09cd514745b699e6b6a7e12901db8d3247e42b582feaf1f7e91c04a,1eafe424a4c718d6a3b18cff938036f958858c70b344740788993b119bfbb04b,9c2f903993167fc2a228b3cfe60a23fe33f57f252bae6299458338cb8eb967ad,3f630dfcc8a1c2a19b093e7fe0f4bdc7f830fef42266fcf1156112f0eb959046,11f4fe862570895441036964a9b308e92c2ee6ba8a87b5da9009ffd5208a4bda,2c6d6a597c6b1b321c4f632291c22dfe5788a058fe82fd65114a5a59d5d0be83,3a365f5dd3e9d410585a34695bb444d67b220c4b40a9348288a540078bc27f75
temporal,B0,False,2021-05-03,landsat-8,1019,64,2.566936781976633,3.049784336240635,-1.7228009914052278,,False,3b188221263ad4673846ce5170fa622b5395e51a4aaa750114e1793d3986975b,55416c987a2d25f9177dd974307ae595761c1db31ecaa9d7561fb6c42d4d5e7c,00d1e59ce78baffbf9d24361ac8ba16a1d577b22cb193e15596627259190ed07,0c06b88fd09cd514745b699e6b6a7e12901db8d3247e42b582feaf1f7e91c04a,1eafe424a4c718d6a3b18cff938036f958858c70b344740788993b119bfbb04b,9c2f903993167fc2a228b3cfe60a23fe33f57f252bae6299458338cb8eb967ad,3f630dfcc8a1c2a19b093e7fe0f4bdc7f830fef42266fcf1156112f0eb959046,11f4fe862570895441036964a9b308e92c2ee6ba8a87b5da9009ffd5208a4bda,2c6d6a597c6b1b321c4f632291c22dfe5788a058fe82fd65114a5a59d5d0be83,3a365f5dd3e9d410585a34695bb444d67b220c4b40a9348288a540078bc27f75
temporal,B0,False,2021-06-04,landsat-8,953,61,2.012414804254543,2.6920600451989025,1.1854525040473782,,False,3b188221263ad4673846ce5170fa622b5395e51a4aaa750114e1793d3986975b,55416c987a2d25f9177dd974307ae595761c1db31ecaa9d7561fb6c42d4d5e7c,00d1e59ce78baffbf9d24361ac8ba16a1d577b22cb193e15596627259190ed07,0c06b88fd09cd514745b699e6b6a7e12901db8d3247e42b582feaf1f7e91c04a,1eafe424a4c718d6a3b18cff938036f958858c70b344740788993b119bfbb04b,9c2f903993167fc2a228b3cfe60a23fe33f57f252bae6299458338cb8eb967ad,3f630dfcc8a1c2a19b093e7fe0f4bdc7f830fef42266fcf1156112f0eb959046,11f4fe862570895441036964a9b308e92c2ee6ba8a87b5da9009ffd5208a4bda,2c6d6a597c6b1b321c4f632291c22dfe5788a058fe82fd65114a5a59d5d0be83,3a365f5dd3e9d410585a34695bb444d67b220c4b40a9348288a540078bc27f75
temporal,B0,False,2021-06-20,landsat-8,993,62,2.1920401020684297,3.1334183683936465,1.226743115458893,,False,3b188221263ad4673846ce5170fa622b5395e51a4aaa750114e1793d3986975b,55416c987a2d25f9177dd974307ae595761c1db31ecaa9d7561fb6c42d4d5e7c,00d1e59ce78baffbf9d24361ac8ba16a1d577b22cb193e15596627259190ed07,0c06b88fd09cd514745b699e6b6a7e12901db8d3247e42b582feaf1f7e91c04a,1eafe424a4c718d6a3b18cff938036f958858c70b344740788993b119bfbb04b,9c2f903993167fc2a228b3cfe60a23fe33f57f252bae6299458338cb8eb967ad,3f630dfcc8a1c2a19b093e7fe0f4bdc7f830fef42266fcf1156112f0eb959046,11f4fe862570895441036964a9b308e92c2ee6ba8a87b5da9009ffd5208a4bda,2c6d6a597c6b1b321c4f632291c22dfe5788a058fe82fd65114a5a59d5d0be83,3a365f5dd3e9d410585a34695bb444d67b220c4b40a9348288a540078bc27f75
temporal,B0,False,2021-07-06,landsat-8,1068,66,2.1158426296461585,3.092218107478118,1.5940582547236317,,False,3b188221263ad4673846ce5170fa622b5395e51a4aaa750114e1793d3986975b,55416c987a2d25f9177dd974307ae595761c1db31ecaa9d7561fb6c42d4d5e7c,00d1e59ce78baffbf9d24361ac8ba16a1d577b22cb193e15596627259190ed07,0c06b88fd09cd514745b699e6b6a7e12901db8d3247e42b582feaf1f7e91c04a,1eafe424a4c718d6a3b18cff938036f958858c70b344740788993b119bfbb04b,9c2f903993167fc2a228b3cfe60a23fe33f57f252bae6299458338cb8eb967ad,3f630dfcc8a1c2a19b093e7fe0f4bdc7f830fef42266fcf1156112f0eb959046,11f4fe862570895441036964a9b308e92c2ee6ba8a87b5da9009ffd5208a4bda,2c6d6a597c6b1b321c4f632291c22dfe5788a058fe82fd65114a5a59d5d0be83,3a365f5dd3e9d410585a34695bb444d67b220c4b40a9348288a540078bc27f75
temporal,B0,False,2021-08-07,landsat-8,1064,69,2.5942278646210917,3.5303488783819805,2.4725565565665035,,False,3b188221263ad4673846ce5170fa622b5395e51a4aaa750114e1793d3986975b,55416c987a2d25f9177dd974307ae595761c1db31ecaa9d7561fb6c42d4d5e7c,00d1e59ce78baffbf9d24361ac8ba16a1d577b22cb193e15596627259190ed07,0c06b88fd09cd514745b699e6b6a7e12901db8d3247e42b582feaf1f7e91c04a,1eafe424a4c718d6a3b18cff938036f958858c70b344740788993b119bfbb04b,9c2f903993167fc2a228b3cfe60a23fe33f57f252bae6299458338cb8eb967ad,3f630dfcc8a1c2a19b093e7fe0f4bdc7f830fef42266fcf1156112f0eb959046,11f4fe862570895441036964a9b308e92c2ee6ba8a87b5da9009ffd5208a4bda,2c6d6a597c6b1b321c4f632291c22dfe5788a058fe82fd65114a5a59d5d0be83,3a365f5dd3e9d410585a34695bb444d67b220c4b40a9348288a540078bc27f75
temporal,B0,False,2021-09-08,landsat-8,1020,65,2.6923052097543443,3.3806685825037905,2.622111496988098,,False,3b188221263ad4673846ce5170fa622b5395e51a4aaa750114e1793d3986975b,55416c987a2d25f9177dd974307ae595761c1db31ecaa9d7561fb6c42d4d5e7c,00d1e59ce78baffbf9d24361ac8ba16a1d577b22cb193e15596627259190ed07,0c06b88fd09cd514745b699e6b6a7e12901db8d3247e42b582feaf1f7e91c04a,1eafe424a4c718d6a3b18cff938036f958858c70b344740788993b119bfbb04b,9c2f903993167fc2a228b3cfe60a23fe33f57f252bae6299458338cb8eb967ad,3f630dfcc8a1c2a19b093e7fe0f4bdc7f830fef42266fcf1156112f0eb959046,11f4fe862570895441036964a9b308e92c2ee6ba8a87b5da9009ffd5208a4bda,2c6d6a597c6b1b321c4f632291c22dfe5788a058fe82fd65114a5a59d5d0be83,3a365f5dd3e9d410585a34695bb444d67b220c4b40a9348288a540078bc27f75
temporal,B0,False,2021-09-24,landsat-8,822,59,2.4025280806366496,2.8281854116682856,2.3935848913995397,,False,3b188221263ad4673846ce5170fa622b5395e51a4aaa750114e1793d3986975b,55416c987a2d25f9177dd974307ae595761c1db31ecaa9d7561fb6c42d4d5e7c,00d1e59ce78baffbf9d24361ac8ba16a1d577b22cb193e15596627259190ed07,0c06b88fd09cd514745b699e6b6a7e12901db8d3247e42b582feaf1f7e91c04a,1eafe424a4c718d6a3b18cff938036f958858c70b344740788993b119bfbb04b,9c2f903993167fc2a228b3cfe60a23fe33f57f252bae6299458338cb8eb967ad,3f630dfcc8a1c2a19b093e7fe0f4bdc7f830fef42266fcf1156112f0eb959046,11f4fe862570895441036964a9b308e92c2ee6ba8a87b5da9009ffd5208a4bda,2c6d6a597c6b1b321c4f632291c22dfe5788a058fe82fd65114a5a59d5d0be83,3a365f5dd3e9d410585a34695bb444d67b220c4b40a9348288a540078bc27f75
temporal,B0,False,2021-10-10,landsat-8,905,65,1.6430416317970038,2.1782545626496543,1.5606967949131096,,False,3b188221263ad4673846ce5170fa622b5395e51a4aaa750114e1793d3986975b,55416c987a2d25f9177dd974307ae595761c1db31ecaa9d7561fb6c42d4d5e7c,00d1e59ce78baffbf9d24361ac8ba16a1d577b22cb193e15596627259190ed07,0c06b88fd09cd514745b699e6b6a7e12901db8d3247e42b582feaf1f7e91c04a,1eafe424a4c718d6a3b18cff938036f958858c70b344740788993b119bfbb04b,9c2f903993167fc2a228b3cfe60a23fe33f57f252bae6299458338cb8eb967ad,3f630dfcc8a1c2a19b093e7fe0f4bdc7f830fef42266fcf1156112f0eb959046,11f4fe862570895441036964a9b308e92c2ee6ba8a87b5da9009ffd5208a4bda,2c6d6a597c6b1b321c4f632291c22dfe5788a058fe82fd65114a5a59d5d0be83,3a365f5dd3e9d410585a34695bb444d67b220c4b40a9348288a540078bc27f75
temporal,B0,False,2021-10-26,landsat-8,1094,71,7.621396337891305,7.820686380245024,7.621396337891305,-0.023037020742309514,True,3b188221263ad4673846ce5170fa622b5395e51a4aaa750114e1793d3986975b,55416c987a2d25f9177dd974307ae595761c1db31ecaa9d7561fb6c42d4d5e7c,00d1e59ce78baffbf9d24361ac8ba16a1d577b22cb193e15596627259190ed07,0c06b88fd09cd514745b699e6b6a7e12901db8d3247e42b582feaf1f7e91c04a,1eafe424a4c718d6a3b18cff938036f958858c70b344740788993b119bfbb04b,9c2f903993167fc2a228b3cfe60a23fe33f57f252bae6299458338cb8eb967ad,3f630dfcc8a1c2a19b093e7fe0f4bdc7f830fef42266fcf1156112f0eb959046,11f4fe862570895441036964a9b308e92c2ee6ba8a87b5da9009ffd5208a4bda,2c6d6a597c6b1b321c4f632291c22dfe5788a058fe82fd65114a5a59d5d0be83,3a365f5dd3e9d410585a34695bb444d67b220c4b40a9348288a540078bc27f75
temporal,B0,False,2022-05-06,landsat-8,978,62,3.357292864315382,3.905002932366986,-3.0214135663004,,False,3b188221263ad4673846ce5170fa622b5395e51a4aaa750114e1793d3986975b,55416c987a2d25f9177dd974307ae595761c1db31ecaa9d7561fb6c42d4d5e7c,00d1e59ce78baffbf9d24361ac8ba16a1d577b22cb193e15596627259190ed07,0c06b88fd09cd514745b699e6b6a7e12901db8d3247e42b582feaf1f7e91c04a,1eafe424a4c718d6a3b18cff938036f958858c70b344740788993b119bfbb04b,9c2f903993167fc2a228b3cfe60a23fe33f57f252bae6299458338cb8eb967ad,3f630dfcc8a1c2a19b093e7fe0f4bdc7f830fef42266fcf1156112f0eb959046,11f4fe862570895441036964a9b308e92c2ee6ba8a87b5da9009ffd5208a4bda,2c6d6a597c6b1b321c4f632291c22dfe5788a058fe82fd65114a5a59d5d0be83,3a365f5dd3e9d410585a34695bb444d67b220c4b40a9348288a540078bc27f75
temporal,B0,False,2022-05-14,landsat-9,989,69,7.763978859657437,8.352534282437178,-7.7360915611092285,,False,3b188221263ad4673846ce5170fa622b5395e51a4aaa750114e1793d3986975b,55416c987a2d25f9177dd974307ae595761c1db31ecaa9d7561fb6c42d4d5e7c,00d1e59ce78baffbf9d24361ac8ba16a1d577b22cb193e15596627259190ed07,0c06b88fd09cd514745b699e6b6a7e12901db8d3247e42b582feaf1f7e91c04a,1eafe424a4c718d6a3b18cff938036f958858c70b344740788993b119bfbb04b,9c2f903993167fc2a228b3cfe60a23fe33f57f252bae6299458338cb8eb967ad,3f630dfcc8a1c2a19b093e7fe0f4bdc7f830fef42266fcf1156112f0eb959046,11f4fe862570895441036964a9b308e92c2ee6ba8a87b5da9009ffd5208a4bda,2c6d6a597c6b1b321c4f632291c22dfe5788a058fe82fd65114a5a59d5d0be83,3a365f5dd3e9d410585a34695bb444d67b220c4b40a9348288a540078bc27f75
temporal,B0,False,2022-05-22,landsat-8,818,58,2.4114594549699544,2.893797118053137,1.5984358102651737,,False,3b188221263ad4673846ce5170fa622b5395e51a4aaa750114e1793d3986975b,55416c987a2d25f9177dd974307ae595761c1db31ecaa9d7561fb6c42d4d5e7c,00d1e59ce78baffbf9d24361ac8ba16a1d577b22cb193e15596627259190ed07,0c06b88fd09cd514745b699e6b6a7e12901db8d3247e42b582feaf1f7e91c04a,1eafe424a4c718d6a3b18cff938036f958858c70b344740788993b119bfbb04b,9c2f903993167fc2a228b3cfe60a23fe33f57f252bae6299458338cb8eb967ad,3f630dfcc8a1c2a19b093e7fe0f4bdc7f830fef42266fcf1156112f0eb959046,11f4fe862570895441036964a9b308e92c2ee6ba8a87b5da9009ffd5208a4bda,2c6d6a597c6b1b321c4f632291c22dfe5788a058fe82fd65114a5a59d5d0be83,3a365f5dd3e9d410585a34695bb444d67b220c4b40a9348288a540078bc27f75
temporal,B0,False,2022-05-30,landsat-9,1055,67,1.9186893410201002,2.508591578681335,0.184168358287485,,False,3b188221263ad4673846ce5170fa622b5395e51a4aaa750114e1793d3986975b,55416c987a2d25f9177dd974307ae595761c1db31ecaa9d7561fb6c42d4d5e7c,00d1e59ce78baffbf9d24361ac8ba16a1d577b22cb193e15596627259190ed07,0c06b88fd09cd514745b699e6b6a7e12901db8d3247e42b582feaf1f7e91c04a,1eafe424a4c718d6a3b18cff938036f958858c70b344740788993b119bfbb04b,9c2f903993167fc2a228b3cfe60a23fe33f57f252bae6299458338cb8eb967ad,3f630dfcc8a1c2a19b093e7fe0f4bdc7f830fef42266fcf1156112f0eb959046,11f4fe862570895441036964a9b308e92c2ee6ba8a87b5da9009ffd5208a4bda,2c6d6a597c6b1b321c4f632291c22dfe5788a058fe82fd65114a5a59d5d0be83,3a365f5dd3e9d410585a34695bb444d67b220c4b40a9348288a540078bc27f75
temporal,B0,False,2022-06-07,landsat-8,967,61,2.0516218165065587,2.567079870335491,-0.43211553454706364,,False,3b188221263ad4673846ce5170fa622b5395e51a4aaa750114e1793d3986975b,55416c987a2d25f9177dd974307ae595761c1db31ecaa9d7561fb6c42d4d5e7c,00d1e59ce78baffbf9d24361ac8ba16a1d577b22cb193e15596627259190ed07,0c06b88fd09cd514745b699e6b6a7e12901db8d3247e42b582feaf1f7e91c04a,1eafe424a4c718d6a3b18cff938036f958858c70b344740788993b119bfbb04b,9c2f903993167fc2a228b3cfe60a23fe33f57f252bae6299458338cb8eb967ad,3f630dfcc8a1c2a19b093e7fe0f4bdc7f830fef42266fcf1156112f0eb959046,11f4fe862570895441036964a9b308e92c2ee6ba8a87b5da9009ffd5208a4bda,2c6d6a597c6b1b321c4f632291c22dfe5788a058fe82fd65114a5a59d5d0be83,3a365f5dd3e9d410585a34695bb444d67b220c4b40a9348288a540078bc27f75
temporal,B0,False,2022-06-15,landsat-9,1067,69,2.1252318738041236,2.7311870620788183,-0.013638405240121164,,False,3b188221263ad4673846ce5170fa622b5395e51a4aaa750114e1793d3986975b,55416c987a2d25f9177dd974307ae595761c1db31ecaa9d7561fb6c42d4d5e7c,00d1e59ce78baffbf9d24361ac8ba16a1d577b22cb193e15596627259190ed07,0c06b88fd09cd514745b699e6b6a7e12901db8d3247e42b582feaf1f7e91c04a,1eafe424a4c718d6a3b18cff938036f958858c70b344740788993b119bfbb04b,9c2f903993167fc2a228b3cfe60a23fe33f57f252bae6299458338cb8eb967ad,3f630dfcc8a1c2a19b093e7fe0f4bdc7f830fef42266fcf1156112f0eb959046,11f4fe862570895441036964a9b308e92c2ee6ba8a87b5da9009ffd5208a4bda,2c6d6a597c6b1b321c4f632291c22dfe5788a058fe82fd65114a5a59d5d0be83,3a365f5dd3e9d410585a34695bb444d67b220c4b40a9348288a540078bc27f75
temporal,B0,False,2022-06-23,landsat-8,1059,69,3.1177951675721416,3.8047569625457083,-1.383420892218376,,False,3b188221263ad4673846ce5170fa622b5395e51a4aaa750114e1793d3986975b,55416c987a2d25f9177dd974307ae595761c1db31ecaa9d7561fb6c42d4d5e7c,00d1e59ce78baffbf9d24361ac8ba16a1d577b22cb193e15596627259190ed07,0c06b88fd09cd514745b699e6b6a7e12901db8d3247e42b582feaf1f7e91c04a,1eafe424a4c718d6a3b18cff938036f958858c70b344740788993b119bfbb04b,9c2f903993167fc2a228b3cfe60a23fe33f57f252bae6299458338cb8eb967ad,3f630dfcc8a1c2a19b093e7fe0f4bdc7f830fef42266fcf1156112f0eb959046,11f4fe862570895441036964a9b308e92c2ee6ba8a87b5da9009ffd5208a4bda,2c6d6a597c6b1b321c4f632291c22dfe5788a058fe82fd65114a5a59d5d0be83,3a365f5dd3e9d410585a34695bb444d67b220c4b40a9348288a540078bc27f75
temporal,B0,False,2022-07-01,landsat-9,1072,70,1.9861920306937932,2.563398534301059,-0.10674075251724895,,False,3b188221263ad4673846ce5170fa622b5395e51a4aaa750114e1793d3986975b,55416c987a2d25f9177dd974307ae595761c1db31ecaa9d7561fb6c42d4d5e7c,00d1e59ce78baffbf9d24361ac8ba16a1d577b22cb193e15596627259190ed07,0c06b88fd09cd514745b699e6b6a7e12901db8d3247e42b582feaf1f7e91c04a,1eafe424a4c718d6a3b18cff938036f958858c70b344740788993b119bfbb04b,9c2f903993167fc2a228b3cfe60a23fe33f57f252bae6299458338cb8eb967ad,3f630dfcc8a1c2a19b093e7fe0f4bdc7f830fef42266fcf1156112f0eb959046,11f4fe862570895441036964a9b308e92c2ee6ba8a87b5da9009ffd5208a4bda,2c6d6a597c6b1b321c4f632291c22dfe5788a058fe82fd65114a5a59d5d0be83,3a365f5dd3e9d410585a34695bb444d67b220c4b40a9348288a540078bc27f75
temporal,B0,False,2022-07-09,landsat-8,1050,67,2.6385969270242864,3.3610126660549593,-0.01294967431075325,,False,3b188221263ad4673846ce5170fa622b5395e51a4aaa750114e1793d3986975b,55416c987a2d25f9177dd974307ae595761c1db31ecaa9d7561fb6c42d4d5e7c,00d1e59ce78baffbf9d24361ac8ba16a1d577b22cb193e15596627259190ed07,0c06b88fd09cd514745b699e6b6a7e12901db8d3247e42b582feaf1f7e91c04a,1eafe424a4c718d6a3b18cff938036f958858c70b344740788993b119bfbb04b,9c2f903993167fc2a228b3cfe60a23fe33f57f252bae6299458338cb8eb967ad,3f630dfcc8a1c2a19b093e7fe0f4bdc7f830fef42266fcf1156112f0eb959046,11f4fe862570895441036964a9b308e92c2ee6ba8a87b5da9009ffd5208a4bda,2c6d6a597c6b1b321c4f632291c22dfe5788a058fe82fd65114a5a59d5d0be83,3a365f5dd3e9d410585a34695bb444d67b220c4b40a9348288a540078bc27f75
temporal,B0,False,2022-07-17,landsat-9,1008,69,6.004456099405165,6.443544312950209,-5.888890184317085,,False,3b188221263ad4673846ce5170fa622b5395e51a4aaa750114e1793d3986975b,55416c987a2d25f9177dd974307ae595761c1db31ecaa9d7561fb6c42d4d5e7c,00d1e59ce78baffbf9d24361ac8ba16a1d577b22cb193e15596627259190ed07,0c06b88fd09cd514745b699e6b6a7e12901db8d3247e42b582feaf1f7e91c04a,1eafe424a4c718d6a3b18cff938036f958858c70b344740788993b119bfbb04b,9c2f903993167fc2a228b3cfe60a23fe33f57f252bae6299458338cb8eb967ad,3f630dfcc8a1c2a19b093e7fe0f4bdc7f830fef42266fcf1156112f0eb959046,11f4fe862570895441036964a9b308e92c2ee6ba8a87b5da9009ffd5208a4bda,2c6d6a597c6b1b321c4f632291c22dfe5788a058fe82fd65114a5a59d5d0be83,3a365f5dd3e9d410585a34695bb444d67b220c4b40a9348288a540078bc27f75
temporal,B0,False,2022-07-25,landsat-8,1054,68,1.9536812575082387,2.7879582680121837,1.2510454952993482,,False,3b188221263ad4673846ce5170fa622b5395e51a4aaa750114e1793d3986975b,55416c987a2d25f9177dd974307ae595761c1db31ecaa9d7561fb6c42d4d5e7c,00d1e59ce78baffbf9d24361ac8ba16a1d577b22cb193e15596627259190ed07,0c06b88fd09cd514745b699e6b6a7e12901db8d3247e42b582feaf1f7e91c04a,1eafe424a4c718d6a3b18cff938036f958858c70b344740788993b119bfbb04b,9c2f903993167fc2a228b3cfe60a23fe33f57f252bae6299458338cb8eb967ad,3f630dfcc8a1c2a19b093e7fe0f4bdc7f830fef42266fcf1156112f0eb959046,11f4fe862570895441036964a9b308e92c2ee6ba8a87b5da9009ffd5208a4bda,2c6d6a597c6b1b321c4f632291c22dfe5788a058fe82fd65114a5a59d5d0be83,3a365f5dd3e9d410585a34695bb444d67b220c4b40a9348288a540078bc27f75
temporal,B0,False,2022-08-02,landsat-9,1026,67,2.514058704160467,3.155778584608762,-0.15132965329021128,,False,3b188221263ad4673846ce5170fa622b5395e51a4aaa750114e1793d3986975b,55416c987a2d25f9177dd974307ae595761c1db31ecaa9d7561fb6c42d4d5e7c,00d1e59ce78baffbf9d24361ac8ba16a1d577b22cb193e15596627259190ed07,0c06b88fd09cd514745b699e6b6a7e12901db8d3247e42b582feaf1f7e91c04a,1eafe424a4c718d6a3b18cff938036f958858c70b344740788993b119bfbb04b,9c2f903993167fc2a228b3cfe60a23fe33f57f252bae6299458338cb8eb967ad,3f630dfcc8a1c2a19b093e7fe0f4bdc7f830fef42266fcf1156112f0eb959046,11f4fe862570895441036964a9b308e92c2ee6ba8a87b5da9009ffd5208a4bda,2c6d6a597c6b1b321c4f632291c22dfe5788a058fe82fd65114a5a59d5d0be83,3a365f5dd3e9d410585a34695bb444d67b220c4b40a9348288a540078bc27f75
temporal,B0,False,2022-08-18,landsat-9,1034,66,3.124279112715939,3.785828504563852,-1.5456189497138622,,False,3b188221263ad4673846ce5170fa622b5395e51a4aaa750114e1793d3986975b,55416c987a2d25f9177dd974307ae595761c1db31ecaa9d7561fb6c42d4d5e7c,00d1e59ce78baffbf9d24361ac8ba16a1d577b22cb193e15596627259190ed07,0c06b88fd09cd514745b699e6b6a7e12901db8d3247e42b582feaf1f7e91c04a,1eafe424a4c718d6a3b18cff938036f958858c70b344740788993b119bfbb04b,9c2f903993167fc2a228b3cfe60a23fe33f57f252bae6299458338cb8eb967ad,3f630dfcc8a1c2a19b093e7fe0f4bdc7f830fef42266fcf1156112f0eb959046,11f4fe862570895441036964a9b308e92c2ee6ba8a87b5da9009ffd5208a4bda,2c6d6a597c6b1b321c4f632291c22dfe5788a058fe82fd65114a5a59d5d0be83,3a365f5dd3e9d410585a34695bb444d67b220c4b40a9348288a540078bc27f75
temporal,B0,False,2022-08-26,landsat-8,1058,69,3.29259728090019,3.8790709365547786,-2.3650659616244134,,False,3b188221263ad4673846ce5170fa622b5395e51a4aaa750114e1793d3986975b,55416c987a2d25f9177dd974307ae595761c1db31ecaa9d7561fb6c42d4d5e7c,00d1e59ce78baffbf9d24361ac8ba16a1d577b22cb193e15596627259190ed07,0c06b88fd09cd514745b699e6b6a7e12901db8d3247e42b582feaf1f7e91c04a,1eafe424a4c718d6a3b18cff938036f958858c70b344740788993b119bfbb04b,9c2f903993167fc2a228b3cfe60a23fe33f57f252bae6299458338cb8eb967ad,3f630dfcc8a1c2a19b093e7fe0f4bdc7f830fef42266fcf1156112f0eb959046,11f4fe862570895441036964a9b308e92c2ee6ba8a87b5da9009ffd5208a4bda,2c6d6a597c6b1b321c4f632291c22dfe5788a058fe82fd65114a5a59d5d0be83,3a365f5dd3e9d410585a34695bb444d67b220c4b40a9348288a540078bc27f75
temporal,B0,False,2022-09-03,landsat-9,1085,71,9.352130356556536,9.716290756610261,-9.347338207008445,,False,3b188221263ad4673846ce5170fa622b5395e51a4aaa750114e1793d3986975b,55416c987a2d25f9177dd974307ae595761c1db31ecaa9d7561fb6c42d4d5e7c,00d1e59ce78baffbf9d24361ac8ba16a1d577b22cb193e15596627259190ed07,0c06b88fd09cd514745b699e6b6a7e12901db8d3247e42b582feaf1f7e91c04a,1eafe424a4c718d6a3b18cff938036f958858c70b344740788993b119bfbb04b,9c2f903993167fc2a228b3cfe60a23fe33f57f252bae6299458338cb8eb967ad,3f630dfcc8a1c2a19b093e7fe0f4bdc7f830fef42266fcf1156112f0eb959046,11f4fe862570895441036964a9b308e92c2ee6ba8a87b5da9009ffd5208a4bda,2c6d6a597c6b1b321c4f632291c22dfe5788a058fe82fd65114a5a59d5d0be83,3a365f5dd3e9d410585a34695bb444d67b220c4b40a9348288a540078bc27f75
temporal,B0,False,2022-09-27,landsat-8,1081,71,5.900327779793966,6.453604555449988,-5.860553935370571,,False,3b188221263ad4673846ce5170fa622b5395e51a4aaa750114e1793d3986975b,55416c987a2d25f9177dd974307ae595761c1db31ecaa9d7561fb6c42d4d5e7c,00d1e59ce78baffbf9d24361ac8ba16a1d577b22cb193e15596627259190ed07,0c06b88fd09cd514745b699e6b6a7e12901db8d3247e42b582feaf1f7e91c04a,1eafe424a4c718d6a3b18cff938036f958858c70b344740788993b119bfbb04b,9c2f903993167fc2a228b3cfe60a23fe33f57f252bae6299458338cb8eb967ad,3f630dfcc8a1c2a19b093e7fe0f4bdc7f830fef42266fcf1156112f0eb959046,11f4fe862570895441036964a9b308e92c2ee6ba8a87b5da9009ffd5208a4bda,2c6d6a597c6b1b321c4f632291c22dfe5788a058fe82fd65114a5a59d5d0be83,3a365f5dd3e9d410585a34695bb444d67b220c4b40a9348288a540078bc27f75
temporal,B0,False,2022-10-05,landsat-9,921,59,1.8566733795048245,2.1675557698083736,-1.1481368333519408,,False,3b188221263ad4673846ce5170fa622b5395e51a4aaa750114e1793d3986975b,55416c987a2d25f9177dd974307ae595761c1db31ecaa9d7561fb6c42d4d5e7c,00d1e59ce78baffbf9d24361ac8ba16a1d577b22cb193e15596627259190ed07,0c06b88fd09cd514745b699e6b6a7e12901db8d3247e42b582feaf1f7e91c04a,1eafe424a4c718d6a3b18cff938036f958858c70b344740788993b119bfbb04b,9c2f903993167fc2a228b3cfe60a23fe33f57f252bae6299458338cb8eb967ad,3f630dfcc8a1c2a19b093e7fe0f4bdc7f830fef42266fcf1156112f0eb959046,11f4fe862570895441036964a9b308e92c2ee6ba8a87b5da9009ffd5208a4bda,2c6d6a597c6b1b321c4f632291c22dfe5788a058fe82fd65114a5a59d5d0be83,3a365f5dd3e9d410585a34695bb444d67b220c4b40a9348288a540078bc27f75
temporal,B0,False,2022-10-21,landsat-9,701,63,1.6013707331075013,1.8311150091439587,-1.2770118713663583,,False,3b188221263ad4673846ce5170fa622b5395e51a4aaa750114e1793d3986975b,55416c987a2d25f9177dd974307ae595761c1db31ecaa9d7561fb6c42d4d5e7c,00d1e59ce78baffbf9d24361ac8ba16a1d577b22cb193e15596627259190ed07,0c06b88fd09cd514745b699e6b6a7e12901db8d3247e42b582feaf1f7e91c04a,1eafe424a4c718d6a3b18cff938036f958858c70b344740788993b119bfbb04b,9c2f903993167fc2a228b3cfe60a23fe33f57f252bae6299458338cb8eb967ad,3f630dfcc8a1c2a19b093e7fe0f4bdc7f830fef42266fcf1156112f0eb959046,11f4fe862570895441036964a9b308e92c2ee6ba8a87b5da9009ffd5208a4bda,2c6d6a597c6b1b321c4f632291c22dfe5788a058fe82fd65114a5a59d5d0be83,3a365f5dd3e9d410585a34695bb444d67b220c4b40a9348288a540078bc27f75
temporal,B0,False,2022-10-29,landsat-8,969,67,1.0935996755729565,1.533097792692581,0.6376058775760912,,False,3b188221263ad4673846ce5170fa622b5395e51a4aaa750114e1793d3986975b,55416c987a2d25f9177dd974307ae595761c1db31ecaa9d7561fb6c42d4d5e7c,00d1e59ce78baffbf9d24361ac8ba16a1d577b22cb193e15596627259190ed07,0c06b88fd09cd514745b699e6b6a7e12901db8d3247e42b582feaf1f7e91c04a,1eafe424a4c718d6a3b18cff938036f958858c70b344740788993b119bfbb04b,9c2f903993167fc2a228b3cfe60a23fe33f57f252bae6299458338cb8eb967ad,3f630dfcc8a1c2a19b093e7fe0f4bdc7f830fef42266fcf1156112f0eb959046,11f4fe862570895441036964a9b308e92c2ee6ba8a87b5da9009ffd5208a4bda,2c6d6a597c6b1b321c4f632291c22dfe5788a058fe82fd65114a5a59d5d0be83,3a365f5dd3e9d410585a34695bb444d67b220c4b40a9348288a540078bc27f75
temporal,B0,False,2023-05-17,landsat-9,788,52,1.6331128851878056,2.1316573305623967,0.39903285236655456,,False,3b188221263ad4673846ce5170fa622b5395e51a4aaa750114e1793d3986975b,55416c987a2d25f9177dd974307ae595761c1db31ecaa9d7561fb6c42d4d5e7c,00d1e59ce78baffbf9d24361ac8ba16a1d577b22cb193e15596627259190ed07,0c06b88fd09cd514745b699e6b6a7e12901db8d3247e42b582feaf1f7e91c04a,1eafe424a4c718d6a3b18cff938036f958858c70b344740788993b119bfbb04b,9c2f903993167fc2a228b3cfe60a23fe33f57f252bae6299458338cb8eb967ad,3f630dfcc8a1c2a19b093e7fe0f4bdc7f830fef42266fcf1156112f0eb959046,11f4fe862570895441036964a9b308e92c2ee6ba8a87b5da9009ffd5208a4bda,2c6d6a597c6b1b321c4f632291c22dfe5788a058fe82fd65114a5a59d5d0be83,3a365f5dd3e9d410585a34695bb444d67b220c4b40a9348288a540078bc27f75
temporal,B0,False,2023-06-26,landsat-8,1038,62,2.816234453995296,3.703531300594637,2.5603027516661294,,False,3b188221263ad4673846ce5170fa622b5395e51a4aaa750114e1793d3986975b,55416c987a2d25f9177dd974307ae595761c1db31ecaa9d7561fb6c42d4d5e7c,00d1e59ce78baffbf9d24361ac8ba16a1d577b22cb193e15596627259190ed07,0c06b88fd09cd514745b699e6b6a7e12901db8d3247e42b582feaf1f7e91c04a,1eafe424a4c718d6a3b18cff938036f958858c70b344740788993b119bfbb04b,9c2f903993167fc2a228b3cfe60a23fe33f57f252bae6299458338cb8eb967ad,3f630dfcc8a1c2a19b093e7fe0f4bdc7f830fef42266fcf1156112f0eb959046,11f4fe862570895441036964a9b308e92c2ee6ba8a87b5da9009ffd5208a4bda,2c6d6a597c6b1b321c4f632291c22dfe5788a058fe82fd65114a5a59d5d0be83,3a365f5dd3e9d410585a34695bb444d67b220c4b40a9348288a540078bc27f75
temporal,B0,False,2023-07-04,landsat-9,1059,66,4.701502260529414,5.347298292428175,4.701502260529414,,False,3b188221263ad4673846ce5170fa622b5395e51a4aaa750114e1793d3986975b,55416c987a2d25f9177dd974307ae595761c1db31ecaa9d7561fb6c42d4d5e7c,00d1e59ce78baffbf9d24361ac8ba16a1d577b22cb193e15596627259190ed07,0c06b88fd09cd514745b699e6b6a7e12901db8d3247e42b582feaf1f7e91c04a,1eafe424a4c718d6a3b18cff938036f958858c70b344740788993b119bfbb04b,9c2f903993167fc2a228b3cfe60a23fe33f57f252bae6299458338cb8eb967ad,3f630dfcc8a1c2a19b093e7fe0f4bdc7f830fef42266fcf1156112f0eb959046,11f4fe862570895441036964a9b308e92c2ee6ba8a87b5da9009ffd5208a4bda,2c6d6a597c6b1b321c4f632291c22dfe5788a058fe82fd65114a5a59d5d0be83,3a365f5dd3e9d410585a34695bb444d67b220c4b40a9348288a540078bc27f75
temporal,B0,False,2023-07-12,landsat-8,1060,69,3.1308792027200165,3.5603401639363232,-2.090475704119676,,False,3b188221263ad4673846ce5170fa622b5395e51a4aaa750114e1793d3986975b,55416c987a2d25f9177dd974307ae595761c1db31ecaa9d7561fb6c42d4d5e7c,00d1e59ce78baffbf9d24361ac8ba16a1d577b22cb193e15596627259190ed07,0c06b88fd09cd514745b699e6b6a7e12901db8d3247e42b582feaf1f7e91c04a,1eafe424a4c718d6a3b18cff938036f958858c70b344740788993b119bfbb04b,9c2f903993167fc2a228b3cfe60a23fe33f57f252bae6299458338cb8eb967ad,3f630dfcc8a1c2a19b093e7fe0f4bdc7f830fef42266fcf1156112f0eb959046,11f4fe862570895441036964a9b308e92c2ee6ba8a87b5da9009ffd5208a4bda,2c6d6a597c6b1b321c4f632291c22dfe5788a058fe82fd65114a5a59d5d0be83,3a365f5dd3e9d410585a34695bb444d67b220c4b40a9348288a540078bc27f75
temporal,B0,False,2023-07-20,landsat-9,1072,69,3.2598615636363797,3.9608531731482106,-1.5857892152645623,,False,3b188221263ad4673846ce5170fa622b5395e51a4aaa750114e1793d3986975b,55416c987a2d25f9177dd974307ae595761c1db31ecaa9d7561fb6c42d4d5e7c,00d1e59ce78baffbf9d24361ac8ba16a1d577b22cb193e15596627259190ed07,0c06b88fd09cd514745b699e6b6a7e12901db8d3247e42b582feaf1f7e91c04a,1eafe424a4c718d6a3b18cff938036f958858c70b344740788993b119bfbb04b,9c2f903993167fc2a228b3cfe60a23fe33f57f252bae6299458338cb8eb967ad,3f630dfcc8a1c2a19b093e7fe0f4bdc7f830fef42266fcf1156112f0eb959046,11f4fe862570895441036964a9b308e92c2ee6ba8a87b5da9009ffd5208a4bda,2c6d6a597c6b1b321c4f632291c22dfe5788a058fe82fd65114a5a59d5d0be83,3a365f5dd3e9d410585a34695bb444d67b220c4b40a9348288a540078bc27f75
temporal,B0,False,2023-07-28,landsat-8,983,66,2.1231640331472614,2.924567020600328,0.7749260102065457,,False,3b188221263ad4673846ce5170fa622b5395e51a4aaa750114e1793d3986975b,55416c987a2d25f9177dd974307ae595761c1db31ecaa9d7561fb6c42d4d5e7c,00d1e59ce78baffbf9d24361ac8ba16a1d577b22cb193e15596627259190ed07,0c06b88fd09cd514745b699e6b6a7e12901db8d3247e42b582feaf1f7e91c04a,1eafe424a4c718d6a3b18cff938036f958858c70b344740788993b119bfbb04b,9c2f903993167fc2a228b3cfe60a23fe33f57f252bae6299458338cb8eb967ad,3f630dfcc8a1c2a19b093e7fe0f4bdc7f830fef42266fcf1156112f0eb959046,11f4fe862570895441036964a9b308e92c2ee6ba8a87b5da9009ffd5208a4bda,2c6d6a597c6b1b321c4f632291c22dfe5788a058fe82fd65114a5a59d5d0be83,3a365f5dd3e9d410585a34695bb444d67b220c4b40a9348288a540078bc27f75
temporal,B0,False,2023-08-05,landsat-9,1076,69,2.668228081468981,3.553059076282245,1.0134493874113597,,False,3b188221263ad4673846ce5170fa622b5395e51a4aaa750114e1793d3986975b,55416c987a2d25f9177dd974307ae595761c1db31ecaa9d7561fb6c42d4d5e7c,00d1e59ce78baffbf9d24361ac8ba16a1d577b22cb193e15596627259190ed07,0c06b88fd09cd514745b699e6b6a7e12901db8d3247e42b582feaf1f7e91c04a,1eafe424a4c718d6a3b18cff938036f958858c70b344740788993b119bfbb04b,9c2f903993167fc2a228b3cfe60a23fe33f57f252bae6299458338cb8eb967ad,3f630dfcc8a1c2a19b093e7fe0f4bdc7f830fef42266fcf1156112f0eb959046,11f4fe862570895441036964a9b308e92c2ee6ba8a87b5da9009ffd5208a4bda,2c6d6a597c6b1b321c4f632291c22dfe5788a058fe82fd65114a5a59d5d0be83,3a365f5dd3e9d410585a34695bb444d67b220c4b40a9348288a540078bc27f75
temporal,B0,False,2023-08-13,landsat-8,1063,68,2.1347599993368798,2.9702022984412437,1.4183894244407103,,False,3b188221263ad4673846ce5170fa622b5395e51a4aaa750114e1793d3986975b,55416c987a2d25f9177dd974307ae595761c1db31ecaa9d7561fb6c42d4d5e7c,00d1e59ce78baffbf9d24361ac8ba16a1d577b22cb193e15596627259190ed07,0c06b88fd09cd514745b699e6b6a7e12901db8d3247e42b582feaf1f7e91c04a,1eafe424a4c718d6a3b18cff938036f958858c70b344740788993b119bfbb04b,9c2f903993167fc2a228b3cfe60a23fe33f57f252bae6299458338cb8eb967ad,3f630dfcc8a1c2a19b093e7fe0f4bdc7f830fef42266fcf1156112f0eb959046,11f4fe862570895441036964a9b308e92c2ee6ba8a87b5da9009ffd5208a4bda,2c6d6a597c6b1b321c4f632291c22dfe5788a058fe82fd65114a5a59d5d0be83,3a365f5dd3e9d410585a34695bb444d67b220c4b40a9348288a540078bc27f75
temporal,B0,False,2023-08-29,landsat-8,1088,71,3.2524511250210684,3.6994990705010475,-2.313201160047449,,False,3b188221263ad4673846ce5170fa622b5395e51a4aaa750114e1793d3986975b,55416c987a2d25f9177dd974307ae595761c1db31ecaa9d7561fb6c42d4d5e7c,00d1e59ce78baffbf9d24361ac8ba16a1d577b22cb193e15596627259190ed07,0c06b88fd09cd514745b699e6b6a7e12901db8d3247e42b582feaf1f7e91c04a,1eafe424a4c718d6a3b18cff938036f958858c70b344740788993b119bfbb04b,9c2f903993167fc2a228b3cfe60a23fe33f57f252bae6299458338cb8eb967ad,3f630dfcc8a1c2a19b093e7fe0f4bdc7f830fef42266fcf1156112f0eb959046,11f4fe862570895441036964a9b308e92c2ee6ba8a87b5da9009ffd5208a4bda,2c6d6a597c6b1b321c4f632291c22dfe5788a058fe82fd65114a5a59d5d0be83,3a365f5dd3e9d410585a34695bb444d67b220c4b40a9348288a540078bc27f75
temporal,B0,False,2023-09-14,landsat-8,634,53,2.942185826080915,3.4563858874718347,2.9322029599931096,,False,3b188221263ad4673846ce5170fa622b5395e51a4aaa750114e1793d3986975b,55416c987a2d25f9177dd974307ae595761c1db31ecaa9d7561fb6c42d4d5e7c,00d1e59ce78baffbf9d24361ac8ba16a1d577b22cb193e15596627259190ed07,0c06b88fd09cd514745b699e6b6a7e12901db8d3247e42b582feaf1f7e91c04a,1eafe424a4c718d6a3b18cff938036f958858c70b344740788993b119bfbb04b,9c2f903993167fc2a228b3cfe60a23fe33f57f252bae6299458338cb8eb967ad,3f630dfcc8a1c2a19b093e7fe0f4bdc7f830fef42266fcf1156112f0eb959046,11f4fe862570895441036964a9b308e92c2ee6ba8a87b5da9009ffd5208a4bda,2c6d6a597c6b1b321c4f632291c22dfe5788a058fe82fd65114a5a59d5d0be83,3a365f5dd3e9d410585a34695bb444d67b220c4b40a9348288a540078bc27f75
temporal,B0,False,2023-09-22,landsat-9,707,54,5.802897186849851,6.402137279657802,5.802897186849851,,False,3b188221263ad4673846ce5170fa622b5395e51a4aaa750114e1793d3986975b,55416c987a2d25f9177dd974307ae595761c1db31ecaa9d7561fb6c42d4d5e7c,00d1e59ce78baffbf9d24361ac8ba16a1d577b22cb193e15596627259190ed07,0c06b88fd09cd514745b699e6b6a7e12901db8d3247e42b582feaf1f7e91c04a,1eafe424a4c718d6a3b18cff938036f958858c70b344740788993b119bfbb04b,9c2f903993167fc2a228b3cfe60a23fe33f57f252bae6299458338cb8eb967ad,3f630dfcc8a1c2a19b093e7fe0f4bdc7f830fef42266fcf1156112f0eb959046,11f4fe862570895441036964a9b308e92c2ee6ba8a87b5da9009ffd5208a4bda,2c6d6a597c6b1b321c4f632291c22dfe5788a058fe82fd65114a5a59d5d0be83,3a365f5dd3e9d410585a34695bb444d67b220c4b40a9348288a540078bc27f75
temporal,B0,False,2023-10-08,landsat-9,952,61,2.968620421392671,3.425476988481329,-2.570137288696274,,False,3b188221263ad4673846ce5170fa622b5395e51a4aaa750114e1793d3986975b,55416c987a2d25f9177dd974307ae595761c1db31ecaa9d7561fb6c42d4d5e7c,00d1e59ce78baffbf9d24361ac8ba16a1d577b22cb193e15596627259190ed07,0c06b88fd09cd514745b699e6b6a7e12901db8d3247e42b582feaf1f7e91c04a,1eafe424a4c718d6a3b18cff938036f958858c70b344740788993b119bfbb04b,9c2f903993167fc2a228b3cfe60a23fe33f57f252bae6299458338cb8eb967ad,3f630dfcc8a1c2a19b093e7fe0f4bdc7f830fef42266fcf1156112f0eb959046,11f4fe862570895441036964a9b308e92c2ee6ba8a87b5da9009ffd5208a4bda,2c6d6a597c6b1b321c4f632291c22dfe5788a058fe82fd65114a5a59d5d0be83,3a365f5dd3e9d410585a34695bb444d67b220c4b40a9348288a540078bc27f75
temporal,B0,False,2023-10-16,landsat-8,936,62,1.7951323815809719,2.0784179650685948,-1.1295347055299019,,False,3b188221263ad4673846ce5170fa622b5395e51a4aaa750114e1793d3986975b,55416c987a2d25f9177dd974307ae595761c1db31ecaa9d7561fb6c42d4d5e7c,00d1e59ce78baffbf9d24361ac8ba16a1d577b22cb193e15596627259190ed07,0c06b88fd09cd514745b699e6b6a7e12901db8d3247e42b582feaf1f7e91c04a,1eafe424a4c718d6a3b18cff938036f958858c70b344740788993b119bfbb04b,9c2f903993167fc2a228b3cfe60a23fe33f57f252bae6299458338cb8eb967ad,3f630dfcc8a1c2a19b093e7fe0f4bdc7f830fef42266fcf1156112f0eb959046,11f4fe862570895441036964a9b308e92c2ee6ba8a87b5da9009ffd5208a4bda,2c6d6a597c6b1b321c4f632291c22dfe5788a058fe82fd65114a5a59d5d0be83,3a365f5dd3e9d410585a34695bb444d67b220c4b40a9348288a540078bc27f75
temporal,B0,False,2023-10-24,landsat-9,699,51,1.9025632171911548,2.398729146257477,1.7859939815339405,,False,3b188221263ad4673846ce5170fa622b5395e51a4aaa750114e1793d3986975b,55416c987a2d25f9177dd974307ae595761c1db31ecaa9d7561fb6c42d4d5e7c,00d1e59ce78baffbf9d24361ac8ba16a1d577b22cb193e15596627259190ed07,0c06b88fd09cd514745b699e6b6a7e12901db8d3247e42b582feaf1f7e91c04a,1eafe424a4c718d6a3b18cff938036f958858c70b344740788993b119bfbb04b,9c2f903993167fc2a228b3cfe60a23fe33f57f252bae6299458338cb8eb967ad,3f630dfcc8a1c2a19b093e7fe0f4bdc7f830fef42266fcf1156112f0eb959046,11f4fe862570895441036964a9b308e92c2ee6ba8a87b5da9009ffd5208a4bda,2c6d6a597c6b1b321c4f632291c22dfe5788a058fe82fd65114a5a59d5d0be83,3a365f5dd3e9d410585a34695bb444d67b220c4b40a9348288a540078bc27f75
temporal,B0,False,2024-05-11,landsat-8,861,55,1.7245957451838525,2.216431318476171,0.4869789570451719,,False,3b188221263ad4673846ce5170fa622b5395e51a4aaa750114e1793d3986975b,55416c987a2d25f9177dd974307ae595761c1db31ecaa9d7561fb6c42d4d5e7c,00d1e59ce78baffbf9d24361ac8ba16a1d577b22cb193e15596627259190ed07,0c06b88fd09cd514745b699e6b6a7e12901db8d3247e42b582feaf1f7e91c04a,1eafe424a4c718d6a3b18cff938036f958858c70b344740788993b119bfbb04b,9c2f903993167fc2a228b3cfe60a23fe33f57f252bae6299458338cb8eb967ad,3f630dfcc8a1c2a19b093e7fe0f4bdc7f830fef42266fcf1156112f0eb959046,11f4fe862570895441036964a9b308e92c2ee6ba8a87b5da9009ffd5208a4bda,2c6d6a597c6b1b321c4f632291c22dfe5788a058fe82fd65114a5a59d5d0be83,3a365f5dd3e9d410585a34695bb444d67b220c4b40a9348288a540078bc27f75
temporal,B0,False,2024-05-27,landsat-8,680,46,3.5927780529504765,4.015444539613523,3.5892113042000346,,False,3b188221263ad4673846ce5170fa622b5395e51a4aaa750114e1793d3986975b,55416c987a2d25f9177dd974307ae595761c1db31ecaa9d7561fb6c42d4d5e7c,00d1e59ce78baffbf9d24361ac8ba16a1d577b22cb193e15596627259190ed07,0c06b88fd09cd514745b699e6b6a7e12901db8d3247e42b582feaf1f7e91c04a,1eafe424a4c718d6a3b18cff938036f958858c70b344740788993b119bfbb04b,9c2f903993167fc2a228b3cfe60a23fe33f57f252bae6299458338cb8eb967ad,3f630dfcc8a1c2a19b093e7fe0f4bdc7f830fef42266fcf1156112f0eb959046,11f4fe862570895441036964a9b308e92c2ee6ba8a87b5da9009ffd5208a4bda,2c6d6a597c6b1b321c4f632291c22dfe5788a058fe82fd65114a5a59d5d0be83,3a365f5dd3e9d410585a34695bb444d67b220c4b40a9348288a540078bc27f75
temporal,B0,False,2024-06-20,landsat-9,1050,65,2.5440089192375734,3.515010217388628,2.383218298544398,,False,3b188221263ad4673846ce5170fa622b5395e51a4aaa750114e1793d3986975b,55416c987a2d25f9177dd974307ae595761c1db31ecaa9d7561fb6c42d4d5e7c,00d1e59ce78baffbf9d24361ac8ba16a1d577b22cb193e15596627259190ed07,0c06b88fd09cd514745b699e6b6a7e12901db8d3247e42b582feaf1f7e91c04a,1eafe424a4c718d6a3b18cff938036f958858c70b344740788993b119bfbb04b,9c2f903993167fc2a228b3cfe60a23fe33f57f252bae6299458338cb8eb967ad,3f630dfcc8a1c2a19b093e7fe0f4bdc7f830fef42266fcf1156112f0eb959046,11f4fe862570895441036964a9b308e92c2ee6ba8a87b5da9009ffd5208a4bda,2c6d6a597c6b1b321c4f632291c22dfe5788a058fe82fd65114a5a59d5d0be83,3a365f5dd3e9d410585a34695bb444d67b220c4b40a9348288a540078bc27f75
temporal,B0,False,2024-06-28,landsat-8,1060,69,2.363572249042963,3.321187493242856,1.2336405371719537,,False,3b188221263ad4673846ce5170fa622b5395e51a4aaa750114e1793d3986975b,55416c987a2d25f9177dd974307ae595761c1db31ecaa9d7561fb6c42d4d5e7c,00d1e59ce78baffbf9d24361ac8ba16a1d577b22cb193e15596627259190ed07,0c06b88fd09cd514745b699e6b6a7e12901db8d3247e42b582feaf1f7e91c04a,1eafe424a4c718d6a3b18cff938036f958858c70b344740788993b119bfbb04b,9c2f903993167fc2a228b3cfe60a23fe33f57f252bae6299458338cb8eb967ad,3f630dfcc8a1c2a19b093e7fe0f4bdc7f830fef42266fcf1156112f0eb959046,11f4fe862570895441036964a9b308e92c2ee6ba8a87b5da9009ffd5208a4bda,2c6d6a597c6b1b321c4f632291c22dfe5788a058fe82fd65114a5a59d5d0be83,3a365f5dd3e9d410585a34695bb444d67b220c4b40a9348288a540078bc27f75
temporal,B0,False,2024-07-14,landsat-8,592,47,3.428825361900853,4.109745494423286,3.2414961526115618,,False,3b188221263ad4673846ce5170fa622b5395e51a4aaa750114e1793d3986975b,55416c987a2d25f9177dd974307ae595761c1db31ecaa9d7561fb6c42d4d5e7c,00d1e59ce78baffbf9d24361ac8ba16a1d577b22cb193e15596627259190ed07,0c06b88fd09cd514745b699e6b6a7e12901db8d3247e42b582feaf1f7e91c04a,1eafe424a4c718d6a3b18cff938036f958858c70b344740788993b119bfbb04b,9c2f903993167fc2a228b3cfe60a23fe33f57f252bae6299458338cb8eb967ad,3f630dfcc8a1c2a19b093e7fe0f4bdc7f830fef42266fcf1156112f0eb959046,11f4fe862570895441036964a9b308e92c2ee6ba8a87b5da9009ffd5208a4bda,2c6d6a597c6b1b321c4f632291c22dfe5788a058fe82fd65114a5a59d5d0be83,3a365f5dd3e9d410585a34695bb444d67b220c4b40a9348288a540078bc27f75
temporal,B0,False,2024-07-22,landsat-9,976,67,2.8078938424047797,3.5425687010488507,-0.6405284102784315,,False,3b188221263ad4673846ce5170fa622b5395e51a4aaa750114e1793d3986975b,55416c987a2d25f9177dd974307ae595761c1db31ecaa9d7561fb6c42d4d5e7c,00d1e59ce78baffbf9d24361ac8ba16a1d577b22cb193e15596627259190ed07,0c06b88fd09cd514745b699e6b6a7e12901db8d3247e42b582feaf1f7e91c04a,1eafe424a4c718d6a3b18cff938036f958858c70b344740788993b119bfbb04b,9c2f903993167fc2a228b3cfe60a23fe33f57f252bae6299458338cb8eb967ad,3f630dfcc8a1c2a19b093e7fe0f4bdc7f830fef42266fcf1156112f0eb959046,11f4fe862570895441036964a9b308e92c2ee6ba8a87b5da9009ffd5208a4bda,2c6d6a597c6b1b321c4f632291c22dfe5788a058fe82fd65114a5a59d5d0be83,3a365f5dd3e9d410585a34695bb444d67b220c4b40a9348288a540078bc27f75
temporal,B0,False,2024-07-30,landsat-8,1064,69,3.340731476820947,4.262444440575813,2.793137103291945,,False,3b188221263ad4673846ce5170fa622b5395e51a4aaa750114e1793d3986975b,55416c987a2d25f9177dd974307ae595761c1db31ecaa9d7561fb6c42d4d5e7c,00d1e59ce78baffbf9d24361ac8ba16a1d577b22cb193e15596627259190ed07,0c06b88fd09cd514745b699e6b6a7e12901db8d3247e42b582feaf1f7e91c04a,1eafe424a4c718d6a3b18cff938036f958858c70b344740788993b119bfbb04b,9c2f903993167fc2a228b3cfe60a23fe33f57f252bae6299458338cb8eb967ad,3f630dfcc8a1c2a19b093e7fe0f4bdc7f830fef42266fcf1156112f0eb959046,11f4fe862570895441036964a9b308e92c2ee6ba8a87b5da9009ffd5208a4bda,2c6d6a597c6b1b321c4f632291c22dfe5788a058fe82fd65114a5a59d5d0be83,3a365f5dd3e9d410585a34695bb444d67b220c4b40a9348288a540078bc27f75
temporal,B0,False,2024-08-07,landsat-9,849,67,2.7410998394541948,3.6687575076246586,1.9922841545622745,,False,3b188221263ad4673846ce5170fa622b5395e51a4aaa750114e1793d3986975b,55416c987a2d25f9177dd974307ae595761c1db31ecaa9d7561fb6c42d4d5e7c,00d1e59ce78baffbf9d24361ac8ba16a1d577b22cb193e15596627259190ed07,0c06b88fd09cd514745b699e6b6a7e12901db8d3247e42b582feaf1f7e91c04a,1eafe424a4c718d6a3b18cff938036f958858c70b344740788993b119bfbb04b,9c2f903993167fc2a228b3cfe60a23fe33f57f252bae6299458338cb8eb967ad,3f630dfcc8a1c2a19b093e7fe0f4bdc7f830fef42266fcf1156112f0eb959046,11f4fe862570895441036964a9b308e92c2ee6ba8a87b5da9009ffd5208a4bda,2c6d6a597c6b1b321c4f632291c22dfe5788a058fe82fd65114a5a59d5d0be83,3a365f5dd3e9d410585a34695bb444d67b220c4b40a9348288a540078bc27f75
temporal,B0,False,2024-08-15,landsat-8,1083,71,2.5078684555305197,3.3209889971934485,1.0399153423369991,,False,3b188221263ad4673846ce5170fa622b5395e51a4aaa750114e1793d3986975b,55416c987a2d25f9177dd974307ae595761c1db31ecaa9d7561fb6c42d4d5e7c,00d1e59ce78baffbf9d24361ac8ba16a1d577b22cb193e15596627259190ed07,0c06b88fd09cd514745b699e6b6a7e12901db8d3247e42b582feaf1f7e91c04a,1eafe424a4c718d6a3b18cff938036f958858c70b344740788993b119bfbb04b,9c2f903993167fc2a228b3cfe60a23fe33f57f252bae6299458338cb8eb967ad,3f630dfcc8a1c2a19b093e7fe0f4bdc7f830fef42266fcf1156112f0eb959046,11f4fe862570895441036964a9b308e92c2ee6ba8a87b5da9009ffd5208a4bda,2c6d6a597c6b1b321c4f632291c22dfe5788a058fe82fd65114a5a59d5d0be83,3a365f5dd3e9d410585a34695bb444d67b220c4b40a9348288a540078bc27f75
temporal,B0,False,2024-08-23,landsat-9,1041,70,4.113706807660465,4.740330883934487,4.108169070636302,,False,3b188221263ad4673846ce5170fa622b5395e51a4aaa750114e1793d3986975b,55416c987a2d25f9177dd974307ae595761c1db31ecaa9d7561fb6c42d4d5e7c,00d1e59ce78baffbf9d24361ac8ba16a1d577b22cb193e15596627259190ed07,0c06b88fd09cd514745b699e6b6a7e12901db8d3247e42b582feaf1f7e91c04a,1eafe424a4c718d6a3b18cff938036f958858c70b344740788993b119bfbb04b,9c2f903993167fc2a228b3cfe60a23fe33f57f252bae6299458338cb8eb967ad,3f630dfcc8a1c2a19b093e7fe0f4bdc7f830fef42266fcf1156112f0eb959046,11f4fe862570895441036964a9b308e92c2ee6ba8a87b5da9009ffd5208a4bda,2c6d6a597c6b1b321c4f632291c22dfe5788a058fe82fd65114a5a59d5d0be83,3a365f5dd3e9d410585a34695bb444d67b220c4b40a9348288a540078bc27f75
temporal,B0,False,2024-08-31,landsat-8,1048,66,2.200659233869715,2.8942207395230253,1.0166085689265443,,False,3b188221263ad4673846ce5170fa622b5395e51a4aaa750114e1793d3986975b,55416c987a2d25f9177dd974307ae595761c1db31ecaa9d7561fb6c42d4d5e7c,00d1e59ce78baffbf9d24361ac8ba16a1d577b22cb193e15596627259190ed07,0c06b88fd09cd514745b699e6b6a7e12901db8d3247e42b582feaf1f7e91c04a,1eafe424a4c718d6a3b18cff938036f958858c70b344740788993b119bfbb04b,9c2f903993167fc2a228b3cfe60a23fe33f57f252bae6299458338cb8eb967ad,3f630dfcc8a1c2a19b093e7fe0f4bdc7f830fef42266fcf1156112f0eb959046,11f4fe862570895441036964a9b308e92c2ee6ba8a87b5da9009ffd5208a4bda,2c6d6a597c6b1b321c4f632291c22dfe5788a058fe82fd65114a5a59d5d0be83,3a365f5dd3e9d410585a34695bb444d67b220c4b40a9348288a540078bc27f75
temporal,B0,False,2024-09-08,landsat-9,1087,71,8.470286124072487,8.815848932127572,-8.461808043888869,,False,3b188221263ad4673846ce5170fa622b5395e51a4aaa750114e1793d3986975b,55416c987a2d25f9177dd974307ae595761c1db31ecaa9d7561fb6c42d4d5e7c,00d1e59ce78baffbf9d24361ac8ba16a1d577b22cb193e15596627259190ed07,0c06b88fd09cd514745b699e6b6a7e12901db8d3247e42b582feaf1f7e91c04a,1eafe424a4c718d6a3b18cff938036f958858c70b344740788993b119bfbb04b,9c2f903993167fc2a228b3cfe60a23fe33f57f252bae6299458338cb8eb967ad,3f630dfcc8a1c2a19b093e7fe0f4bdc7f830fef42266fcf1156112f0eb959046,11f4fe862570895441036964a9b308e92c2ee6ba8a87b5da9009ffd5208a4bda,2c6d6a597c6b1b321c4f632291c22dfe5788a058fe82fd65114a5a59d5d0be83,3a365f5dd3e9d410585a34695bb444d67b220c4b40a9348288a540078bc27f75
temporal,B0,False,2024-09-24,landsat-9,641,50,2.1818121470013603,2.693005579091195,1.9761701457198402,,False,3b188221263ad4673846ce5170fa622b5395e51a4aaa750114e1793d3986975b,55416c987a2d25f9177dd974307ae595761c1db31ecaa9d7561fb6c42d4d5e7c,00d1e59ce78baffbf9d24361ac8ba16a1d577b22cb193e15596627259190ed07,0c06b88fd09cd514745b699e6b6a7e12901db8d3247e42b582feaf1f7e91c04a,1eafe424a4c718d6a3b18cff938036f958858c70b344740788993b119bfbb04b,9c2f903993167fc2a228b3cfe60a23fe33f57f252bae6299458338cb8eb967ad,3f630dfcc8a1c2a19b093e7fe0f4bdc7f830fef42266fcf1156112f0eb959046,11f4fe862570895441036964a9b308e92c2ee6ba8a87b5da9009ffd5208a4bda,2c6d6a597c6b1b321c4f632291c22dfe5788a058fe82fd65114a5a59d5d0be83,3a365f5dd3e9d410585a34695bb444d67b220c4b40a9348288a540078bc27f75
temporal,B0,False,2024-10-02,landsat-8,1001,63,3.492694221228268,4.191063773691805,-2.9325810306528166,,False,3b188221263ad4673846ce5170fa622b5395e51a4aaa750114e1793d3986975b,55416c987a2d25f9177dd974307ae595761c1db31ecaa9d7561fb6c42d4d5e7c,00d1e59ce78baffbf9d24361ac8ba16a1d577b22cb193e15596627259190ed07,0c06b88fd09cd514745b699e6b6a7e12901db8d3247e42b582feaf1f7e91c04a,1eafe424a4c718d6a3b18cff938036f958858c70b344740788993b119bfbb04b,9c2f903993167fc2a228b3cfe60a23fe33f57f252bae6299458338cb8eb967ad,3f630dfcc8a1c2a19b093e7fe0f4bdc7f830fef42266fcf1156112f0eb959046,11f4fe862570895441036964a9b308e92c2ee6ba8a87b5da9009ffd5208a4bda,2c6d6a597c6b1b321c4f632291c22dfe5788a058fe82fd65114a5a59d5d0be83,3a365f5dd3e9d410585a34695bb444d67b220c4b40a9348288a540078bc27f75
temporal,B0,False,2024-10-10,landsat-9,870,58,1.2835403084808557,1.6784608834374584,0.5345421664137946,,False,3b188221263ad4673846ce5170fa622b5395e51a4aaa750114e1793d3986975b,55416c987a2d25f9177dd974307ae595761c1db31ecaa9d7561fb6c42d4d5e7c,00d1e59ce78baffbf9d24361ac8ba16a1d577b22cb193e15596627259190ed07,0c06b88fd09cd514745b699e6b6a7e12901db8d3247e42b582feaf1f7e91c04a,1eafe424a4c718d6a3b18cff938036f958858c70b344740788993b119bfbb04b,9c2f903993167fc2a228b3cfe60a23fe33f57f252bae6299458338cb8eb967ad,3f630dfcc8a1c2a19b093e7fe0f4bdc7f830fef42266fcf1156112f0eb959046,11f4fe862570895441036964a9b308e92c2ee6ba8a87b5da9009ffd5208a4bda,2c6d6a597c6b1b321c4f632291c22dfe5788a058fe82fd65114a5a59d5d0be83,3a365f5dd3e9d410585a34695bb444d67b220c4b40a9348288a540078bc27f75
temporal,B0,False,2024-10-18,landsat-8,1091,71,3.2089793430974556,3.8612500172269835,3.1833478817371286,,False,3b188221263ad4673846ce5170fa622b5395e51a4aaa750114e1793d3986975b,55416c987a2d25f9177dd974307ae595761c1db31ecaa9d7561fb6c42d4d5e7c,00d1e59ce78baffbf9d24361ac8ba16a1d577b22cb193e15596627259190ed07,0c06b88fd09cd514745b699e6b6a7e12901db8d3247e42b582feaf1f7e91c04a,1eafe424a4c718d6a3b18cff938036f958858c70b344740788993b119bfbb04b,9c2f903993167fc2a228b3cfe60a23fe33f57f252bae6299458338cb8eb967ad,3f630dfcc8a1c2a19b093e7fe0f4bdc7f830fef42266fcf1156112f0eb959046,11f4fe862570895441036964a9b308e92c2ee6ba8a87b5da9009ffd5208a4bda,2c6d6a597c6b1b321c4f632291c22dfe5788a058fe82fd65114a5a59d5d0be83,3a365f5dd3e9d410585a34695bb444d67b220c4b40a9348288a540078bc27f75
temporal,B1,False,2020-05-16,landsat-8,1061,69,3.0789725431178487,3.6146104260593264,-2.1632564937733676,0.3414877193866371,True,3b188221263ad4673846ce5170fa622b5395e51a4aaa750114e1793d3986975b,55416c987a2d25f9177dd974307ae595761c1db31ecaa9d7561fb6c42d4d5e7c,00d1e59ce78baffbf9d24361ac8ba16a1d577b22cb193e15596627259190ed07,0c06b88fd09cd514745b699e6b6a7e12901db8d3247e42b582feaf1f7e91c04a,1eafe424a4c718d6a3b18cff938036f958858c70b344740788993b119bfbb04b,9c2f903993167fc2a228b3cfe60a23fe33f57f252bae6299458338cb8eb967ad,3f630dfcc8a1c2a19b093e7fe0f4bdc7f830fef42266fcf1156112f0eb959046,11f4fe862570895441036964a9b308e92c2ee6ba8a87b5da9009ffd5208a4bda,2c6d6a597c6b1b321c4f632291c22dfe5788a058fe82fd65114a5a59d5d0be83,3a365f5dd3e9d410585a34695bb444d67b220c4b40a9348288a540078bc27f75
temporal,B1,False,2020-07-03,landsat-8,1073,70,2.20859145839318,2.694798595126881,-0.7191287161469085,0.6476819819629785,True,3b188221263ad4673846ce5170fa622b5395e51a4aaa750114e1793d3986975b,55416c987a2d25f9177dd974307ae595761c1db31ecaa9d7561fb6c42d4d5e7c,00d1e59ce78baffbf9d24361ac8ba16a1d577b22cb193e15596627259190ed07,0c06b88fd09cd514745b699e6b6a7e12901db8d3247e42b582feaf1f7e91c04a,1eafe424a4c718d6a3b18cff938036f958858c70b344740788993b119bfbb04b,9c2f903993167fc2a228b3cfe60a23fe33f57f252bae6299458338cb8eb967ad,3f630dfcc8a1c2a19b093e7fe0f4bdc7f830fef42266fcf1156112f0eb959046,11f4fe862570895441036964a9b308e92c2ee6ba8a87b5da9009ffd5208a4bda,2c6d6a597c6b1b321c4f632291c22dfe5788a058fe82fd65114a5a59d5d0be83,3a365f5dd3e9d410585a34695bb444d67b220c4b40a9348288a540078bc27f75
temporal,B1,False,2020-07-19,landsat-8,1050,68,3.055766774049828,3.503516242393896,-2.064423410356249,0.6795681812755819,True,3b188221263ad4673846ce5170fa622b5395e51a4aaa750114e1793d3986975b,55416c987a2d25f9177dd974307ae595761c1db31ecaa9d7561fb6c42d4d5e7c,00d1e59ce78baffbf9d24361ac8ba16a1d577b22cb193e15596627259190ed07,0c06b88fd09cd514745b699e6b6a7e12901db8d3247e42b582feaf1f7e91c04a,1eafe424a4c718d6a3b18cff938036f958858c70b344740788993b119bfbb04b,9c2f903993167fc2a228b3cfe60a23fe33f57f252bae6299458338cb8eb967ad,3f630dfcc8a1c2a19b093e7fe0f4bdc7f830fef42266fcf1156112f0eb959046,11f4fe862570895441036964a9b308e92c2ee6ba8a87b5da9009ffd5208a4bda,2c6d6a597c6b1b321c4f632291c22dfe5788a058fe82fd65114a5a59d5d0be83,3a365f5dd3e9d410585a34695bb444d67b220c4b40a9348288a540078bc27f75
temporal,B1,False,2020-08-20,landsat-8,1080,71,1.9576742554005335,2.54346690855615,0.6048330093970196,0.2063711083604887,True,3b188221263ad4673846ce5170fa622b5395e51a4aaa750114e1793d3986975b,55416c987a2d25f9177dd974307ae595761c1db31ecaa9d7561fb6c42d4d5e7c,00d1e59ce78baffbf9d24361ac8ba16a1d577b22cb193e15596627259190ed07,0c06b88fd09cd514745b699e6b6a7e12901db8d3247e42b582feaf1f7e91c04a,1eafe424a4c718d6a3b18cff938036f958858c70b344740788993b119bfbb04b,9c2f903993167fc2a228b3cfe60a23fe33f57f252bae6299458338cb8eb967ad,3f630dfcc8a1c2a19b093e7fe0f4bdc7f830fef42266fcf1156112f0eb959046,11f4fe862570895441036964a9b308e92c2ee6ba8a87b5da9009ffd5208a4bda,2c6d6a597c6b1b321c4f632291c22dfe5788a058fe82fd65114a5a59d5d0be83,3a365f5dd3e9d410585a34695bb444d67b220c4b40a9348288a540078bc27f75
temporal,B1,False,2020-09-05,landsat-8,1086,71,4.393354985712699,4.888841361660612,-4.264767485556102,0.7773765572283093,True,3b188221263ad4673846ce5170fa622b5395e51a4aaa750114e1793d3986975b,55416c987a2d25f9177dd974307ae595761c1db31ecaa9d7561fb6c42d4d5e7c,00d1e59ce78baffbf9d24361ac8ba16a1d577b22cb193e15596627259190ed07,0c06b88fd09cd514745b699e6b6a7e12901db8d3247e42b582feaf1f7e91c04a,1eafe424a4c718d6a3b18cff938036f958858c70b344740788993b119bfbb04b,9c2f903993167fc2a228b3cfe60a23fe33f57f252bae6299458338cb8eb967ad,3f630dfcc8a1c2a19b093e7fe0f4bdc7f830fef42266fcf1156112f0eb959046,11f4fe862570895441036964a9b308e92c2ee6ba8a87b5da9009ffd5208a4bda,2c6d6a597c6b1b321c4f632291c22dfe5788a058fe82fd65114a5a59d5d0be83,3a365f5dd3e9d410585a34695bb444d67b220c4b40a9348288a540078bc27f75
temporal,B1,False,2020-09-21,landsat-8,1007,65,1.811040620708567,2.256616279685434,0.550293248194076,0.017464003375974833,True,3b188221263ad4673846ce5170fa622b5395e51a4aaa750114e1793d3986975b,55416c987a2d25f9177dd974307ae595761c1db31ecaa9d7561fb6c42d4d5e7c,00d1e59ce78baffbf9d24361ac8ba16a1d577b22cb193e15596627259190ed07,0c06b88fd09cd514745b699e6b6a7e12901db8d3247e42b582feaf1f7e91c04a,1eafe424a4c718d6a3b18cff938036f958858c70b344740788993b119bfbb04b,9c2f903993167fc2a228b3cfe60a23fe33f57f252bae6299458338cb8eb967ad,3f630dfcc8a1c2a19b093e7fe0f4bdc7f830fef42266fcf1156112f0eb959046,11f4fe862570895441036964a9b308e92c2ee6ba8a87b5da9009ffd5208a4bda,2c6d6a597c6b1b321c4f632291c22dfe5788a058fe82fd65114a5a59d5d0be83,3a365f5dd3e9d410585a34695bb444d67b220c4b40a9348288a540078bc27f75
temporal,B1,False,2020-10-07,landsat-8,967,66,2.085301827704014,2.6446674072597154,1.9094395817402519,0.590538016802213,True,3b188221263ad4673846ce5170fa622b5395e51a4aaa750114e1793d3986975b,55416c987a2d25f9177dd974307ae595761c1db31ecaa9d7561fb6c42d4d5e7c,00d1e59ce78baffbf9d24361ac8ba16a1d577b22cb193e15596627259190ed07,0c06b88fd09cd514745b699e6b6a7e12901db8d3247e42b582feaf1f7e91c04a,1eafe424a4c718d6a3b18cff938036f958858c70b344740788993b119bfbb04b,9c2f903993167fc2a228b3cfe60a23fe33f57f252bae6299458338cb8eb967ad,3f630dfcc8a1c2a19b093e7fe0f4bdc7f830fef42266fcf1156112f0eb959046,11f4fe862570895441036964a9b308e92c2ee6ba8a87b5da9009ffd5208a4bda,2c6d6a597c6b1b321c4f632291c22dfe5788a058fe82fd65114a5a59d5d0be83,3a365f5dd3e9d410585a34695bb444d67b220c4b40a9348288a540078bc27f75
temporal,B1,False,2021-05-03,landsat-8,1019,64,3.346210995609892,3.955762317456516,-2.948982999172832,-0.16446759226575935,True,3b188221263ad4673846ce5170fa622b5395e51a4aaa750114e1793d3986975b,55416c987a2d25f9177dd974307ae595761c1db31ecaa9d7561fb6c42d4d5e7c,00d1e59ce78baffbf9d24361ac8ba16a1d577b22cb193e15596627259190ed07,0c06b88fd09cd514745b699e6b6a7e12901db8d3247e42b582feaf1f7e91c04a,1eafe424a4c718d6a3b18cff938036f958858c70b344740788993b119bfbb04b,9c2f903993167fc2a228b3cfe60a23fe33f57f252bae6299458338cb8eb967ad,3f630dfcc8a1c2a19b093e7fe0f4bdc7f830fef42266fcf1156112f0eb959046,11f4fe862570895441036964a9b308e92c2ee6ba8a87b5da9009ffd5208a4bda,2c6d6a597c6b1b321c4f632291c22dfe5788a058fe82fd65114a5a59d5d0be83,3a365f5dd3e9d410585a34695bb444d67b220c4b40a9348288a540078bc27f75
temporal,B1,False,2021-06-04,landsat-8,953,61,1.8957038171776517,2.6802077909968673,1.522711006881946,0.5417212243619829,True,3b188221263ad4673846ce5170fa622b5395e51a4aaa750114e1793d3986975b,55416c987a2d25f9177dd974307ae595761c1db31ecaa9d7561fb6c42d4d5e7c,00d1e59ce78baffbf9d24361ac8ba16a1d577b22cb193e15596627259190ed07,0c06b88fd09cd514745b699e6b6a7e12901db8d3247e42b582feaf1f7e91c04a,1eafe424a4c718d6a3b18cff938036f958858c70b344740788993b119bfbb04b,9c2f903993167fc2a228b3cfe60a23fe33f57f252bae6299458338cb8eb967ad,3f630dfcc8a1c2a19b093e7fe0f4bdc7f830fef42266fcf1156112f0eb959046,11f4fe862570895441036964a9b308e92c2ee6ba8a87b5da9009ffd5208a4bda,2c6d6a597c6b1b321c4f632291c22dfe5788a058fe82fd65114a5a59d5d0be83,3a365f5dd3e9d410585a34695bb444d67b220c4b40a9348288a540078bc27f75
temporal,B1,False,2021-06-20,landsat-8,993,62,2.1240884596837755,2.681687473476615,-0.521141648683894,0.5157455147942942,True,3b188221263ad4673846ce5170fa622b5395e51a4aaa750114e1793d3986975b,55416c987a2d25f9177dd974307ae595761c1db31ecaa9d7561fb6c42d4d5e7c,00d1e59ce78baffbf9d24361ac8ba16a1d577b22cb193e15596627259190ed07,0c06b88fd09cd514745b699e6b6a7e12901db8d3247e42b582feaf1f7e91c04a,1eafe424a4c718d6a3b18cff938036f958858c70b344740788993b119bfbb04b,9c2f903993167fc2a228b3cfe60a23fe33f57f252bae6299458338cb8eb967ad,3f630dfcc8a1c2a19b093e7fe0f4bdc7f830fef42266fcf1156112f0eb959046,11f4fe862570895441036964a9b308e92c2ee6ba8a87b5da9009ffd5208a4bda,2c6d6a597c6b1b321c4f632291c22dfe5788a058fe82fd65114a5a59d5d0be83,3a365f5dd3e9d410585a34695bb444d67b220c4b40a9348288a540078bc27f75
temporal,B1,False,2021-07-06,landsat-8,1068,66,1.8719654001306145,2.3760897783541353,-0.28523143640192833,0.4540009961887659,True,3b188221263ad4673846ce5170fa622b5395e51a4aaa750114e1793d3986975b,55416c987a2d25f9177dd974307ae595761c1db31ecaa9d7561fb6c42d4d5e7c,00d1e59ce78baffbf9d24361ac8ba16a1d577b22cb193e15596627259190ed07,0c06b88fd09cd514745b699e6b6a7e12901db8d3247e42b582feaf1f7e91c04a,1eafe424a4c718d6a3b18cff938036f958858c70b344740788993b119bfbb04b,9c2f903993167fc2a228b3cfe60a23fe33f57f252bae6299458338cb8eb967ad,3f630dfcc8a1c2a19b093e7fe0f4bdc7f830fef42266fcf1156112f0eb959046,11f4fe862570895441036964a9b308e92c2ee6ba8a87b5da9009ffd5208a4bda,2c6d6a597c6b1b321c4f632291c22dfe5788a058fe82fd65114a5a59d5d0be83,3a365f5dd3e9d410585a34695bb444d67b220c4b40a9348288a540078bc27f75
temporal,B1,False,2021-08-07,landsat-8,1064,69,1.8987999402004216,2.352926276354533,-0.3646457578124618,0.4103020141939271,True,3b188221263ad4673846ce5170fa622b5395e51a4aaa750114e1793d3986975b,55416c987a2d25f9177dd974307ae595761c1db31ecaa9d7561fb6c42d4d5e7c,00d1e59ce78baffbf9d24361ac8ba16a1d577b22cb193e15596627259190ed07,0c06b88fd09cd514745b699e6b6a7e12901db8d3247e42b582feaf1f7e91c04a,1eafe424a4c718d6a3b18cff938036f958858c70b344740788993b119bfbb04b,9c2f903993167fc2a228b3cfe60a23fe33f57f252bae6299458338cb8eb967ad,3f630dfcc8a1c2a19b093e7fe0f4bdc7f830fef42266fcf1156112f0eb959046,11f4fe862570895441036964a9b308e92c2ee6ba8a87b5da9009ffd5208a4bda,2c6d6a597c6b1b321c4f632291c22dfe5788a058fe82fd65114a5a59d5d0be83,3a365f5dd3e9d410585a34695bb444d67b220c4b40a9348288a540078bc27f75
temporal,B1,False,2021-09-08,landsat-8,1020,65,2.7908510787652383,3.368412597693979,2.772244327086783,0.4860609100748101,True,3b188221263ad4673846ce5170fa622b5395e51a4aaa750114e1793d3986975b,55416c987a2d25f9177dd974307ae595761c1db31ecaa9d7561fb6c42d4d5e7c,00d1e59ce78baffbf9d24361ac8ba16a1d577b22cb193e15596627259190ed07,0c06b88fd09cd514745b699e6b6a7e12901db8d3247e42b582feaf1f7e91c04a,1eafe424a4c718d6a3b18cff938036f958858c70b344740788993b119bfbb04b,9c2f903993167fc2a228b3cfe60a23fe33f57f252bae6299458338cb8eb967ad,3f630dfcc8a1c2a19b093e7fe0f4bdc7f830fef42266fcf1156112f0eb959046,11f4fe862570895441036964a9b308e92c2ee6ba8a87b5da9009ffd5208a4bda,2c6d6a597c6b1b321c4f632291c22dfe5788a058fe82fd65114a5a59d5d0be83,3a365f5dd3e9d410585a34695bb444d67b220c4b40a9348288a540078bc27f75
temporal,B1,False,2021-09-24,landsat-8,822,59,1.5679334114338301,1.8946733021965854,0.637135447745534,0.18659217277215348,True,3b188221263ad4673846ce5170fa622b5395e51a4aaa750114e1793d3986975b,55416c987a2d25f9177dd974307ae595761c1db31ecaa9d7561fb6c42d4d5e7c,00d1e59ce78baffbf9d24361ac8ba16a1d577b22cb193e15596627259190ed07,0c06b88fd09cd514745b699e6b6a7e12901db8d3247e42b582feaf1f7e91c04a,1eafe424a4c718d6a3b18cff938036f958858c70b344740788993b119bfbb04b,9c2f903993167fc2a228b3cfe60a23fe33f57f252bae6299458338cb8eb967ad,3f630dfcc8a1c2a19b093e7fe0f4bdc7f830fef42266fcf1156112f0eb959046,11f4fe862570895441036964a9b308e92c2ee6ba8a87b5da9009ffd5208a4bda,2c6d6a597c6b1b321c4f632291c22dfe5788a058fe82fd65114a5a59d5d0be83,3a365f5dd3e9d410585a34695bb444d67b220c4b40a9348288a540078bc27f75
temporal,B1,False,2021-10-10,landsat-8,905,65,4.866811658643337,5.103485142647756,-4.861050628263314,0.09361875497756873,True,3b188221263ad4673846ce5170fa622b5395e51a4aaa750114e1793d3986975b,55416c987a2d25f9177dd974307ae595761c1db31ecaa9d7561fb6c42d4d5e7c,00d1e59ce78baffbf9d24361ac8ba16a1d577b22cb193e15596627259190ed07,0c06b88fd09cd514745b699e6b6a7e12901db8d3247e42b582feaf1f7e91c04a,1eafe424a4c718d6a3b18cff938036f958858c70b344740788993b119bfbb04b,9c2f903993167fc2a228b3cfe60a23fe33f57f252bae6299458338cb8eb967ad,3f630dfcc8a1c2a19b093e7fe0f4bdc7f830fef42266fcf1156112f0eb959046,11f4fe862570895441036964a9b308e92c2ee6ba8a87b5da9009ffd5208a4bda,2c6d6a597c6b1b321c4f632291c22dfe5788a058fe82fd65114a5a59d5d0be83,3a365f5dd3e9d410585a34695bb444d67b220c4b40a9348288a540078bc27f75
temporal,B1,False,2021-10-26,landsat-8,1094,71,3.0810800924542674,3.520129219911153,-3.023758537715538,0.35015349049760525,True,3b188221263ad4673846ce5170fa622b5395e51a4aaa750114e1793d3986975b,55416c987a2d25f9177dd974307ae595761c1db31ecaa9d7561fb6c42d4d5e7c,00d1e59ce78baffbf9d24361ac8ba16a1d577b22cb193e15596627259190ed07,0c06b88fd09cd514745b699e6b6a7e12901db8d3247e42b582feaf1f7e91c04a,1eafe424a4c718d6a3b18cff938036f958858c70b344740788993b119bfbb04b,9c2f903993167fc2a228b3cfe60a23fe33f57f252bae6299458338cb8eb967ad,3f630dfcc8a1c2a19b093e7fe0f4bdc7f830fef42266fcf1156112f0eb959046,11f4fe862570895441036964a9b308e92c2ee6ba8a87b5da9009ffd5208a4bda,2c6d6a597c6b1b321c4f632291c22dfe5788a058fe82fd65114a5a59d5d0be83,3a365f5dd3e9d410585a34695bb444d67b220c4b40a9348288a540078bc27f75
temporal,B1,False,2022-05-06,landsat-8,978,62,1.6251280295458919,2.1568247640821676,0.7951992909316952,0.6653675977946103,True,3b188221263ad4673846ce5170fa622b5395e51a4aaa750114e1793d3986975b,55416c987a2d25f9177dd974307ae595761c1db31ecaa9d7561fb6c42d4d5e7c,00d1e59ce78baffbf9d24361ac8ba16a1d577b22cb193e15596627259190ed07,0c06b88fd09cd514745b699e6b6a7e12901db8d3247e42b582feaf1f7e91c04a,1eafe424a4c718d6a3b18cff938036f958858c70b344740788993b119bfbb04b,9c2f903993167fc2a228b3cfe60a23fe33f57f252bae6299458338cb8eb967ad,3f630dfcc8a1c2a19b093e7fe0f4bdc7f830fef42266fcf1156112f0eb959046,11f4fe862570895441036964a9b308e92c2ee6ba8a87b5da9009ffd5208a4bda,2c6d6a597c6b1b321c4f632291c22dfe5788a058fe82fd65114a5a59d5d0be83,3a365f5dd3e9d410585a34695bb444d67b220c4b40a9348288a540078bc27f75
temporal,B1,False,2022-05-14,landsat-9,989,69,2.8234234407967027,3.3786492463617144,-0.5658163609132876,0.02834398524790588,True,3b188221263ad4673846ce5170fa622b5395e51a4aaa750114e1793d3986975b,55416c987a2d25f9177dd974307ae595761c1db31ecaa9d7561fb6c42d4d5e7c,00d1e59ce78baffbf9d24361ac8ba16a1d577b22cb193e15596627259190ed07,0c06b88fd09cd514745b699e6b6a7e12901db8d3247e42b582feaf1f7e91c04a,1eafe424a4c718d6a3b18cff938036f958858c70b344740788993b119bfbb04b,9c2f903993167fc2a228b3cfe60a23fe33f57f252bae6299458338cb8eb967ad,3f630dfcc8a1c2a19b093e7fe0f4bdc7f830fef42266fcf1156112f0eb959046,11f4fe862570895441036964a9b308e92c2ee6ba8a87b5da9009ffd5208a4bda,2c6d6a597c6b1b321c4f632291c22dfe5788a058fe82fd65114a5a59d5d0be83,3a365f5dd3e9d410585a34695bb444d67b220c4b40a9348288a540078bc27f75
temporal,B1,False,2022-05-22,landsat-8,818,58,2.355279674679176,2.8421663566647526,1.4608404299605624,-0.25239444010001805,True,3b188221263ad4673846ce5170fa622b5395e51a4aaa750114e1793d3986975b,55416c987a2d25f9177dd974307ae595761c1db31ecaa9d7561fb6c42d4d5e7c,00d1e59ce78baffbf9d24361ac8ba16a1d577b22cb193e15596627259190ed07,0c06b88fd09cd514745b699e6b6a7e12901db8d3247e42b582feaf1f7e91c04a,1eafe424a4c718d6a3b18cff938036f958858c70b344740788993b119bfbb04b,9c2f903993167fc2a228b3cfe60a23fe33f57f252bae6299458338cb8eb967ad,3f630dfcc8a1c2a19b093e7fe0f4bdc7f830fef42266fcf1156112f0eb959046,11f4fe862570895441036964a9b308e92c2ee6ba8a87b5da9009ffd5208a4bda,2c6d6a597c6b1b321c4f632291c22dfe5788a058fe82fd65114a5a59d5d0be83,3a365f5dd3e9d410585a34695bb444d67b220c4b40a9348288a540078bc27f75
temporal,B1,False,2022-05-30,landsat-9,1055,67,1.753006451450439,2.317647172650248,0.24158593256694164,0.5079334726597605,True,3b188221263ad4673846ce5170fa622b5395e51a4aaa750114e1793d3986975b,55416c987a2d25f9177dd974307ae595761c1db31ecaa9d7561fb6c42d4d5e7c,00d1e59ce78baffbf9d24361ac8ba16a1d577b22cb193e15596627259190ed07,0c06b88fd09cd514745b699e6b6a7e12901db8d3247e42b582feaf1f7e91c04a,1eafe424a4c718d6a3b18cff938036f958858c70b344740788993b119bfbb04b,9c2f903993167fc2a228b3cfe60a23fe33f57f252bae6299458338cb8eb967ad,3f630dfcc8a1c2a19b093e7fe0f4bdc7f830fef42266fcf1156112f0eb959046,11f4fe862570895441036964a9b308e92c2ee6ba8a87b5da9009ffd5208a4bda,2c6d6a597c6b1b321c4f632291c22dfe5788a058fe82fd65114a5a59d5d0be83,3a365f5dd3e9d410585a34695bb444d67b220c4b40a9348288a540078bc27f75
temporal,B1,False,2022-06-07,landsat-8,967,61,1.9293133464468757,2.771949228678427,1.437342864899835,0.3229484898233982,True,3b188221263ad4673846ce5170fa622b5395e51a4aaa750114e1793d3986975b,55416c987a2d25f9177dd974307ae595761c1db31ecaa9d7561fb6c42d4d5e7c,00d1e59ce78baffbf9d24361ac8ba16a1d577b22cb193e15596627259190ed07,0c06b88fd09cd514745b699e6b6a7e12901db8d3247e42b582feaf1f7e91c04a,1eafe424a4c718d6a3b18cff938036f958858c70b344740788993b119bfbb04b,9c2f903993167fc2a228b3cfe60a23fe33f57f252bae6299458338cb8eb967ad,3f630dfcc8a1c2a19b093e7fe0f4bdc7f830fef42266fcf1156112f0eb959046,11f4fe862570895441036964a9b308e92c2ee6ba8a87b5da9009ffd5208a4bda,2c6d6a597c6b1b321c4f632291c22dfe5788a058fe82fd65114a5a59d5d0be83,3a365f5dd3e9d410585a34695bb444d67b220c4b40a9348288a540078bc27f75
temporal,B1,False,2022-06-15,landsat-9,1067,69,1.9348388810732422,2.715125095673865,1.244551827586386,0.47356789587395814,True,3b188221263ad4673846ce5170fa622b5395e51a4aaa750114e1793d3986975b,55416c987a2d25f9177dd974307ae595761c1db31ecaa9d7561fb6c42d4d5e7c,00d1e59ce78baffbf9d24361ac8ba16a1d577b22cb193e15596627259190ed07,0c06b88fd09cd514745b699e6b6a7e12901db8d3247e42b582feaf1f7e91c04a,1eafe424a4c718d6a3b18cff938036f958858c70b344740788993b119bfbb04b,9c2f903993167fc2a228b3cfe60a23fe33f57f252bae6299458338cb8eb967ad,3f630dfcc8a1c2a19b093e7fe0f4bdc7f830fef42266fcf1156112f0eb959046,11f4fe862570895441036964a9b308e92c2ee6ba8a87b5da9009ffd5208a4bda,2c6d6a597c6b1b321c4f632291c22dfe5788a058fe82fd65114a5a59d5d0be83,3a365f5dd3e9d410585a34695bb444d67b220c4b40a9348288a540078bc27f75
temporal,B1,False,2022-06-23,landsat-8,1059,69,2.1874739677915227,2.6752811446609734,-0.2633454335871103,0.7075864528526113,True,3b188221263ad4673846ce5170fa622b5395e51a4aaa750114e1793d3986975b,55416c987a2d25f9177dd974307ae595761c1db31ecaa9d7561fb6c42d4d5e7c,00d1e59ce78baffbf9d24361ac8ba16a1d577b22cb193e15596627259190ed07,0c06b88fd09cd514745b699e6b6a7e12901db8d3247e42b582feaf1f7e91c04a,1eafe424a4c718d6a3b18cff938036f958858c70b344740788993b119bfbb04b,9c2f903993167fc2a228b3cfe60a23fe33f57f252bae6299458338cb8eb967ad,3f630dfcc8a1c2a19b093e7fe0f4bdc7f830fef42266fcf1156112f0eb959046,11f4fe862570895441036964a9b308e92c2ee6ba8a87b5da9009ffd5208a4bda,2c6d6a597c6b1b321c4f632291c22dfe5788a058fe82fd65114a5a59d5d0be83,3a365f5dd3e9d410585a34695bb444d67b220c4b40a9348288a540078bc27f75
temporal,B1,False,2022-07-01,landsat-9,1072,70,1.7776997322435855,2.4522156144230447,0.3460169508842356,0.37024783976424325,True,3b188221263ad4673846ce5170fa622b5395e51a4aaa750114e1793d3986975b,55416c987a2d25f9177dd974307ae595761c1db31ecaa9d7561fb6c42d4d5e7c,00d1e59ce78baffbf9d24361ac8ba16a1d577b22cb193e15596627259190ed07,0c06b88fd09cd514745b699e6b6a7e12901db8d3247e42b582feaf1f7e91c04a,1eafe424a4c718d6a3b18cff938036f958858c70b344740788993b119bfbb04b,9c2f903993167fc2a228b3cfe60a23fe33f57f252bae6299458338cb8eb967ad,3f630dfcc8a1c2a19b093e7fe0f4bdc7f830fef42266fcf1156112f0eb959046,11f4fe862570895441036964a9b308e92c2ee6ba8a87b5da9009ffd5208a4bda,2c6d6a597c6b1b321c4f632291c22dfe5788a058fe82fd65114a5a59d5d0be83,3a365f5dd3e9d410585a34695bb444d67b220c4b40a9348288a540078bc27f75
temporal,B1,False,2022-07-09,landsat-8,1050,67,2.2911702897626034,2.81930752003295,-0.6653622103716198,0.7269304600925559,True,3b188221263ad4673846ce5170fa622b5395e51a4aaa750114e1793d3986975b,55416c987a2d25f9177dd974307ae595761c1db31ecaa9d7561fb6c42d4d5e7c,00d1e59ce78baffbf9d24361ac8ba16a1d577b22cb193e15596627259190ed07,0c06b88fd09cd514745b699e6b6a7e12901db8d3247e42b582feaf1f7e91c04a,1eafe424a4c718d6a3b18cff938036f958858c70b344740788993b119bfbb04b,9c2f903993167fc2a228b3cfe60a23fe33f57f252bae6299458338cb8eb967ad,3f630dfcc8a1c2a19b093e7fe0f4bdc7f830fef42266fcf1156112f0eb959046,11f4fe862570895441036964a9b308e92c2ee6ba8a87b5da9009ffd5208a4bda,2c6d6a597c6b1b321c4f632291c22dfe5788a058fe82fd65114a5a59d5d0be83,3a365f5dd3e9d410585a34695bb444d67b220c4b40a9348288a540078bc27f75
temporal,B1,False,2022-07-17,landsat-9,1008,69,5.1839099022230055,5.682112696448059,-5.070945569745028,0.4263858805349606,True,3b188221263ad4673846ce5170fa622b5395e51a4aaa750114e1793d3986975b,55416c987a2d25f9177dd974307ae595761c1db31ecaa9d7561fb6c42d4d5e7c,00d1e59ce78baffbf9d24361ac8ba16a1d577b22cb193e15596627259190ed07,0c06b88fd09cd514745b699e6b6a7e12901db8d3247e42b582feaf1f7e91c04a,1eafe424a4c718d6a3b18cff938036f958858c70b344740788993b119bfbb04b,9c2f903993167fc2a228b3cfe60a23fe33f57f252bae6299458338cb8eb967ad,3f630dfcc8a1c2a19b093e7fe0f4bdc7f830fef42266fcf1156112f0eb959046,11f4fe862570895441036964a9b308e92c2ee6ba8a87b5da9009ffd5208a4bda,2c6d6a597c6b1b321c4f632291c22dfe5788a058fe82fd65114a5a59d5d0be83,3a365f5dd3e9d410585a34695bb444d67b220c4b40a9348288a540078bc27f75
temporal,B1,False,2022-07-25,landsat-8,1054,68,1.7458245422323238,2.269490752959636,0.028857527774494893,0.4496058859925844,True,3b188221263ad4673846ce5170fa622b5395e51a4aaa750114e1793d3986975b,55416c987a2d25f9177dd974307ae595761c1db31ecaa9d7561fb6c42d4d5e7c,00d1e59ce78baffbf9d24361ac8ba16a1d577b22cb193e15596627259190ed07,0c06b88fd09cd514745b699e6b6a7e12901db8d3247e42b582feaf1f7e91c04a,1eafe424a4c718d6a3b18cff938036f958858c70b344740788993b119bfbb04b,9c2f903993167fc2a228b3cfe60a23fe33f57f252bae6299458338cb8eb967ad,3f630dfcc8a1c2a19b093e7fe0f4bdc7f830fef42266fcf1156112f0eb959046,11f4fe862570895441036964a9b308e92c2ee6ba8a87b5da9009ffd5208a4bda,2c6d6a597c6b1b321c4f632291c22dfe5788a058fe82fd65114a5a59d5d0be83,3a365f5dd3e9d410585a34695bb444d67b220c4b40a9348288a540078bc27f75
temporal,B1,False,2022-08-02,landsat-9,1026,67,1.7999678653202154,2.362574707030708,0.2837730758425221,0.7737968432762985,True,3b188221263ad4673846ce5170fa622b5395e51a4aaa750114e1793d3986975b,55416c987a2d25f9177dd974307ae595761c1db31ecaa9d7561fb6c42d4d5e7c,00d1e59ce78baffbf9d24361ac8ba16a1d577b22cb193e15596627259190ed07,0c06b88fd09cd514745b699e6b6a7e12901db8d3247e42b582feaf1f7e91c04a,1eafe424a4c718d6a3b18cff938036f958858c70b344740788993b119bfbb04b,9c2f903993167fc2a228b3cfe60a23fe33f57f252bae6299458338cb8eb967ad,3f630dfcc8a1c2a19b093e7fe0f4bdc7f830fef42266fcf1156112f0eb959046,11f4fe862570895441036964a9b308e92c2ee6ba8a87b5da9009ffd5208a4bda,2c6d6a597c6b1b321c4f632291c22dfe5788a058fe82fd65114a5a59d5d0be83,3a365f5dd3e9d410585a34695bb444d67b220c4b40a9348288a540078bc27f75
temporal,B1,False,2022-08-18,landsat-9,1034,66,2.4244463519453094,2.813496382367099,-1.2128722365302131,0.7907965452984821,True,3b188221263ad4673846ce5170fa622b5395e51a4aaa750114e1793d3986975b,55416c987a2d25f9177dd974307ae595761c1db31ecaa9d7561fb6c42d4d5e7c,00d1e59ce78baffbf9d24361ac8ba16a1d577b22cb193e15596627259190ed07,0c06b88fd09cd514745b699e6b6a7e12901db8d3247e42b582feaf1f7e91c04a,1eafe424a4c718d6a3b18cff938036f958858c70b344740788993b119bfbb04b,9c2f903993167fc2a228b3cfe60a23fe33f57f252bae6299458338cb8eb967ad,3f630dfcc8a1c2a19b093e7fe0f4bdc7f830fef42266fcf1156112f0eb959046,11f4fe862570895441036964a9b308e92c2ee6ba8a87b5da9009ffd5208a4bda,2c6d6a597c6b1b321c4f632291c22dfe5788a058fe82fd65114a5a59d5d0be83,3a365f5dd3e9d410585a34695bb444d67b220c4b40a9348288a540078bc27f75
temporal,B1,False,2022-08-26,landsat-8,1058,69,2.6145795280223454,3.0907794921723943,-1.48078447230698,0.6190795554781856,True,3b188221263ad4673846ce5170fa622b5395e51a4aaa750114e1793d3986975b,55416c987a2d25f9177dd974307ae595761c1db31ecaa9d7561fb6c42d4d5e7c,00d1e59ce78baffbf9d24361ac8ba16a1d577b22cb193e15596627259190ed07,0c06b88fd09cd514745b699e6b6a7e12901db8d3247e42b582feaf1f7e91c04a,1eafe424a4c718d6a3b18cff938036f958858c70b344740788993b119bfbb04b,9c2f903993167fc2a228b3cfe60a23fe33f57f252bae6299458338cb8eb967ad,3f630dfcc8a1c2a19b093e7fe0f4bdc7f830fef42266fcf1156112f0eb959046,11f4fe862570895441036964a9b308e92c2ee6ba8a87b5da9009ffd5208a4bda,2c6d6a597c6b1b321c4f632291c22dfe5788a058fe82fd65114a5a59d5d0be83,3a365f5dd3e9d410585a34695bb444d67b220c4b40a9348288a540078bc27f75
temporal,B1,False,2022-09-03,landsat-9,1085,71,5.058753032021331,5.47803062833451,-4.949450720420756,0.4950643968830531,True,3b188221263ad4673846ce5170fa622b5395e51a4aaa750114e1793d3986975b,55416c987a2d25f9177dd974307ae595761c1db31ecaa9d7561fb6c42d4d5e7c,00d1e59ce78baffbf9d24361ac8ba16a1d577b22cb193e15596627259190ed07,0c06b88fd09cd514745b699e6b6a7e12901db8d3247e42b582feaf1f7e91c04a,1eafe424a4c718d6a3b18cff938036f958858c70b344740788993b119bfbb04b,9c2f903993167fc2a228b3cfe60a23fe33f57f252bae6299458338cb8eb967ad,3f630dfcc8a1c2a19b093e7fe0f4bdc7f830fef42266fcf1156112f0eb959046,11f4fe862570895441036964a9b308e92c2ee6ba8a87b5da9009ffd5208a4bda,2c6d6a597c6b1b321c4f632291c22dfe5788a058fe82fd65114a5a59d5d0be83,3a365f5dd3e9d410585a34695bb444d67b220c4b40a9348288a540078bc27f75
temporal,B1,False,2022-09-27,landsat-8,1081,71,2.460745525817816,2.8841841970550637,-1.9554795210749862,0.6781105584397294,True,3b188221263ad4673846ce5170fa622b5395e51a4aaa750114e1793d3986975b,55416c987a2d25f9177dd974307ae595761c1db31ecaa9d7561fb6c42d4d5e7c,00d1e59ce78baffbf9d24361ac8ba16a1d577b22cb193e15596627259190ed07,0c06b88fd09cd514745b699e6b6a7e12901db8d3247e42b582feaf1f7e91c04a,1eafe424a4c718d6a3b18cff938036f958858c70b344740788993b119bfbb04b,9c2f903993167fc2a228b3cfe60a23fe33f57f252bae6299458338cb8eb967ad,3f630dfcc8a1c2a19b093e7fe0f4bdc7f830fef42266fcf1156112f0eb959046,11f4fe862570895441036964a9b308e92c2ee6ba8a87b5da9009ffd5208a4bda,2c6d6a597c6b1b321c4f632291c22dfe5788a058fe82fd65114a5a59d5d0be83,3a365f5dd3e9d410585a34695bb444d67b220c4b40a9348288a540078bc27f75
temporal,B1,False,2022-10-05,landsat-9,921,59,1.2374310007635934,1.6406724683329228,0.44565667845923473,0.5289820699621883,True,3b188221263ad4673846ce5170fa622b5395e51a4aaa750114e1793d3986975b,55416c987a2d25f9177dd974307ae595761c1db31ecaa9d7561fb6c42d4d5e7c,00d1e59ce78baffbf9d24361ac8ba16a1d577b22cb193e15596627259190ed07,0c06b88fd09cd514745b699e6b6a7e12901db8d3247e42b582feaf1f7e91c04a,1eafe424a4c718d6a3b18cff938036f958858c70b344740788993b119bfbb04b,9c2f903993167fc2a228b3cfe60a23fe33f57f252bae6299458338cb8eb967ad,3f630dfcc8a1c2a19b093e7fe0f4bdc7f830fef42266fcf1156112f0eb959046,11f4fe862570895441036964a9b308e92c2ee6ba8a87b5da9009ffd5208a4bda,2c6d6a597c6b1b321c4f632291c22dfe5788a058fe82fd65114a5a59d5d0be83,3a365f5dd3e9d410585a34695bb444d67b220c4b40a9348288a540078bc27f75
temporal,B1,False,2022-10-21,landsat-9,701,63,2.97266953035049,3.26398994572248,2.97266953035049,0.03125781742416233,True,3b188221263ad4673846ce5170fa622b5395e51a4aaa750114e1793d3986975b,55416c987a2d25f9177dd974307ae595761c1db31ecaa9d7561fb6c42d4d5e7c,00d1e59ce78baffbf9d24361ac8ba16a1d577b22cb193e15596627259190ed07,0c06b88fd09cd514745b699e6b6a7e12901db8d3247e42b582feaf1f7e91c04a,1eafe424a4c718d6a3b18cff938036f958858c70b344740788993b119bfbb04b,9c2f903993167fc2a228b3cfe60a23fe33f57f252bae6299458338cb8eb967ad,3f630dfcc8a1c2a19b093e7fe0f4bdc7f830fef42266fcf1156112f0eb959046,11f4fe862570895441036964a9b308e92c2ee6ba8a87b5da9009ffd5208a4bda,2c6d6a597c6b1b321c4f632291c22dfe5788a058fe82fd65114a5a59d5d0be83,3a365f5dd3e9d410585a34695bb444d67b220c4b40a9348288a540078bc27f75
temporal,B1,False,2022-10-29,landsat-8,969,67,1.246307133345617,1.686456027215342,0.8819571544121133,-0.009082232818704001,True,3b188221263ad4673846ce5170fa622b5395e51a4aaa750114e1793d3986975b,55416c987a2d25f9177dd974307ae595761c1db31ecaa9d7561fb6c42d4d5e7c,00d1e59ce78baffbf9d24361ac8ba16a1d577b22cb193e15596627259190ed07,0c06b88fd09cd514745b699e6b6a7e12901db8d3247e42b582feaf1f7e91c04a,1eafe424a4c718d6a3b18cff938036f958858c70b344740788993b119bfbb04b,9c2f903993167fc2a228b3cfe60a23fe33f57f252bae6299458338cb8eb967ad,3f630dfcc8a1c2a19b093e7fe0f4bdc7f830fef42266fcf1156112f0eb959046,11f4fe862570895441036964a9b308e92c2ee6ba8a87b5da9009ffd5208a4bda,2c6d6a597c6b1b321c4f632291c22dfe5788a058fe82fd65114a5a59d5d0be83,3a365f5dd3e9d410585a34695bb444d67b220c4b40a9348288a540078bc27f75
temporal,B1,False,2023-05-17,landsat-9,788,52,2.1207089110119575,2.7601428805326123,1.9931233484449784,0.4911560990274095,True,3b188221263ad4673846ce5170fa622b5395e51a4aaa750114e1793d3986975b,55416c987a2d25f9177dd974307ae595761c1db31ecaa9d7561fb6c42d4d5e7c,00d1e59ce78baffbf9d24361ac8ba16a1d577b22cb193e15596627259190ed07,0c06b88fd09cd514745b699e6b6a7e12901db8d3247e42b582feaf1f7e91c04a,1eafe424a4c718d6a3b18cff938036f958858c70b344740788993b119bfbb04b,9c2f903993167fc2a228b3cfe60a23fe33f57f252bae6299458338cb8eb967ad,3f630dfcc8a1c2a19b093e7fe0f4bdc7f830fef42266fcf1156112f0eb959046,11f4fe862570895441036964a9b308e92c2ee6ba8a87b5da9009ffd5208a4bda,2c6d6a597c6b1b321c4f632291c22dfe5788a058fe82fd65114a5a59d5d0be83,3a365f5dd3e9d410585a34695bb444d67b220c4b40a9348288a540078bc27f75
temporal,B1,False,2023-06-26,landsat-8,1038,62,2.20761182448664,2.6804559274072846,-1.0759491288267353,0.4923954134060136,True,3b188221263ad4673846ce5170fa622b5395e51a4aaa750114e1793d3986975b,55416c987a2d25f9177dd974307ae595761c1db31ecaa9d7561fb6c42d4d5e7c,00d1e59ce78baffbf9d24361ac8ba16a1d577b22cb193e15596627259190ed07,0c06b88fd09cd514745b699e6b6a7e12901db8d3247e42b582feaf1f7e91c04a,1eafe424a4c718d6a3b18cff938036f958858c70b344740788993b119bfbb04b,9c2f903993167fc2a228b3cfe60a23fe33f57f252bae6299458338cb8eb967ad,3f630dfcc8a1c2a19b093e7fe0f4bdc7f830fef42266fcf1156112f0eb959046,11f4fe862570895441036964a9b308e92c2ee6ba8a87b5da9009ffd5208a4bda,2c6d6a597c6b1b321c4f632291c22dfe5788a058fe82fd65114a5a59d5d0be83,3a365f5dd3e9d410585a34695bb444d67b220c4b40a9348288a540078bc27f75
temporal,B1,False,2023-07-04,landsat-9,1059,66,3.9468078773759916,4.817485188936466,3.6644194877249983,0.08606344363519901,True,3b188221263ad4673846ce5170fa622b5395e51a4aaa750114e1793d3986975b,55416c987a2d25f9177dd974307ae595761c1db31ecaa9d7561fb6c42d4d5e7c,00d1e59ce78baffbf9d24361ac8ba16a1d577b22cb193e15596627259190ed07,0c06b88fd09cd514745b699e6b6a7e12901db8d3247e42b582feaf1f7e91c04a,1eafe424a4c718d6a3b18cff938036f958858c70b344740788993b119bfbb04b,9c2f903993167fc2a228b3cfe60a23fe33f57f252bae6299458338cb8eb967ad,3f630dfcc8a1c2a19b093e7fe0f4bdc7f830fef42266fcf1156112f0eb959046,11f4fe862570895441036964a9b308e92c2ee6ba8a87b5da9009ffd5208a4bda,2c6d6a597c6b1b321c4f632291c22dfe5788a058fe82fd65114a5a59d5d0be83,3a365f5dd3e9d410585a34695bb444d67b220c4b40a9348288a540078bc27f75
temporal,B1,False,2023-07-12,landsat-8,1060,69,2.9738592418692185,3.5018433774718334,-2.1872225068325086,0.4041224377520788,True,3b188221263ad4673846ce5170fa622b5395e51a4aaa750114e1793d3986975b,55416c987a2d25f9177dd974307ae595761c1db31ecaa9d7561fb6c42d4d5e7c,00d1e59ce78baffbf9d24361ac8ba16a1d577b22cb193e15596627259190ed07,0c06b88fd09cd514745b699e6b6a7e12901db8d3247e42b582feaf1f7e91c04a,1eafe424a4c718d6a3b18cff938036f958858c70b344740788993b119bfbb04b,9c2f903993167fc2a228b3cfe60a23fe33f57f252bae6299458338cb8eb967ad,3f630dfcc8a1c2a19b093e7fe0f4bdc7f830fef42266fcf1156112f0eb959046,11f4fe862570895441036964a9b308e92c2ee6ba8a87b5da9009ffd5208a4bda,2c6d6a597c6b1b321c4f632291c22dfe5788a058fe82fd65114a5a59d5d0be83,3a365f5dd3e9d410585a34695bb444d67b220c4b40a9348288a540078bc27f75
temporal,B1,False,2023-07-20,landsat-9,1072,69,2.0873702443833744,2.7439525224209667,0.26394358821696234,0.7479386077401257,True,3b188221263ad4673846ce5170fa622b5395e51a4aaa750114e1793d3986975b,55416c987a2d25f9177dd974307ae595761c1db31ecaa9d7561fb6c42d4d5e7c,00d1e59ce78baffbf9d24361ac8ba16a1d577b22cb193e15596627259190ed07,0c06b88fd09cd514745b699e6b6a7e12901db8d3247e42b582feaf1f7e91c04a,1eafe424a4c718d6a3b18cff938036f958858c70b344740788993b119bfbb04b,9c2f903993167fc2a228b3cfe60a23fe33f57f252bae6299458338cb8eb967ad,3f630dfcc8a1c2a19b093e7fe0f4bdc7f830fef42266fcf1156112f0eb959046,11f4fe862570895441036964a9b308e92c2ee6ba8a87b5da9009ffd5208a4bda,2c6d6a597c6b1b321c4f632291c22dfe5788a058fe82fd65114a5a59d5d0be83,3a365f5dd3e9d410585a34695bb444d67b220c4b40a9348288a540078bc27f75
temporal,B1,False,2023-07-28,landsat-8,983,66,3.0327469198255312,3.870655934834539,2.956914275362513,0.5428412261768113,True,3b188221263ad4673846ce5170fa622b5395e51a4aaa750114e1793d3986975b,55416c987a2d25f9177dd974307ae595761c1db31ecaa9d7561fb6c42d4d5e7c,00d1e59ce78baffbf9d24361ac8ba16a1d577b22cb193e15596627259190ed07,0c06b88fd09cd514745b699e6b6a7e12901db8d3247e42b582feaf1f7e91c04a,1eafe424a4c718d6a3b18cff938036f958858c70b344740788993b119bfbb04b,9c2f903993167fc2a228b3cfe60a23fe33f57f252bae6299458338cb8eb967ad,3f630dfcc8a1c2a19b093e7fe0f4bdc7f830fef42266fcf1156112f0eb959046,11f4fe862570895441036964a9b308e92c2ee6ba8a87b5da9009ffd5208a4bda,2c6d6a597c6b1b321c4f632291c22dfe5788a058fe82fd65114a5a59d5d0be83,3a365f5dd3e9d410585a34695bb444d67b220c4b40a9348288a540078bc27f75
temporal,B1,False,2023-08-05,landsat-9,1076,69,2.9316013414653472,3.4765894130833237,-1.536987390106761,0.49100506926620857,True,3b188221263ad4673846ce5170fa622b5395e51a4aaa750114e1793d3986975b,55416c987a2d25f9177dd974307ae595761c1db31ecaa9d7561fb6c42d4d5e7c,00d1e59ce78baffbf9d24361ac8ba16a1d577b22cb193e15596627259190ed07,0c06b88fd09cd514745b699e6b6a7e12901db8d3247e42b582feaf1f7e91c04a,1eafe424a4c718d6a3b18cff938036f958858c70b344740788993b119bfbb04b,9c2f903993167fc2a228b3cfe60a23fe33f57f252bae6299458338cb8eb967ad,3f630dfcc8a1c2a19b093e7fe0f4bdc7f830fef42266fcf1156112f0eb959046,11f4fe862570895441036964a9b308e92c2ee6ba8a87b5da9009ffd5208a4bda,2c6d6a597c6b1b321c4f632291c22dfe5788a058fe82fd65114a5a59d5d0be83,3a365f5dd3e9d410585a34695bb444d67b220c4b40a9348288a540078bc27f75
temporal,B1,False,2023-08-13,landsat-8,1063,68,1.6481067425401943,2.262354371473562,0.3651067596358139,0.6073737488518827,True,3b188221263ad4673846ce5170fa622b5395e51a4aaa750114e1793d3986975b,55416c987a2d25f9177dd974307ae595761c1db31ecaa9d7561fb6c42d4d5e7c,00d1e59ce78baffbf9d24361ac8ba16a1d577b22cb193e15596627259190ed07,0c06b88fd09cd514745b699e6b6a7e12901db8d3247e42b582feaf1f7e91c04a,1eafe424a4c718d6a3b18cff938036f958858c70b344740788993b119bfbb04b,9c2f903993167fc2a228b3cfe60a23fe33f57f252bae6299458338cb8eb967ad,3f630dfcc8a1c2a19b093e7fe0f4bdc7f830fef42266fcf1156112f0eb959046,11f4fe862570895441036964a9b308e92c2ee6ba8a87b5da9009ffd5208a4bda,2c6d6a597c6b1b321c4f632291c22dfe5788a058fe82fd65114a5a59d5d0be83,3a365f5dd3e9d410585a34695bb444d67b220c4b40a9348288a540078bc27f75
temporal,B1,False,2023-08-29,landsat-8,1088,71,3.042137429513798,3.8897424981593387,2.8027143615659194,0.45785168102963214,True,3b188221263ad4673846ce5170fa622b5395e51a4aaa750114e1793d3986975b,55416c987a2d25f9177dd974307ae595761c1db31ecaa9d7561fb6c42d4d5e7c,00d1e59ce78baffbf9d24361ac8ba16a1d577b22cb193e15596627259190ed07,0c06b88fd09cd514745b699e6b6a7e12901db8d3247e42b582feaf1f7e91c04a,1eafe424a4c718d6a3b18cff938036f958858c70b344740788993b119bfbb04b,9c2f903993167fc2a228b3cfe60a23fe33f57f252bae6299458338cb8eb967ad,3f630dfcc8a1c2a19b093e7fe0f4bdc7f830fef42266fcf1156112f0eb959046,11f4fe862570895441036964a9b308e92c2ee6ba8a87b5da9009ffd5208a4bda,2c6d6a597c6b1b321c4f632291c22dfe5788a058fe82fd65114a5a59d5d0be83,3a365f5dd3e9d410585a34695bb444d67b220c4b40a9348288a540078bc27f75
temporal,B1,False,2023-09-14,landsat-8,634,53,1.3708247362224792,1.8241818143029453,0.22546646291105227,0.06439885358794939,True,3b188221263ad4673846ce5170fa622b5395e51a4aaa750114e1793d3986975b,55416c987a2d25f9177dd974307ae595761c1db31ecaa9d7561fb6c42d4d5e7c,00d1e59ce78baffbf9d24361ac8ba16a1d577b22cb193e15596627259190ed07,0c06b88fd09cd514745b699e6b6a7e12901db8d3247e42b582feaf1f7e91c04a,1eafe424a4c718d6a3b18cff938036f958858c70b344740788993b119bfbb04b,9c2f903993167fc2a228b3cfe60a23fe33f57f252bae6299458338cb8eb967ad,3f630dfcc8a1c2a19b093e7fe0f4bdc7f830fef42266fcf1156112f0eb959046,11f4fe862570895441036964a9b308e92c2ee6ba8a87b5da9009ffd5208a4bda,2c6d6a597c6b1b321c4f632291c22dfe5788a058fe82fd65114a5a59d5d0be83,3a365f5dd3e9d410585a34695bb444d67b220c4b40a9348288a540078bc27f75
temporal,B1,False,2023-09-22,landsat-9,707,54,2.0180284718772588,2.5938670554870464,0.1640840194363772,0.2687783874448014,True,3b188221263ad4673846ce5170fa622b5395e51a4aaa750114e1793d3986975b,55416c987a2d25f9177dd974307ae595761c1db31ecaa9d7561fb6c42d4d5e7c,00d1e59ce78baffbf9d24361ac8ba16a1d577b22cb193e15596627259190ed07,0c06b88fd09cd514745b699e6b6a7e12901db8d3247e42b582feaf1f7e91c04a,1eafe424a4c718d6a3b18cff938036f958858c70b344740788993b119bfbb04b,9c2f903993167fc2a228b3cfe60a23fe33f57f252bae6299458338cb8eb967ad,3f630dfcc8a1c2a19b093e7fe0f4bdc7f830fef42266fcf1156112f0eb959046,11f4fe862570895441036964a9b308e92c2ee6ba8a87b5da9009ffd5208a4bda,2c6d6a597c6b1b321c4f632291c22dfe5788a058fe82fd65114a5a59d5d0be83,3a365f5dd3e9d410585a34695bb444d67b220c4b40a9348288a540078bc27f75
temporal,B1,False,2023-10-08,landsat-9,952,61,1.920247704481747,2.515069669165087,1.7396299427273405,0.6639798770788761,True,3b188221263ad4673846ce5170fa622b5395e51a4aaa750114e1793d3986975b,55416c987a2d25f9177dd974307ae595761c1db31ecaa9d7561fb6c42d4d5e7c,00d1e59ce78baffbf9d24361ac8ba16a1d577b22cb193e15596627259190ed07,0c06b88fd09cd514745b699e6b6a7e12901db8d3247e42b582feaf1f7e91c04a,1eafe424a4c718d6a3b18cff938036f958858c70b344740788993b119bfbb04b,9c2f903993167fc2a228b3cfe60a23fe33f57f252bae6299458338cb8eb967ad,3f630dfcc8a1c2a19b093e7fe0f4bdc7f830fef42266fcf1156112f0eb959046,11f4fe862570895441036964a9b308e92c2ee6ba8a87b5da9009ffd5208a4bda,2c6d6a597c6b1b321c4f632291c22dfe5788a058fe82fd65114a5a59d5d0be83,3a365f5dd3e9d410585a34695bb444d67b220c4b40a9348288a540078bc27f75
temporal,B1,False,2023-10-16,landsat-8,936,62,2.2212383870628276,2.7943602025915464,2.1862581411340156,0.3810620369188109,True,3b188221263ad4673846ce5170fa622b5395e51a4aaa750114e1793d3986975b,55416c987a2d25f9177dd974307ae595761c1db31ecaa9d7561fb6c42d4d5e7c,00d1e59ce78baffbf9d24361ac8ba16a1d577b22cb193e15596627259190ed07,0c06b88fd09cd514745b699e6b6a7e12901db8d3247e42b582feaf1f7e91c04a,1eafe424a4c718d6a3b18cff938036f958858c70b344740788993b119bfbb04b,9c2f903993167fc2a228b3cfe60a23fe33f57f252bae6299458338cb8eb967ad,3f630dfcc8a1c2a19b093e7fe0f4bdc7f830fef42266fcf1156112f0eb959046,11f4fe862570895441036964a9b308e92c2ee6ba8a87b5da9009ffd5208a4bda,2c6d6a597c6b1b321c4f632291c22dfe5788a058fe82fd65114a5a59d5d0be83,3a365f5dd3e9d410585a34695bb444d67b220c4b40a9348288a540078bc27f75
temporal,B1,False,2023-10-24,landsat-9,699,51,1.1052949723606618,1.4015614449672584,-0.29776264359187266,0.49428501493101357,True,3b188221263ad4673846ce5170fa622b5395e51a4aaa750114e1793d3986975b,55416c987a2d25f9177dd974307ae595761c1db31ecaa9d7561fb6c42d4d5e7c,00d1e59ce78baffbf9d24361ac8ba16a1d577b22cb193e15596627259190ed07,0c06b88fd09cd514745b699e6b6a7e12901db8d3247e42b582feaf1f7e91c04a,1eafe424a4c718d6a3b18cff938036f958858c70b344740788993b119bfbb04b,9c2f903993167fc2a228b3cfe60a23fe33f57f252bae6299458338cb8eb967ad,3f630dfcc8a1c2a19b093e7fe0f4bdc7f830fef42266fcf1156112f0eb959046,11f4fe862570895441036964a9b308e92c2ee6ba8a87b5da9009ffd5208a4bda,2c6d6a597c6b1b321c4f632291c22dfe5788a058fe82fd65114a5a59d5d0be83,3a365f5dd3e9d410585a34695bb444d67b220c4b40a9348288a540078bc27f75
temporal,B1,False,2024-05-11,landsat-8,861,55,1.6078247139080746,2.0981998831186806,0.2648313743635313,0.3457886553419668,True,3b188221263ad4673846ce5170fa622b5395e51a4aaa750114e1793d3986975b,55416c987a2d25f9177dd974307ae595761c1db31ecaa9d7561fb6c42d4d5e7c,00d1e59ce78baffbf9d24361ac8ba16a1d577b22cb193e15596627259190ed07,0c06b88fd09cd514745b699e6b6a7e12901db8d3247e42b582feaf1f7e91c04a,1eafe424a4c718d6a3b18cff938036f958858c70b344740788993b119bfbb04b,9c2f903993167fc2a228b3cfe60a23fe33f57f252bae6299458338cb8eb967ad,3f630dfcc8a1c2a19b093e7fe0f4bdc7f830fef42266fcf1156112f0eb959046,11f4fe862570895441036964a9b308e92c2ee6ba8a87b5da9009ffd5208a4bda,2c6d6a597c6b1b321c4f632291c22dfe5788a058fe82fd65114a5a59d5d0be83,3a365f5dd3e9d410585a34695bb444d67b220c4b40a9348288a540078bc27f75
temporal,B1,False,2024-05-27,landsat-8,680,46,1.4360786099817042,1.954539344501931,0.54406420146541,-0.01704490951342932,True,3b188221263ad4673846ce5170fa622b5395e51a4aaa750114e1793d3986975b,55416c987a2d25f9177dd974307ae595761c1db31ecaa9d7561fb6c42d4d5e7c,00d1e59ce78baffbf9d24361ac8ba16a1d577b22cb193e15596627259190ed07,0c06b88fd09cd514745b699e6b6a7e12901db8d3247e42b582feaf1f7e91c04a,1eafe424a4c718d6a3b18cff938036f958858c70b344740788993b119bfbb04b,9c2f903993167fc2a228b3cfe60a23fe33f57f252bae6299458338cb8eb967ad,3f630dfcc8a1c2a19b093e7fe0f4bdc7f830fef42266fcf1156112f0eb959046,11f4fe862570895441036964a9b308e92c2ee6ba8a87b5da9009ffd5208a4bda,2c6d6a597c6b1b321c4f632291c22dfe5788a058fe82fd65114a5a59d5d0be83,3a365f5dd3e9d410585a34695bb444d67b220c4b40a9348288a540078bc27f75
temporal,B1,False,2024-06-20,landsat-9,1050,65,2.105963563388022,2.572319777171086,-0.8543506137315255,0.3746215738262448,True,3b188221263ad4673846ce5170fa622b5395e51a4aaa750114e1793d3986975b,55416c987a2d25f9177dd974307ae595761c1db31ecaa9d7561fb6c42d4d5e7c,00d1e59ce78baffbf9d24361ac8ba16a1d577b22cb193e15596627259190ed07,0c06b88fd09cd514745b699e6b6a7e12901db8d3247e42b582feaf1f7e91c04a,1eafe424a4c718d6a3b18cff938036f958858c70b344740788993b119bfbb04b,9c2f903993167fc2a228b3cfe60a23fe33f57f252bae6299458338cb8eb967ad,3f630dfcc8a1c2a19b093e7fe0f4bdc7f830fef42266fcf1156112f0eb959046,11f4fe862570895441036964a9b308e92c2ee6ba8a87b5da9009ffd5208a4bda,2c6d6a597c6b1b321c4f632291c22dfe5788a058fe82fd65114a5a59d5d0be83,3a365f5dd3e9d410585a34695bb444d67b220c4b40a9348288a540078bc27f75
temporal,B1,False,2024-06-28,landsat-8,1060,69,2.2812891649533222,2.9670504296085207,-0.3178337352355777,0.20150534128479888,True,3b188221263ad4673846ce5170fa622b5395e51a4aaa750114e1793d3986975b,55416c987a2d25f9177dd974307ae595761c1db31ecaa9d7561fb6c42d4d5e7c,00d1e59ce78baffbf9d24361ac8ba16a1d577b22cb193e15596627259190ed07,0c06b88fd09cd514745b699e6b6a7e12901db8d3247e42b582feaf1f7e91c04a,1eafe424a4c718d6a3b18cff938036f958858c70b344740788993b119bfbb04b,9c2f903993167fc2a228b3cfe60a23fe33f57f252bae6299458338cb8eb967ad,3f630dfcc8a1c2a19b093e7fe0f4bdc7f830fef42266fcf1156112f0eb959046,11f4fe862570895441036964a9b308e92c2ee6ba8a87b5da9009ffd5208a4bda,2c6d6a597c6b1b321c4f632291c22dfe5788a058fe82fd65114a5a59d5d0be83,3a365f5dd3e9d410585a34695bb444d67b220c4b40a9348288a540078bc27f75
temporal,B1,False,2024-07-14,landsat-8,592,47,3.10243618132512,3.5880586246407877,3.022642573590403,0.65903023805669,True,3b188221263ad4673846ce5170fa622b5395e51a4aaa750114e1793d3986975b,55416c987a2d25f9177dd974307ae595761c1db31ecaa9d7561fb6c42d4d5e7c,00d1e59ce78baffbf9d24361ac8ba16a1d577b22cb193e15596627259190ed07,0c06b88fd09cd514745b699e6b6a7e12901db8d3247e42b582feaf1f7e91c04a,1eafe424a4c718d6a3b18cff938036f958858c70b344740788993b119bfbb04b,9c2f903993167fc2a228b3cfe60a23fe33f57f252bae6299458338cb8eb967ad,3f630dfcc8a1c2a19b093e7fe0f4bdc7f830fef42266fcf1156112f0eb959046,11f4fe862570895441036964a9b308e92c2ee6ba8a87b5da9009ffd5208a4bda,2c6d6a597c6b1b321c4f632291c22dfe5788a058fe82fd65114a5a59d5d0be83,3a365f5dd3e9d410585a34695bb444d67b220c4b40a9348288a540078bc27f75
temporal,B1,False,2024-07-22,landsat-9,976,67,2.186478625826474,2.785068094955715,0.13135498587292332,0.6803775384670065,True,3b188221263ad4673846ce5170fa622b5395e51a4aaa750114e1793d3986975b,55416c987a2d25f9177dd974307ae595761c1db31ecaa9d7561fb6c42d4d5e7c,00d1e59ce78baffbf9d24361ac8ba16a1d577b22cb193e15596627259190ed07,0c06b88fd09cd514745b699e6b6a7e12901db8d3247e42b582feaf1f7e91c04a,1eafe424a4c718d6a3b18cff938036f958858c70b344740788993b119bfbb04b,9c2f903993167fc2a228b3cfe60a23fe33f57f252bae6299458338cb8eb967ad,3f630dfcc8a1c2a19b093e7fe0f4bdc7f830fef42266fcf1156112f0eb959046,11f4fe862570895441036964a9b308e92c2ee6ba8a87b5da9009ffd5208a4bda,2c6d6a597c6b1b321c4f632291c22dfe5788a058fe82fd65114a5a59d5d0be83,3a365f5dd3e9d410585a34695bb444d67b220c4b40a9348288a540078bc27f75
temporal,B1,False,2024-07-30,landsat-8,1064,69,1.9848026195642288,2.7265350535815154,0.9162393068038708,0.690306838671583,True,3b188221263ad4673846ce5170fa622b5395e51a4aaa750114e1793d3986975b,55416c987a2d25f9177dd974307ae595761c1db31ecaa9d7561fb6c42d4d5e7c,00d1e59ce78baffbf9d24361ac8ba16a1d577b22cb193e15596627259190ed07,0c06b88fd09cd514745b699e6b6a7e12901db8d3247e42b582feaf1f7e91c04a,1eafe424a4c718d6a3b18cff938036f958858c70b344740788993b119bfbb04b,9c2f903993167fc2a228b3cfe60a23fe33f57f252bae6299458338cb8eb967ad,3f630dfcc8a1c2a19b093e7fe0f4bdc7f830fef42266fcf1156112f0eb959046,11f4fe862570895441036964a9b308e92c2ee6ba8a87b5da9009ffd5208a4bda,2c6d6a597c6b1b321c4f632291c22dfe5788a058fe82fd65114a5a59d5d0be83,3a365f5dd3e9d410585a34695bb444d67b220c4b40a9348288a540078bc27f75
temporal,B1,False,2024-08-07,landsat-9,849,67,3.866487019855176,4.713280601911122,3.84511449774543,0.5101648209980455,True,3b188221263ad4673846ce5170fa622b5395e51a4aaa750114e1793d3986975b,55416c987a2d25f9177dd974307ae595761c1db31ecaa9d7561fb6c42d4d5e7c,00d1e59ce78baffbf9d24361ac8ba16a1d577b22cb193e15596627259190ed07,0c06b88fd09cd514745b699e6b6a7e12901db8d3247e42b582feaf1f7e91c04a,1eafe424a4c718d6a3b18cff938036f958858c70b344740788993b119bfbb04b,9c2f903993167fc2a228b3cfe60a23fe33f57f252bae6299458338cb8eb967ad,3f630dfcc8a1c2a19b093e7fe0f4bdc7f830fef42266fcf1156112f0eb959046,11f4fe862570895441036964a9b308e92c2ee6ba8a87b5da9009ffd5208a4bda,2c6d6a597c6b1b321c4f632291c22dfe5788a058fe82fd65114a5a59d5d0be83,3a365f5dd3e9d410585a34695bb444d67b220c4b40a9348288a540078bc27f75
temporal,B1,False,2024-08-15,landsat-8,1083,71,2.1192311095903706,2.906234210163304,1.3275282653236296,0.6327477725683132,True,3b188221263ad4673846ce5170fa622b5395e51a4aaa750114e1793d3986975b,55416c987a2d25f9177dd974307ae595761c1db31ecaa9d7561fb6c42d4d5e7c,00d1e59ce78baffbf9d24361ac8ba16a1d577b22cb193e15596627259190ed07,0c06b88fd09cd514745b699e6b6a7e12901db8d3247e42b582feaf1f7e91c04a,1eafe424a4c718d6a3b18cff938036f958858c70b344740788993b119bfbb04b,9c2f903993167fc2a228b3cfe60a23fe33f57f252bae6299458338cb8eb967ad,3f630dfcc8a1c2a19b093e7fe0f4bdc7f830fef42266fcf1156112f0eb959046,11f4fe862570895441036964a9b308e92c2ee6ba8a87b5da9009ffd5208a4bda,2c6d6a597c6b1b321c4f632291c22dfe5788a058fe82fd65114a5a59d5d0be83,3a365f5dd3e9d410585a34695bb444d67b220c4b40a9348288a540078bc27f75
temporal,B1,False,2024-08-23,landsat-9,1041,70,2.2223235139610504,2.901126826585643,1.5972469201659483,-0.03230708408569138,True,3b188221263ad4673846ce5170fa622b5395e51a4aaa750114e1793d3986975b,55416c987a2d25f9177dd974307ae595761c1db31ecaa9d7561fb6c42d4d5e7c,00d1e59ce78baffbf9d24361ac8ba16a1d577b22cb193e15596627259190ed07,0c06b88fd09cd514745b699e6b6a7e12901db8d3247e42b582feaf1f7e91c04a,1eafe424a4c718d6a3b18cff938036f958858c70b344740788993b119bfbb04b,9c2f903993167fc2a228b3cfe60a23fe33f57f252bae6299458338cb8eb967ad,3f630dfcc8a1c2a19b093e7fe0f4bdc7f830fef42266fcf1156112f0eb959046,11f4fe862570895441036964a9b308e92c2ee6ba8a87b5da9009ffd5208a4bda,2c6d6a597c6b1b321c4f632291c22dfe5788a058fe82fd65114a5a59d5d0be83,3a365f5dd3e9d410585a34695bb444d67b220c4b40a9348288a540078bc27f75
temporal,B1,False,2024-08-31,landsat-8,1048,66,1.813936564775214,2.3387580782543695,0.0009123845018779775,0.5566873966247489,True,3b188221263ad4673846ce5170fa622b5395e51a4aaa750114e1793d3986975b,55416c987a2d25f9177dd974307ae595761c1db31ecaa9d7561fb6c42d4d5e7c,00d1e59ce78baffbf9d24361ac8ba16a1d577b22cb193e15596627259190ed07,0c06b88fd09cd514745b699e6b6a7e12901db8d3247e42b582feaf1f7e91c04a,1eafe424a4c718d6a3b18cff938036f958858c70b344740788993b119bfbb04b,9c2f903993167fc2a228b3cfe60a23fe33f57f252bae6299458338cb8eb967ad,3f630dfcc8a1c2a19b093e7fe0f4bdc7f830fef42266fcf1156112f0eb959046,11f4fe862570895441036964a9b308e92c2ee6ba8a87b5da9009ffd5208a4bda,2c6d6a597c6b1b321c4f632291c22dfe5788a058fe82fd65114a5a59d5d0be83,3a365f5dd3e9d410585a34695bb444d67b220c4b40a9348288a540078bc27f75
temporal,B1,False,2024-09-08,landsat-9,1087,71,4.145862889419398,4.779861672757085,-3.9911149894414164,0.31242840229627983,True,3b188221263ad4673846ce5170fa622b5395e51a4aaa750114e1793d3986975b,55416c987a2d25f9177dd974307ae595761c1db31ecaa9d7561fb6c42d4d5e7c,00d1e59ce78baffbf9d24361ac8ba16a1d577b22cb193e15596627259190ed07,0c06b88fd09cd514745b699e6b6a7e12901db8d3247e42b582feaf1f7e91c04a,1eafe424a4c718d6a3b18cff938036f958858c70b344740788993b119bfbb04b,9c2f903993167fc2a228b3cfe60a23fe33f57f252bae6299458338cb8eb967ad,3f630dfcc8a1c2a19b093e7fe0f4bdc7f830fef42266fcf1156112f0eb959046,11f4fe862570895441036964a9b308e92c2ee6ba8a87b5da9009ffd5208a4bda,2c6d6a597c6b1b321c4f632291c22dfe5788a058fe82fd65114a5a59d5d0be83,3a365f5dd3e9d410585a34695bb444d67b220c4b40a9348288a540078bc27f75
temporal,B1,False,2024-09-24,landsat-9,641,50,5.172020184035212,5.618353633586967,5.127169840879559,0.7245425721825024,True,3b188221263ad4673846ce5170fa622b5395e51a4aaa750114e1793d3986975b,55416c987a2d25f9177dd974307ae595761c1db31ecaa9d7561fb6c42d4d5e7c,00d1e59ce78baffbf9d24361ac8ba16a1d577b22cb193e15596627259190ed07,0c06b88fd09cd514745b699e6b6a7e12901db8d3247e42b582feaf1f7e91c04a,1eafe424a4c718d6a3b18cff938036f958858c70b344740788993b119bfbb04b,9c2f903993167fc2a228b3cfe60a23fe33f57f252bae6299458338cb8eb967ad,3f630dfcc8a1c2a19b093e7fe0f4bdc7f830fef42266fcf1156112f0eb959046,11f4fe862570895441036964a9b308e92c2ee6ba8a87b5da9009ffd5208a4bda,2c6d6a597c6b1b321c4f632291c22dfe5788a058fe82fd65114a5a59d5d0be83,3a365f5dd3e9d410585a34695bb444d67b220c4b40a9348288a540078bc27f75
temporal,B1,False,2024-10-02,landsat-8,1001,63,1.9740978127596756,2.4254605574517583,0.7268584733342752,0.7416124025480545,True,3b188221263ad4673846ce5170fa622b5395e51a4aaa750114e1793d3986975b,55416c987a2d25f9177dd974307ae595761c1db31ecaa9d7561fb6c42d4d5e7c,00d1e59ce78baffbf9d24361ac8ba16a1d577b22cb193e15596627259190ed07,0c06b88fd09cd514745b699e6b6a7e12901db8d3247e42b582feaf1f7e91c04a,1eafe424a4c718d6a3b18cff938036f958858c70b344740788993b119bfbb04b,9c2f903993167fc2a228b3cfe60a23fe33f57f252bae6299458338cb8eb967ad,3f630dfcc8a1c2a19b093e7fe0f4bdc7f830fef42266fcf1156112f0eb959046,11f4fe862570895441036964a9b308e92c2ee6ba8a87b5da9009ffd5208a4bda,2c6d6a597c6b1b321c4f632291c22dfe5788a058fe82fd65114a5a59d5d0be83,3a365f5dd3e9d410585a34695bb444d67b220c4b40a9348288a540078bc27f75
temporal,B1,False,2024-10-10,landsat-9,870,58,1.3706180930532086,1.7147842249969838,0.4540580391099616,0.570107375308025,True,3b188221263ad4673846ce5170fa622b5395e51a4aaa750114e1793d3986975b,55416c987a2d25f9177dd974307ae595761c1db31ecaa9d7561fb6c42d4d5e7c,00d1e59ce78baffbf9d24361ac8ba16a1d577b22cb193e15596627259190ed07,0c06b88fd09cd514745b699e6b6a7e12901db8d3247e42b582feaf1f7e91c04a,1eafe424a4c718d6a3b18cff938036f958858c70b344740788993b119bfbb04b,9c2f903993167fc2a228b3cfe60a23fe33f57f252bae6299458338cb8eb967ad,3f630dfcc8a1c2a19b093e7fe0f4bdc7f830fef42266fcf1156112f0eb959046,11f4fe862570895441036964a9b308e92c2ee6ba8a87b5da9009ffd5208a4bda,2c6d6a597c6b1b321c4f632291c22dfe5788a058fe82fd65114a5a59d5d0be83,3a365f5dd3e9d410585a34695bb444d67b220c4b40a9348288a540078bc27f75
temporal,B1,False,2024-10-18,landsat-8,1091,71,2.315415543232292,2.6440756415545206,0.7166430632583469,-0.13068331255919605,True,3b188221263ad4673846ce5170fa622b5395e51a4aaa750114e1793d3986975b,55416c987a2d25f9177dd974307ae595761c1db31ecaa9d7561fb6c42d4d5e7c,00d1e59ce78baffbf9d24361ac8ba16a1d577b22cb193e15596627259190ed07,0c06b88fd09cd514745b699e6b6a7e12901db8d3247e42b582feaf1f7e91c04a,1eafe424a4c718d6a3b18cff938036f958858c70b344740788993b119bfbb04b,9c2f903993167fc2a228b3cfe60a23fe33f57f252bae6299458338cb8eb967ad,3f630dfcc8a1c2a19b093e7fe0f4bdc7f830fef42266fcf1156112f0eb959046,11f4fe862570895441036964a9b308e92c2ee6ba8a87b5da9009ffd5208a4bda,2c6d6a597c6b1b321c4f632291c22dfe5788a058fe82fd65114a5a59d5d0be83,3a365f5dd3e9d410585a34695bb444d67b220c4b40a9348288a540078bc27f75
temporal,B2,False,2020-05-16,landsat-8,1061,69,3.9331022350543234,4.364890840227594,-3.8005772936251008,0.5645164976916982,True,3b188221263ad4673846ce5170fa622b5395e51a4aaa750114e1793d3986975b,55416c987a2d25f9177dd974307ae595761c1db31ecaa9d7561fb6c42d4d5e7c,00d1e59ce78baffbf9d24361ac8ba16a1d577b22cb193e15596627259190ed07,0c06b88fd09cd514745b699e6b6a7e12901db8d3247e42b582feaf1f7e91c04a,1eafe424a4c718d6a3b18cff938036f958858c70b344740788993b119bfbb04b,9c2f903993167fc2a228b3cfe60a23fe33f57f252bae6299458338cb8eb967ad,3f630dfcc8a1c2a19b093e7fe0f4bdc7f830fef42266fcf1156112f0eb959046,11f4fe862570895441036964a9b308e92c2ee6ba8a87b5da9009ffd5208a4bda,2c6d6a597c6b1b321c4f632291c22dfe5788a058fe82fd65114a5a59d5d0be83,3a365f5dd3e9d410585a34695bb444d67b220c4b40a9348288a540078bc27f75
temporal,B2,False,2020-07-03,landsat-8,1073,70,1.491382649347429,1.912383498661882,1.1068247100289432,0.8767071611702635,True,3b188221263ad4673846ce5170fa622b5395e51a4aaa750114e1793d3986975b,55416c987a2d25f9177dd974307ae595761c1db31ecaa9d7561fb6c42d4d5e7c,00d1e59ce78baffbf9d24361ac8ba16a1d577b22cb193e15596627259190ed07,0c06b88fd09cd514745b699e6b6a7e12901db8d3247e42b582feaf1f7e91c04a,1eafe424a4c718d6a3b18cff938036f958858c70b344740788993b119bfbb04b,9c2f903993167fc2a228b3cfe60a23fe33f57f252bae6299458338cb8eb967ad,3f630dfcc8a1c2a19b093e7fe0f4bdc7f830fef42266fcf1156112f0eb959046,11f4fe862570895441036964a9b308e92c2ee6ba8a87b5da9009ffd5208a4bda,2c6d6a597c6b1b321c4f632291c22dfe5788a058fe82fd65114a5a59d5d0be83,3a365f5dd3e9d410585a34695bb444d67b220c4b40a9348288a540078bc27f75
temporal,B2,False,2020-07-19,landsat-8,1050,68,1.6668450496728486,2.087845554359214,-0.0013744035189481674,0.8539027580172966,True,3b188221263ad4673846ce5170fa622b5395e51a4aaa750114e1793d3986975b,55416c987a2d25f9177dd974307ae595761c1db31ecaa9d7561fb6c42d4d5e7c,00d1e59ce78baffbf9d24361ac8ba16a1d577b22cb193e15596627259190ed07,0c06b88fd09cd514745b699e6b6a7e12901db8d3247e42b582feaf1f7e91c04a,1eafe424a4c718d6a3b18cff938036f958858c70b344740788993b119bfbb04b,9c2f903993167fc2a228b3cfe60a23fe33f57f252bae6299458338cb8eb967ad,3f630dfcc8a1c2a19b093e7fe0f4bdc7f830fef42266fcf1156112f0eb959046,11f4fe862570895441036964a9b308e92c2ee6ba8a87b5da9009ffd5208a4bda,2c6d6a597c6b1b321c4f632291c22dfe5788a058fe82fd65114a5a59d5d0be83,3a365f5dd3e9d410585a34695bb444d67b220c4b40a9348288a540078bc27f75
temporal,B2,False,2020-08-20,landsat-8,1080,71,3.5466520482669526,3.7842742932668694,-3.54344865559405,0.7734810791012329,True,3b188221263ad4673846ce5170fa622b5395e51a4aaa750114e1793d3986975b,55416c987a2d25f9177dd974307ae595761c1db31ecaa9d7561fb6c42d4d5e7c,00d1e59ce78baffbf9d24361ac8ba16a1d577b22cb193e15596627259190ed07,0c06b88fd09cd514745b699e6b6a7e12901db8d3247e42b582feaf1f7e91c04a,1eafe424a4c718d6a3b18cff938036f958858c70b344740788993b119bfbb04b,9c2f903993167fc2a228b3cfe60a23fe33f57f252bae6299458338cb8eb967ad,3f630dfcc8a1c2a19b093e7fe0f4bdc7f830fef42266fcf1156112f0eb959046,11f4fe862570895441036964a9b308e92c2ee6ba8a87b5da9009ffd5208a4bda,2c6d6a597c6b1b321c4f632291c22dfe5788a058fe82fd65114a5a59d5d0be83,3a365f5dd3e9d410585a34695bb444d67b220c4b40a9348288a540078bc27f75
temporal,B2,False,2020-09-05,landsat-8,1086,71,7.8760694996451726,8.235974014833056,-7.874845892171142,0.8118337502419989,True,3b188221263ad4673846ce5170fa622b5395e51a4aaa750114e1793d3986975b,55416c987a2d25f9177dd974307ae595761c1db31ecaa9d7561fb6c42d4d5e7c,00d1e59ce78baffbf9d24361ac8ba16a1d577b22cb193e15596627259190ed07,0c06b88fd09cd514745b699e6b6a7e12901db8d3247e42b582feaf1f7e91c04a,1eafe424a4c718d6a3b18cff938036f958858c70b344740788993b119bfbb04b,9c2f903993167fc2a228b3cfe60a23fe33f57f252bae6299458338cb8eb967ad,3f630dfcc8a1c2a19b093e7fe0f4bdc7f830fef42266fcf1156112f0eb959046,11f4fe862570895441036964a9b308e92c2ee6ba8a87b5da9009ffd5208a4bda,2c6d6a597c6b1b321c4f632291c22dfe5788a058fe82fd65114a5a59d5d0be83,3a365f5dd3e9d410585a34695bb444d67b220c4b40a9348288a540078bc27f75
temporal,B2,False,2020-09-21,landsat-8,1007,65,1.8373620405634152,2.1192940008005543,1.6398415889894986,0.6087917570054727,True,3b188221263ad4673846ce5170fa622b5395e51a4aaa750114e1793d3986975b,55416c987a2d25f9177dd974307ae595761c1db31ecaa9d7561fb6c42d4d5e7c,00d1e59ce78baffbf9d24361ac8ba16a1d577b22cb193e15596627259190ed07,0c06b88fd09cd514745b699e6b6a7e12901db8d3247e42b582feaf1f7e91c04a,1eafe424a4c718d6a3b18cff938036f958858c70b344740788993b119bfbb04b,9c2f903993167fc2a228b3cfe60a23fe33f57f252bae6299458338cb8eb967ad,3f630dfcc8a1c2a19b093e7fe0f4bdc7f830fef42266fcf1156112f0eb959046,11f4fe862570895441036964a9b308e92c2ee6ba8a87b5da9009ffd5208a4bda,2c6d6a597c6b1b321c4f632291c22dfe5788a058fe82fd65114a5a59d5d0be83,3a365f5dd3e9d410585a34695bb444d67b220c4b40a9348288a540078bc27f75
temporal,B2,False,2020-10-07,landsat-8,967,66,1.3293125783234954,1.6466165105745165,-1.0144741216565527,0.7909644428637829,True,3b188221263ad4673846ce5170fa622b5395e51a4aaa750114e1793d3986975b,55416c987a2d25f9177dd974307ae595761c1db31ecaa9d7561fb6c42d4d5e7c,00d1e59ce78baffbf9d24361ac8ba16a1d577b22cb193e15596627259190ed07,0c06b88fd09cd514745b699e6b6a7e12901db8d3247e42b582feaf1f7e91c04a,1eafe424a4c718d6a3b18cff938036f958858c70b344740788993b119bfbb04b,9c2f903993167fc2a228b3cfe60a23fe33f57f252bae6299458338cb8eb967ad,3f630dfcc8a1c2a19b093e7fe0f4bdc7f830fef42266fcf1156112f0eb959046,11f4fe862570895441036964a9b308e92c2ee6ba8a87b5da9009ffd5208a4bda,2c6d6a597c6b1b321c4f632291c22dfe5788a058fe82fd65114a5a59d5d0be83,3a365f5dd3e9d410585a34695bb444d67b220c4b40a9348288a540078bc27f75
temporal,B2,False,2021-05-03,landsat-8,1019,64,2.134555670498774,2.629724068803318,-1.958076871126908,0.6913031664298084,True,3b188221263ad4673846ce5170fa622b5395e51a4aaa750114e1793d3986975b,55416c987a2d25f9177dd974307ae595761c1db31ecaa9d7561fb6c42d4d5e7c,00d1e59ce78baffbf9d24361ac8ba16a1d577b22cb193e15596627259190ed07,0c06b88fd09cd514745b699e6b6a7e12901db8d3247e42b582feaf1f7e91c04a,1eafe424a4c718d6a3b18cff938036f958858c70b344740788993b119bfbb04b,9c2f903993167fc2a228b3cfe60a23fe33f57f252bae6299458338cb8eb967ad,3f630dfcc8a1c2a19b093e7fe0f4bdc7f830fef42266fcf1156112f0eb959046,11f4fe862570895441036964a9b308e92c2ee6ba8a87b5da9009ffd5208a4bda,2c6d6a597c6b1b321c4f632291c22dfe5788a058fe82fd65114a5a59d5d0be83,3a365f5dd3e9d410585a34695bb444d67b220c4b40a9348288a540078bc27f75
temporal,B2,False,2021-06-04,landsat-8,953,61,1.7032387468289116,2.050463313518354,1.3094855305472692,0.7296984483047471,True,3b188221263ad4673846ce5170fa622b5395e51a4aaa750114e1793d3986975b,55416c987a2d25f9177dd974307ae595761c1db31ecaa9d7561fb6c42d4d5e7c,00d1e59ce78baffbf9d24361ac8ba16a1d577b22cb193e15596627259190ed07,0c06b88fd09cd514745b699e6b6a7e12901db8d3247e42b582feaf1f7e91c04a,1eafe424a4c718d6a3b18cff938036f958858c70b344740788993b119bfbb04b,9c2f903993167fc2a228b3cfe60a23fe33f57f252bae6299458338cb8eb967ad,3f630dfcc8a1c2a19b093e7fe0f4bdc7f830fef42266fcf1156112f0eb959046,11f4fe862570895441036964a9b308e92c2ee6ba8a87b5da9009ffd5208a4bda,2c6d6a597c6b1b321c4f632291c22dfe5788a058fe82fd65114a5a59d5d0be83,3a365f5dd3e9d410585a34695bb444d67b220c4b40a9348288a540078bc27f75
temporal,B2,False,2021-06-20,landsat-8,993,62,1.7329802166774775,2.259150255872052,1.300758682173245,0.7420742566515209,True,3b188221263ad4673846ce5170fa622b5395e51a4aaa750114e1793d3986975b,55416c987a2d25f9177dd974307ae595761c1db31ecaa9d7561fb6c42d4d5e7c,00d1e59ce78baffbf9d24361ac8ba16a1d577b22cb193e15596627259190ed07,0c06b88fd09cd514745b699e6b6a7e12901db8d3247e42b582feaf1f7e91c04a,1eafe424a4c718d6a3b18cff938036f958858c70b344740788993b119bfbb04b,9c2f903993167fc2a228b3cfe60a23fe33f57f252bae6299458338cb8eb967ad,3f630dfcc8a1c2a19b093e7fe0f4bdc7f830fef42266fcf1156112f0eb959046,11f4fe862570895441036964a9b308e92c2ee6ba8a87b5da9009ffd5208a4bda,2c6d6a597c6b1b321c4f632291c22dfe5788a058fe82fd65114a5a59d5d0be83,3a365f5dd3e9d410585a34695bb444d67b220c4b40a9348288a540078bc27f75
temporal,B2,False,2021-07-06,landsat-8,1068,66,1.6701974562172726,2.0754929061522716,1.5279551603704629,0.8146059910089893,True,3b188221263ad4673846ce5170fa622b5395e51a4aaa750114e1793d3986975b,55416c987a2d25f9177dd974307ae595761c1db31ecaa9d7561fb6c42d4d5e7c,00d1e59ce78baffbf9d24361ac8ba16a1d577b22cb193e15596627259190ed07,0c06b88fd09cd514745b699e6b6a7e12901db8d3247e42b582feaf1f7e91c04a,1eafe424a4c718d6a3b18cff938036f958858c70b344740788993b119bfbb04b,9c2f903993167fc2a228b3cfe60a23fe33f57f252bae6299458338cb8eb967ad,3f630dfcc8a1c2a19b093e7fe0f4bdc7f830fef42266fcf1156112f0eb959046,11f4fe862570895441036964a9b308e92c2ee6ba8a87b5da9009ffd5208a4bda,2c6d6a597c6b1b321c4f632291c22dfe5788a058fe82fd65114a5a59d5d0be83,3a365f5dd3e9d410585a34695bb444d67b220c4b40a9348288a540078bc27f75
temporal,B2,False,2021-08-07,landsat-8,1064,69,2.4768631855862857,2.744428043915814,2.4378922027818577,0.8379375949176536,True,3b188221263ad4673846ce5170fa622b5395e51a4aaa750114e1793d3986975b,55416c987a2d25f9177dd974307ae595761c1db31ecaa9d7561fb6c42d4d5e7c,00d1e59ce78baffbf9d24361ac8ba16a1d577b22cb193e15596627259190ed07,0c06b88fd09cd514745b699e6b6a7e12901db8d3247e42b582feaf1f7e91c04a,1eafe424a4c718d6a3b18cff938036f958858c70b344740788993b119bfbb04b,9c2f903993167fc2a228b3cfe60a23fe33f57f252bae6299458338cb8eb967ad,3f630dfcc8a1c2a19b093e7fe0f4bdc7f830fef42266fcf1156112f0eb959046,11f4fe862570895441036964a9b308e92c2ee6ba8a87b5da9009ffd5208a4bda,2c6d6a597c6b1b321c4f632291c22dfe5788a058fe82fd65114a5a59d5d0be83,3a365f5dd3e9d410585a34695bb444d67b220c4b40a9348288a540078bc27f75
temporal,B2,False,2021-09-08,landsat-8,1020,65,2.6894980842140046,2.9623520011635773,2.6567632607467826,0.7901868559046132,True,3b188221263ad4673846ce5170fa622b5395e51a4aaa750114e1793d3986975b,55416c987a2d25f9177dd974307ae595761c1db31ecaa9d7561fb6c42d4d5e7c,00d1e59ce78baffbf9d24361ac8ba16a1d577b22cb193e15596627259190ed07,0c06b88fd09cd514745b699e6b6a7e12901db8d3247e42b582feaf1f7e91c04a,1eafe424a4c718d6a3b18cff938036f958858c70b344740788993b119bfbb04b,9c2f903993167fc2a228b3cfe60a23fe33f57f252bae6299458338cb8eb967ad,3f630dfcc8a1c2a19b093e7fe0f4bdc7f830fef42266fcf1156112f0eb959046,11f4fe862570895441036964a9b308e92c2ee6ba8a87b5da9009ffd5208a4bda,2c6d6a597c6b1b321c4f632291c22dfe5788a058fe82fd65114a5a59d5d0be83,3a365f5dd3e9d410585a34695bb444d67b220c4b40a9348288a540078bc27f75
temporal,B2,False,2021-09-24,landsat-8,822,59,2.6831442828780467,2.9085639656133893,2.640548829636039,0.6742119850256252,True,3b188221263ad4673846ce5170fa622b5395e51a4aaa750114e1793d3986975b,55416c987a2d25f9177dd974307ae595761c1db31ecaa9d7561fb6c42d4d5e7c,00d1e59ce78baffbf9d24361ac8ba16a1d577b22cb193e15596627259190ed07,0c06b88fd09cd514745b699e6b6a7e12901db8d3247e42b582feaf1f7e91c04a,1eafe424a4c718d6a3b18cff938036f958858c70b344740788993b119bfbb04b,9c2f903993167fc2a228b3cfe60a23fe33f57f252bae6299458338cb8eb967ad,3f630dfcc8a1c2a19b093e7fe0f4bdc7f830fef42266fcf1156112f0eb959046,11f4fe862570895441036964a9b308e92c2ee6ba8a87b5da9009ffd5208a4bda,2c6d6a597c6b1b321c4f632291c22dfe5788a058fe82fd65114a5a59d5d0be83,3a365f5dd3e9d410585a34695bb444d67b220c4b40a9348288a540078bc27f75
temporal,B2,False,2021-10-10,landsat-8,905,65,1.749760600468088,2.0118556742101354,1.4885824249155533,0.5913922149114595,True,3b188221263ad4673846ce5170fa622b5395e51a4aaa750114e1793d3986975b,55416c987a2d25f9177dd974307ae595761c1db31ecaa9d7561fb6c42d4d5e7c,00d1e59ce78baffbf9d24361ac8ba16a1d577b22cb193e15596627259190ed07,0c06b88fd09cd514745b699e6b6a7e12901db8d3247e42b582feaf1f7e91c04a,1eafe424a4c718d6a3b18cff938036f958858c70b344740788993b119bfbb04b,9c2f903993167fc2a228b3cfe60a23fe33f57f252bae6299458338cb8eb967ad,3f630dfcc8a1c2a19b093e7fe0f4bdc7f830fef42266fcf1156112f0eb959046,11f4fe862570895441036964a9b308e92c2ee6ba8a87b5da9009ffd5208a4bda,2c6d6a597c6b1b321c4f632291c22dfe5788a058fe82fd65114a5a59d5d0be83,3a365f5dd3e9d410585a34695bb444d67b220c4b40a9348288a540078bc27f75
temporal,B2,False,2021-10-26,landsat-8,1094,71,7.1301590194494615,7.444584932773712,7.1301590194494615,0.15621766908051077,True,3b188221263ad4673846ce5170fa622b5395e51a4aaa750114e1793d3986975b,55416c987a2d25f9177dd974307ae595761c1db31ecaa9d7561fb6c42d4d5e7c,00d1e59ce78baffbf9d24361ac8ba16a1d577b22cb193e15596627259190ed07,0c06b88fd09cd514745b699e6b6a7e12901db8d3247e42b582feaf1f7e91c04a,1eafe424a4c718d6a3b18cff938036f958858c70b344740788993b119bfbb04b,9c2f903993167fc2a228b3cfe60a23fe33f57f252bae6299458338cb8eb967ad,3f630dfcc8a1c2a19b093e7fe0f4bdc7f830fef42266fcf1156112f0eb959046,11f4fe862570895441036964a9b308e92c2ee6ba8a87b5da9009ffd5208a4bda,2c6d6a597c6b1b321c4f632291c22dfe5788a058fe82fd65114a5a59d5d0be83,3a365f5dd3e9d410585a34695bb444d67b220c4b40a9348288a540078bc27f75
temporal,B2,False,2022-05-06,landsat-8,978,62,3.138675515282983,3.47225793090738,-3.1277340449843662,0.8030847403177417,True,3b188221263ad4673846ce5170fa622b5395e51a4aaa750114e1793d3986975b,55416c987a2d25f9177dd974307ae595761c1db31ecaa9d7561fb6c42d4d5e7c,00d1e59ce78baffbf9d24361ac8ba16a1d577b22cb193e15596627259190ed07,0c06b88fd09cd514745b699e6b6a7e12901db8d3247e42b582feaf1f7e91c04a,1eafe424a4c718d6a3b18cff938036f958858c70b344740788993b119bfbb04b,9c2f903993167fc2a228b3cfe60a23fe33f57f252bae6299458338cb8eb967ad,3f630dfcc8a1c2a19b093e7fe0f4bdc7f830fef42266fcf1156112f0eb959046,11f4fe862570895441036964a9b308e92c2ee6ba8a87b5da9009ffd5208a4bda,2c6d6a597c6b1b321c4f632291c22dfe5788a058fe82fd65114a5a59d5d0be83,3a365f5dd3e9d410585a34695bb444d67b220c4b40a9348288a540078bc27f75
temporal,B2,False,2022-05-14,landsat-9,989,69,8.178000719553255,8.51571654913316,-8.155817376680968,0.6167338705232162,True,3b188221263ad4673846ce5170fa622b5395e51a4aaa750114e1793d3986975b,55416c987a2d25f9177dd974307ae595761c1db31ecaa9d7561fb6c42d4d5e7c,00d1e59ce78baffbf9d24361ac8ba16a1d577b22cb193e15596627259190ed07,0c06b88fd09cd514745b699e6b6a7e12901db8d3247e42b582feaf1f7e91c04a,1eafe424a4c718d6a3b18cff938036f958858c70b344740788993b119bfbb04b,9c2f903993167fc2a228b3cfe60a23fe33f57f252bae6299458338cb8eb967ad,3f630dfcc8a1c2a19b093e7fe0f4bdc7f830fef42266fcf1156112f0eb959046,11f4fe862570895441036964a9b308e92c2ee6ba8a87b5da9009ffd5208a4bda,2c6d6a597c6b1b321c4f632291c22dfe5788a058fe82fd65114a5a59d5d0be83,3a365f5dd3e9d410585a34695bb444d67b220c4b40a9348288a540078bc27f75
temporal,B2,False,2022-05-22,landsat-8,818,58,2.020665398588792,2.4214073782411014,1.738655685455537,0.7312147548188792,True,3b188221263ad4673846ce5170fa622b5395e51a4aaa750114e1793d3986975b,55416c987a2d25f9177dd974307ae595761c1db31ecaa9d7561fb6c42d4d5e7c,00d1e59ce78baffbf9d24361ac8ba16a1d577b22cb193e15596627259190ed07,0c06b88fd09cd514745b699e6b6a7e12901db8d3247e42b582feaf1f7e91c04a,1eafe424a4c718d6a3b18cff938036f958858c70b344740788993b119bfbb04b,9c2f903993167fc2a228b3cfe60a23fe33f57f252bae6299458338cb8eb967ad,3f630dfcc8a1c2a19b093e7fe0f4bdc7f830fef42266fcf1156112f0eb959046,11f4fe862570895441036964a9b308e92c2ee6ba8a87b5da9009ffd5208a4bda,2c6d6a597c6b1b321c4f632291c22dfe5788a058fe82fd65114a5a59d5d0be83,3a365f5dd3e9d410585a34695bb444d67b220c4b40a9348288a540078bc27f75
temporal,B2,False,2022-05-30,landsat-9,1055,67,1.2656328923488855,1.5724079152029422,0.011508577746242605,0.7204318455353144,True,3b188221263ad4673846ce5170fa622b5395e51a4aaa750114e1793d3986975b,55416c987a2d25f9177dd974307ae595761c1db31ecaa9d7561fb6c42d4d5e7c,00d1e59ce78baffbf9d24361ac8ba16a1d577b22cb193e15596627259190ed07,0c06b88fd09cd514745b699e6b6a7e12901db8d3247e42b582feaf1f7e91c04a,1eafe424a4c718d6a3b18cff938036f958858c70b344740788993b119bfbb04b,9c2f903993167fc2a228b3cfe60a23fe33f57f252bae6299458338cb8eb967ad,3f630dfcc8a1c2a19b093e7fe0f4bdc7f830fef42266fcf1156112f0eb959046,11f4fe862570895441036964a9b308e92c2ee6ba8a87b5da9009ffd5208a4bda,2c6d6a597c6b1b321c4f632291c22dfe5788a058fe82fd65114a5a59d5d0be83,3a365f5dd3e9d410585a34695bb444d67b220c4b40a9348288a540078bc27f75
temporal,B2,False,2022-06-07,landsat-8,967,61,1.2658924988621512,1.5365087080858826,-0.40858927915826004,0.7238761416594819,True,3b188221263ad4673846ce5170fa622b5395e51a4aaa750114e1793d3986975b,55416c987a2d25f9177dd974307ae595761c1db31ecaa9d7561fb6c42d4d5e7c,00d1e59ce78baffbf9d24361ac8ba16a1d577b22cb193e15596627259190ed07,0c06b88fd09cd514745b699e6b6a7e12901db8d3247e42b582feaf1f7e91c04a,1eafe424a4c718d6a3b18cff938036f958858c70b344740788993b119bfbb04b,9c2f903993167fc2a228b3cfe60a23fe33f57f252bae6299458338cb8eb967ad,3f630dfcc8a1c2a19b093e7fe0f4bdc7f830fef42266fcf1156112f0eb959046,11f4fe862570895441036964a9b308e92c2ee6ba8a87b5da9009ffd5208a4bda,2c6d6a597c6b1b321c4f632291c22dfe5788a058fe82fd65114a5a59d5d0be83,3a365f5dd3e9d410585a34695bb444d67b220c4b40a9348288a540078bc27f75
temporal,B2,False,2022-06-15,landsat-9,1067,69,1.1647618644989581,1.420515593022013,-0.20134101277267408,0.8211054911848119,True,3b188221263ad4673846ce5170fa622b5395e51a4aaa750114e1793d3986975b,55416c987a2d25f9177dd974307ae595761c1db31ecaa9d7561fb6c42d4d5e7c,00d1e59ce78baffbf9d24361ac8ba16a1d577b22cb193e15596627259190ed07,0c06b88fd09cd514745b699e6b6a7e12901db8d3247e42b582feaf1f7e91c04a,1eafe424a4c718d6a3b18cff938036f958858c70b344740788993b119bfbb04b,9c2f903993167fc2a228b3cfe60a23fe33f57f252bae6299458338cb8eb967ad,3f630dfcc8a1c2a19b093e7fe0f4bdc7f830fef42266fcf1156112f0eb959046,11f4fe862570895441036964a9b308e92c2ee6ba8a87b5da9009ffd5208a4bda,2c6d6a597c6b1b321c4f632291c22dfe5788a058fe82fd65114a5a59d5d0be83,3a365f5dd3e9d410585a34695bb444d67b220c4b40a9348288a540078bc27f75
temporal,B2,False,2022-06-23,landsat-8,1059,69,2.309883154060698,2.905352327395932,-1.5081893065699685,0.7510675292744732,True,3b188221263ad4673846ce5170fa622b5395e51a4aaa750114e1793d3986975b,55416c987a2d25f9177dd974307ae595761c1db31ecaa9d7561fb6c42d4d5e7c,00d1e59ce78baffbf9d24361ac8ba16a1d577b22cb193e15596627259190ed07,0c06b88fd09cd514745b699e6b6a7e12901db8d3247e42b582feaf1f7e91c04a,1eafe424a4c718d6a3b18cff938036f958858c70b344740788993b119bfbb04b,9c2f903993167fc2a228b3cfe60a23fe33f57f252bae6299458338cb8eb967ad,3f630dfcc8a1c2a19b093e7fe0f4bdc7f830fef42266fcf1156112f0eb959046,11f4fe862570895441036964a9b308e92c2ee6ba8a87b5da9009ffd5208a4bda,2c6d6a597c6b1b321c4f632291c22dfe5788a058fe82fd65114a5a59d5d0be83,3a365f5dd3e9d410585a34695bb444d67b220c4b40a9348288a540078bc27f75
temporal,B2,False,2022-07-01,landsat-9,1072,70,1.1105876310981813,1.3677634504086673,-0.2506189371581994,0.7761214206525573,True,3b188221263ad4673846ce5170fa622b5395e51a4aaa750114e1793d3986975b,55416c987a2d25f9177dd974307ae595761c1db31ecaa9d7561fb6c42d4d5e7c,00d1e59ce78baffbf9d24361ac8ba16a1d577b22cb193e15596627259190ed07,0c06b88fd09cd514745b699e6b6a7e12901db8d3247e42b582feaf1f7e91c04a,1eafe424a4c718d6a3b18cff938036f958858c70b344740788993b119bfbb04b,9c2f903993167fc2a228b3cfe60a23fe33f57f252bae6299458338cb8eb967ad,3f630dfcc8a1c2a19b093e7fe0f4bdc7f830fef42266fcf1156112f0eb959046,11f4fe862570895441036964a9b308e92c2ee6ba8a87b5da9009ffd5208a4bda,2c6d6a597c6b1b321c4f632291c22dfe5788a058fe82fd65114a5a59d5d0be83,3a365f5dd3e9d410585a34695bb444d67b220c4b40a9348288a540078bc27f75
temporal,B2,False,2022-07-09,landsat-8,1050,67,1.781568694132287,2.2049333245034197,-0.06664304212657628,0.789848400643496,True,3b188221263ad4673846ce5170fa622b5395e51a4aaa750114e1793d3986975b,55416c987a2d25f9177dd974307ae595761c1db31ecaa9d7561fb6c42d4d5e7c,00d1e59ce78baffbf9d24361ac8ba16a1d577b22cb193e15596627259190ed07,0c06b88fd09cd514745b699e6b6a7e12901db8d3247e42b582feaf1f7e91c04a,1eafe424a4c718d6a3b18cff938036f958858c70b344740788993b119bfbb04b,9c2f903993167fc2a228b3cfe60a23fe33f57f252bae6299458338cb8eb967ad,3f630dfcc8a1c2a19b093e7fe0f4bdc7f830fef42266fcf1156112f0eb959046,11f4fe862570895441036964a9b308e92c2ee6ba8a87b5da9009ffd5208a4bda,2c6d6a597c6b1b321c4f632291c22dfe5788a058fe82fd65114a5a59d5d0be83,3a365f5dd3e9d410585a34695bb444d67b220c4b40a9348288a540078bc27f75
temporal,B2,False,2022-07-17,landsat-9,1008,69,5.997741854258337,6.186781587916684,-5.977361254012627,0.7939261251796126,True,3b188221263ad4673846ce5170fa622b5395e51a4aaa750114e1793d3986975b,55416c987a2d25f9177dd974307ae595761c1db31ecaa9d7561fb6c42d4d5e7c,00d1e59ce78baffbf9d24361ac8ba16a1d577b22cb193e15596627259190ed07,0c06b88fd09cd514745b699e6b6a7e12901db8d3247e42b582feaf1f7e91c04a,1eafe424a4c718d6a3b18cff938036f958858c70b344740788993b119bfbb04b,9c2f903993167fc2a228b3cfe60a23fe33f57f252bae6299458338cb8eb967ad,3f630dfcc8a1c2a19b093e7fe0f4bdc7f830fef42266fcf1156112f0eb959046,11f4fe862570895441036964a9b308e92c2ee6ba8a87b5da9009ffd5208a4bda,2c6d6a597c6b1b321c4f632291c22dfe5788a058fe82fd65114a5a59d5d0be83,3a365f5dd3e9d410585a34695bb444d67b220c4b40a9348288a540078bc27f75
temporal,B2,False,2022-07-25,landsat-8,1054,68,1.35003834127162,1.7222289531612707,1.2047714792592648,0.8230261263626893,True,3b188221263ad4673846ce5170fa622b5395e51a4aaa750114e1793d3986975b,55416c987a2d25f9177dd974307ae595761c1db31ecaa9d7561fb6c42d4d5e7c,00d1e59ce78baffbf9d24361ac8ba16a1d577b22cb193e15596627259190ed07,0c06b88fd09cd514745b699e6b6a7e12901db8d3247e42b582feaf1f7e91c04a,1eafe424a4c718d6a3b18cff938036f958858c70b344740788993b119bfbb04b,9c2f903993167fc2a228b3cfe60a23fe33f57f252bae6299458338cb8eb967ad,3f630dfcc8a1c2a19b093e7fe0f4bdc7f830fef42266fcf1156112f0eb959046,11f4fe862570895441036964a9b308e92c2ee6ba8a87b5da9009ffd5208a4bda,2c6d6a597c6b1b321c4f632291c22dfe5788a058fe82fd65114a5a59d5d0be83,3a365f5dd3e9d410585a34695bb444d67b220c4b40a9348288a540078bc27f75
temporal,B2,False,2022-08-02,landsat-9,1026,67,1.8079887150509182,2.1212733097385974,-0.11509148787437289,0.7810349288467515,True,3b188221263ad4673846ce5170fa622b5395e51a4aaa750114e1793d3986975b,55416c987a2d25f9177dd974307ae595761c1db31ecaa9d7561fb6c42d4d5e7c,00d1e59ce78baffbf9d24361ac8ba16a1d577b22cb193e15596627259190ed07,0c06b88fd09cd514745b699e6b6a7e12901db8d3247e42b582feaf1f7e91c04a,1eafe424a4c718d6a3b18cff938036f958858c70b344740788993b119bfbb04b,9c2f903993167fc2a228b3cfe60a23fe33f57f252bae6299458338cb8eb967ad,3f630dfcc8a1c2a19b093e7fe0f4bdc7f830fef42266fcf1156112f0eb959046,11f4fe862570895441036964a9b308e92c2ee6ba8a87b5da9009ffd5208a4bda,2c6d6a597c6b1b321c4f632291c22dfe5788a058fe82fd65114a5a59d5d0be83,3a365f5dd3e9d410585a34695bb444d67b220c4b40a9348288a540078bc27f75
temporal,B2,False,2022-08-18,landsat-9,1034,66,2.269352498528124,2.8131013513102676,-1.5358860837118928,0.7873826825246849,True,3b188221263ad4673846ce5170fa622b5395e51a4aaa750114e1793d3986975b,55416c987a2d25f9177dd974307ae595761c1db31ecaa9d7561fb6c42d4d5e7c,00d1e59ce78baffbf9d24361ac8ba16a1d577b22cb193e15596627259190ed07,0c06b88fd09cd514745b699e6b6a7e12901db8d3247e42b582feaf1f7e91c04a,1eafe424a4c718d6a3b18cff938036f958858c70b344740788993b119bfbb04b,9c2f903993167fc2a228b3cfe60a23fe33f57f252bae6299458338cb8eb967ad,3f630dfcc8a1c2a19b093e7fe0f4bdc7f830fef42266fcf1156112f0eb959046,11f4fe862570895441036964a9b308e92c2ee6ba8a87b5da9009ffd5208a4bda,2c6d6a597c6b1b321c4f632291c22dfe5788a058fe82fd65114a5a59d5d0be83,3a365f5dd3e9d410585a34695bb444d67b220c4b40a9348288a540078bc27f75
temporal,B2,False,2022-08-26,landsat-8,1058,69,2.5953808252466155,3.086997435078032,-2.430670669433963,0.7771486379293904,True,3b188221263ad4673846ce5170fa622b5395e51a4aaa750114e1793d3986975b,55416c987a2d25f9177dd974307ae595761c1db31ecaa9d7561fb6c42d4d5e7c,00d1e59ce78baffbf9d24361ac8ba16a1d577b22cb193e15596627259190ed07,0c06b88fd09cd514745b699e6b6a7e12901db8d3247e42b582feaf1f7e91c04a,1eafe424a4c718d6a3b18cff938036f958858c70b344740788993b119bfbb04b,9c2f903993167fc2a228b3cfe60a23fe33f57f252bae6299458338cb8eb967ad,3f630dfcc8a1c2a19b093e7fe0f4bdc7f830fef42266fcf1156112f0eb959046,11f4fe862570895441036964a9b308e92c2ee6ba8a87b5da9009ffd5208a4bda,2c6d6a597c6b1b321c4f632291c22dfe5788a058fe82fd65114a5a59d5d0be83,3a365f5dd3e9d410585a34695bb444d67b220c4b40a9348288a540078bc27f75
temporal,B2,False,2022-09-03,landsat-9,1085,71,9.516507472916594,9.646637497536933,-9.516507472916594,0.7818439224192989,True,3b188221263ad4673846ce5170fa622b5395e51a4aaa750114e1793d3986975b,55416c987a2d25f9177dd974307ae595761c1db31ecaa9d7561fb6c42d4d5e7c,00d1e59ce78baffbf9d24361ac8ba16a1d577b22cb193e15596627259190ed07,0c06b88fd09cd514745b699e6b6a7e12901db8d3247e42b582feaf1f7e91c04a,1eafe424a4c718d6a3b18cff938036f958858c70b344740788993b119bfbb04b,9c2f903993167fc2a228b3cfe60a23fe33f57f252bae6299458338cb8eb967ad,3f630dfcc8a1c2a19b093e7fe0f4bdc7f830fef42266fcf1156112f0eb959046,11f4fe862570895441036964a9b308e92c2ee6ba8a87b5da9009ffd5208a4bda,2c6d6a597c6b1b321c4f632291c22dfe5788a058fe82fd65114a5a59d5d0be83,3a365f5dd3e9d410585a34695bb444d67b220c4b40a9348288a540078bc27f75
temporal,B2,False,2022-09-27,landsat-8,1081,71,6.108937797996971,6.386834783650109,-6.108937797996971,0.7222837874548957,True,3b188221263ad4673846ce5170fa622b5395e51a4aaa750114e1793d3986975b,55416c987a2d25f9177dd974307ae595761c1db31ecaa9d7561fb6c42d4d5e7c,00d1e59ce78baffbf9d24361ac8ba16a1d577b22cb193e15596627259190ed07,0c06b88fd09cd514745b699e6b6a7e12901db8d3247e42b582feaf1f7e91c04a,1eafe424a4c718d6a3b18cff938036f958858c70b344740788993b119bfbb04b,9c2f903993167fc2a228b3cfe60a23fe33f57f252bae6299458338cb8eb967ad,3f630dfcc8a1c2a19b093e7fe0f4bdc7f830fef42266fcf1156112f0eb959046,11f4fe862570895441036964a9b308e92c2ee6ba8a87b5da9009ffd5208a4bda,2c6d6a597c6b1b321c4f632291c22dfe5788a058fe82fd65114a5a59d5d0be83,3a365f5dd3e9d410585a34695bb444d67b220c4b40a9348288a540078bc27f75
temporal,B2,False,2022-10-05,landsat-9,921,59,1.323157327407464,1.6295869757904196,-0.9935892812647601,0.6913170327475213,True,3b188221263ad4673846ce5170fa622b5395e51a4aaa750114e1793d3986975b,55416c987a2d25f9177dd974307ae595761c1db31ecaa9d7561fb6c42d4d5e7c,00d1e59ce78baffbf9d24361ac8ba16a1d577b22cb193e15596627259190ed07,0c06b88fd09cd514745b699e6b6a7e12901db8d3247e42b582feaf1f7e91c04a,1eafe424a4c718d6a3b18cff938036f958858c70b344740788993b119bfbb04b,9c2f903993167fc2a228b3cfe60a23fe33f57f252bae6299458338cb8eb967ad,3f630dfcc8a1c2a19b093e7fe0f4bdc7f830fef42266fcf1156112f0eb959046,11f4fe862570895441036964a9b308e92c2ee6ba8a87b5da9009ffd5208a4bda,2c6d6a597c6b1b321c4f632291c22dfe5788a058fe82fd65114a5a59d5d0be83,3a365f5dd3e9d410585a34695bb444d67b220c4b40a9348288a540078bc27f75
temporal,B2,False,2022-10-21,landsat-9,701,63,1.409519897084573,1.7913226947997731,-1.2407352368262594,0.6292690157012903,True,3b188221263ad4673846ce5170fa622b5395e51a4aaa750114e1793d3986975b,55416c987a2d25f9177dd974307ae595761c1db31ecaa9d7561fb6c42d4d5e7c,00d1e59ce78baffbf9d24361ac8ba16a1d577b22cb193e15596627259190ed07,0c06b88fd09cd514745b699e6b6a7e12901db8d3247e42b582feaf1f7e91c04a,1eafe424a4c718d6a3b18cff938036f958858c70b344740788993b119bfbb04b,9c2f903993167fc2a228b3cfe60a23fe33f57f252bae6299458338cb8eb967ad,3f630dfcc8a1c2a19b093e7fe0f4bdc7f830fef42266fcf1156112f0eb959046,11f4fe862570895441036964a9b308e92c2ee6ba8a87b5da9009ffd5208a4bda,2c6d6a597c6b1b321c4f632291c22dfe5788a058fe82fd65114a5a59d5d0be83,3a365f5dd3e9d410585a34695bb444d67b220c4b40a9348288a540078bc27f75
temporal,B2,False,2022-10-29,landsat-8,969,67,1.1605924504267235,1.4303286127893677,0.4264419036024019,0.5540513677825164,True,3b188221263ad4673846ce5170fa622b5395e51a4aaa750114e1793d3986975b,55416c987a2d25f9177dd974307ae595761c1db31ecaa9d7561fb6c42d4d5e7c,00d1e59ce78baffbf9d24361ac8ba16a1d577b22cb193e15596627259190ed07,0c06b88fd09cd514745b699e6b6a7e12901db8d3247e42b582feaf1f7e91c04a,1eafe424a4c718d6a3b18cff938036f958858c70b344740788993b119bfbb04b,9c2f903993167fc2a228b3cfe60a23fe33f57f252bae6299458338cb8eb967ad,3f630dfcc8a1c2a19b093e7fe0f4bdc7f830fef42266fcf1156112f0eb959046,11f4fe862570895441036964a9b308e92c2ee6ba8a87b5da9009ffd5208a4bda,2c6d6a597c6b1b321c4f632291c22dfe5788a058fe82fd65114a5a59d5d0be83,3a365f5dd3e9d410585a34695bb444d67b220c4b40a9348288a540078bc27f75
temporal,B2,False,2023-05-17,landsat-9,788,52,1.2583201389836072,1.6348291693227415,0.8500572820770617,0.765529993457297,True,3b188221263ad4673846ce5170fa622b5395e51a4aaa750114e1793d3986975b,55416c987a2d25f9177dd974307ae595761c1db31ecaa9d7561fb6c42d4d5e7c,00d1e59ce78baffbf9d24361ac8ba16a1d577b22cb193e15596627259190ed07,0c06b88fd09cd514745b699e6b6a7e12901db8d3247e42b582feaf1f7e91c04a,1eafe424a4c718d6a3b18cff938036f958858c70b344740788993b119bfbb04b,9c2f903993167fc2a228b3cfe60a23fe33f57f252bae6299458338cb8eb967ad,3f630dfcc8a1c2a19b093e7fe0f4bdc7f830fef42266fcf1156112f0eb959046,11f4fe862570895441036964a9b308e92c2ee6ba8a87b5da9009ffd5208a4bda,2c6d6a597c6b1b321c4f632291c22dfe5788a058fe82fd65114a5a59d5d0be83,3a365f5dd3e9d410585a34695bb444d67b220c4b40a9348288a540078bc27f75
temporal,B2,False,2023-06-26,landsat-8,1038,62,2.606272058337878,3.0099324818463757,2.5792075110620716,0.8063475169070644,True,3b188221263ad4673846ce5170fa622b5395e51a4aaa750114e1793d3986975b,55416c987a2d25f9177dd974307ae595761c1db31ecaa9d7561fb6c42d4d5e7c,00d1e59ce78baffbf9d24361ac8ba16a1d577b22cb193e15596627259190ed07,0c06b88fd09cd514745b699e6b6a7e12901db8d3247e42b582feaf1f7e91c04a,1eafe424a4c718d6a3b18cff938036f958858c70b344740788993b119bfbb04b,9c2f903993167fc2a228b3cfe60a23fe33f57f252bae6299458338cb8eb967ad,3f630dfcc8a1c2a19b093e7fe0f4bdc7f830fef42266fcf1156112f0eb959046,11f4fe862570895441036964a9b308e92c2ee6ba8a87b5da9009ffd5208a4bda,2c6d6a597c6b1b321c4f632291c22dfe5788a058fe82fd65114a5a59d5d0be83,3a365f5dd3e9d410585a34695bb444d67b220c4b40a9348288a540078bc27f75
temporal,B2,False,2023-07-04,landsat-9,1059,66,4.652584158958394,4.894533114842774,4.652584158958394,0.6730918780860969,True,3b188221263ad4673846ce5170fa622b5395e51a4aaa750114e1793d3986975b,55416c987a2d25f9177dd974307ae595761c1db31ecaa9d7561fb6c42d4d5e7c,00d1e59ce78baffbf9d24361ac8ba16a1d577b22cb193e15596627259190ed07,0c06b88fd09cd514745b699e6b6a7e12901db8d3247e42b582feaf1f7e91c04a,1eafe424a4c718d6a3b18cff938036f958858c70b344740788993b119bfbb04b,9c2f903993167fc2a228b3cfe60a23fe33f57f252bae6299458338cb8eb967ad,3f630dfcc8a1c2a19b093e7fe0f4bdc7f830fef42266fcf1156112f0eb959046,11f4fe862570895441036964a9b308e92c2ee6ba8a87b5da9009ffd5208a4bda,2c6d6a597c6b1b321c4f632291c22dfe5788a058fe82fd65114a5a59d5d0be83,3a365f5dd3e9d410585a34695bb444d67b220c4b40a9348288a540078bc27f75
temporal,B2,False,2023-07-12,landsat-8,1060,69,2.365422967609127,2.7066907472263577,-2.1455612331155063,0.8011199380429336,True,3b188221263ad4673846ce5170fa622b5395e51a4aaa750114e1793d3986975b,55416c987a2d25f9177dd974307ae595761c1db31ecaa9d7561fb6c42d4d5e7c,00d1e59ce78baffbf9d24361ac8ba16a1d577b22cb193e15596627259190ed07,0c06b88fd09cd514745b699e6b6a7e12901db8d3247e42b582feaf1f7e91c04a,1eafe424a4c718d6a3b18cff938036f958858c70b344740788993b119bfbb04b,9c2f903993167fc2a228b3cfe60a23fe33f57f252bae6299458338cb8eb967ad,3f630dfcc8a1c2a19b093e7fe0f4bdc7f830fef42266fcf1156112f0eb959046,11f4fe862570895441036964a9b308e92c2ee6ba8a87b5da9009ffd5208a4bda,2c6d6a597c6b1b321c4f632291c22dfe5788a058fe82fd65114a5a59d5d0be83,3a365f5dd3e9d410585a34695bb444d67b220c4b40a9348288a540078bc27f75
temporal,B2,False,2023-07-20,landsat-9,1072,69,2.335738869472319,2.8422105876394728,-1.6596128993578636,0.8306024803302429,True,3b188221263ad4673846ce5170fa622b5395e51a4aaa750114e1793d3986975b,55416c987a2d25f9177dd974307ae595761c1db31ecaa9d7561fb6c42d4d5e7c,00d1e59ce78baffbf9d24361ac8ba16a1d577b22cb193e15596627259190ed07,0c06b88fd09cd514745b699e6b6a7e12901db8d3247e42b582feaf1f7e91c04a,1eafe424a4c718d6a3b18cff938036f958858c70b344740788993b119bfbb04b,9c2f903993167fc2a228b3cfe60a23fe33f57f252bae6299458338cb8eb967ad,3f630dfcc8a1c2a19b093e7fe0f4bdc7f830fef42266fcf1156112f0eb959046,11f4fe862570895441036964a9b308e92c2ee6ba8a87b5da9009ffd5208a4bda,2c6d6a597c6b1b321c4f632291c22dfe5788a058fe82fd65114a5a59d5d0be83,3a365f5dd3e9d410585a34695bb444d67b220c4b40a9348288a540078bc27f75
temporal,B2,False,2023-07-28,landsat-8,983,66,1.342347601318851,1.8620331782604327,0.894471092471736,0.8321208455431335,True,3b188221263ad4673846ce5170fa622b5395e51a4aaa750114e1793d3986975b,55416c987a2d25f9177dd974307ae595761c1db31ecaa9d7561fb6c42d4d5e7c,00d1e59ce78baffbf9d24361ac8ba16a1d577b22cb193e15596627259190ed07,0c06b88fd09cd514745b699e6b6a7e12901db8d3247e42b582feaf1f7e91c04a,1eafe424a4c718d6a3b18cff938036f958858c70b344740788993b119bfbb04b,9c2f903993167fc2a228b3cfe60a23fe33f57f252bae6299458338cb8eb967ad,3f630dfcc8a1c2a19b093e7fe0f4bdc7f830fef42266fcf1156112f0eb959046,11f4fe862570895441036964a9b308e92c2ee6ba8a87b5da9009ffd5208a4bda,2c6d6a597c6b1b321c4f632291c22dfe5788a058fe82fd65114a5a59d5d0be83,3a365f5dd3e9d410585a34695bb444d67b220c4b40a9348288a540078bc27f75
temporal,B2,False,2023-08-05,landsat-9,1076,69,1.8289121724075064,2.3264874009478387,0.9374605815244172,0.7807117899821634,True,3b188221263ad4673846ce5170fa622b5395e51a4aaa750114e1793d3986975b,55416c987a2d25f9177dd974307ae595761c1db31ecaa9d7561fb6c42d4d5e7c,00d1e59ce78baffbf9d24361ac8ba16a1d577b22cb193e15596627259190ed07,0c06b88fd09cd514745b699e6b6a7e12901db8d3247e42b582feaf1f7e91c04a,1eafe424a4c718d6a3b18cff938036f958858c70b344740788993b119bfbb04b,9c2f903993167fc2a228b3cfe60a23fe33f57f252bae6299458338cb8eb967ad,3f630dfcc8a1c2a19b093e7fe0f4bdc7f830fef42266fcf1156112f0eb959046,11f4fe862570895441036964a9b308e92c2ee6ba8a87b5da9009ffd5208a4bda,2c6d6a597c6b1b321c4f632291c22dfe5788a058fe82fd65114a5a59d5d0be83,3a365f5dd3e9d410585a34695bb444d67b220c4b40a9348288a540078bc27f75
temporal,B2,False,2023-08-13,landsat-8,1063,68,1.4796948194030106,1.848423221124244,1.3659826206332124,0.8643346517373196,True,3b188221263ad4673846ce5170fa622b5395e51a4aaa750114e1793d3986975b,55416c987a2d25f9177dd974307ae595761c1db31ecaa9d7561fb6c42d4d5e7c,00d1e59ce78baffbf9d24361ac8ba16a1d577b22cb193e15596627259190ed07,0c06b88fd09cd514745b699e6b6a7e12901db8d3247e42b582feaf1f7e91c04a,1eafe424a4c718d6a3b18cff938036f958858c70b344740788993b119bfbb04b,9c2f903993167fc2a228b3cfe60a23fe33f57f252bae6299458338cb8eb967ad,3f630dfcc8a1c2a19b093e7fe0f4bdc7f830fef42266fcf1156112f0eb959046,11f4fe862570895441036964a9b308e92c2ee6ba8a87b5da9009ffd5208a4bda,2c6d6a597c6b1b321c4f632291c22dfe5788a058fe82fd65114a5a59d5d0be83,3a365f5dd3e9d410585a34695bb444d67b220c4b40a9348288a540078bc27f75
temporal,B2,False,2023-08-29,landsat-8,1088,71,2.579617026568938,2.925081423416303,-2.4594977354722705,0.8372730921106633,True,3b188221263ad4673846ce5170fa622b5395e51a4aaa750114e1793d3986975b,55416c987a2d25f9177dd974307ae595761c1db31ecaa9d7561fb6c42d4d5e7c,00d1e59ce78baffbf9d24361ac8ba16a1d577b22cb193e15596627259190ed07,0c06b88fd09cd514745b699e6b6a7e12901db8d3247e42b582feaf1f7e91c04a,1eafe424a4c718d6a3b18cff938036f958858c70b344740788993b119bfbb04b,9c2f903993167fc2a228b3cfe60a23fe33f57f252bae6299458338cb8eb967ad,3f630dfcc8a1c2a19b093e7fe0f4bdc7f830fef42266fcf1156112f0eb959046,11f4fe862570895441036964a9b308e92c2ee6ba8a87b5da9009ffd5208a4bda,2c6d6a597c6b1b321c4f632291c22dfe5788a058fe82fd65114a5a59d5d0be83,3a365f5dd3e9d410585a34695bb444d67b220c4b40a9348288a540078bc27f75
temporal,B2,False,2023-09-14,landsat-8,634,53,3.5953025874389533,3.894212642310537,3.571507068957761,0.4885389993237537,True,3b188221263ad4673846ce5170fa622b5395e51a4aaa750114e1793d3986975b,55416c987a2d25f9177dd974307ae595761c1db31ecaa9d7561fb6c42d4d5e7c,00d1e59ce78baffbf9d24361ac8ba16a1d577b22cb193e15596627259190ed07,0c06b88fd09cd514745b699e6b6a7e12901db8d3247e42b582feaf1f7e91c04a,1eafe424a4c718d6a3b18cff938036f958858c70b344740788993b119bfbb04b,9c2f903993167fc2a228b3cfe60a23fe33f57f252bae6299458338cb8eb967ad,3f630dfcc8a1c2a19b093e7fe0f4bdc7f830fef42266fcf1156112f0eb959046,11f4fe862570895441036964a9b308e92c2ee6ba8a87b5da9009ffd5208a4bda,2c6d6a597c6b1b321c4f632291c22dfe5788a058fe82fd65114a5a59d5d0be83,3a365f5dd3e9d410585a34695bb444d67b220c4b40a9348288a540078bc27f75
temporal,B2,False,2023-09-22,landsat-9,707,54,6.09429223828083,6.4265633730796825,6.09429223828083,0.5597380385053724,True,3b188221263ad4673846ce5170fa622b5395e51a4aaa750114e1793d3986975b,55416c987a2d25f9177dd974307ae595761c1db31ecaa9d7561fb6c42d4d5e7c,00d1e59ce78baffbf9d24361ac8ba16a1d577b22cb193e15596627259190ed07,0c06b88fd09cd514745b699e6b6a7e12901db8d3247e42b582feaf1f7e91c04a,1eafe424a4c718d6a3b18cff938036f958858c70b344740788993b119bfbb04b,9c2f903993167fc2a228b3cfe60a23fe33f57f252bae6299458338cb8eb967ad,3f630dfcc8a1c2a19b093e7fe0f4bdc7f830fef42266fcf1156112f0eb959046,11f4fe862570895441036964a9b308e92c2ee6ba8a87b5da9009ffd5208a4bda,2c6d6a597c6b1b321c4f632291c22dfe5788a058fe82fd65114a5a59d5d0be83,3a365f5dd3e9d410585a34695bb444d67b220c4b40a9348288a540078bc27f75
temporal,B2,False,2023-10-08,landsat-9,952,61,2.5247042031064524,2.8224867892502425,-2.5057820186488398,0.8410530169754545,True,3b188221263ad4673846ce5170fa622b5395e51a4aaa750114e1793d3986975b,55416c987a2d25f9177dd974307ae595761c1db31ecaa9d7561fb6c42d4d5e7c,00d1e59ce78baffbf9d24361ac8ba16a1d577b22cb193e15596627259190ed07,0c06b88fd09cd514745b699e6b6a7e12901db8d3247e42b582feaf1f7e91c04a,1eafe424a4c718d6a3b18cff938036f958858c70b344740788993b119bfbb04b,9c2f903993167fc2a228b3cfe60a23fe33f57f252bae6299458338cb8eb967ad,3f630dfcc8a1c2a19b093e7fe0f4bdc7f830fef42266fcf1156112f0eb959046,11f4fe862570895441036964a9b308e92c2ee6ba8a87b5da9009ffd5208a4bda,2c6d6a597c6b1b321c4f632291c22dfe5788a058fe82fd65114a5a59d5d0be83,3a365f5dd3e9d410585a34695bb444d67b220c4b40a9348288a540078bc27f75
temporal,B2,False,2023-10-16,landsat-8,936,62,1.1905664231085675,1.429091149472421,-1.0560823560157602,0.8406052836138437,True,3b188221263ad4673846ce5170fa622b5395e51a4aaa750114e1793d3986975b,55416c987a2d25f9177dd974307ae595761c1db31ecaa9d7561fb6c42d4d5e7c,00d1e59ce78baffbf9d24361ac8ba16a1d577b22cb193e15596627259190ed07,0c06b88fd09cd514745b699e6b6a7e12901db8d3247e42b582feaf1f7e91c04a,1eafe424a4c718d6a3b18cff938036f958858c70b344740788993b119bfbb04b,9c2f903993167fc2a228b3cfe60a23fe33f57f252bae6299458338cb8eb967ad,3f630dfcc8a1c2a19b093e7fe0f4bdc7f830fef42266fcf1156112f0eb959046,11f4fe862570895441036964a9b308e92c2ee6ba8a87b5da9009ffd5208a4bda,2c6d6a597c6b1b321c4f632291c22dfe5788a058fe82fd65114a5a59d5d0be83,3a365f5dd3e9d410585a34695bb444d67b220c4b40a9348288a540078bc27f75
temporal,B2,False,2023-10-24,landsat-9,699,51,2.2472632442936185,2.629659378877384,2.1268582661382918,0.40655145279207483,True,3b188221263ad4673846ce5170fa622b5395e51a4aaa750114e1793d3986975b,55416c987a2d25f9177dd974307ae595761c1db31ecaa9d7561fb6c42d4d5e7c,00d1e59ce78baffbf9d24361ac8ba16a1d577b22cb193e15596627259190ed07,0c06b88fd09cd514745b699e6b6a7e12901db8d3247e42b582feaf1f7e91c04a,1eafe424a4c718d6a3b18cff938036f958858c70b344740788993b119bfbb04b,9c2f903993167fc2a228b3cfe60a23fe33f57f252bae6299458338cb8eb967ad,3f630dfcc8a1c2a19b093e7fe0f4bdc7f830fef42266fcf1156112f0eb959046,11f4fe862570895441036964a9b308e92c2ee6ba8a87b5da9009ffd5208a4bda,2c6d6a597c6b1b321c4f632291c22dfe5788a058fe82fd65114a5a59d5d0be83,3a365f5dd3e9d410585a34695bb444d67b220c4b40a9348288a540078bc27f75
temporal,B2,False,2024-05-11,landsat-8,861,55,1.3846749162186416,1.6971462671017914,0.8611648980336051,0.7527885551123719,True,3b188221263ad4673846ce5170fa622b5395e51a4aaa750114e1793d3986975b,55416c987a2d25f9177dd974307ae595761c1db31ecaa9d7561fb6c42d4d5e7c,00d1e59ce78baffbf9d24361ac8ba16a1d577b22cb193e15596627259190ed07,0c06b88fd09cd514745b699e6b6a7e12901db8d3247e42b582feaf1f7e91c04a,1eafe424a4c718d6a3b18cff938036f958858c70b344740788993b119bfbb04b,9c2f903993167fc2a228b3cfe60a23fe33f57f252bae6299458338cb8eb967ad,3f630dfcc8a1c2a19b093e7fe0f4bdc7f830fef42266fcf1156112f0eb959046,11f4fe862570895441036964a9b308e92c2ee6ba8a87b5da9009ffd5208a4bda,2c6d6a597c6b1b321c4f632291c22dfe5788a058fe82fd65114a5a59d5d0be83,3a365f5dd3e9d410585a34695bb444d67b220c4b40a9348288a540078bc27f75
temporal,B2,False,2024-05-27,landsat-8,680,46,4.269774587813141,4.4464475043708065,4.269774587813141,0.6840577340650048,True,3b188221263ad4673846ce5170fa622b5395e51a4aaa750114e1793d3986975b,55416c987a2d25f9177dd974307ae595761c1db31ecaa9d7561fb6c42d4d5e7c,00d1e59ce78baffbf9d24361ac8ba16a1d577b22cb193e15596627259190ed07,0c06b88fd09cd514745b699e6b6a7e12901db8d3247e42b582feaf1f7e91c04a,1eafe424a4c718d6a3b18cff938036f958858c70b344740788993b119bfbb04b,9c2f903993167fc2a228b3cfe60a23fe33f57f252bae6299458338cb8eb967ad,3f630dfcc8a1c2a19b093e7fe0f4bdc7f830fef42266fcf1156112f0eb959046,11f4fe862570895441036964a9b308e92c2ee6ba8a87b5da9009ffd5208a4bda,2c6d6a597c6b1b321c4f632291c22dfe5788a058fe82fd65114a5a59d5d0be83,3a365f5dd3e9d410585a34695bb444d67b220c4b40a9348288a540078bc27f75
temporal,B2,False,2024-06-20,landsat-9,1050,65,2.384437361952173,2.762797756874202,2.371090576412214,0.7877480523233553,True,3b188221263ad4673846ce5170fa622b5395e51a4aaa750114e1793d3986975b,55416c987a2d25f9177dd974307ae595761c1db31ecaa9d7561fb6c42d4d5e7c,00d1e59ce78baffbf9d24361ac8ba16a1d577b22cb193e15596627259190ed07,0c06b88fd09cd514745b699e6b6a7e12901db8d3247e42b582feaf1f7e91c04a,1eafe424a4c718d6a3b18cff938036f958858c70b344740788993b119bfbb04b,9c2f903993167fc2a228b3cfe60a23fe33f57f252bae6299458338cb8eb967ad,3f630dfcc8a1c2a19b093e7fe0f4bdc7f830fef42266fcf1156112f0eb959046,11f4fe862570895441036964a9b308e92c2ee6ba8a87b5da9009ffd5208a4bda,2c6d6a597c6b1b321c4f632291c22dfe5788a058fe82fd65114a5a59d5d0be83,3a365f5dd3e9d410585a34695bb444d67b220c4b40a9348288a540078bc27f75
temporal,B2,False,2024-06-28,landsat-8,1060,69,1.845367874064877,2.2496311486864315,1.160251118930912,0.6618440339582089,True,3b188221263ad4673846ce5170fa622b5395e51a4aaa750114e1793d3986975b,55416c987a2d25f9177dd974307ae595761c1db31ecaa9d7561fb6c42d4d5e7c,00d1e59ce78baffbf9d24361ac8ba16a1d577b22cb193e15596627259190ed07,0c06b88fd09cd514745b699e6b6a7e12901db8d3247e42b582feaf1f7e91c04a,1eafe424a4c718d6a3b18cff938036f958858c70b344740788993b119bfbb04b,9c2f903993167fc2a228b3cfe60a23fe33f57f252bae6299458338cb8eb967ad,3f630dfcc8a1c2a19b093e7fe0f4bdc7f830fef42266fcf1156112f0eb959046,11f4fe862570895441036964a9b308e92c2ee6ba8a87b5da9009ffd5208a4bda,2c6d6a597c6b1b321c4f632291c22dfe5788a058fe82fd65114a5a59d5d0be83,3a365f5dd3e9d410585a34695bb444d67b220c4b40a9348288a540078bc27f75
temporal,B2,False,2024-07-14,landsat-8,592,47,3.3584567908835927,3.7372950292072415,3.339773257121897,0.7762006769892674,True,3b188221263ad4673846ce5170fa622b5395e51a4aaa750114e1793d3986975b,55416c987a2d25f9177dd974307ae595761c1db31ecaa9d7561fb6c42d4d5e7c,00d1e59ce78baffbf9d24361ac8ba16a1d577b22cb193e15596627259190ed07,0c06b88fd09cd514745b699e6b6a7e12901db8d3247e42b582feaf1f7e91c04a,1eafe424a4c718d6a3b18cff938036f958858c70b344740788993b119bfbb04b,9c2f903993167fc2a228b3cfe60a23fe33f57f252bae6299458338cb8eb967ad,3f630dfcc8a1c2a19b093e7fe0f4bdc7f830fef42266fcf1156112f0eb959046,11f4fe862570895441036964a9b308e92c2ee6ba8a87b5da9009ffd5208a4bda,2c6d6a597c6b1b321c4f632291c22dfe5788a058fe82fd65114a5a59d5d0be83,3a365f5dd3e9d410585a34695bb444d67b220c4b40a9348288a540078bc27f75
temporal,B2,False,2024-07-22,landsat-9,976,67,1.931499388655398,2.4809234700549547,-0.7123784795939302,0.7481587349758028,True,3b188221263ad4673846ce5170fa622b5395e51a4aaa750114e1793d3986975b,55416c987a2d25f9177dd974307ae595761c1db31ecaa9d7561fb6c42d4d5e7c,00d1e59ce78baffbf9d24361ac8ba16a1d577b22cb193e15596627259190ed07,0c06b88fd09cd514745b699e6b6a7e12901db8d3247e42b582feaf1f7e91c04a,1eafe424a4c718d6a3b18cff938036f958858c70b344740788993b119bfbb04b,9c2f903993167fc2a228b3cfe60a23fe33f57f252bae6299458338cb8eb967ad,3f630dfcc8a1c2a19b093e7fe0f4bdc7f830fef42266fcf1156112f0eb959046,11f4fe862570895441036964a9b308e92c2ee6ba8a87b5da9009ffd5208a4bda,2c6d6a597c6b1b321c4f632291c22dfe5788a058fe82fd65114a5a59d5d0be83,3a365f5dd3e9d410585a34695bb444d67b220c4b40a9348288a540078bc27f75
temporal,B2,False,2024-07-30,landsat-8,1064,69,2.8453716072869764,3.3079969154775264,2.7385476751784883,0.8402095622261203,True,3b188221263ad4673846ce5170fa622b5395e51a4aaa750114e1793d3986975b,55416c987a2d25f9177dd974307ae595761c1db31ecaa9d7561fb6c42d4d5e7c,00d1e59ce78baffbf9d24361ac8ba16a1d577b22cb193e15596627259190ed07,0c06b88fd09cd514745b699e6b6a7e12901db8d3247e42b582feaf1f7e91c04a,1eafe424a4c718d6a3b18cff938036f958858c70b344740788993b119bfbb04b,9c2f903993167fc2a228b3cfe60a23fe33f57f252bae6299458338cb8eb967ad,3f630dfcc8a1c2a19b093e7fe0f4bdc7f830fef42266fcf1156112f0eb959046,11f4fe862570895441036964a9b308e92c2ee6ba8a87b5da9009ffd5208a4bda,2c6d6a597c6b1b321c4f632291c22dfe5788a058fe82fd65114a5a59d5d0be83,3a365f5dd3e9d410585a34695bb444d67b220c4b40a9348288a540078bc27f75
temporal,B2,False,2024-08-07,landsat-9,849,67,2.156847923228769,2.846832843097127,1.9694267929298126,0.7386940564489938,True,3b188221263ad4673846ce5170fa622b5395e51a4aaa750114e1793d3986975b,55416c987a2d25f9177dd974307ae595761c1db31ecaa9d7561fb6c42d4d5e7c,00d1e59ce78baffbf9d24361ac8ba16a1d577b22cb193e15596627259190ed07,0c06b88fd09cd514745b699e6b6a7e12901db8d3247e42b582feaf1f7e91c04a,1eafe424a4c718d6a3b18cff938036f958858c70b344740788993b119bfbb04b,9c2f903993167fc2a228b3cfe60a23fe33f57f252bae6299458338cb8eb967ad,3f630dfcc8a1c2a19b093e7fe0f4bdc7f830fef42266fcf1156112f0eb959046,11f4fe862570895441036964a9b308e92c2ee6ba8a87b5da9009ffd5208a4bda,2c6d6a597c6b1b321c4f632291c22dfe5788a058fe82fd65114a5a59d5d0be83,3a365f5dd3e9d410585a34695bb444d67b220c4b40a9348288a540078bc27f75
temporal,B2,False,2024-08-15,landsat-8,1083,71,1.6332909367686341,2.069066282908244,0.8975191452819482,0.7980683949308729,True,3b188221263ad4673846ce5170fa622b5395e51a4aaa750114e1793d3986975b,55416c987a2d25f9177dd974307ae595761c1db31ecaa9d7561fb6c42d4d5e7c,00d1e59ce78baffbf9d24361ac8ba16a1d577b22cb193e15596627259190ed07,0c06b88fd09cd514745b699e6b6a7e12901db8d3247e42b582feaf1f7e91c04a,1eafe424a4c718d6a3b18cff938036f958858c70b344740788993b119bfbb04b,9c2f903993167fc2a228b3cfe60a23fe33f57f252bae6299458338cb8eb967ad,3f630dfcc8a1c2a19b093e7fe0f4bdc7f830fef42266fcf1156112f0eb959046,11f4fe862570895441036964a9b308e92c2ee6ba8a87b5da9009ffd5208a4bda,2c6d6a597c6b1b321c4f632291c22dfe5788a058fe82fd65114a5a59d5d0be83,3a365f5dd3e9d410585a34695bb444d67b220c4b40a9348288a540078bc27f75
temporal,B2,False,2024-08-23,landsat-9,1041,70,4.098817644460866,4.5207943136458555,4.092987410876127,0.43833360276179434,True,3b188221263ad4673846ce5170fa622b5395e51a4aaa750114e1793d3986975b,55416c987a2d25f9177dd974307ae595761c1db31ecaa9d7561fb6c42d4d5e7c,00d1e59ce78baffbf9d24361ac8ba16a1d577b22cb193e15596627259190ed07,0c06b88fd09cd514745b699e6b6a7e12901db8d3247e42b582feaf1f7e91c04a,1eafe424a4c718d6a3b18cff938036f958858c70b344740788993b119bfbb04b,9c2f903993167fc2a228b3cfe60a23fe33f57f252bae6299458338cb8eb967ad,3f630dfcc8a1c2a19b093e7fe0f4bdc7f830fef42266fcf1156112f0eb959046,11f4fe862570895441036964a9b308e92c2ee6ba8a87b5da9009ffd5208a4bda,2c6d6a597c6b1b321c4f632291c22dfe5788a058fe82fd65114a5a59d5d0be83,3a365f5dd3e9d410585a34695bb444d67b220c4b40a9348288a540078bc27f75
temporal,B2,False,2024-08-31,landsat-8,1048,66,1.3906475872637136,1.7406894544914304,0.9709347115902187,0.8372011618090701,True,3b188221263ad4673846ce5170fa622b5395e51a4aaa750114e1793d3986975b,55416c987a2d25f9177dd974307ae595761c1db31ecaa9d7561fb6c42d4d5e7c,00d1e59ce78baffbf9d24361ac8ba16a1d577b22cb193e15596627259190ed07,0c06b88fd09cd514745b699e6b6a7e12901db8d3247e42b582feaf1f7e91c04a,1eafe424a4c718d6a3b18cff938036f958858c70b344740788993b119bfbb04b,9c2f903993167fc2a228b3cfe60a23fe33f57f252bae6299458338cb8eb967ad,3f630dfcc8a1c2a19b093e7fe0f4bdc7f830fef42266fcf1156112f0eb959046,11f4fe862570895441036964a9b308e92c2ee6ba8a87b5da9009ffd5208a4bda,2c6d6a597c6b1b321c4f632291c22dfe5788a058fe82fd65114a5a59d5d0be83,3a365f5dd3e9d410585a34695bb444d67b220c4b40a9348288a540078bc27f75
temporal,B2,False,2024-09-08,landsat-9,1087,71,8.662509731216984,8.78754724402686,-8.662509731216984,0.7626908902696373,True,3b188221263ad4673846ce5170fa622b5395e51a4aaa750114e1793d3986975b,55416c987a2d25f9177dd974307ae595761c1db31ecaa9d7561fb6c42d4d5e7c,00d1e59ce78baffbf9d24361ac8ba16a1d577b22cb193e15596627259190ed07,0c06b88fd09cd514745b699e6b6a7e12901db8d3247e42b582feaf1f7e91c04a,1eafe424a4c718d6a3b18cff938036f958858c70b344740788993b119bfbb04b,9c2f903993167fc2a228b3cfe60a23fe33f57f252bae6299458338cb8eb967ad,3f630dfcc8a1c2a19b093e7fe0f4bdc7f830fef42266fcf1156112f0eb959046,11f4fe862570895441036964a9b308e92c2ee6ba8a87b5da9009ffd5208a4bda,2c6d6a597c6b1b321c4f632291c22dfe5788a058fe82fd65114a5a59d5d0be83,3a365f5dd3e9d410585a34695bb444d67b220c4b40a9348288a540078bc27f75
temporal,B2,False,2024-09-24,landsat-9,641,50,2.646111256389743,2.9239402265840693,2.616585996067798,0.7253565544691964,True,3b188221263ad4673846ce5170fa622b5395e51a4aaa750114e1793d3986975b,55416c987a2d25f9177dd974307ae595761c1db31ecaa9d7561fb6c42d4d5e7c,00d1e59ce78baffbf9d24361ac8ba16a1d577b22cb193e15596627259190ed07,0c06b88fd09cd514745b699e6b6a7e12901db8d3247e42b582feaf1f7e91c04a,1eafe424a4c718d6a3b18cff938036f958858c70b344740788993b119bfbb04b,9c2f903993167fc2a228b3cfe60a23fe33f57f252bae6299458338cb8eb967ad,3f630dfcc8a1c2a19b093e7fe0f4bdc7f830fef42266fcf1156112f0eb959046,11f4fe862570895441036964a9b308e92c2ee6ba8a87b5da9009ffd5208a4bda,2c6d6a597c6b1b321c4f632291c22dfe5788a058fe82fd65114a5a59d5d0be83,3a365f5dd3e9d410585a34695bb444d67b220c4b40a9348288a540078bc27f75
temporal,B2,False,2024-10-02,landsat-8,1001,63,3.1049993502969464,3.6497849812405248,-2.9831835825131763,0.7804153899016242,True,3b188221263ad4673846ce5170fa622b5395e51a4aaa750114e1793d3986975b,55416c987a2d25f9177dd974307ae595761c1db31ecaa9d7561fb6c42d4d5e7c,00d1e59ce78baffbf9d24361ac8ba16a1d577b22cb193e15596627259190ed07,0c06b88fd09cd514745b699e6b6a7e12901db8d3247e42b582feaf1f7e91c04a,1eafe424a4c718d6a3b18cff938036f958858c70b344740788993b119bfbb04b,9c2f903993167fc2a228b3cfe60a23fe33f57f252bae6299458338cb8eb967ad,3f630dfcc8a1c2a19b093e7fe0f4bdc7f830fef42266fcf1156112f0eb959046,11f4fe862570895441036964a9b308e92c2ee6ba8a87b5da9009ffd5208a4bda,2c6d6a597c6b1b321c4f632291c22dfe5788a058fe82fd65114a5a59d5d0be83,3a365f5dd3e9d410585a34695bb444d67b220c4b40a9348288a540078bc27f75
temporal,B2,False,2024-10-10,landsat-9,870,58,1.0016753999137777,1.230042200080426,0.7821490272209044,0.7949557687239073,True,3b188221263ad4673846ce5170fa622b5395e51a4aaa750114e1793d3986975b,55416c987a2d25f9177dd974307ae595761c1db31ecaa9d7561fb6c42d4d5e7c,00d1e59ce78baffbf9d24361ac8ba16a1d577b22cb193e15596627259190ed07,0c06b88fd09cd514745b699e6b6a7e12901db8d3247e42b582feaf1f7e91c04a,1eafe424a4c718d6a3b18cff938036f958858c70b344740788993b119bfbb04b,9c2f903993167fc2a228b3cfe60a23fe33f57f252bae6299458338cb8eb967ad,3f630dfcc8a1c2a19b093e7fe0f4bdc7f830fef42266fcf1156112f0eb959046,11f4fe862570895441036964a9b308e92c2ee6ba8a87b5da9009ffd5208a4bda,2c6d6a597c6b1b321c4f632291c22dfe5788a058fe82fd65114a5a59d5d0be83,3a365f5dd3e9d410585a34695bb444d67b220c4b40a9348288a540078bc27f75
temporal,B2,False,2024-10-18,landsat-8,1091,71,3.0623974567374246,3.888084960394775,2.825488537111023,0.012347581895147737,True,3b188221263ad4673846ce5170fa622b5395e51a4aaa750114e1793d3986975b,55416c987a2d25f9177dd974307ae595761c1db31ecaa9d7561fb6c42d4d5e7c,00d1e59ce78baffbf9d24361ac8ba16a1d577b22cb193e15596627259190ed07,0c06b88fd09cd514745b699e6b6a7e12901db8d3247e42b582feaf1f7e91c04a,1eafe424a4c718d6a3b18cff938036f958858c70b344740788993b119bfbb04b,9c2f903993167fc2a228b3cfe60a23fe33f57f252bae6299458338cb8eb967ad,3f630dfcc8a1c2a19b093e7fe0f4bdc7f830fef42266fcf1156112f0eb959046,11f4fe862570895441036964a9b308e92c2ee6ba8a87b5da9009ffd5208a4bda,2c6d6a597c6b1b321c4f632291c22dfe5788a058fe82fd65114a5a59d5d0be83,3a365f5dd3e9d410585a34695bb444d67b220c4b40a9348288a540078bc27f75
temporal,M1,False,2020-05-16,landsat-8,1061,69,2.331456457806645,2.6267167601553467,-2.042455416943846,0.7486402088309736,True,3b188221263ad4673846ce5170fa622b5395e51a4aaa750114e1793d3986975b,55416c987a2d25f9177dd974307ae595761c1db31ecaa9d7561fb6c42d4d5e7c,00d1e59ce78baffbf9d24361ac8ba16a1d577b22cb193e15596627259190ed07,0c06b88fd09cd514745b699e6b6a7e12901db8d3247e42b582feaf1f7e91c04a,1eafe424a4c718d6a3b18cff938036f958858c70b344740788993b119bfbb04b,9c2f903993167fc2a228b3cfe60a23fe33f57f252bae6299458338cb8eb967ad,3f630dfcc8a1c2a19b093e7fe0f4bdc7f830fef42266fcf1156112f0eb959046,11f4fe862570895441036964a9b308e92c2ee6ba8a87b5da9009ffd5208a4bda,2c6d6a597c6b1b321c4f632291c22dfe5788a058fe82fd65114a5a59d5d0be83,3a365f5dd3e9d410585a34695bb444d67b220c4b40a9348288a540078bc27f75
temporal,M1,False,2020-07-03,landsat-8,1073,70,1.5826935489773084,1.8989921857524024,-0.7758749664841023,0.748755469770218,True,3b188221263ad4673846ce5170fa622b5395e51a4aaa750114e1793d3986975b,55416c987a2d25f9177dd974307ae595761c1db31ecaa9d7561fb6c42d4d5e7c,00d1e59ce78baffbf9d24361ac8ba16a1d577b22cb193e15596627259190ed07,0c06b88fd09cd514745b699e6b6a7e12901db8d3247e42b582feaf1f7e91c04a,1eafe424a4c718d6a3b18cff938036f958858c70b344740788993b119bfbb04b,9c2f903993167fc2a228b3cfe60a23fe33f57f252bae6299458338cb8eb967ad,3f630dfcc8a1c2a19b093e7fe0f4bdc7f830fef42266fcf1156112f0eb959046,11f4fe862570895441036964a9b308e92c2ee6ba8a87b5da9009ffd5208a4bda,2c6d6a597c6b1b321c4f632291c22dfe5788a058fe82fd65114a5a59d5d0be83,3a365f5dd3e9d410585a34695bb444d67b220c4b40a9348288a540078bc27f75
temporal,M1,False,2020-07-19,landsat-8,1050,68,2.5591892117848807,2.859009787894406,-2.334753815083069,0.9184308424651446,True,3b188221263ad4673846ce5170fa622b5395e51a4aaa750114e1793d3986975b,55416c987a2d25f9177dd974307ae595761c1db31ecaa9d7561fb6c42d4d5e7c,00d1e59ce78baffbf9d24361ac8ba16a1d577b22cb193e15596627259190ed07,0c06b88fd09cd514745b699e6b6a7e12901db8d3247e42b582feaf1f7e91c04a,1eafe424a4c718d6a3b18cff938036f958858c70b344740788993b119bfbb04b,9c2f903993167fc2a228b3cfe60a23fe33f57f252bae6299458338cb8eb967ad,3f630dfcc8a1c2a19b093e7fe0f4bdc7f830fef42266fcf1156112f0eb959046,11f4fe862570895441036964a9b308e92c2ee6ba8a87b5da9009ffd5208a4bda,2c6d6a597c6b1b321c4f632291c22dfe5788a058fe82fd65114a5a59d5d0be83,3a365f5dd3e9d410585a34695bb444d67b220c4b40a9348288a540078bc27f75
temporal,M1,False,2020-08-20,landsat-8,1080,71,1.0159519913920445,1.2659767482779019,-0.13496153092491323,0.800834642312833,True,3b188221263ad4673846ce5170fa622b5395e51a4aaa750114e1793d3986975b,55416c987a2d25f9177dd974307ae595761c1db31ecaa9d7561fb6c42d4d5e7c,00d1e59ce78baffbf9d24361ac8ba16a1d577b22cb193e15596627259190ed07,0c06b88fd09cd514745b699e6b6a7e12901db8d3247e42b582feaf1f7e91c04a,1eafe424a4c718d6a3b18cff938036f958858c70b344740788993b119bfbb04b,9c2f903993167fc2a228b3cfe60a23fe33f57f252bae6299458338cb8eb967ad,3f630dfcc8a1c2a19b093e7fe0f4bdc7f830fef42266fcf1156112f0eb959046,11f4fe862570895441036964a9b308e92c2ee6ba8a87b5da9009ffd5208a4bda,2c6d6a597c6b1b321c4f632291c22dfe5788a058fe82fd65114a5a59d5d0be83,3a365f5dd3e9d410585a34695bb444d67b220c4b40a9348288a540078bc27f75
temporal,M1,False,2020-09-05,landsat-8,1086,71,4.303250502773418,4.644438678870247,-4.287024354697514,0.8958918685667159,True,3b188221263ad4673846ce5170fa622b5395e51a4aaa750114e1793d3986975b,55416c987a2d25f9177dd974307ae595761c1db31ecaa9d7561fb6c42d4d5e7c,00d1e59ce78baffbf9d24361ac8ba16a1d577b22cb193e15596627259190ed07,0c06b88fd09cd514745b699e6b6a7e12901db8d3247e42b582feaf1f7e91c04a,1eafe424a4c718d6a3b18cff938036f958858c70b344740788993b119bfbb04b,9c2f903993167fc2a228b3cfe60a23fe33f57f252bae6299458338cb8eb967ad,3f630dfcc8a1c2a19b093e7fe0f4bdc7f830fef42266fcf1156112f0eb959046,11f4fe862570895441036964a9b308e92c2ee6ba8a87b5da9009ffd5208a4bda,2c6d6a597c6b1b321c4f632291c22dfe5788a058fe82fd65114a5a59d5d0be83,3a365f5dd3e9d410585a34695bb444d67b220c4b40a9348288a540078bc27f75
temporal,M1,False,2020-09-21,landsat-8,1007,65,1.1421869117302081,1.3658042154428567,0.3277495053791565,0.6562283647445368,True,3b188221263ad4673846ce5170fa622b5395e51a4aaa750114e1793d3986975b,55416c987a2d25f9177dd974307ae595761c1db31ecaa9d7561fb6c42d4d5e7c,00d1e59ce78baffbf9d24361ac8ba16a1d577b22cb193e15596627259190ed07,0c06b88fd09cd514745b699e6b6a7e12901db8d3247e42b582feaf1f7e91c04a,1eafe424a4c718d6a3b18cff938036f958858c70b344740788993b119bfbb04b,9c2f903993167fc2a228b3cfe60a23fe33f57f252bae6299458338cb8eb967ad,3f630dfcc8a1c2a19b093e7fe0f4bdc7f830fef42266fcf1156112f0eb959046,11f4fe862570895441036964a9b308e92c2ee6ba8a87b5da9009ffd5208a4bda,2c6d6a597c6b1b321c4f632291c22dfe5788a058fe82fd65114a5a59d5d0be83,3a365f5dd3e9d410585a34695bb444d67b220c4b40a9348288a540078bc27f75
temporal,M1,False,2020-10-07,landsat-8,967,66,1.7595725242593803,2.099635130455696,1.5816909375942025,0.7262958443671974,True,3b188221263ad4673846ce5170fa622b5395e51a4aaa750114e1793d3986975b,55416c987a2d25f9177dd974307ae595761c1db31ecaa9d7561fb6c42d4d5e7c,00d1e59ce78baffbf9d24361ac8ba16a1d577b22cb193e15596627259190ed07,0c06b88fd09cd514745b699e6b6a7e12901db8d3247e42b582feaf1f7e91c04a,1eafe424a4c718d6a3b18cff938036f958858c70b344740788993b119bfbb04b,9c2f903993167fc2a228b3cfe60a23fe33f57f252bae6299458338cb8eb967ad,3f630dfcc8a1c2a19b093e7fe0f4bdc7f830fef42266fcf1156112f0eb959046,11f4fe862570895441036964a9b308e92c2ee6ba8a87b5da9009ffd5208a4bda,2c6d6a597c6b1b321c4f632291c22dfe5788a058fe82fd65114a5a59d5d0be83,3a365f5dd3e9d410585a34695bb444d67b220c4b40a9348288a540078bc27f75
temporal,M1,False,2021-05-03,landsat-8,1019,64,3.3650070119697975,4.017498829955813,-3.3468303756889872,0.42540288754239775,True,3b188221263ad4673846ce5170fa622b5395e51a4aaa750114e1793d3986975b,55416c987a2d25f9177dd974307ae595761c1db31ecaa9d7561fb6c42d4d5e7c,00d1e59ce78baffbf9d24361ac8ba16a1d577b22cb193e15596627259190ed07,0c06b88fd09cd514745b699e6b6a7e12901db8d3247e42b582feaf1f7e91c04a,1eafe424a4c718d6a3b18cff938036f958858c70b344740788993b119bfbb04b,9c2f903993167fc2a228b3cfe60a23fe33f57f252bae6299458338cb8eb967ad,3f630dfcc8a1c2a19b093e7fe0f4bdc7f830fef42266fcf1156112f0eb959046,11f4fe862570895441036964a9b308e92c2ee6ba8a87b5da9009ffd5208a4bda,2c6d6a597c6b1b321c4f632291c22dfe5788a058fe82fd65114a5a59d5d0be83,3a365f5dd3e9d410585a34695bb444d67b220c4b40a9348288a540078bc27f75
temporal,M1,False,2021-06-04,landsat-8,953,61,1.893461311033629,2.190887989225514,1.6854978486248022,0.7800867362509811,True,3b188221263ad4673846ce5170fa622b5395e51a4aaa750114e1793d3986975b,55416c987a2d25f9177dd974307ae595761c1db31ecaa9d7561fb6c42d4d5e7c,00d1e59ce78baffbf9d24361ac8ba16a1d577b22cb193e15596627259190ed07,0c06b88fd09cd514745b699e6b6a7e12901db8d3247e42b582feaf1f7e91c04a,1eafe424a4c718d6a3b18cff938036f958858c70b344740788993b119bfbb04b,9c2f903993167fc2a228b3cfe60a23fe33f57f252bae6299458338cb8eb967ad,3f630dfcc8a1c2a19b093e7fe0f4bdc7f830fef42266fcf1156112f0eb959046,11f4fe862570895441036964a9b308e92c2ee6ba8a87b5da9009ffd5208a4bda,2c6d6a597c6b1b321c4f632291c22dfe5788a058fe82fd65114a5a59d5d0be83,3a365f5dd3e9d410585a34695bb444d67b220c4b40a9348288a540078bc27f75
temporal,M1,False,2021-06-20,landsat-8,993,62,1.3796540817997627,1.7127743844458438,-0.1595789467210132,0.803645891330416,True,3b188221263ad4673846ce5170fa622b5395e51a4aaa750114e1793d3986975b,55416c987a2d25f9177dd974307ae595761c1db31ecaa9d7561fb6c42d4d5e7c,00d1e59ce78baffbf9d24361ac8ba16a1d577b22cb193e15596627259190ed07,0c06b88fd09cd514745b699e6b6a7e12901db8d3247e42b582feaf1f7e91c04a,1eafe424a4c718d6a3b18cff938036f958858c70b344740788993b119bfbb04b,9c2f903993167fc2a228b3cfe60a23fe33f57f252bae6299458338cb8eb967ad,3f630dfcc8a1c2a19b093e7fe0f4bdc7f830fef42266fcf1156112f0eb959046,11f4fe862570895441036964a9b308e92c2ee6ba8a87b5da9009ffd5208a4bda,2c6d6a597c6b1b321c4f632291c22dfe5788a058fe82fd65114a5a59d5d0be83,3a365f5dd3e9d410585a34695bb444d67b220c4b40a9348288a540078bc27f75
temporal,M1,False,2021-07-06,landsat-8,1068,66,1.0057563952655055,1.287458724837367,0.1926838283459495,0.8366354109673246,True,3b188221263ad4673846ce5170fa622b5395e51a4aaa750114e1793d3986975b,55416c987a2d25f9177dd974307ae595761c1db31ecaa9d7561fb6c42d4d5e7c,00d1e59ce78baffbf9d24361ac8ba16a1d577b22cb193e15596627259190ed07,0c06b88fd09cd514745b699e6b6a7e12901db8d3247e42b582feaf1f7e91c04a,1eafe424a4c718d6a3b18cff938036f958858c70b344740788993b119bfbb04b,9c2f903993167fc2a228b3cfe60a23fe33f57f252bae6299458338cb8eb967ad,3f630dfcc8a1c2a19b093e7fe0f4bdc7f830fef42266fcf1156112f0eb959046,11f4fe862570895441036964a9b308e92c2ee6ba8a87b5da9009ffd5208a4bda,2c6d6a597c6b1b321c4f632291c22dfe5788a058fe82fd65114a5a59d5d0be83,3a365f5dd3e9d410585a34695bb444d67b220c4b40a9348288a540078bc27f75
temporal,M1,False,2021-08-07,landsat-8,1064,69,0.9561902233346619,1.293614969418978,0.31457091457491315,0.8489628294552173,True,3b188221263ad4673846ce5170fa622b5395e51a4aaa750114e1793d3986975b,55416c987a2d25f9177dd974307ae595761c1db31ecaa9d7561fb6c42d4d5e7c,00d1e59ce78baffbf9d24361ac8ba16a1d577b22cb193e15596627259190ed07,0c06b88fd09cd514745b699e6b6a7e12901db8d3247e42b582feaf1f7e91c04a,1eafe424a4c718d6a3b18cff938036f958858c70b344740788993b119bfbb04b,9c2f903993167fc2a228b3cfe60a23fe33f57f252bae6299458338cb8eb967ad,3f630dfcc8a1c2a19b093e7fe0f4bdc7f830fef42266fcf1156112f0eb959046,11f4fe862570895441036964a9b308e92c2ee6ba8a87b5da9009ffd5208a4bda,2c6d6a597c6b1b321c4f632291c22dfe5788a058fe82fd65114a5a59d5d0be83,3a365f5dd3e9d410585a34695bb444d67b220c4b40a9348288a540078bc27f75
temporal,M1,False,2021-09-08,landsat-8,1020,65,3.184191210458626,3.3774139974468627,3.1814636526419404,0.8227631267233587,True,3b188221263ad4673846ce5170fa622b5395e51a4aaa750114e1793d3986975b,55416c987a2d25f9177dd974307ae595761c1db31ecaa9d7561fb6c42d4d5e7c,00d1e59ce78baffbf9d24361ac8ba16a1d577b22cb193e15596627259190ed07,0c06b88fd09cd514745b699e6b6a7e12901db8d3247e42b582feaf1f7e91c04a,1eafe424a4c718d6a3b18cff938036f958858c70b344740788993b119bfbb04b,9c2f903993167fc2a228b3cfe60a23fe33f57f252bae6299458338cb8eb967ad,3f630dfcc8a1c2a19b093e7fe0f4bdc7f830fef42266fcf1156112f0eb959046,11f4fe862570895441036964a9b308e92c2ee6ba8a87b5da9009ffd5208a4bda,2c6d6a597c6b1b321c4f632291c22dfe5788a058fe82fd65114a5a59d5d0be83,3a365f5dd3e9d410585a34695bb444d67b220c4b40a9348288a540078bc27f75
temporal,M1,False,2021-09-24,landsat-8,822,59,1.2808621920960355,1.5260494260715003,0.9483026627744688,0.6875473986926718,True,3b188221263ad4673846ce5170fa622b5395e51a4aaa750114e1793d3986975b,55416c987a2d25f9177dd974307ae595761c1db31ecaa9d7561fb6c42d4d5e7c,00d1e59ce78baffbf9d24361ac8ba16a1d577b22cb193e15596627259190ed07,0c06b88fd09cd514745b699e6b6a7e12901db8d3247e42b582feaf1f7e91c04a,1eafe424a4c718d6a3b18cff938036f958858c70b344740788993b119bfbb04b,9c2f903993167fc2a228b3cfe60a23fe33f57f252bae6299458338cb8eb967ad,3f630dfcc8a1c2a19b093e7fe0f4bdc7f830fef42266fcf1156112f0eb959046,11f4fe862570895441036964a9b308e92c2ee6ba8a87b5da9009ffd5208a4bda,2c6d6a597c6b1b321c4f632291c22dfe5788a058fe82fd65114a5a59d5d0be83,3a365f5dd3e9d410585a34695bb444d67b220c4b40a9348288a540078bc27f75
temporal,M1,False,2021-10-10,landsat-8,905,65,4.6254080208377175,4.723494130665519,-4.619526535881936,0.7701479039770908,True,3b188221263ad4673846ce5170fa622b5395e51a4aaa750114e1793d3986975b,55416c987a2d25f9177dd974307ae595761c1db31ecaa9d7561fb6c42d4d5e7c,00d1e59ce78baffbf9d24361ac8ba16a1d577b22cb193e15596627259190ed07,0c06b88fd09cd514745b699e6b6a7e12901db8d3247e42b582feaf1f7e91c04a,1eafe424a4c718d6a3b18cff938036f958858c70b344740788993b119bfbb04b,9c2f903993167fc2a228b3cfe60a23fe33f57f252bae6299458338cb8eb967ad,3f630dfcc8a1c2a19b093e7fe0f4bdc7f830fef42266fcf1156112f0eb959046,11f4fe862570895441036964a9b308e92c2ee6ba8a87b5da9009ffd5208a4bda,2c6d6a597c6b1b321c4f632291c22dfe5788a058fe82fd65114a5a59d5d0be83,3a365f5dd3e9d410585a34695bb444d67b220c4b40a9348288a540078bc27f75
temporal,M1,False,2021-10-26,landsat-8,1094,71,1.0455950782768564,1.4007157002274357,0.41027368000551295,0.6415288899306062,True,3b188221263ad4673846ce5170fa622b5395e51a4aaa750114e1793d3986975b,55416c987a2d25f9177dd974307ae595761c1db31ecaa9d7561fb6c42d4d5e7c,00d1e59ce78baffbf9d24361ac8ba16a1d577b22cb193e15596627259190ed07,0c06b88fd09cd514745b699e6b6a7e12901db8d3247e42b582feaf1f7e91c04a,1eafe424a4c718d6a3b18cff938036f958858c70b344740788993b119bfbb04b,9c2f903993167fc2a228b3cfe60a23fe33f57f252bae6299458338cb8eb967ad,3f630dfcc8a1c2a19b093e7fe0f4bdc7f830fef42266fcf1156112f0eb959046,11f4fe862570895441036964a9b308e92c2ee6ba8a87b5da9009ffd5208a4bda,2c6d6a597c6b1b321c4f632291c22dfe5788a058fe82fd65114a5a59d5d0be83,3a365f5dd3e9d410585a34695bb444d67b220c4b40a9348288a540078bc27f75
temporal,M1,False,2022-05-06,landsat-8,978,62,1.0565915690611776,1.3193747294309583,0.15767316074328067,0.867782208398538,True,3b188221263ad4673846ce5170fa622b5395e51a4aaa750114e1793d3986975b,55416c987a2d25f9177dd974307ae595761c1db31ecaa9d7561fb6c42d4d5e7c,00d1e59ce78baffbf9d24361ac8ba16a1d577b22cb193e15596627259190ed07,0c06b88fd09cd514745b699e6b6a7e12901db8d3247e42b582feaf1f7e91c04a,1eafe424a4c718d6a3b18cff938036f958858c70b344740788993b119bfbb04b,9c2f903993167fc2a228b3cfe60a23fe33f57f252bae6299458338cb8eb967ad,3f630dfcc8a1c2a19b093e7fe0f4bdc7f830fef42266fcf1156112f0eb959046,11f4fe862570895441036964a9b308e92c2ee6ba8a87b5da9009ffd5208a4bda,2c6d6a597c6b1b321c4f632291c22dfe5788a058fe82fd65114a5a59d5d0be83,3a365f5dd3e9d410585a34695bb444d67b220c4b40a9348288a540078bc27f75
temporal,M1,False,2022-05-14,landsat-9,989,69,2.5449217105404727,2.9849447847367485,-1.7117518880732447,0.627118513028024,True,3b188221263ad4673846ce5170fa622b5395e51a4aaa750114e1793d3986975b,55416c987a2d25f9177dd974307ae595761c1db31ecaa9d7561fb6c42d4d5e7c,00d1e59ce78baffbf9d24361ac8ba16a1d577b22cb193e15596627259190ed07,0c06b88fd09cd514745b699e6b6a7e12901db8d3247e42b582feaf1f7e91c04a,1eafe424a4c718d6a3b18cff938036f958858c70b344740788993b119bfbb04b,9c2f903993167fc2a228b3cfe60a23fe33f57f252bae6299458338cb8eb967ad,3f630dfcc8a1c2a19b093e7fe0f4bdc7f830fef42266fcf1156112f0eb959046,11f4fe862570895441036964a9b308e92c2ee6ba8a87b5da9009ffd5208a4bda,2c6d6a597c6b1b321c4f632291c22dfe5788a058fe82fd65114a5a59d5d0be83,3a365f5dd3e9d410585a34695bb444d67b220c4b40a9348288a540078bc27f75
temporal,M1,False,2022-05-22,landsat-8,818,58,1.8892223817605014,2.1194576774615994,0.07019684576535903,0.44909130798038516,True,3b188221263ad4673846ce5170fa622b5395e51a4aaa750114e1793d3986975b,55416c987a2d25f9177dd974307ae595761c1db31ecaa9d7561fb6c42d4d5e7c,00d1e59ce78baffbf9d24361ac8ba16a1d577b22cb193e15596627259190ed07,0c06b88fd09cd514745b699e6b6a7e12901db8d3247e42b582feaf1f7e91c04a,1eafe424a4c718d6a3b18cff938036f958858c70b344740788993b119bfbb04b,9c2f903993167fc2a228b3cfe60a23fe33f57f252bae6299458338cb8eb967ad,3f630dfcc8a1c2a19b093e7fe0f4bdc7f830fef42266fcf1156112f0eb959046,11f4fe862570895441036964a9b308e92c2ee6ba8a87b5da9009ffd5208a4bda,2c6d6a597c6b1b321c4f632291c22dfe5788a058fe82fd65114a5a59d5d0be83,3a365f5dd3e9d410585a34695bb444d67b220c4b40a9348288a540078bc27f75
temporal,M1,False,2022-05-30,landsat-9,1055,67,1.4219483924753418,1.7130988412383927,-0.8329296416721074,0.7922512625185237,True,3b188221263ad4673846ce5170fa622b5395e51a4aaa750114e1793d3986975b,55416c987a2d25f9177dd974307ae595761c1db31ecaa9d7561fb6c42d4d5e7c,00d1e59ce78baffbf9d24361ac8ba16a1d577b22cb193e15596627259190ed07,0c06b88fd09cd514745b699e6b6a7e12901db8d3247e42b582feaf1f7e91c04a,1eafe424a4c718d6a3b18cff938036f958858c70b344740788993b119bfbb04b,9c2f903993167fc2a228b3cfe60a23fe33f57f252bae6299458338cb8eb967ad,3f630dfcc8a1c2a19b093e7fe0f4bdc7f830fef42266fcf1156112f0eb959046,11f4fe862570895441036964a9b308e92c2ee6ba8a87b5da9009ffd5208a4bda,2c6d6a597c6b1b321c4f632291c22dfe5788a058fe82fd65114a5a59d5d0be83,3a365f5dd3e9d410585a34695bb444d67b220c4b40a9348288a540078bc27f75
temporal,M1,False,2022-06-07,landsat-8,967,61,1.0658026395768476,1.3505302106364332,0.005072484823735778,0.7935378926949642,True,3b188221263ad4673846ce5170fa622b5395e51a4aaa750114e1793d3986975b,55416c987a2d25f9177dd974307ae595761c1db31ecaa9d7561fb6c42d4d5e7c,00d1e59ce78baffbf9d24361ac8ba16a1d577b22cb193e15596627259190ed07,0c06b88fd09cd514745b699e6b6a7e12901db8d3247e42b582feaf1f7e91c04a,1eafe424a4c718d6a3b18cff938036f958858c70b344740788993b119bfbb04b,9c2f903993167fc2a228b3cfe60a23fe33f57f252bae6299458338cb8eb967ad,3f630dfcc8a1c2a19b093e7fe0f4bdc7f830fef42266fcf1156112f0eb959046,11f4fe862570895441036964a9b308e92c2ee6ba8a87b5da9009ffd5208a4bda,2c6d6a597c6b1b321c4f632291c22dfe5788a058fe82fd65114a5a59d5d0be83,3a365f5dd3e9d410585a34695bb444d67b220c4b40a9348288a540078bc27f75
temporal,M1,False,2022-06-15,landsat-9,1067,69,1.1548671863900861,1.5336845585630206,0.6481300839347115,0.8308617684611878,True,3b188221263ad4673846ce5170fa622b5395e51a4aaa750114e1793d3986975b,55416c987a2d25f9177dd974307ae595761c1db31ecaa9d7561fb6c42d4d5e7c,00d1e59ce78baffbf9d24361ac8ba16a1d577b22cb193e15596627259190ed07,0c06b88fd09cd514745b699e6b6a7e12901db8d3247e42b582feaf1f7e91c04a,1eafe424a4c718d6a3b18cff938036f958858c70b344740788993b119bfbb04b,9c2f903993167fc2a228b3cfe60a23fe33f57f252bae6299458338cb8eb967ad,3f630dfcc8a1c2a19b093e7fe0f4bdc7f830fef42266fcf1156112f0eb959046,11f4fe862570895441036964a9b308e92c2ee6ba8a87b5da9009ffd5208a4bda,2c6d6a597c6b1b321c4f632291c22dfe5788a058fe82fd65114a5a59d5d0be83,3a365f5dd3e9d410585a34695bb444d67b220c4b40a9348288a540078bc27f75
temporal,M1,False,2022-06-23,landsat-8,1059,69,1.626367090903782,2.010318345898363,0.10177791934287453,0.8617273901616317,True,3b188221263ad4673846ce5170fa622b5395e51a4aaa750114e1793d3986975b,55416c987a2d25f9177dd974307ae595761c1db31ecaa9d7561fb6c42d4d5e7c,00d1e59ce78baffbf9d24361ac8ba16a1d577b22cb193e15596627259190ed07,0c06b88fd09cd514745b699e6b6a7e12901db8d3247e42b582feaf1f7e91c04a,1eafe424a4c718d6a3b18cff938036f958858c70b344740788993b119bfbb04b,9c2f903993167fc2a228b3cfe60a23fe33f57f252bae6299458338cb8eb967ad,3f630dfcc8a1c2a19b093e7fe0f4bdc7f830fef42266fcf1156112f0eb959046,11f4fe862570895441036964a9b308e92c2ee6ba8a87b5da9009ffd5208a4bda,2c6d6a597c6b1b321c4f632291c22dfe5788a058fe82fd65114a5a59d5d0be83,3a365f5dd3e9d410585a34695bb444d67b220c4b40a9348288a540078bc27f75
temporal,M1,False,2022-07-01,landsat-9,1072,70,1.1219475355997464,1.4218802644747897,0.6028404733986169,0.807458940187256,True,3b188221263ad4673846ce5170fa622b5395e51a4aaa750114e1793d3986975b,55416c987a2d25f9177dd974307ae595761c1db31ecaa9d7561fb6c42d4d5e7c,00d1e59ce78baffbf9d24361ac8ba16a1d577b22cb193e15596627259190ed07,0c06b88fd09cd514745b699e6b6a7e12901db8d3247e42b582feaf1f7e91c04a,1eafe424a4c718d6a3b18cff938036f958858c70b344740788993b119bfbb04b,9c2f903993167fc2a228b3cfe60a23fe33f57f252bae6299458338cb8eb967ad,3f630dfcc8a1c2a19b093e7fe0f4bdc7f830fef42266fcf1156112f0eb959046,11f4fe862570895441036964a9b308e92c2ee6ba8a87b5da9009ffd5208a4bda,2c6d6a597c6b1b321c4f632291c22dfe5788a058fe82fd65114a5a59d5d0be83,3a365f5dd3e9d410585a34695bb444d67b220c4b40a9348288a540078bc27f75
temporal,M1,False,2022-07-09,landsat-8,1050,67,1.6205530384252171,2.0476175736887714,-0.4583884319227376,0.8628911698025014,True,3b188221263ad4673846ce5170fa622b5395e51a4aaa750114e1793d3986975b,55416c987a2d25f9177dd974307ae595761c1db31ecaa9d7561fb6c42d4d5e7c,00d1e59ce78baffbf9d24361ac8ba16a1d577b22cb193e15596627259190ed07,0c06b88fd09cd514745b699e6b6a7e12901db8d3247e42b582feaf1f7e91c04a,1eafe424a4c718d6a3b18cff938036f958858c70b344740788993b119bfbb04b,9c2f903993167fc2a228b3cfe60a23fe33f57f252bae6299458338cb8eb967ad,3f630dfcc8a1c2a19b093e7fe0f4bdc7f830fef42266fcf1156112f0eb959046,11f4fe862570895441036964a9b308e92c2ee6ba8a87b5da9009ffd5208a4bda,2c6d6a597c6b1b321c4f632291c22dfe5788a058fe82fd65114a5a59d5d0be83,3a365f5dd3e9d410585a34695bb444d67b220c4b40a9348288a540078bc27f75
temporal,M1,False,2022-07-17,landsat-9,1008,69,5.649787064639106,5.90442404395134,-5.647471282144574,0.7646679089700756,True,3b188221263ad4673846ce5170fa622b5395e51a4aaa750114e1793d3986975b,55416c987a2d25f9177dd974307ae595761c1db31ecaa9d7561fb6c42d4d5e7c,00d1e59ce78baffbf9d24361ac8ba16a1d577b22cb193e15596627259190ed07,0c06b88fd09cd514745b699e6b6a7e12901db8d3247e42b582feaf1f7e91c04a,1eafe424a4c718d6a3b18cff938036f958858c70b344740788993b119bfbb04b,9c2f903993167fc2a228b3cfe60a23fe33f57f252bae6299458338cb8eb967ad,3f630dfcc8a1c2a19b093e7fe0f4bdc7f830fef42266fcf1156112f0eb959046,11f4fe862570895441036964a9b308e92c2ee6ba8a87b5da9009ffd5208a4bda,2c6d6a597c6b1b321c4f632291c22dfe5788a058fe82fd65114a5a59d5d0be83,3a365f5dd3e9d410585a34695bb444d67b220c4b40a9348288a540078bc27f75
temporal,M1,False,2022-07-25,landsat-8,1054,68,0.9450351294368422,1.1919970797801103,0.018886376846157578,0.8602076177105223,True,3b188221263ad4673846ce5170fa622b5395e51a4aaa750114e1793d3986975b,55416c987a2d25f9177dd974307ae595761c1db31ecaa9d7561fb6c42d4d5e7c,00d1e59ce78baffbf9d24361ac8ba16a1d577b22cb193e15596627259190ed07,0c06b88fd09cd514745b699e6b6a7e12901db8d3247e42b582feaf1f7e91c04a,1eafe424a4c718d6a3b18cff938036f958858c70b344740788993b119bfbb04b,9c2f903993167fc2a228b3cfe60a23fe33f57f252bae6299458338cb8eb967ad,3f630dfcc8a1c2a19b093e7fe0f4bdc7f830fef42266fcf1156112f0eb959046,11f4fe862570895441036964a9b308e92c2ee6ba8a87b5da9009ffd5208a4bda,2c6d6a597c6b1b321c4f632291c22dfe5788a058fe82fd65114a5a59d5d0be83,3a365f5dd3e9d410585a34695bb444d67b220c4b40a9348288a540078bc27f75
temporal,M1,False,2022-08-02,landsat-9,1026,67,1.4242488782080793,1.7198512078008352,-0.003854071787671692,0.8942707540006974,True,3b188221263ad4673846ce5170fa622b5395e51a4aaa750114e1793d3986975b,55416c987a2d25f9177dd974307ae595761c1db31ecaa9d7561fb6c42d4d5e7c,00d1e59ce78baffbf9d24361ac8ba16a1d577b22cb193e15596627259190ed07,0c06b88fd09cd514745b699e6b6a7e12901db8d3247e42b582feaf1f7e91c04a,1eafe424a4c718d6a3b18cff938036f958858c70b344740788993b119bfbb04b,9c2f903993167fc2a228b3cfe60a23fe33f57f252bae6299458338cb8eb967ad,3f630dfcc8a1c2a19b093e7fe0f4bdc7f830fef42266fcf1156112f0eb959046,11f4fe862570895441036964a9b308e92c2ee6ba8a87b5da9009ffd5208a4bda,2c6d6a597c6b1b321c4f632291c22dfe5788a058fe82fd65114a5a59d5d0be83,3a365f5dd3e9d410585a34695bb444d67b220c4b40a9348288a540078bc27f75
temporal,M1,False,2022-08-18,landsat-9,1034,66,1.8266178972403821,2.142617880641165,-1.166936464876155,0.9312890416124598,True,3b188221263ad4673846ce5170fa622b5395e51a4aaa750114e1793d3986975b,55416c987a2d25f9177dd974307ae595761c1db31ecaa9d7561fb6c42d4d5e7c,00d1e59ce78baffbf9d24361ac8ba16a1d577b22cb193e15596627259190ed07,0c06b88fd09cd514745b699e6b6a7e12901db8d3247e42b582feaf1f7e91c04a,1eafe424a4c718d6a3b18cff938036f958858c70b344740788993b119bfbb04b,9c2f903993167fc2a228b3cfe60a23fe33f57f252bae6299458338cb8eb967ad,3f630dfcc8a1c2a19b093e7fe0f4bdc7f830fef42266fcf1156112f0eb959046,11f4fe862570895441036964a9b308e92c2ee6ba8a87b5da9009ffd5208a4bda,2c6d6a597c6b1b321c4f632291c22dfe5788a058fe82fd65114a5a59d5d0be83,3a365f5dd3e9d410585a34695bb444d67b220c4b40a9348288a540078bc27f75
temporal,M1,False,2022-08-26,landsat-8,1058,69,2.1078841812252387,2.5179718116187986,-1.7344855971144573,0.8463575451799773,True,3b188221263ad4673846ce5170fa622b5395e51a4aaa750114e1793d3986975b,55416c987a2d25f9177dd974307ae595761c1db31ecaa9d7561fb6c42d4d5e7c,00d1e59ce78baffbf9d24361ac8ba16a1d577b22cb193e15596627259190ed07,0c06b88fd09cd514745b699e6b6a7e12901db8d3247e42b582feaf1f7e91c04a,1eafe424a4c718d6a3b18cff938036f958858c70b344740788993b119bfbb04b,9c2f903993167fc2a228b3cfe60a23fe33f57f252bae6299458338cb8eb967ad,3f630dfcc8a1c2a19b093e7fe0f4bdc7f830fef42266fcf1156112f0eb959046,11f4fe862570895441036964a9b308e92c2ee6ba8a87b5da9009ffd5208a4bda,2c6d6a597c6b1b321c4f632291c22dfe5788a058fe82fd65114a5a59d5d0be83,3a365f5dd3e9d410585a34695bb444d67b220c4b40a9348288a540078bc27f75
temporal,M1,False,2022-09-03,landsat-9,1085,71,4.926968825274488,5.160609508794445,-4.921318562716539,0.8061064227015017,True,3b188221263ad4673846ce5170fa622b5395e51a4aaa750114e1793d3986975b,55416c987a2d25f9177dd974307ae595761c1db31ecaa9d7561fb6c42d4d5e7c,00d1e59ce78baffbf9d24361ac8ba16a1d577b22cb193e15596627259190ed07,0c06b88fd09cd514745b699e6b6a7e12901db8d3247e42b582feaf1f7e91c04a,1eafe424a4c718d6a3b18cff938036f958858c70b344740788993b119bfbb04b,9c2f903993167fc2a228b3cfe60a23fe33f57f252bae6299458338cb8eb967ad,3f630dfcc8a1c2a19b093e7fe0f4bdc7f830fef42266fcf1156112f0eb959046,11f4fe862570895441036964a9b308e92c2ee6ba8a87b5da9009ffd5208a4bda,2c6d6a597c6b1b321c4f632291c22dfe5788a058fe82fd65114a5a59d5d0be83,3a365f5dd3e9d410585a34695bb444d67b220c4b40a9348288a540078bc27f75
temporal,M1,False,2022-09-27,landsat-8,1081,71,2.2425567996449773,2.6288261767763115,-2.147910909457546,0.8254657953304945,True,3b188221263ad4673846ce5170fa622b5395e51a4aaa750114e1793d3986975b,55416c987a2d25f9177dd974307ae595761c1db31ecaa9d7561fb6c42d4d5e7c,00d1e59ce78baffbf9d24361ac8ba16a1d577b22cb193e15596627259190ed07,0c06b88fd09cd514745b699e6b6a7e12901db8d3247e42b582feaf1f7e91c04a,1eafe424a4c718d6a3b18cff938036f958858c70b344740788993b119bfbb04b,9c2f903993167fc2a228b3cfe60a23fe33f57f252bae6299458338cb8eb967ad,3f630dfcc8a1c2a19b093e7fe0f4bdc7f830fef42266fcf1156112f0eb959046,11f4fe862570895441036964a9b308e92c2ee6ba8a87b5da9009ffd5208a4bda,2c6d6a597c6b1b321c4f632291c22dfe5788a058fe82fd65114a5a59d5d0be83,3a365f5dd3e9d410585a34695bb444d67b220c4b40a9348288a540078bc27f75
temporal,M1,False,2022-10-05,landsat-9,921,59,0.9678799648906109,1.2343541806570872,0.6972750613782734,0.8278749269714819,True,3b188221263ad4673846ce5170fa622b5395e51a4aaa750114e1793d3986975b,55416c987a2d25f9177dd974307ae595761c1db31ecaa9d7561fb6c42d4d5e7c,00d1e59ce78baffbf9d24361ac8ba16a1d577b22cb193e15596627259190ed07,0c06b88fd09cd514745b699e6b6a7e12901db8d3247e42b582feaf1f7e91c04a,1eafe424a4c718d6a3b18cff938036f958858c70b344740788993b119bfbb04b,9c2f903993167fc2a228b3cfe60a23fe33f57f252bae6299458338cb8eb967ad,3f630dfcc8a1c2a19b093e7fe0f4bdc7f830fef42266fcf1156112f0eb959046,11f4fe862570895441036964a9b308e92c2ee6ba8a87b5da9009ffd5208a4bda,2c6d6a597c6b1b321c4f632291c22dfe5788a058fe82fd65114a5a59d5d0be83,3a365f5dd3e9d410585a34695bb444d67b220c4b40a9348288a540078bc27f75
temporal,M1,False,2022-10-21,landsat-9,701,63,3.7413225117238698,3.887611144431457,3.740647304122904,0.7462289665143317,True,3b188221263ad4673846ce5170fa622b5395e51a4aaa750114e1793d3986975b,55416c987a2d25f9177dd974307ae595761c1db31ecaa9d7561fb6c42d4d5e7c,00d1e59ce78baffbf9d24361ac8ba16a1d577b22cb193e15596627259190ed07,0c06b88fd09cd514745b699e6b6a7e12901db8d3247e42b582feaf1f7e91c04a,1eafe424a4c718d6a3b18cff938036f958858c70b344740788993b119bfbb04b,9c2f903993167fc2a228b3cfe60a23fe33f57f252bae6299458338cb8eb967ad,3f630dfcc8a1c2a19b093e7fe0f4bdc7f830fef42266fcf1156112f0eb959046,11f4fe862570895441036964a9b308e92c2ee6ba8a87b5da9009ffd5208a4bda,2c6d6a597c6b1b321c4f632291c22dfe5788a058fe82fd65114a5a59d5d0be83,3a365f5dd3e9d410585a34695bb444d67b220c4b40a9348288a540078bc27f75
temporal,M1,False,2022-10-29,landsat-8,969,67,1.780876073073829,1.9894410341160471,1.708994872774977,0.6625977274436651,True,3b188221263ad4673846ce5170fa622b5395e51a4aaa750114e1793d3986975b,55416c987a2d25f9177dd974307ae595761c1db31ecaa9d7561fb6c42d4d5e7c,00d1e59ce78baffbf9d24361ac8ba16a1d577b22cb193e15596627259190ed07,0c06b88fd09cd514745b699e6b6a7e12901db8d3247e42b582feaf1f7e91c04a,1eafe424a4c718d6a3b18cff938036f958858c70b344740788993b119bfbb04b,9c2f903993167fc2a228b3cfe60a23fe33f57f252bae6299458338cb8eb967ad,3f630dfcc8a1c2a19b093e7fe0f4bdc7f830fef42266fcf1156112f0eb959046,11f4fe862570895441036964a9b308e92c2ee6ba8a87b5da9009ffd5208a4bda,2c6d6a597c6b1b321c4f632291c22dfe5788a058fe82fd65114a5a59d5d0be83,3a365f5dd3e9d410585a34695bb444d67b220c4b40a9348288a540078bc27f75
temporal,M1,False,2023-05-17,landsat-9,788,52,2.7802389716458853,2.9882353005179914,2.708110128477284,0.8137351852631296,True,3b188221263ad4673846ce5170fa622b5395e51a4aaa750114e1793d3986975b,55416c987a2d25f9177dd974307ae595761c1db31ecaa9d7561fb6c42d4d5e7c,00d1e59ce78baffbf9d24361ac8ba16a1d577b22cb193e15596627259190ed07,0c06b88fd09cd514745b699e6b6a7e12901db8d3247e42b582feaf1f7e91c04a,1eafe424a4c718d6a3b18cff938036f958858c70b344740788993b119bfbb04b,9c2f903993167fc2a228b3cfe60a23fe33f57f252bae6299458338cb8eb967ad,3f630dfcc8a1c2a19b093e7fe0f4bdc7f830fef42266fcf1156112f0eb959046,11f4fe862570895441036964a9b308e92c2ee6ba8a87b5da9009ffd5208a4bda,2c6d6a597c6b1b321c4f632291c22dfe5788a058fe82fd65114a5a59d5d0be83,3a365f5dd3e9d410585a34695bb444d67b220c4b40a9348288a540078bc27f75
temporal,M1,False,2023-06-26,landsat-8,1038,62,1.6331563509203129,2.018843865386665,-1.3349057375945703,0.7737437891596618,True,3b188221263ad4673846ce5170fa622b5395e51a4aaa750114e1793d3986975b,55416c987a2d25f9177dd974307ae595761c1db31ecaa9d7561fb6c42d4d5e7c,00d1e59ce78baffbf9d24361ac8ba16a1d577b22cb193e15596627259190ed07,0c06b88fd09cd514745b699e6b6a7e12901db8d3247e42b582feaf1f7e91c04a,1eafe424a4c718d6a3b18cff938036f958858c70b344740788993b119bfbb04b,9c2f903993167fc2a228b3cfe60a23fe33f57f252bae6299458338cb8eb967ad,3f630dfcc8a1c2a19b093e7fe0f4bdc7f830fef42266fcf1156112f0eb959046,11f4fe862570895441036964a9b308e92c2ee6ba8a87b5da9009ffd5208a4bda,2c6d6a597c6b1b321c4f632291c22dfe5788a058fe82fd65114a5a59d5d0be83,3a365f5dd3e9d410585a34695bb444d67b220c4b40a9348288a540078bc27f75
temporal,M1,False,2023-07-04,landsat-9,1059,66,3.497418611808988,4.115890837021338,3.4533003332734733,0.5755376703172833,True,3b188221263ad4673846ce5170fa622b5395e51a4aaa750114e1793d3986975b,55416c987a2d25f9177dd974307ae595761c1db31ecaa9d7561fb6c42d4d5e7c,00d1e59ce78baffbf9d24361ac8ba16a1d577b22cb193e15596627259190ed07,0c06b88fd09cd514745b699e6b6a7e12901db8d3247e42b582feaf1f7e91c04a,1eafe424a4c718d6a3b18cff938036f958858c70b344740788993b119bfbb04b,9c2f903993167fc2a228b3cfe60a23fe33f57f252bae6299458338cb8eb967ad,3f630dfcc8a1c2a19b093e7fe0f4bdc7f830fef42266fcf1156112f0eb959046,11f4fe862570895441036964a9b308e92c2ee6ba8a87b5da9009ffd5208a4bda,2c6d6a597c6b1b321c4f632291c22dfe5788a058fe82fd65114a5a59d5d0be83,3a365f5dd3e9d410585a34695bb444d67b220c4b40a9348288a540078bc27f75
temporal,M1,False,2023-07-12,landsat-8,1060,69,2.428527009911962,2.843376639613003,-2.370556668204833,0.8068158185254328,True,3b188221263ad4673846ce5170fa622b5395e51a4aaa750114e1793d3986975b,55416c987a2d25f9177dd974307ae595761c1db31ecaa9d7561fb6c42d4d5e7c,00d1e59ce78baffbf9d24361ac8ba16a1d577b22cb193e15596627259190ed07,0c06b88fd09cd514745b699e6b6a7e12901db8d3247e42b582feaf1f7e91c04a,1eafe424a4c718d6a3b18cff938036f958858c70b344740788993b119bfbb04b,9c2f903993167fc2a228b3cfe60a23fe33f57f252bae6299458338cb8eb967ad,3f630dfcc8a1c2a19b093e7fe0f4bdc7f830fef42266fcf1156112f0eb959046,11f4fe862570895441036964a9b308e92c2ee6ba8a87b5da9009ffd5208a4bda,2c6d6a597c6b1b321c4f632291c22dfe5788a058fe82fd65114a5a59d5d0be83,3a365f5dd3e9d410585a34695bb444d67b220c4b40a9348288a540078bc27f75
temporal,M1,False,2023-07-20,landsat-9,1072,69,1.3065444381569273,1.6777868373976879,0.10675958216704798,0.9079333595508906,True,3b188221263ad4673846ce5170fa622b5395e51a4aaa750114e1793d3986975b,55416c987a2d25f9177dd974307ae595761c1db31ecaa9d7561fb6c42d4d5e7c,00d1e59ce78baffbf9d24361ac8ba16a1d577b22cb193e15596627259190ed07,0c06b88fd09cd514745b699e6b6a7e12901db8d3247e42b582feaf1f7e91c04a,1eafe424a4c718d6a3b18cff938036f958858c70b344740788993b119bfbb04b,9c2f903993167fc2a228b3cfe60a23fe33f57f252bae6299458338cb8eb967ad,3f630dfcc8a1c2a19b093e7fe0f4bdc7f830fef42266fcf1156112f0eb959046,11f4fe862570895441036964a9b308e92c2ee6ba8a87b5da9009ffd5208a4bda,2c6d6a597c6b1b321c4f632291c22dfe5788a058fe82fd65114a5a59d5d0be83,3a365f5dd3e9d410585a34695bb444d67b220c4b40a9348288a540078bc27f75
temporal,M1,False,2023-07-28,landsat-8,983,66,2.8879954574164124,3.178924222783269,2.8686307255135692,0.8769599004117506,True,3b188221263ad4673846ce5170fa622b5395e51a4aaa750114e1793d3986975b,55416c987a2d25f9177dd974307ae595761c1db31ecaa9d7561fb6c42d4d5e7c,00d1e59ce78baffbf9d24361ac8ba16a1d577b22cb193e15596627259190ed07,0c06b88fd09cd514745b699e6b6a7e12901db8d3247e42b582feaf1f7e91c04a,1eafe424a4c718d6a3b18cff938036f958858c70b344740788993b119bfbb04b,9c2f903993167fc2a228b3cfe60a23fe33f57f252bae6299458338cb8eb967ad,3f630dfcc8a1c2a19b093e7fe0f4bdc7f830fef42266fcf1156112f0eb959046,11f4fe862570895441036964a9b308e92c2ee6ba8a87b5da9009ffd5208a4bda,2c6d6a597c6b1b321c4f632291c22dfe5788a058fe82fd65114a5a59d5d0be83,3a365f5dd3e9d410585a34695bb444d67b220c4b40a9348288a540078bc27f75
temporal,M1,False,2023-08-05,landsat-9,1076,69,2.2654554307102965,2.764035205244157,-1.901416874592708,0.7710276965501109,True,3b188221263ad4673846ce5170fa622b5395e51a4aaa750114e1793d3986975b,55416c987a2d25f9177dd974307ae595761c1db31ecaa9d7561fb6c42d4d5e7c,00d1e59ce78baffbf9d24361ac8ba16a1d577b22cb193e15596627259190ed07,0c06b88fd09cd514745b699e6b6a7e12901db8d3247e42b582feaf1f7e91c04a,1eafe424a4c718d6a3b18cff938036f958858c70b344740788993b119bfbb04b,9c2f903993167fc2a228b3cfe60a23fe33f57f252bae6299458338cb8eb967ad,3f630dfcc8a1c2a19b093e7fe0f4bdc7f830fef42266fcf1156112f0eb959046,11f4fe862570895441036964a9b308e92c2ee6ba8a87b5da9009ffd5208a4bda,2c6d6a597c6b1b321c4f632291c22dfe5788a058fe82fd65114a5a59d5d0be83,3a365f5dd3e9d410585a34695bb444d67b220c4b40a9348288a540078bc27f75
temporal,M1,False,2023-08-13,landsat-8,1063,68,0.7019434012228993,0.9360123717323117,0.019792156526399818,0.9144082029178352,True,3b188221263ad4673846ce5170fa622b5395e51a4aaa750114e1793d3986975b,55416c987a2d25f9177dd974307ae595761c1db31ecaa9d7561fb6c42d4d5e7c,00d1e59ce78baffbf9d24361ac8ba16a1d577b22cb193e15596627259190ed07,0c06b88fd09cd514745b699e6b6a7e12901db8d3247e42b582feaf1f7e91c04a,1eafe424a4c718d6a3b18cff938036f958858c70b344740788993b119bfbb04b,9c2f903993167fc2a228b3cfe60a23fe33f57f252bae6299458338cb8eb967ad,3f630dfcc8a1c2a19b093e7fe0f4bdc7f830fef42266fcf1156112f0eb959046,11f4fe862570895441036964a9b308e92c2ee6ba8a87b5da9009ffd5208a4bda,2c6d6a597c6b1b321c4f632291c22dfe5788a058fe82fd65114a5a59d5d0be83,3a365f5dd3e9d410585a34695bb444d67b220c4b40a9348288a540078bc27f75
temporal,M1,False,2023-08-29,landsat-8,1088,71,3.355179278885123,3.670898297588645,3.2799780390874096,0.832360503259375,True,3b188221263ad4673846ce5170fa622b5395e51a4aaa750114e1793d3986975b,55416c987a2d25f9177dd974307ae595761c1db31ecaa9d7561fb6c42d4d5e7c,00d1e59ce78baffbf9d24361ac8ba16a1d577b22cb193e15596627259190ed07,0c06b88fd09cd514745b699e6b6a7e12901db8d3247e42b582feaf1f7e91c04a,1eafe424a4c718d6a3b18cff938036f958858c70b344740788993b119bfbb04b,9c2f903993167fc2a228b3cfe60a23fe33f57f252bae6299458338cb8eb967ad,3f630dfcc8a1c2a19b093e7fe0f4bdc7f830fef42266fcf1156112f0eb959046,11f4fe862570895441036964a9b308e92c2ee6ba8a87b5da9009ffd5208a4bda,2c6d6a597c6b1b321c4f632291c22dfe5788a058fe82fd65114a5a59d5d0be83,3a365f5dd3e9d410585a34695bb444d67b220c4b40a9348288a540078bc27f75
temporal,M1,False,2023-09-14,landsat-8,634,53,1.1168926288359349,1.3861673429982697,0.6176161000810583,0.6780340200793679,True,3b188221263ad4673846ce5170fa622b5395e51a4aaa750114e1793d3986975b,55416c987a2d25f9177dd974307ae595761c1db31ecaa9d7561fb6c42d4d5e7c,00d1e59ce78baffbf9d24361ac8ba16a1d577b22cb193e15596627259190ed07,0c06b88fd09cd514745b699e6b6a7e12901db8d3247e42b582feaf1f7e91c04a,1eafe424a4c718d6a3b18cff938036f958858c70b344740788993b119bfbb04b,9c2f903993167fc2a228b3cfe60a23fe33f57f252bae6299458338cb8eb967ad,3f630dfcc8a1c2a19b093e7fe0f4bdc7f830fef42266fcf1156112f0eb959046,11f4fe862570895441036964a9b308e92c2ee6ba8a87b5da9009ffd5208a4bda,2c6d6a597c6b1b321c4f632291c22dfe5788a058fe82fd65114a5a59d5d0be83,3a365f5dd3e9d410585a34695bb444d67b220c4b40a9348288a540078bc27f75
temporal,M1,False,2023-09-22,landsat-9,707,54,1.4729580894950276,1.8605188205131011,-0.403162982098637,0.6968861172013043,True,3b188221263ad4673846ce5170fa622b5395e51a4aaa750114e1793d3986975b,55416c987a2d25f9177dd974307ae595761c1db31ecaa9d7561fb6c42d4d5e7c,00d1e59ce78baffbf9d24361ac8ba16a1d577b22cb193e15596627259190ed07,0c06b88fd09cd514745b699e6b6a7e12901db8d3247e42b582feaf1f7e91c04a,1eafe424a4c718d6a3b18cff938036f958858c70b344740788993b119bfbb04b,9c2f903993167fc2a228b3cfe60a23fe33f57f252bae6299458338cb8eb967ad,3f630dfcc8a1c2a19b093e7fe0f4bdc7f830fef42266fcf1156112f0eb959046,11f4fe862570895441036964a9b308e92c2ee6ba8a87b5da9009ffd5208a4bda,2c6d6a597c6b1b321c4f632291c22dfe5788a058fe82fd65114a5a59d5d0be83,3a365f5dd3e9d410585a34695bb444d67b220c4b40a9348288a540078bc27f75
temporal,M1,False,2023-10-08,landsat-9,952,61,1.6281378340147175,1.8749431448337088,1.5538760203873054,0.9183103540913026,True,3b188221263ad4673846ce5170fa622b5395e51a4aaa750114e1793d3986975b,55416c987a2d25f9177dd974307ae595761c1db31ecaa9d7561fb6c42d4d5e7c,00d1e59ce78baffbf9d24361ac8ba16a1d577b22cb193e15596627259190ed07,0c06b88fd09cd514745b699e6b6a7e12901db8d3247e42b582feaf1f7e91c04a,1eafe424a4c718d6a3b18cff938036f958858c70b344740788993b119bfbb04b,9c2f903993167fc2a228b3cfe60a23fe33f57f252bae6299458338cb8eb967ad,3f630dfcc8a1c2a19b093e7fe0f4bdc7f830fef42266fcf1156112f0eb959046,11f4fe862570895441036964a9b308e92c2ee6ba8a87b5da9009ffd5208a4bda,2c6d6a597c6b1b321c4f632291c22dfe5788a058fe82fd65114a5a59d5d0be83,3a365f5dd3e9d410585a34695bb444d67b220c4b40a9348288a540078bc27f75
temporal,M1,False,2023-10-16,landsat-8,936,62,1.742008668173596,2.007938161299589,1.6693736393748269,0.8406620770426583,True,3b188221263ad4673846ce5170fa622b5395e51a4aaa750114e1793d3986975b,55416c987a2d25f9177dd974307ae595761c1db31ecaa9d7561fb6c42d4d5e7c,00d1e59ce78baffbf9d24361ac8ba16a1d577b22cb193e15596627259190ed07,0c06b88fd09cd514745b699e6b6a7e12901db8d3247e42b582feaf1f7e91c04a,1eafe424a4c718d6a3b18cff938036f958858c70b344740788993b119bfbb04b,9c2f903993167fc2a228b3cfe60a23fe33f57f252bae6299458338cb8eb967ad,3f630dfcc8a1c2a19b093e7fe0f4bdc7f830fef42266fcf1156112f0eb959046,11f4fe862570895441036964a9b308e92c2ee6ba8a87b5da9009ffd5208a4bda,2c6d6a597c6b1b321c4f632291c22dfe5788a058fe82fd65114a5a59d5d0be83,3a365f5dd3e9d410585a34695bb444d67b220c4b40a9348288a540078bc27f75
temporal,M1,False,2023-10-24,landsat-9,699,51,0.9671776171046174,1.2747032533440221,-0.593890849949145,0.7967087435393686,True,3b188221263ad4673846ce5170fa622b5395e51a4aaa750114e1793d3986975b,55416c987a2d25f9177dd974307ae595761c1db31ecaa9d7561fb6c42d4d5e7c,00d1e59ce78baffbf9d24361ac8ba16a1d577b22cb193e15596627259190ed07,0c06b88fd09cd514745b699e6b6a7e12901db8d3247e42b582feaf1f7e91c04a,1eafe424a4c718d6a3b18cff938036f958858c70b344740788993b119bfbb04b,9c2f903993167fc2a228b3cfe60a23fe33f57f252bae6299458338cb8eb967ad,3f630dfcc8a1c2a19b093e7fe0f4bdc7f830fef42266fcf1156112f0eb959046,11f4fe862570895441036964a9b308e92c2ee6ba8a87b5da9009ffd5208a4bda,2c6d6a597c6b1b321c4f632291c22dfe5788a058fe82fd65114a5a59d5d0be83,3a365f5dd3e9d410585a34695bb444d67b220c4b40a9348288a540078bc27f75
temporal,M1,False,2024-05-11,landsat-8,861,55,1.2491127399408337,1.5860543052808915,0.3431106513970345,0.6677226389044527,True,3b188221263ad4673846ce5170fa622b5395e51a4aaa750114e1793d3986975b,55416c987a2d25f9177dd974307ae595761c1db31ecaa9d7561fb6c42d4d5e7c,00d1e59ce78baffbf9d24361ac8ba16a1d577b22cb193e15596627259190ed07,0c06b88fd09cd514745b699e6b6a7e12901db8d3247e42b582feaf1f7e91c04a,1eafe424a4c718d6a3b18cff938036f958858c70b344740788993b119bfbb04b,9c2f903993167fc2a228b3cfe60a23fe33f57f252bae6299458338cb8eb967ad,3f630dfcc8a1c2a19b093e7fe0f4bdc7f830fef42266fcf1156112f0eb959046,11f4fe862570895441036964a9b308e92c2ee6ba8a87b5da9009ffd5208a4bda,2c6d6a597c6b1b321c4f632291c22dfe5788a058fe82fd65114a5a59d5d0be83,3a365f5dd3e9d410585a34695bb444d67b220c4b40a9348288a540078bc27f75
temporal,M1,False,2024-05-27,landsat-8,680,46,1.4210611754999445,1.7322744252688953,0.9483197789150313,0.5472059545872132,True,3b188221263ad4673846ce5170fa622b5395e51a4aaa750114e1793d3986975b,55416c987a2d25f9177dd974307ae595761c1db31ecaa9d7561fb6c42d4d5e7c,00d1e59ce78baffbf9d24361ac8ba16a1d577b22cb193e15596627259190ed07,0c06b88fd09cd514745b699e6b6a7e12901db8d3247e42b582feaf1f7e91c04a,1eafe424a4c718d6a3b18cff938036f958858c70b344740788993b119bfbb04b,9c2f903993167fc2a228b3cfe60a23fe33f57f252bae6299458338cb8eb967ad,3f630dfcc8a1c2a19b093e7fe0f4bdc7f830fef42266fcf1156112f0eb959046,11f4fe862570895441036964a9b308e92c2ee6ba8a87b5da9009ffd5208a4bda,2c6d6a597c6b1b321c4f632291c22dfe5788a058fe82fd65114a5a59d5d0be83,3a365f5dd3e9d410585a34695bb444d67b220c4b40a9348288a540078bc27f75
temporal,M1,False,2024-06-20,landsat-9,1050,65,1.0438670659251277,1.2844524787852583,-0.705736728770926,0.867024804710865,True,3b188221263ad4673846ce5170fa622b5395e51a4aaa750114e1793d3986975b,55416c987a2d25f9177dd974307ae595761c1db31ecaa9d7561fb6c42d4d5e7c,00d1e59ce78baffbf9d24361ac8ba16a1d577b22cb193e15596627259190ed07,0c06b88fd09cd514745b699e6b6a7e12901db8d3247e42b582feaf1f7e91c04a,1eafe424a4c718d6a3b18cff938036f958858c70b344740788993b119bfbb04b,9c2f903993167fc2a228b3cfe60a23fe33f57f252bae6299458338cb8eb967ad,3f630dfcc8a1c2a19b093e7fe0f4bdc7f830fef42266fcf1156112f0eb959046,11f4fe862570895441036964a9b308e92c2ee6ba8a87b5da9009ffd5208a4bda,2c6d6a597c6b1b321c4f632291c22dfe5788a058fe82fd65114a5a59d5d0be83,3a365f5dd3e9d410585a34695bb444d67b220c4b40a9348288a540078bc27f75
temporal,M1,False,2024-06-28,landsat-8,1060,69,1.273764122764297,1.5749763383974247,-0.20763243130803663,0.7638772510873459,True,3b188221263ad4673846ce5170fa622b5395e51a4aaa750114e1793d3986975b,55416c987a2d25f9177dd974307ae595761c1db31ecaa9d7561fb6c42d4d5e7c,00d1e59ce78baffbf9d24361ac8ba16a1d577b22cb193e15596627259190ed07,0c06b88fd09cd514745b699e6b6a7e12901db8d3247e42b582feaf1f7e91c04a,1eafe424a4c718d6a3b18cff938036f958858c70b344740788993b119bfbb04b,9c2f903993167fc2a228b3cfe60a23fe33f57f252bae6299458338cb8eb967ad,3f630dfcc8a1c2a19b093e7fe0f4bdc7f830fef42266fcf1156112f0eb959046,11f4fe862570895441036964a9b308e92c2ee6ba8a87b5da9009ffd5208a4bda,2c6d6a597c6b1b321c4f632291c22dfe5788a058fe82fd65114a5a59d5d0be83,3a365f5dd3e9d410585a34695bb444d67b220c4b40a9348288a540078bc27f75
temporal,M1,False,2024-07-14,landsat-8,592,47,3.1025186518384604,3.4129667359507705,3.086292708310099,0.8407767930310693,True,3b188221263ad4673846ce5170fa622b5395e51a4aaa750114e1793d3986975b,55416c987a2d25f9177dd974307ae595761c1db31ecaa9d7561fb6c42d4d5e7c,00d1e59ce78baffbf9d24361ac8ba16a1d577b22cb193e15596627259190ed07,0c06b88fd09cd514745b699e6b6a7e12901db8d3247e42b582feaf1f7e91c04a,1eafe424a4c718d6a3b18cff938036f958858c70b344740788993b119bfbb04b,9c2f903993167fc2a228b3cfe60a23fe33f57f252bae6299458338cb8eb967ad,3f630dfcc8a1c2a19b093e7fe0f4bdc7f830fef42266fcf1156112f0eb959046,11f4fe862570895441036964a9b308e92c2ee6ba8a87b5da9009ffd5208a4bda,2c6d6a597c6b1b321c4f632291c22dfe5788a058fe82fd65114a5a59d5d0be83,3a365f5dd3e9d410585a34695bb444d67b220c4b40a9348288a540078bc27f75
temporal,M1,False,2024-07-22,landsat-9,976,67,1.6281981666125498,2.0569653403833112,-0.14417331879107215,0.8052499802455381,True,3b188221263ad4673846ce5170fa622b5395e51a4aaa750114e1793d3986975b,55416c987a2d25f9177dd974307ae595761c1db31ecaa9d7561fb6c42d4d5e7c,00d1e59ce78baffbf9d24361ac8ba16a1d577b22cb193e15596627259190ed07,0c06b88fd09cd514745b699e6b6a7e12901db8d3247e42b582feaf1f7e91c04a,1eafe424a4c718d6a3b18cff938036f958858c70b344740788993b119bfbb04b,9c2f903993167fc2a228b3cfe60a23fe33f57f252bae6299458338cb8eb967ad,3f630dfcc8a1c2a19b093e7fe0f4bdc7f830fef42266fcf1156112f0eb959046,11f4fe862570895441036964a9b308e92c2ee6ba8a87b5da9009ffd5208a4bda,2c6d6a597c6b1b321c4f632291c22dfe5788a058fe82fd65114a5a59d5d0be83,3a365f5dd3e9d410585a34695bb444d67b220c4b40a9348288a540078bc27f75
temporal,M1,False,2024-07-30,landsat-8,1064,69,1.3900409545076011,1.748522275774644,0.950442167778131,0.8949558938652892,True,3b188221263ad4673846ce5170fa622b5395e51a4aaa750114e1793d3986975b,55416c987a2d25f9177dd974307ae595761c1db31ecaa9d7561fb6c42d4d5e7c,00d1e59ce78baffbf9d24361ac8ba16a1d577b22cb193e15596627259190ed07,0c06b88fd09cd514745b699e6b6a7e12901db8d3247e42b582feaf1f7e91c04a,1eafe424a4c718d6a3b18cff938036f958858c70b344740788993b119bfbb04b,9c2f903993167fc2a228b3cfe60a23fe33f57f252bae6299458338cb8eb967ad,3f630dfcc8a1c2a19b093e7fe0f4bdc7f830fef42266fcf1156112f0eb959046,11f4fe862570895441036964a9b308e92c2ee6ba8a87b5da9009ffd5208a4bda,2c6d6a597c6b1b321c4f632291c22dfe5788a058fe82fd65114a5a59d5d0be83,3a365f5dd3e9d410585a34695bb444d67b220c4b40a9348288a540078bc27f75
temporal,M1,False,2024-08-07,landsat-9,849,67,3.5401441766712023,3.966124324629633,3.5392202667593,0.8162791746992709,True,3b188221263ad4673846ce5170fa622b5395e51a4aaa750114e1793d3986975b,55416c987a2d25f9177dd974307ae595761c1db31ecaa9d7561fb6c42d4d5e7c,00d1e59ce78baffbf9d24361ac8ba16a1d577b22cb193e15596627259190ed07,0c06b88fd09cd514745b699e6b6a7e12901db8d3247e42b582feaf1f7e91c04a,1eafe424a4c718d6a3b18cff938036f958858c70b344740788993b119bfbb04b,9c2f903993167fc2a228b3cfe60a23fe33f57f252bae6299458338cb8eb967ad,3f630dfcc8a1c2a19b093e7fe0f4bdc7f830fef42266fcf1156112f0eb959046,11f4fe862570895441036964a9b308e92c2ee6ba8a87b5da9009ffd5208a4bda,2c6d6a597c6b1b321c4f632291c22dfe5788a058fe82fd65114a5a59d5d0be83,3a365f5dd3e9d410585a34695bb444d67b220c4b40a9348288a540078bc27f75
temporal,M1,False,2024-08-15,landsat-8,1083,71,1.51760024818752,1.8377236695461043,1.0724655111902437,0.8745973193343058,True,3b188221263ad4673846ce5170fa622b5395e51a4aaa750114e1793d3986975b,55416c987a2d25f9177dd974307ae595761c1db31ecaa9d7561fb6c42d4d5e7c,00d1e59ce78baffbf9d24361ac8ba16a1d577b22cb193e15596627259190ed07,0c06b88fd09cd514745b699e6b6a7e12901db8d3247e42b582feaf1f7e91c04a,1eafe424a4c718d6a3b18cff938036f958858c70b344740788993b119bfbb04b,9c2f903993167fc2a228b3cfe60a23fe33f57f252bae6299458338cb8eb967ad,3f630dfcc8a1c2a19b093e7fe0f4bdc7f830fef42266fcf1156112f0eb959046,11f4fe862570895441036964a9b308e92c2ee6ba8a87b5da9009ffd5208a4bda,2c6d6a597c6b1b321c4f632291c22dfe5788a058fe82fd65114a5a59d5d0be83,3a365f5dd3e9d410585a34695bb444d67b220c4b40a9348288a540078bc27f75
temporal,M1,False,2024-08-23,landsat-9,1041,70,1.5730368169892033,1.864396281474816,1.2200868707223378,0.6867888197654878,True,3b188221263ad4673846ce5170fa622b5395e51a4aaa750114e1793d3986975b,55416c987a2d25f9177dd974307ae595761c1db31ecaa9d7561fb6c42d4d5e7c,00d1e59ce78baffbf9d24361ac8ba16a1d577b22cb193e15596627259190ed07,0c06b88fd09cd514745b699e6b6a7e12901db8d3247e42b582feaf1f7e91c04a,1eafe424a4c718d6a3b18cff938036f958858c70b344740788993b119bfbb04b,9c2f903993167fc2a228b3cfe60a23fe33f57f252bae6299458338cb8eb967ad,3f630dfcc8a1c2a19b093e7fe0f4bdc7f830fef42266fcf1156112f0eb959046,11f4fe862570895441036964a9b308e92c2ee6ba8a87b5da9009ffd5208a4bda,2c6d6a597c6b1b321c4f632291c22dfe5788a058fe82fd65114a5a59d5d0be83,3a365f5dd3e9d410585a34695bb444d67b220c4b40a9348288a540078bc27f75
temporal,M1,False,2024-08-31,landsat-8,1048,66,1.017089537247983,1.2879756353923142,-0.05980643732340007,0.8487581950067073,True,3b188221263ad4673846ce5170fa622b5395e51a4aaa750114e1793d3986975b,55416c987a2d25f9177dd974307ae595761c1db31ecaa9d7561fb6c42d4d5e7c,00d1e59ce78baffbf9d24361ac8ba16a1d577b22cb193e15596627259190ed07,0c06b88fd09cd514745b699e6b6a7e12901db8d3247e42b582feaf1f7e91c04a,1eafe424a4c718d6a3b18cff938036f958858c70b344740788993b119bfbb04b,9c2f903993167fc2a228b3cfe60a23fe33f57f252bae6299458338cb8eb967ad,3f630dfcc8a1c2a19b093e7fe0f4bdc7f830fef42266fcf1156112f0eb959046,11f4fe862570895441036964a9b308e92c2ee6ba8a87b5da9009ffd5208a4bda,2c6d6a597c6b1b321c4f632291c22dfe5788a058fe82fd65114a5a59d5d0be83,3a365f5dd3e9d410585a34695bb444d67b220c4b40a9348288a540078bc27f75
temporal,M1,False,2024-09-08,landsat-9,1087,71,4.629527454249781,4.921866645157142,-4.629527454249781,0.7395970466640784,True,3b188221263ad4673846ce5170fa622b5395e51a4aaa750114e1793d3986975b,55416c987a2d25f9177dd974307ae595761c1db31ecaa9d7561fb6c42d4d5e7c,00d1e59ce78baffbf9d24361ac8ba16a1d577b22cb193e15596627259190ed07,0c06b88fd09cd514745b699e6b6a7e12901db8d3247e42b582feaf1f7e91c04a,1eafe424a4c718d6a3b18cff938036f958858c70b344740788993b119bfbb04b,9c2f903993167fc2a228b3cfe60a23fe33f57f252bae6299458338cb8eb967ad,3f630dfcc8a1c2a19b093e7fe0f4bdc7f830fef42266fcf1156112f0eb959046,11f4fe862570895441036964a9b308e92c2ee6ba8a87b5da9009ffd5208a4bda,2c6d6a597c6b1b321c4f632291c22dfe5788a058fe82fd65114a5a59d5d0be83,3a365f5dd3e9d410585a34695bb444d67b220c4b40a9348288a540078bc27f75
temporal,M1,False,2024-09-24,landsat-9,641,50,4.974707030476386,5.279960008388473,4.910263136149769,0.892509341901404,True,3b188221263ad4673846ce5170fa622b5395e51a4aaa750114e1793d3986975b,55416c987a2d25f9177dd974307ae595761c1db31ecaa9d7561fb6c42d4d5e7c,00d1e59ce78baffbf9d24361ac8ba16a1d577b22cb193e15596627259190ed07,0c06b88fd09cd514745b699e6b6a7e12901db8d3247e42b582feaf1f7e91c04a,1eafe424a4c718d6a3b18cff938036f958858c70b344740788993b119bfbb04b,9c2f903993167fc2a228b3cfe60a23fe33f57f252bae6299458338cb8eb967ad,3f630dfcc8a1c2a19b093e7fe0f4bdc7f830fef42266fcf1156112f0eb959046,11f4fe862570895441036964a9b308e92c2ee6ba8a87b5da9009ffd5208a4bda,2c6d6a597c6b1b321c4f632291c22dfe5788a058fe82fd65114a5a59d5d0be83,3a365f5dd3e9d410585a34695bb444d67b220c4b40a9348288a540078bc27f75
temporal,M1,False,2024-10-02,landsat-8,1001,63,1.5615344266426827,2.0055104886425528,0.832306266592525,0.9250946582184554,True,3b188221263ad4673846ce5170fa622b5395e51a4aaa750114e1793d3986975b,55416c987a2d25f9177dd974307ae595761c1db31ecaa9d7561fb6c42d4d5e7c,00d1e59ce78baffbf9d24361ac8ba16a1d577b22cb193e15596627259190ed07,0c06b88fd09cd514745b699e6b6a7e12901db8d3247e42b582feaf1f7e91c04a,1eafe424a4c718d6a3b18cff938036f958858c70b344740788993b119bfbb04b,9c2f903993167fc2a228b3cfe60a23fe33f57f252bae6299458338cb8eb967ad,3f630dfcc8a1c2a19b093e7fe0f4bdc7f830fef42266fcf1156112f0eb959046,11f4fe862570895441036964a9b308e92c2ee6ba8a87b5da9009ffd5208a4bda,2c6d6a597c6b1b321c4f632291c22dfe5788a058fe82fd65114a5a59d5d0be83,3a365f5dd3e9d410585a34695bb444d67b220c4b40a9348288a540078bc27f75
temporal,M1,False,2024-10-10,landsat-9,870,58,0.9302532384768308,1.1221110999053874,0.28080575173857025,0.8461146627954521,True,3b188221263ad4673846ce5170fa622b5395e51a4aaa750114e1793d3986975b,55416c987a2d25f9177dd974307ae595761c1db31ecaa9d7561fb6c42d4d5e7c,00d1e59ce78baffbf9d24361ac8ba16a1d577b22cb193e15596627259190ed07,0c06b88fd09cd514745b699e6b6a7e12901db8d3247e42b582feaf1f7e91c04a,1eafe424a4c718d6a3b18cff938036f958858c70b344740788993b119bfbb04b,9c2f903993167fc2a228b3cfe60a23fe33f57f252bae6299458338cb8eb967ad,3f630dfcc8a1c2a19b093e7fe0f4bdc7f830fef42266fcf1156112f0eb959046,11f4fe862570895441036964a9b308e92c2ee6ba8a87b5da9009ffd5208a4bda,2c6d6a597c6b1b321c4f632291c22dfe5788a058fe82fd65114a5a59d5d0be83,3a365f5dd3e9d410585a34695bb444d67b220c4b40a9348288a540078bc27f75
temporal,M1,False,2024-10-18,landsat-8,1091,71,1.9915729103918092,2.3777993575823535,-0.4195006035845658,0.35173874315370157,True,3b188221263ad4673846ce5170fa622b5395e51a4aaa750114e1793d3986975b,55416c987a2d25f9177dd974307ae595761c1db31ecaa9d7561fb6c42d4d5e7c,00d1e59ce78baffbf9d24361ac8ba16a1d577b22cb193e15596627259190ed07,0c06b88fd09cd514745b699e6b6a7e12901db8d3247e42b582feaf1f7e91c04a,1eafe424a4c718d6a3b18cff938036f958858c70b344740788993b119bfbb04b,9c2f903993167fc2a228b3cfe60a23fe33f57f252bae6299458338cb8eb967ad,3f630dfcc8a1c2a19b093e7fe0f4bdc7f830fef42266fcf1156112f0eb959046,11f4fe862570895441036964a9b308e92c2ee6ba8a87b5da9009ffd5208a4bda,2c6d6a597c6b1b321c4f632291c22dfe5788a058fe82fd65114a5a59d5d0be83,3a365f5dd3e9d410585a34695bb444d67b220c4b40a9348288a540078bc27f75
temporal,M2,False,2020-05-16,landsat-8,1061,69,4.287941017496925,4.585572443959295,-4.233301940067,0.752329490687685,True,3b188221263ad4673846ce5170fa622b5395e51a4aaa750114e1793d3986975b,55416c987a2d25f9177dd974307ae595761c1db31ecaa9d7561fb6c42d4d5e7c,00d1e59ce78baffbf9d24361ac8ba16a1d577b22cb193e15596627259190ed07,0c06b88fd09cd514745b699e6b6a7e12901db8d3247e42b582feaf1f7e91c04a,1eafe424a4c718d6a3b18cff938036f958858c70b344740788993b119bfbb04b,9c2f903993167fc2a228b3cfe60a23fe33f57f252bae6299458338cb8eb967ad,3f630dfcc8a1c2a19b093e7fe0f4bdc7f830fef42266fcf1156112f0eb959046,11f4fe862570895441036964a9b308e92c2ee6ba8a87b5da9009ffd5208a4bda,2c6d6a597c6b1b321c4f632291c22dfe5788a058fe82fd65114a5a59d5d0be83,3a365f5dd3e9d410585a34695bb444d67b220c4b40a9348288a540078bc27f75
temporal,M2,False,2020-07-03,landsat-8,1073,70,1.305443885321262,1.665902889369739,-1.0183867730123781,0.8586119805613485,True,3b188221263ad4673846ce5170fa622b5395e51a4aaa750114e1793d3986975b,55416c987a2d25f9177dd974307ae595761c1db31ecaa9d7561fb6c42d4d5e7c,00d1e59ce78baffbf9d24361ac8ba16a1d577b22cb193e15596627259190ed07,0c06b88fd09cd514745b699e6b6a7e12901db8d3247e42b582feaf1f7e91c04a,1eafe424a4c718d6a3b18cff938036f958858c70b344740788993b119bfbb04b,9c2f903993167fc2a228b3cfe60a23fe33f57f252bae6299458338cb8eb967ad,3f630dfcc8a1c2a19b093e7fe0f4bdc7f830fef42266fcf1156112f0eb959046,11f4fe862570895441036964a9b308e92c2ee6ba8a87b5da9009ffd5208a4bda,2c6d6a597c6b1b321c4f632291c22dfe5788a058fe82fd65114a5a59d5d0be83,3a365f5dd3e9d410585a34695bb444d67b220c4b40a9348288a540078bc27f75
temporal,M2,False,2020-07-19,landsat-8,1050,68,0.8972758575972499,1.1425688515583865,-0.18921295050401113,0.9452009744743265,True,3b188221263ad4673846ce5170fa622b5395e51a4aaa750114e1793d3986975b,55416c987a2d25f9177dd974307ae595761c1db31ecaa9d7561fb6c42d4d5e7c,00d1e59ce78baffbf9d24361ac8ba16a1d577b22cb193e15596627259190ed07,0c06b88fd09cd514745b699e6b6a7e12901db8d3247e42b582feaf1f7e91c04a,1eafe424a4c718d6a3b18cff938036f958858c70b344740788993b119bfbb04b,9c2f903993167fc2a228b3cfe60a23fe33f57f252bae6299458338cb8eb967ad,3f630dfcc8a1c2a19b093e7fe0f4bdc7f830fef42266fcf1156112f0eb959046,11f4fe862570895441036964a9b308e92c2ee6ba8a87b5da9009ffd5208a4bda,2c6d6a597c6b1b321c4f632291c22dfe5788a058fe82fd65114a5a59d5d0be83,3a365f5dd3e9d410585a34695bb444d67b220c4b40a9348288a540078bc27f75
temporal,M2,False,2020-08-20,landsat-8,1080,71,1.57619335866942,1.7845417055385902,0.8870389095007842,0.8415797072749819,True,3b188221263ad4673846ce5170fa622b5395e51a4aaa750114e1793d3986975b,55416c987a2d25f9177dd974307ae595761c1db31ecaa9d7561fb6c42d4d5e7c,00d1e59ce78baffbf9d24361ac8ba16a1d577b22cb193e15596627259190ed07,0c06b88fd09cd514745b699e6b6a7e12901db8d3247e42b582feaf1f7e91c04a,1eafe424a4c718d6a3b18cff938036f958858c70b344740788993b119bfbb04b,9c2f903993167fc2a228b3cfe60a23fe33f57f252bae6299458338cb8eb967ad,3f630dfcc8a1c2a19b093e7fe0f4bdc7f830fef42266fcf1156112f0eb959046,11f4fe862570895441036964a9b308e92c2ee6ba8a87b5da9009ffd5208a4bda,2c6d6a597c6b1b321c4f632291c22dfe5788a058fe82fd65114a5a59d5d0be83,3a365f5dd3e9d410585a34695bb444d67b220c4b40a9348288a540078bc27f75
temporal,M2,False,2020-09-05,landsat-8,1086,71,5.713972676817768,5.978739220461104,-5.706335431671,0.8969369406913176,True,3b188221263ad4673846ce5170fa622b5395e51a4aaa750114e1793d3986975b,55416c987a2d25f9177dd974307ae595761c1db31ecaa9d7561fb6c42d4d5e7c,00d1e59ce78baffbf9d24361ac8ba16a1d577b22cb193e15596627259190ed07,0c06b88fd09cd514745b699e6b6a7e12901db8d3247e42b582feaf1f7e91c04a,1eafe424a4c718d6a3b18cff938036f958858c70b344740788993b119bfbb04b,9c2f903993167fc2a228b3cfe60a23fe33f57f252bae6299458338cb8eb967ad,3f630dfcc8a1c2a19b093e7fe0f4bdc7f830fef42266fcf1156112f0eb959046,11f4fe862570895441036964a9b308e92c2ee6ba8a87b5da9009ffd5208a4bda,2c6d6a597c6b1b321c4f632291c22dfe5788a058fe82fd65114a5a59d5d0be83,3a365f5dd3e9d410585a34695bb444d67b220c4b40a9348288a540078bc27f75
temporal,M2,False,2020-09-21,landsat-8,1007,65,0.9842818531752447,1.2823297550094608,0.7240844800646519,0.7587505409512745,True,3b188221263ad4673846ce5170fa622b5395e51a4aaa750114e1793d3986975b,55416c987a2d25f9177dd974307ae595761c1db31ecaa9d7561fb6c42d4d5e7c,00d1e59ce78baffbf9d24361ac8ba16a1d577b22cb193e15596627259190ed07,0c06b88fd09cd514745b699e6b6a7e12901db8d3247e42b582feaf1f7e91c04a,1eafe424a4c718d6a3b18cff938036f958858c70b344740788993b119bfbb04b,9c2f903993167fc2a228b3cfe60a23fe33f57f252bae6299458338cb8eb967ad,3f630dfcc8a1c2a19b093e7fe0f4bdc7f830fef42266fcf1156112f0eb959046,11f4fe862570895441036964a9b308e92c2ee6ba8a87b5da9009ffd5208a4bda,2c6d6a597c6b1b321c4f632291c22dfe5788a058fe82fd65114a5a59d5d0be83,3a365f5dd3e9d410585a34695bb444d67b220c4b40a9348288a540078bc27f75
temporal,M2,False,2020-10-07,landsat-8,967,66,1.4002871988678327,1.6267570583437228,1.0592282384814435,0.7578331293249543,True,3b188221263ad4673846ce5170fa622b5395e51a4aaa750114e1793d3986975b,55416c987a2d25f9177dd974307ae595761c1db31ecaa9d7561fb6c42d4d5e7c,00d1e59ce78baffbf9d24361ac8ba16a1d577b22cb193e15596627259190ed07,0c06b88fd09cd514745b699e6b6a7e12901db8d3247e42b582feaf1f7e91c04a,1eafe424a4c718d6a3b18cff938036f958858c70b344740788993b119bfbb04b,9c2f903993167fc2a228b3cfe60a23fe33f57f252bae6299458338cb8eb967ad,3f630dfcc8a1c2a19b093e7fe0f4bdc7f830fef42266fcf1156112f0eb959046,11f4fe862570895441036964a9b308e92c2ee6ba8a87b5da9009ffd5208a4bda,2c6d6a597c6b1b321c4f632291c22dfe5788a058fe82fd65114a5a59d5d0be83,3a365f5dd3e9d410585a34695bb444d67b220c4b40a9348288a540078bc27f75
temporal,M2,False,2021-05-03,landsat-8,1019,64,1.1664292736410764,1.4688492299191174,-0.5872702336450581,0.8528371725094201,True,3b188221263ad4673846ce5170fa622b5395e51a4aaa750114e1793d3986975b,55416c987a2d25f9177dd974307ae595761c1db31ecaa9d7561fb6c42d4d5e7c,00d1e59ce78baffbf9d24361ac8ba16a1d577b22cb193e15596627259190ed07,0c06b88fd09cd514745b699e6b6a7e12901db8d3247e42b582feaf1f7e91c04a,1eafe424a4c718d6a3b18cff938036f958858c70b344740788993b119bfbb04b,9c2f903993167fc2a228b3cfe60a23fe33f57f252bae6299458338cb8eb967ad,3f630dfcc8a1c2a19b093e7fe0f4bdc7f830fef42266fcf1156112f0eb959046,11f4fe862570895441036964a9b308e92c2ee6ba8a87b5da9009ffd5208a4bda,2c6d6a597c6b1b321c4f632291c22dfe5788a058fe82fd65114a5a59d5d0be83,3a365f5dd3e9d410585a34695bb444d67b220c4b40a9348288a540078bc27f75
temporal,M2,False,2021-06-04,landsat-8,953,61,1.8888652028811377,2.0658134131238217,1.8657293679314368,0.9024711896181006,True,3b188221263ad4673846ce5170fa622b5395e51a4aaa750114e1793d3986975b,55416c987a2d25f9177dd974307ae595761c1db31ecaa9d7561fb6c42d4d5e7c,00d1e59ce78baffbf9d24361ac8ba16a1d577b22cb193e15596627259190ed07,0c06b88fd09cd514745b699e6b6a7e12901db8d3247e42b582feaf1f7e91c04a,1eafe424a4c718d6a3b18cff938036f958858c70b344740788993b119bfbb04b,9c2f903993167fc2a228b3cfe60a23fe33f57f252bae6299458338cb8eb967ad,3f630dfcc8a1c2a19b093e7fe0f4bdc7f830fef42266fcf1156112f0eb959046,11f4fe862570895441036964a9b308e92c2ee6ba8a87b5da9009ffd5208a4bda,2c6d6a597c6b1b321c4f632291c22dfe5788a058fe82fd65114a5a59d5d0be83,3a365f5dd3e9d410585a34695bb444d67b220c4b40a9348288a540078bc27f75
temporal,M2,False,2021-06-20,landsat-8,993,62,1.1106264460823814,1.4347276153274837,0.7098888462199482,0.8995586493451556,True,3b188221263ad4673846ce5170fa622b5395e51a4aaa750114e1793d3986975b,55416c987a2d25f9177dd974307ae595761c1db31ecaa9d7561fb6c42d4d5e7c,00d1e59ce78baffbf9d24361ac8ba16a1d577b22cb193e15596627259190ed07,0c06b88fd09cd514745b699e6b6a7e12901db8d3247e42b582feaf1f7e91c04a,1eafe424a4c718d6a3b18cff938036f958858c70b344740788993b119bfbb04b,9c2f903993167fc2a228b3cfe60a23fe33f57f252bae6299458338cb8eb967ad,3f630dfcc8a1c2a19b093e7fe0f4bdc7f830fef42266fcf1156112f0eb959046,11f4fe862570895441036964a9b308e92c2ee6ba8a87b5da9009ffd5208a4bda,2c6d6a597c6b1b321c4f632291c22dfe5788a058fe82fd65114a5a59d5d0be83,3a365f5dd3e9d410585a34695bb444d67b220c4b40a9348288a540078bc27f75
temporal,M2,False,2021-07-06,landsat-8,1068,66,0.7897285350667517,1.0133532700682506,0.10845353564082269,0.891101799322543,True,3b188221263ad4673846ce5170fa622b5395e51a4aaa750114e1793d3986975b,55416c987a2d25f9177dd974307ae595761c1db31ecaa9d7561fb6c42d4d5e7c,00d1e59ce78baffbf9d24361ac8ba16a1d577b22cb193e15596627259190ed07,0c06b88fd09cd514745b699e6b6a7e12901db8d3247e42b582feaf1f7e91c04a,1eafe424a4c718d6a3b18cff938036f958858c70b344740788993b119bfbb04b,9c2f903993167fc2a228b3cfe60a23fe33f57f252bae6299458338cb8eb967ad,3f630dfcc8a1c2a19b093e7fe0f4bdc7f830fef42266fcf1156112f0eb959046,11f4fe862570895441036964a9b308e92c2ee6ba8a87b5da9009ffd5208a4bda,2c6d6a597c6b1b321c4f632291c22dfe5788a058fe82fd65114a5a59d5d0be83,3a365f5dd3e9d410585a34695bb444d67b220c4b40a9348288a540078bc27f75
temporal,M2,False,2021-08-07,landsat-8,1064,69,0.9122093238848166,1.2689228138087065,-0.30806434444485403,0.7967890558830761,True,3b188221263ad4673846ce5170fa622b5395e51a4aaa750114e1793d3986975b,55416c987a2d25f9177dd974307ae595761c1db31ecaa9d7561fb6c42d4d5e7c,00d1e59ce78baffbf9d24361ac8ba16a1d577b22cb193e15596627259190ed07,0c06b88fd09cd514745b699e6b6a7e12901db8d3247e42b582feaf1f7e91c04a,1eafe424a4c718d6a3b18cff938036f958858c70b344740788993b119bfbb04b,9c2f903993167fc2a228b3cfe60a23fe33f57f252bae6299458338cb8eb967ad,3f630dfcc8a1c2a19b093e7fe0f4bdc7f830fef42266fcf1156112f0eb959046,11f4fe862570895441036964a9b308e92c2ee6ba8a87b5da9009ffd5208a4bda,2c6d6a597c6b1b321c4f632291c22dfe5788a058fe82fd65114a5a59d5d0be83,3a365f5dd3e9d410585a34695bb444d67b220c4b40a9348288a540078bc27f75
temporal,M2,False,2021-09-08,landsat-8,1020,65,4.857544340811655,5.1657903104260035,4.857544340811655,0.8487561569906608,True,3b188221263ad4673846ce5170fa622b5395e51a4aaa750114e1793d3986975b,55416c987a2d25f9177dd974307ae595761c1db31ecaa9d7561fb6c42d4d5e7c,00d1e59ce78baffbf9d24361ac8ba16a1d577b22cb193e15596627259190ed07,0c06b88fd09cd514745b699e6b6a7e12901db8d3247e42b582feaf1f7e91c04a,1eafe424a4c718d6a3b18cff938036f958858c70b344740788993b119bfbb04b,9c2f903993167fc2a228b3cfe60a23fe33f57f252bae6299458338cb8eb967ad,3f630dfcc8a1c2a19b093e7fe0f4bdc7f830fef42266fcf1156112f0eb959046,11f4fe862570895441036964a9b308e92c2ee6ba8a87b5da9009ffd5208a4bda,2c6d6a597c6b1b321c4f632291c22dfe5788a058fe82fd65114a5a59d5d0be83,3a365f5dd3e9d410585a34695bb444d67b220c4b40a9348288a540078bc27f75
temporal,M2,False,2021-09-24,landsat-8,822,59,0.7307180674988298,0.9224699236980594,0.6357669512088335,0.8972317057120844,True,3b188221263ad4673846ce5170fa622b5395e51a4aaa750114e1793d3986975b,55416c987a2d25f9177dd974307ae595761c1db31ecaa9d7561fb6c42d4d5e7c,00d1e59ce78baffbf9d24361ac8ba16a1d577b22cb193e15596627259190ed07,0c06b88fd09cd514745b699e6b6a7e12901db8d3247e42b582feaf1f7e91c04a,1eafe424a4c718d6a3b18cff938036f958858c70b344740788993b119bfbb04b,9c2f903993167fc2a228b3cfe60a23fe33f57f252bae6299458338cb8eb967ad,3f630dfcc8a1c2a19b093e7fe0f4bdc7f830fef42266fcf1156112f0eb959046,11f4fe862570895441036964a9b308e92c2ee6ba8a87b5da9009ffd5208a4bda,2c6d6a597c6b1b321c4f632291c22dfe5788a058fe82fd65114a5a59d5d0be83,3a365f5dd3e9d410585a34695bb444d67b220c4b40a9348288a540078bc27f75
temporal,M2,False,2021-10-10,landsat-8,905,65,1.3393191952499015,1.4744945562559681,-1.333065785672996,0.8594513896158624,True,3b188221263ad4673846ce5170fa622b5395e51a4aaa750114e1793d3986975b,55416c987a2d25f9177dd974307ae595761c1db31ecaa9d7561fb6c42d4d5e7c,00d1e59ce78baffbf9d24361ac8ba16a1d577b22cb193e15596627259190ed07,0c06b88fd09cd514745b699e6b6a7e12901db8d3247e42b582feaf1f7e91c04a,1eafe424a4c718d6a3b18cff938036f958858c70b344740788993b119bfbb04b,9c2f903993167fc2a228b3cfe60a23fe33f57f252bae6299458338cb8eb967ad,3f630dfcc8a1c2a19b093e7fe0f4bdc7f830fef42266fcf1156112f0eb959046,11f4fe862570895441036964a9b308e92c2ee6ba8a87b5da9009ffd5208a4bda,2c6d6a597c6b1b321c4f632291c22dfe5788a058fe82fd65114a5a59d5d0be83,3a365f5dd3e9d410585a34695bb444d67b220c4b40a9348288a540078bc27f75
temporal,M2,False,2021-10-26,landsat-8,1094,71,2.9162815735088947,3.0961978010915336,2.9162815735088947,0.8747440820792834,True,3b188221263ad4673846ce5170fa622b5395e51a4aaa750114e1793d3986975b,55416c987a2d25f9177dd974307ae595761c1db31ecaa9d7561fb6c42d4d5e7c,00d1e59ce78baffbf9d24361ac8ba16a1d577b22cb193e15596627259190ed07,0c06b88fd09cd514745b699e6b6a7e12901db8d3247e42b582feaf1f7e91c04a,1eafe424a4c718d6a3b18cff938036f958858c70b344740788993b119bfbb04b,9c2f903993167fc2a228b3cfe60a23fe33f57f252bae6299458338cb8eb967ad,3f630dfcc8a1c2a19b093e7fe0f4bdc7f830fef42266fcf1156112f0eb959046,11f4fe862570895441036964a9b308e92c2ee6ba8a87b5da9009ffd5208a4bda,2c6d6a597c6b1b321c4f632291c22dfe5788a058fe82fd65114a5a59d5d0be83,3a365f5dd3e9d410585a34695bb444d67b220c4b40a9348288a540078bc27f75
temporal,M2,False,2022-05-06,landsat-8,978,62,0.920812174467388,1.1747219848505563,0.6037546038598651,0.9172183091868635,True,3b188221263ad4673846ce5170fa622b5395e51a4aaa750114e1793d3986975b,55416c987a2d25f9177dd974307ae595761c1db31ecaa9d7561fb6c42d4d5e7c,00d1e59ce78baffbf9d24361ac8ba16a1d577b22cb193e15596627259190ed07,0c06b88fd09cd514745b699e6b6a7e12901db8d3247e42b582feaf1f7e91c04a,1eafe424a4c718d6a3b18cff938036f958858c70b344740788993b119bfbb04b,9c2f903993167fc2a228b3cfe60a23fe33f57f252bae6299458338cb8eb967ad,3f630dfcc8a1c2a19b093e7fe0f4bdc7f830fef42266fcf1156112f0eb959046,11f4fe862570895441036964a9b308e92c2ee6ba8a87b5da9009ffd5208a4bda,2c6d6a597c6b1b321c4f632291c22dfe5788a058fe82fd65114a5a59d5d0be83,3a365f5dd3e9d410585a34695bb444d67b220c4b40a9348288a540078bc27f75
temporal,M2,False,2022-05-14,landsat-9,989,69,4.195628785247465,4.5589054799844035,-3.7239167330560394,0.5398374920258864,True,3b188221263ad4673846ce5170fa622b5395e51a4aaa750114e1793d3986975b,55416c987a2d25f9177dd974307ae595761c1db31ecaa9d7561fb6c42d4d5e7c,00d1e59ce78baffbf9d24361ac8ba16a1d577b22cb193e15596627259190ed07,0c06b88fd09cd514745b699e6b6a7e12901db8d3247e42b582feaf1f7e91c04a,1eafe424a4c718d6a3b18cff938036f958858c70b344740788993b119bfbb04b,9c2f903993167fc2a228b3cfe60a23fe33f57f252bae6299458338cb8eb967ad,3f630dfcc8a1c2a19b093e7fe0f4bdc7f830fef42266fcf1156112f0eb959046,11f4fe862570895441036964a9b308e92c2ee6ba8a87b5da9009ffd5208a4bda,2c6d6a597c6b1b321c4f632291c22dfe5788a058fe82fd65114a5a59d5d0be83,3a365f5dd3e9d410585a34695bb444d67b220c4b40a9348288a540078bc27f75
temporal,M2,False,2022-05-22,landsat-8,818,58,1.9948482404637509,2.219789598139783,0.7554116524673488,0.4532330592776727,True,3b188221263ad4673846ce5170fa622b5395e51a4aaa750114e1793d3986975b,55416c987a2d25f9177dd974307ae595761c1db31ecaa9d7561fb6c42d4d5e7c,00d1e59ce78baffbf9d24361ac8ba16a1d577b22cb193e15596627259190ed07,0c06b88fd09cd514745b699e6b6a7e12901db8d3247e42b582feaf1f7e91c04a,1eafe424a4c718d6a3b18cff938036f958858c70b344740788993b119bfbb04b,9c2f903993167fc2a228b3cfe60a23fe33f57f252bae6299458338cb8eb967ad,3f630dfcc8a1c2a19b093e7fe0f4bdc7f830fef42266fcf1156112f0eb959046,11f4fe862570895441036964a9b308e92c2ee6ba8a87b5da9009ffd5208a4bda,2c6d6a597c6b1b321c4f632291c22dfe5788a058fe82fd65114a5a59d5d0be83,3a365f5dd3e9d410585a34695bb444d67b220c4b40a9348288a540078bc27f75
temporal,M2,False,2022-05-30,landsat-9,1055,67,1.119068552954393,1.3465270947666974,-0.8824036793923863,0.9197862844135236,True,3b188221263ad4673846ce5170fa622b5395e51a4aaa750114e1793d3986975b,55416c987a2d25f9177dd974307ae595761c1db31ecaa9d7561fb6c42d4d5e7c,00d1e59ce78baffbf9d24361ac8ba16a1d577b22cb193e15596627259190ed07,0c06b88fd09cd514745b699e6b6a7e12901db8d3247e42b582feaf1f7e91c04a,1eafe424a4c718d6a3b18cff938036f958858c70b344740788993b119bfbb04b,9c2f903993167fc2a228b3cfe60a23fe33f57f252bae6299458338cb8eb967ad,3f630dfcc8a1c2a19b093e7fe0f4bdc7f830fef42266fcf1156112f0eb959046,11f4fe862570895441036964a9b308e92c2ee6ba8a87b5da9009ffd5208a4bda,2c6d6a597c6b1b321c4f632291c22dfe5788a058fe82fd65114a5a59d5d0be83,3a365f5dd3e9d410585a34695bb444d67b220c4b40a9348288a540078bc27f75
temporal,M2,False,2022-06-07,landsat-8,967,61,1.2725120842553397,1.4689506416567304,-1.1728098159484324,0.9189291361285,True,3b188221263ad4673846ce5170fa622b5395e51a4aaa750114e1793d3986975b,55416c987a2d25f9177dd974307ae595761c1db31ecaa9d7561fb6c42d4d5e7c,00d1e59ce78baffbf9d24361ac8ba16a1d577b22cb193e15596627259190ed07,0c06b88fd09cd514745b699e6b6a7e12901db8d3247e42b582feaf1f7e91c04a,1eafe424a4c718d6a3b18cff938036f958858c70b344740788993b119bfbb04b,9c2f903993167fc2a228b3cfe60a23fe33f57f252bae6299458338cb8eb967ad,3f630dfcc8a1c2a19b093e7fe0f4bdc7f830fef42266fcf1156112f0eb959046,11f4fe862570895441036964a9b308e92c2ee6ba8a87b5da9009ffd5208a4bda,2c6d6a597c6b1b321c4f632291c22dfe5788a058fe82fd65114a5a59d5d0be83,3a365f5dd3e9d410585a34695bb444d67b220c4b40a9348288a540078bc27f75
temporal,M2,False,2022-06-15,landsat-9,1067,69,0.8121489532158693,1.0022348927165585,0.3514484539922117,0.8976352094179346,True,3b188221263ad4673846ce5170fa622b5395e51a4aaa750114e1793d3986975b,55416c987a2d25f9177dd974307ae595761c1db31ecaa9d7561fb6c42d4d5e7c,00d1e59ce78baffbf9d24361ac8ba16a1d577b22cb193e15596627259190ed07,0c06b88fd09cd514745b699e6b6a7e12901db8d3247e42b582feaf1f7e91c04a,1eafe424a4c718d6a3b18cff938036f958858c70b344740788993b119bfbb04b,9c2f903993167fc2a228b3cfe60a23fe33f57f252bae6299458338cb8eb967ad,3f630dfcc8a1c2a19b093e7fe0f4bdc7f830fef42266fcf1156112f0eb959046,11f4fe862570895441036964a9b308e92c2ee6ba8a87b5da9009ffd5208a4bda,2c6d6a597c6b1b321c4f632291c22dfe5788a058fe82fd65114a5a59d5d0be83,3a365f5dd3e9d410585a34695bb444d67b220c4b40a9348288a540078bc27f75
temporal,M2,False,2022-06-23,landsat-8,1059,69,1.846883083811787,2.2861342386610413,-0.7091864955124337,0.7732591070389708,True,3b188221263ad4673846ce5170fa622b5395e51a4aaa750114e1793d3986975b,55416c987a2d25f9177dd974307ae595761c1db31ecaa9d7561fb6c42d4d5e7c,00d1e59ce78baffbf9d24361ac8ba16a1d577b22cb193e15596627259190ed07,0c06b88fd09cd514745b699e6b6a7e12901db8d3247e42b582feaf1f7e91c04a,1eafe424a4c718d6a3b18cff938036f958858c70b344740788993b119bfbb04b,9c2f903993167fc2a228b3cfe60a23fe33f57f252bae6299458338cb8eb967ad,3f630dfcc8a1c2a19b093e7fe0f4bdc7f830fef42266fcf1156112f0eb959046,11f4fe862570895441036964a9b308e92c2ee6ba8a87b5da9009ffd5208a4bda,2c6d6a597c6b1b321c4f632291c22dfe5788a058fe82fd65114a5a59d5d0be83,3a365f5dd3e9d410585a34695bb444d67b220c4b40a9348288a540078bc27f75
temporal,M2,False,2022-07-01,landsat-9,1072,70,1.7084695449204113,1.8946067165547893,-1.6724541681625478,0.9002496827036424,True,3b188221263ad4673846ce5170fa622b5395e51a4aaa750114e1793d3986975b,55416c987a2d25f9177dd974307ae595761c1db31ecaa9d7561fb6c42d4d5e7c,00d1e59ce78baffbf9d24361ac8ba16a1d577b22cb193e15596627259190ed07,0c06b88fd09cd514745b699e6b6a7e12901db8d3247e42b582feaf1f7e91c04a,1eafe424a4c718d6a3b18cff938036f958858c70b344740788993b119bfbb04b,9c2f903993167fc2a228b3cfe60a23fe33f57f252bae6299458338cb8eb967ad,3f630dfcc8a1c2a19b093e7fe0f4bdc7f830fef42266fcf1156112f0eb959046,11f4fe862570895441036964a9b308e92c2ee6ba8a87b5da9009ffd5208a4bda,2c6d6a597c6b1b321c4f632291c22dfe5788a058fe82fd65114a5a59d5d0be83,3a365f5dd3e9d410585a34695bb444d67b220c4b40a9348288a540078bc27f75
temporal,M2,False,2022-07-09,landsat-8,1050,67,1.2201051925742914,1.3967043860889858,0.3141802288298947,0.9330787880694139,True,3b188221263ad4673846ce5170fa622b5395e51a4aaa750114e1793d3986975b,55416c987a2d25f9177dd974307ae595761c1db31ecaa9d7561fb6c42d4d5e7c,00d1e59ce78baffbf9d24361ac8ba16a1d577b22cb193e15596627259190ed07,0c06b88fd09cd514745b699e6b6a7e12901db8d3247e42b582feaf1f7e91c04a,1eafe424a4c718d6a3b18cff938036f958858c70b344740788993b119bfbb04b,9c2f903993167fc2a228b3cfe60a23fe33f57f252bae6299458338cb8eb967ad,3f630dfcc8a1c2a19b093e7fe0f4bdc7f830fef42266fcf1156112f0eb959046,11f4fe862570895441036964a9b308e92c2ee6ba8a87b5da9009ffd5208a4bda,2c6d6a597c6b1b321c4f632291c22dfe5788a058fe82fd65114a5a59d5d0be83,3a365f5dd3e9d410585a34695bb444d67b220c4b40a9348288a540078bc27f75
temporal,M2,False,2022-07-17,landsat-9,1008,69,6.0418620575648285,6.361896215803752,-6.028099547612468,0.7745130035199043,True,3b188221263ad4673846ce5170fa622b5395e51a4aaa750114e1793d3986975b,55416c987a2d25f9177dd974307ae595761c1db31ecaa9d7561fb6c42d4d5e7c,00d1e59ce78baffbf9d24361ac8ba16a1d577b22cb193e15596627259190ed07,0c06b88fd09cd514745b699e6b6a7e12901db8d3247e42b582feaf1f7e91c04a,1eafe424a4c718d6a3b18cff938036f958858c70b344740788993b119bfbb04b,9c2f903993167fc2a228b3cfe60a23fe33f57f252bae6299458338cb8eb967ad,3f630dfcc8a1c2a19b093e7fe0f4bdc7f830fef42266fcf1156112f0eb959046,11f4fe862570895441036964a9b308e92c2ee6ba8a87b5da9009ffd5208a4bda,2c6d6a597c6b1b321c4f632291c22dfe5788a058fe82fd65114a5a59d5d0be83,3a365f5dd3e9d410585a34695bb444d67b220c4b40a9348288a540078bc27f75
temporal,M2,False,2022-07-25,landsat-8,1054,68,1.0437947808112953,1.244906601064264,0.9760282045413208,0.9321593247416591,True,3b188221263ad4673846ce5170fa622b5395e51a4aaa750114e1793d3986975b,55416c987a2d25f9177dd974307ae595761c1db31ecaa9d7561fb6c42d4d5e7c,00d1e59ce78baffbf9d24361ac8ba16a1d577b22cb193e15596627259190ed07,0c06b88fd09cd514745b699e6b6a7e12901db8d3247e42b582feaf1f7e91c04a,1eafe424a4c718d6a3b18cff938036f958858c70b344740788993b119bfbb04b,9c2f903993167fc2a228b3cfe60a23fe33f57f252bae6299458338cb8eb967ad,3f630dfcc8a1c2a19b093e7fe0f4bdc7f830fef42266fcf1156112f0eb959046,11f4fe862570895441036964a9b308e92c2ee6ba8a87b5da9009ffd5208a4bda,2c6d6a597c6b1b321c4f632291c22dfe5788a058fe82fd65114a5a59d5d0be83,3a365f5dd3e9d410585a34695bb444d67b220c4b40a9348288a540078bc27f75
temporal,M2,False,2022-08-02,landsat-9,1026,67,1.4919028657603024,2.0050089321408913,-0.9105496547638148,0.8269338130759912,True,3b188221263ad4673846ce5170fa622b5395e51a4aaa750114e1793d3986975b,55416c987a2d25f9177dd974307ae595761c1db31ecaa9d7561fb6c42d4d5e7c,00d1e59ce78baffbf9d24361ac8ba16a1d577b22cb193e15596627259190ed07,0c06b88fd09cd514745b699e6b6a7e12901db8d3247e42b582feaf1f7e91c04a,1eafe424a4c718d6a3b18cff938036f958858c70b344740788993b119bfbb04b,9c2f903993167fc2a228b3cfe60a23fe33f57f252bae6299458338cb8eb967ad,3f630dfcc8a1c2a19b093e7fe0f4bdc7f830fef42266fcf1156112f0eb959046,11f4fe862570895441036964a9b308e92c2ee6ba8a87b5da9009ffd5208a4bda,2c6d6a597c6b1b321c4f632291c22dfe5788a058fe82fd65114a5a59d5d0be83,3a365f5dd3e9d410585a34695bb444d67b220c4b40a9348288a540078bc27f75
temporal,M2,False,2022-08-18,landsat-9,1034,66,1.168003163176532,1.5056699950593069,-0.5440208042254622,0.9327691583855554,True,3b188221263ad4673846ce5170fa622b5395e51a4aaa750114e1793d3986975b,55416c987a2d25f9177dd974307ae595761c1db31ecaa9d7561fb6c42d4d5e7c,00d1e59ce78baffbf9d24361ac8ba16a1d577b22cb193e15596627259190ed07,0c06b88fd09cd514745b699e6b6a7e12901db8d3247e42b582feaf1f7e91c04a,1eafe424a4c718d6a3b18cff938036f958858c70b344740788993b119bfbb04b,9c2f903993167fc2a228b3cfe60a23fe33f57f252bae6299458338cb8eb967ad,3f630dfcc8a1c2a19b093e7fe0f4bdc7f830fef42266fcf1156112f0eb959046,11f4fe862570895441036964a9b308e92c2ee6ba8a87b5da9009ffd5208a4bda,2c6d6a597c6b1b321c4f632291c22dfe5788a058fe82fd65114a5a59d5d0be83,3a365f5dd3e9d410585a34695bb444d67b220c4b40a9348288a540078bc27f75
temporal,M2,False,2022-08-26,landsat-8,1058,69,1.511778607163769,2.1331659195030546,-0.9539905316514737,0.6874600240047765,True,3b188221263ad4673846ce5170fa622b5395e51a4aaa750114e1793d3986975b,55416c987a2d25f9177dd974307ae595761c1db31ecaa9d7561fb6c42d4d5e7c,00d1e59ce78baffbf9d24361ac8ba16a1d577b22cb193e15596627259190ed07,0c06b88fd09cd514745b699e6b6a7e12901db8d3247e42b582feaf1f7e91c04a,1eafe424a4c718d6a3b18cff938036f958858c70b344740788993b119bfbb04b,9c2f903993167fc2a228b3cfe60a23fe33f57f252bae6299458338cb8eb967ad,3f630dfcc8a1c2a19b093e7fe0f4bdc7f830fef42266fcf1156112f0eb959046,11f4fe862570895441036964a9b308e92c2ee6ba8a87b5da9009ffd5208a4bda,2c6d6a597c6b1b321c4f632291c22dfe5788a058fe82fd65114a5a59d5d0be83,3a365f5dd3e9d410585a34695bb444d67b220c4b40a9348288a540078bc27f75
temporal,M2,False,2022-09-03,landsat-9,1085,71,1.225759312976594,1.4574782920227587,-0.8625091169550908,0.8832969088373077,True,3b188221263ad4673846ce5170fa622b5395e51a4aaa750114e1793d3986975b,55416c987a2d25f9177dd974307ae595761c1db31ecaa9d7561fb6c42d4d5e7c,00d1e59ce78baffbf9d24361ac8ba16a1d577b22cb193e15596627259190ed07,0c06b88fd09cd514745b699e6b6a7e12901db8d3247e42b582feaf1f7e91c04a,1eafe424a4c718d6a3b18cff938036f958858c70b344740788993b119bfbb04b,9c2f903993167fc2a228b3cfe60a23fe33f57f252bae6299458338cb8eb967ad,3f630dfcc8a1c2a19b093e7fe0f4bdc7f830fef42266fcf1156112f0eb959046,11f4fe862570895441036964a9b308e92c2ee6ba8a87b5da9009ffd5208a4bda,2c6d6a597c6b1b321c4f632291c22dfe5788a058fe82fd65114a5a59d5d0be83,3a365f5dd3e9d410585a34695bb444d67b220c4b40a9348288a540078bc27f75
temporal,M2,False,2022-09-27,landsat-8,1081,71,3.656253056222771,3.820743736357218,-3.656253056222771,0.8951803775187154,True,3b188221263ad4673846ce5170fa622b5395e51a4aaa750114e1793d3986975b,55416c987a2d25f9177dd974307ae595761c1db31ecaa9d7561fb6c42d4d5e7c,00d1e59ce78baffbf9d24361ac8ba16a1d577b22cb193e15596627259190ed07,0c06b88fd09cd514745b699e6b6a7e12901db8d3247e42b582feaf1f7e91c04a,1eafe424a4c718d6a3b18cff938036f958858c70b344740788993b119bfbb04b,9c2f903993167fc2a228b3cfe60a23fe33f57f252bae6299458338cb8eb967ad,3f630dfcc8a1c2a19b093e7fe0f4bdc7f830fef42266fcf1156112f0eb959046,11f4fe862570895441036964a9b308e92c2ee6ba8a87b5da9009ffd5208a4bda,2c6d6a597c6b1b321c4f632291c22dfe5788a058fe82fd65114a5a59d5d0be83,3a365f5dd3e9d410585a34695bb444d67b220c4b40a9348288a540078bc27f75
temporal,M2,False,2022-10-05,landsat-9,921,59,1.1192764596787605,1.2984542136929975,-1.0247572281777149,0.9056109102753056,True,3b188221263ad4673846ce5170fa622b5395e51a4aaa750114e1793d3986975b,55416c987a2d25f9177dd974307ae595761c1db31ecaa9d7561fb6c42d4d5e7c,00d1e59ce78baffbf9d24361ac8ba16a1d577b22cb193e15596627259190ed07,0c06b88fd09cd514745b699e6b6a7e12901db8d3247e42b582feaf1f7e91c04a,1eafe424a4c718d6a3b18cff938036f958858c70b344740788993b119bfbb04b,9c2f903993167fc2a228b3cfe60a23fe33f57f252bae6299458338cb8eb967ad,3f630dfcc8a1c2a19b093e7fe0f4bdc7f830fef42266fcf1156112f0eb959046,11f4fe862570895441036964a9b308e92c2ee6ba8a87b5da9009ffd5208a4bda,2c6d6a597c6b1b321c4f632291c22dfe5788a058fe82fd65114a5a59d5d0be83,3a365f5dd3e9d410585a34695bb444d67b220c4b40a9348288a540078bc27f75
temporal,M2,False,2022-10-21,landsat-9,701,63,1.0548936915953273,1.3592070177056708,1.0064144896739082,0.8036118767862872,True,3b188221263ad4673846ce5170fa622b5395e51a4aaa750114e1793d3986975b,55416c987a2d25f9177dd974307ae595761c1db31ecaa9d7561fb6c42d4d5e7c,00d1e59ce78baffbf9d24361ac8ba16a1d577b22cb193e15596627259190ed07,0c06b88fd09cd514745b699e6b6a7e12901db8d3247e42b582feaf1f7e91c04a,1eafe424a4c718d6a3b18cff938036f958858c70b344740788993b119bfbb04b,9c2f903993167fc2a228b3cfe60a23fe33f57f252bae6299458338cb8eb967ad,3f630dfcc8a1c2a19b093e7fe0f4bdc7f830fef42266fcf1156112f0eb959046,11f4fe862570895441036964a9b308e92c2ee6ba8a87b5da9009ffd5208a4bda,2c6d6a597c6b1b321c4f632291c22dfe5788a058fe82fd65114a5a59d5d0be83,3a365f5dd3e9d410585a34695bb444d67b220c4b40a9348288a540078bc27f75
temporal,M2,False,2022-10-29,landsat-8,969,67,1.4976743612196077,1.6828763855951812,1.4715290516757942,0.7514538495162462,True,3b188221263ad4673846ce5170fa622b5395e51a4aaa750114e1793d3986975b,55416c987a2d25f9177dd974307ae595761c1db31ecaa9d7561fb6c42d4d5e7c,00d1e59ce78baffbf9d24361ac8ba16a1d577b22cb193e15596627259190ed07,0c06b88fd09cd514745b699e6b6a7e12901db8d3247e42b582feaf1f7e91c04a,1eafe424a4c718d6a3b18cff938036f958858c70b344740788993b119bfbb04b,9c2f903993167fc2a228b3cfe60a23fe33f57f252bae6299458338cb8eb967ad,3f630dfcc8a1c2a19b093e7fe0f4bdc7f830fef42266fcf1156112f0eb959046,11f4fe862570895441036964a9b308e92c2ee6ba8a87b5da9009ffd5208a4bda,2c6d6a597c6b1b321c4f632291c22dfe5788a058fe82fd65114a5a59d5d0be83,3a365f5dd3e9d410585a34695bb444d67b220c4b40a9348288a540078bc27f75
temporal,M2,False,2023-05-17,landsat-9,788,52,2.899100056244477,3.043467219543675,2.846856457971708,0.891057953327173,True,3b188221263ad4673846ce5170fa622b5395e51a4aaa750114e1793d3986975b,55416c987a2d25f9177dd974307ae595761c1db31ecaa9d7561fb6c42d4d5e7c,00d1e59ce78baffbf9d24361ac8ba16a1d577b22cb193e15596627259190ed07,0c06b88fd09cd514745b699e6b6a7e12901db8d3247e42b582feaf1f7e91c04a,1eafe424a4c718d6a3b18cff938036f958858c70b344740788993b119bfbb04b,9c2f903993167fc2a228b3cfe60a23fe33f57f252bae6299458338cb8eb967ad,3f630dfcc8a1c2a19b093e7fe0f4bdc7f830fef42266fcf1156112f0eb959046,11f4fe862570895441036964a9b308e92c2ee6ba8a87b5da9009ffd5208a4bda,2c6d6a597c6b1b321c4f632291c22dfe5788a058fe82fd65114a5a59d5d0be83,3a365f5dd3e9d410585a34695bb444d67b220c4b40a9348288a540078bc27f75
temporal,M2,False,2023-06-26,landsat-8,1038,62,1.1794205813464411,1.4389881984596304,1.0495589567398431,0.9224898285496703,True,3b188221263ad4673846ce5170fa622b5395e51a4aaa750114e1793d3986975b,55416c987a2d25f9177dd974307ae595761c1db31ecaa9d7561fb6c42d4d5e7c,00d1e59ce78baffbf9d24361ac8ba16a1d577b22cb193e15596627259190ed07,0c06b88fd09cd514745b699e6b6a7e12901db8d3247e42b582feaf1f7e91c04a,1eafe424a4c718d6a3b18cff938036f958858c70b344740788993b119bfbb04b,9c2f903993167fc2a228b3cfe60a23fe33f57f252bae6299458338cb8eb967ad,3f630dfcc8a1c2a19b093e7fe0f4bdc7f830fef42266fcf1156112f0eb959046,11f4fe862570895441036964a9b308e92c2ee6ba8a87b5da9009ffd5208a4bda,2c6d6a597c6b1b321c4f632291c22dfe5788a058fe82fd65114a5a59d5d0be83,3a365f5dd3e9d410585a34695bb444d67b220c4b40a9348288a540078bc27f75
temporal,M2,False,2023-07-04,landsat-9,1059,66,4.217188239703924,4.524528091187217,4.217081380308095,0.7273910654824113,True,3b188221263ad4673846ce5170fa622b5395e51a4aaa750114e1793d3986975b,55416c987a2d25f9177dd974307ae595761c1db31ecaa9d7561fb6c42d4d5e7c,00d1e59ce78baffbf9d24361ac8ba16a1d577b22cb193e15596627259190ed07,0c06b88fd09cd514745b699e6b6a7e12901db8d3247e42b582feaf1f7e91c04a,1eafe424a4c718d6a3b18cff938036f958858c70b344740788993b119bfbb04b,9c2f903993167fc2a228b3cfe60a23fe33f57f252bae6299458338cb8eb967ad,3f630dfcc8a1c2a19b093e7fe0f4bdc7f830fef42266fcf1156112f0eb959046,11f4fe862570895441036964a9b308e92c2ee6ba8a87b5da9009ffd5208a4bda,2c6d6a597c6b1b321c4f632291c22dfe5788a058fe82fd65114a5a59d5d0be83,3a365f5dd3e9d410585a34695bb444d67b220c4b40a9348288a540078bc27f75
temporal,M2,False,2023-07-12,landsat-8,1060,69,2.4096296036646643,2.8066802240185367,-2.370694023549833,0.8213838180136216,True,3b188221263ad4673846ce5170fa622b5395e51a4aaa750114e1793d3986975b,55416c987a2d25f9177dd974307ae595761c1db31ecaa9d7561fb6c42d4d5e7c,00d1e59ce78baffbf9d24361ac8ba16a1d577b22cb193e15596627259190ed07,0c06b88fd09cd514745b699e6b6a7e12901db8d3247e42b582feaf1f7e91c04a,1eafe424a4c718d6a3b18cff938036f958858c70b344740788993b119bfbb04b,9c2f903993167fc2a228b3cfe60a23fe33f57f252bae6299458338cb8eb967ad,3f630dfcc8a1c2a19b093e7fe0f4bdc7f830fef42266fcf1156112f0eb959046,11f4fe862570895441036964a9b308e92c2ee6ba8a87b5da9009ffd5208a4bda,2c6d6a597c6b1b321c4f632291c22dfe5788a058fe82fd65114a5a59d5d0be83,3a365f5dd3e9d410585a34695bb444d67b220c4b40a9348288a540078bc27f75
temporal,M2,False,2023-07-20,landsat-9,1072,69,0.9024288596063071,1.163604001712991,-0.255998836932732,0.9538872089555634,True,3b188221263ad4673846ce5170fa622b5395e51a4aaa750114e1793d3986975b,55416c987a2d25f9177dd974307ae595761c1db31ecaa9d7561fb6c42d4d5e7c,00d1e59ce78baffbf9d24361ac8ba16a1d577b22cb193e15596627259190ed07,0c06b88fd09cd514745b699e6b6a7e12901db8d3247e42b582feaf1f7e91c04a,1eafe424a4c718d6a3b18cff938036f958858c70b344740788993b119bfbb04b,9c2f903993167fc2a228b3cfe60a23fe33f57f252bae6299458338cb8eb967ad,3f630dfcc8a1c2a19b093e7fe0f4bdc7f830fef42266fcf1156112f0eb959046,11f4fe862570895441036964a9b308e92c2ee6ba8a87b5da9009ffd5208a4bda,2c6d6a597c6b1b321c4f632291c22dfe5788a058fe82fd65114a5a59d5d0be83,3a365f5dd3e9d410585a34695bb444d67b220c4b40a9348288a540078bc27f75
temporal,M2,False,2023-07-28,landsat-8,983,66,1.3401643381890889,1.7229761186268437,1.1880510549367052,0.9121657237869137,True,3b188221263ad4673846ce5170fa622b5395e51a4aaa750114e1793d3986975b,55416c987a2d25f9177dd974307ae595761c1db31ecaa9d7561fb6c42d4d5e7c,00d1e59ce78baffbf9d24361ac8ba16a1d577b22cb193e15596627259190ed07,0c06b88fd09cd514745b699e6b6a7e12901db8d3247e42b582feaf1f7e91c04a,1eafe424a4c718d6a3b18cff938036f958858c70b344740788993b119bfbb04b,9c2f903993167fc2a228b3cfe60a23fe33f57f252bae6299458338cb8eb967ad,3f630dfcc8a1c2a19b093e7fe0f4bdc7f830fef42266fcf1156112f0eb959046,11f4fe862570895441036964a9b308e92c2ee6ba8a87b5da9009ffd5208a4bda,2c6d6a597c6b1b321c4f632291c22dfe5788a058fe82fd65114a5a59d5d0be83,3a365f5dd3e9d410585a34695bb444d67b220c4b40a9348288a540078bc27f75
temporal,M2,False,2023-08-05,landsat-9,1076,69,1.4283787552384286,1.7845072848995602,-1.3034714704923362,0.9097274364189869,True,3b188221263ad4673846ce5170fa622b5395e51a4aaa750114e1793d3986975b,55416c987a2d25f9177dd974307ae595761c1db31ecaa9d7561fb6c42d4d5e7c,00d1e59ce78baffbf9d24361ac8ba16a1d577b22cb193e15596627259190ed07,0c06b88fd09cd514745b699e6b6a7e12901db8d3247e42b582feaf1f7e91c04a,1eafe424a4c718d6a3b18cff938036f958858c70b344740788993b119bfbb04b,9c2f903993167fc2a228b3cfe60a23fe33f57f252bae6299458338cb8eb967ad,3f630dfcc8a1c2a19b093e7fe0f4bdc7f830fef42266fcf1156112f0eb959046,11f4fe862570895441036964a9b308e92c2ee6ba8a87b5da9009ffd5208a4bda,2c6d6a597c6b1b321c4f632291c22dfe5788a058fe82fd65114a5a59d5d0be83,3a365f5dd3e9d410585a34695bb444d67b220c4b40a9348288a540078bc27f75
temporal,M2,False,2023-08-13,landsat-8,1063,68,2.201977453688041,2.350155054197671,-2.170480197114944,0.9187033472951206,True,3b188221263ad4673846ce5170fa622b5395e51a4aaa750114e1793d3986975b,55416c987a2d25f9177dd974307ae595761c1db31ecaa9d7561fb6c42d4d5e7c,00d1e59ce78baffbf9d24361ac8ba16a1d577b22cb193e15596627259190ed07,0c06b88fd09cd514745b699e6b6a7e12901db8d3247e42b582feaf1f7e91c04a,1eafe424a4c718d6a3b18cff938036f958858c70b344740788993b119bfbb04b,9c2f903993167fc2a228b3cfe60a23fe33f57f252bae6299458338cb8eb967ad,3f630dfcc8a1c2a19b093e7fe0f4bdc7f830fef42266fcf1156112f0eb959046,11f4fe862570895441036964a9b308e92c2ee6ba8a87b5da9009ffd5208a4bda,2c6d6a597c6b1b321c4f632291c22dfe5788a058fe82fd65114a5a59d5d0be83,3a365f5dd3e9d410585a34695bb444d67b220c4b40a9348288a540078bc27f75
temporal,M2,False,2023-08-29,landsat-8,1088,71,2.7642610157336085,2.972189566272594,2.6394286357229455,0.8709820449817786,True,3b188221263ad4673846ce5170fa622b5395e51a4aaa750114e1793d3986975b,55416c987a2d25f9177dd974307ae595761c1db31ecaa9d7561fb6c42d4d5e7c,00d1e59ce78baffbf9d24361ac8ba16a1d577b22cb193e15596627259190ed07,0c06b88fd09cd514745b699e6b6a7e12901db8d3247e42b582feaf1f7e91c04a,1eafe424a4c718d6a3b18cff938036f958858c70b344740788993b119bfbb04b,9c2f903993167fc2a228b3cfe60a23fe33f57f252bae6299458338cb8eb967ad,3f630dfcc8a1c2a19b093e7fe0f4bdc7f830fef42266fcf1156112f0eb959046,11f4fe862570895441036964a9b308e92c2ee6ba8a87b5da9009ffd5208a4bda,2c6d6a597c6b1b321c4f632291c22dfe5788a058fe82fd65114a5a59d5d0be83,3a365f5dd3e9d410585a34695bb444d67b220c4b40a9348288a540078bc27f75
temporal,M2,False,2023-09-14,landsat-8,634,53,0.8830398161147027,1.0921092936395627,-0.2943813996193493,0.8097275244862231,True,3b188221263ad4673846ce5170fa622b5395e51a4aaa750114e1793d3986975b,55416c987a2d25f9177dd974307ae595761c1db31ecaa9d7561fb6c42d4d5e7c,00d1e59ce78baffbf9d24361ac8ba16a1d577b22cb193e15596627259190ed07,0c06b88fd09cd514745b699e6b6a7e12901db8d3247e42b582feaf1f7e91c04a,1eafe424a4c718d6a3b18cff938036f958858c70b344740788993b119bfbb04b,9c2f903993167fc2a228b3cfe60a23fe33f57f252bae6299458338cb8eb967ad,3f630dfcc8a1c2a19b093e7fe0f4bdc7f830fef42266fcf1156112f0eb959046,11f4fe862570895441036964a9b308e92c2ee6ba8a87b5da9009ffd5208a4bda,2c6d6a597c6b1b321c4f632291c22dfe5788a058fe82fd65114a5a59d5d0be83,3a365f5dd3e9d410585a34695bb444d67b220c4b40a9348288a540078bc27f75
temporal,M2,False,2023-09-22,landsat-9,707,54,1.9544164823937349,2.5458056307518304,1.6770773852248728,0.6966282169145707,True,3b188221263ad4673846ce5170fa622b5395e51a4aaa750114e1793d3986975b,55416c987a2d25f9177dd974307ae595761c1db31ecaa9d7561fb6c42d4d5e7c,00d1e59ce78baffbf9d24361ac8ba16a1d577b22cb193e15596627259190ed07,0c06b88fd09cd514745b699e6b6a7e12901db8d3247e42b582feaf1f7e91c04a,1eafe424a4c718d6a3b18cff938036f958858c70b344740788993b119bfbb04b,9c2f903993167fc2a228b3cfe60a23fe33f57f252bae6299458338cb8eb967ad,3f630dfcc8a1c2a19b093e7fe0f4bdc7f830fef42266fcf1156112f0eb959046,11f4fe862570895441036964a9b308e92c2ee6ba8a87b5da9009ffd5208a4bda,2c6d6a597c6b1b321c4f632291c22dfe5788a058fe82fd65114a5a59d5d0be83,3a365f5dd3e9d410585a34695bb444d67b220c4b40a9348288a540078bc27f75
temporal,M2,False,2023-10-08,landsat-9,952,61,1.139718814505181,1.3502136465334893,-0.6752896947499166,0.9271309035267734,True,3b188221263ad4673846ce5170fa622b5395e51a4aaa750114e1793d3986975b,55416c987a2d25f9177dd974307ae595761c1db31ecaa9d7561fb6c42d4d5e7c,00d1e59ce78baffbf9d24361ac8ba16a1d577b22cb193e15596627259190ed07,0c06b88fd09cd514745b699e6b6a7e12901db8d3247e42b582feaf1f7e91c04a,1eafe424a4c718d6a3b18cff938036f958858c70b344740788993b119bfbb04b,9c2f903993167fc2a228b3cfe60a23fe33f57f252bae6299458338cb8eb967ad,3f630dfcc8a1c2a19b093e7fe0f4bdc7f830fef42266fcf1156112f0eb959046,11f4fe862570895441036964a9b308e92c2ee6ba8a87b5da9009ffd5208a4bda,2c6d6a597c6b1b321c4f632291c22dfe5788a058fe82fd65114a5a59d5d0be83,3a365f5dd3e9d410585a34695bb444d67b220c4b40a9348288a540078bc27f75
temporal,M2,False,2023-10-16,landsat-8,936,62,2.20147458244356,2.3395523458499663,-2.1934919324445796,0.9019866073603903,True,3b188221263ad4673846ce5170fa622b5395e51a4aaa750114e1793d3986975b,55416c987a2d25f9177dd974307ae595761c1db31ecaa9d7561fb6c42d4d5e7c,00d1e59ce78baffbf9d24361ac8ba16a1d577b22cb193e15596627259190ed07,0c06b88fd09cd514745b699e6b6a7e12901db8d3247e42b582feaf1f7e91c04a,1eafe424a4c718d6a3b18cff938036f958858c70b344740788993b119bfbb04b,9c2f903993167fc2a228b3cfe60a23fe33f57f252bae6299458338cb8eb967ad,3f630dfcc8a1c2a19b093e7fe0f4bdc7f830fef42266fcf1156112f0eb959046,11f4fe862570895441036964a9b308e92c2ee6ba8a87b5da9009ffd5208a4bda,2c6d6a597c6b1b321c4f632291c22dfe5788a058fe82fd65114a5a59d5d0be83,3a365f5dd3e9d410585a34695bb444d67b220c4b40a9348288a540078bc27f75
temporal,M2,False,2023-10-24,landsat-9,699,51,0.7839109290984886,1.0461025218299829,0.3225870353240153,0.7815565474968164,True,3b188221263ad4673846ce5170fa622b5395e51a4aaa750114e1793d3986975b,55416c987a2d25f9177dd974307ae595761c1db31ecaa9d7561fb6c42d4d5e7c,00d1e59ce78baffbf9d24361ac8ba16a1d577b22cb193e15596627259190ed07,0c06b88fd09cd514745b699e6b6a7e12901db8d3247e42b582feaf1f7e91c04a,1eafe424a4c718d6a3b18cff938036f958858c70b344740788993b119bfbb04b,9c2f903993167fc2a228b3cfe60a23fe33f57f252bae6299458338cb8eb967ad,3f630dfcc8a1c2a19b093e7fe0f4bdc7f830fef42266fcf1156112f0eb959046,11f4fe862570895441036964a9b308e92c2ee6ba8a87b5da9009ffd5208a4bda,2c6d6a597c6b1b321c4f632291c22dfe5788a058fe82fd65114a5a59d5d0be83,3a365f5dd3e9d410585a34695bb444d67b220c4b40a9348288a540078bc27f75
temporal,M2,False,2024-05-11,landsat-8,861,55,1.280685041263154,1.447479688889321,1.1531441256134984,0.910438578906942,True,3b188221263ad4673846ce5170fa622b5395e51a4aaa750114e1793d3986975b,55416c987a2d25f9177dd974307ae595761c1db31ecaa9d7561fb6c42d4d5e7c,00d1e59ce78baffbf9d24361ac8ba16a1d577b22cb193e15596627259190ed07,0c06b88fd09cd514745b699e6b6a7e12901db8d3247e42b582feaf1f7e91c04a,1eafe424a4c718d6a3b18cff938036f958858c70b344740788993b119bfbb04b,9c2f903993167fc2a228b3cfe60a23fe33f57f252bae6299458338cb8eb967ad,3f630dfcc8a1c2a19b093e7fe0f4bdc7f830fef42266fcf1156112f0eb959046,11f4fe862570895441036964a9b308e92c2ee6ba8a87b5da9009ffd5208a4bda,2c6d6a597c6b1b321c4f632291c22dfe5788a058fe82fd65114a5a59d5d0be83,3a365f5dd3e9d410585a34695bb444d67b220c4b40a9348288a540078bc27f75
temporal,M2,False,2024-05-27,landsat-8,680,46,1.9334588691797703,2.115502108384001,1.9258170169686784,0.8155016320049796,True,3b188221263ad4673846ce5170fa622b5395e51a4aaa750114e1793d3986975b,55416c987a2d25f9177dd974307ae595761c1db31ecaa9d7561fb6c42d4d5e7c,00d1e59ce78baffbf9d24361ac8ba16a1d577b22cb193e15596627259190ed07,0c06b88fd09cd514745b699e6b6a7e12901db8d3247e42b582feaf1f7e91c04a,1eafe424a4c718d6a3b18cff938036f958858c70b344740788993b119bfbb04b,9c2f903993167fc2a228b3cfe60a23fe33f57f252bae6299458338cb8eb967ad,3f630dfcc8a1c2a19b093e7fe0f4bdc7f830fef42266fcf1156112f0eb959046,11f4fe862570895441036964a9b308e92c2ee6ba8a87b5da9009ffd5208a4bda,2c6d6a597c6b1b321c4f632291c22dfe5788a058fe82fd65114a5a59d5d0be83,3a365f5dd3e9d410585a34695bb444d67b220c4b40a9348288a540078bc27f75
temporal,M2,False,2024-06-20,landsat-9,1050,65,0.6466337476605393,0.8594304972742138,0.022049413175081453,0.9314391854647578,True,3b188221263ad4673846ce5170fa622b5395e51a4aaa750114e1793d3986975b,55416c987a2d25f9177dd974307ae595761c1db31ecaa9d7561fb6c42d4d5e7c,00d1e59ce78baffbf9d24361ac8ba16a1d577b22cb193e15596627259190ed07,0c06b88fd09cd514745b699e6b6a7e12901db8d3247e42b582feaf1f7e91c04a,1eafe424a4c718d6a3b18cff938036f958858c70b344740788993b119bfbb04b,9c2f903993167fc2a228b3cfe60a23fe33f57f252bae6299458338cb8eb967ad,3f630dfcc8a1c2a19b093e7fe0f4bdc7f830fef42266fcf1156112f0eb959046,11f4fe862570895441036964a9b308e92c2ee6ba8a87b5da9009ffd5208a4bda,2c6d6a597c6b1b321c4f632291c22dfe5788a058fe82fd65114a5a59d5d0be83,3a365f5dd3e9d410585a34695bb444d67b220c4b40a9348288a540078bc27f75
temporal,M2,False,2024-06-28,landsat-8,1060,69,0.9298412371724796,1.1587422391357682,-0.4250360799290868,0.9037921446752182,True,3b188221263ad4673846ce5170fa622b5395e51a4aaa750114e1793d3986975b,55416c987a2d25f9177dd974307ae595761c1db31ecaa9d7561fb6c42d4d5e7c,00d1e59ce78baffbf9d24361ac8ba16a1d577b22cb193e15596627259190ed07,0c06b88fd09cd514745b699e6b6a7e12901db8d3247e42b582feaf1f7e91c04a,1eafe424a4c718d6a3b18cff938036f958858c70b344740788993b119bfbb04b,9c2f903993167fc2a228b3cfe60a23fe33f57f252bae6299458338cb8eb967ad,3f630dfcc8a1c2a19b093e7fe0f4bdc7f830fef42266fcf1156112f0eb959046,11f4fe862570895441036964a9b308e92c2ee6ba8a87b5da9009ffd5208a4bda,2c6d6a597c6b1b321c4f632291c22dfe5788a058fe82fd65114a5a59d5d0be83,3a365f5dd3e9d410585a34695bb444d67b220c4b40a9348288a540078bc27f75
temporal,M2,False,2024-07-14,landsat-8,592,47,6.761758194406809,6.932961979463687,6.761758194406809,0.8182654948416893,True,3b188221263ad4673846ce5170fa622b5395e51a4aaa750114e1793d3986975b,55416c987a2d25f9177dd974307ae595761c1db31ecaa9d7561fb6c42d4d5e7c,00d1e59ce78baffbf9d24361ac8ba16a1d577b22cb193e15596627259190ed07,0c06b88fd09cd514745b699e6b6a7e12901db8d3247e42b582feaf1f7e91c04a,1eafe424a4c718d6a3b18cff938036f958858c70b344740788993b119bfbb04b,9c2f903993167fc2a228b3cfe60a23fe33f57f252bae6299458338cb8eb967ad,3f630dfcc8a1c2a19b093e7fe0f4bdc7f830fef42266fcf1156112f0eb959046,11f4fe862570895441036964a9b308e92c2ee6ba8a87b5da9009ffd5208a4bda,2c6d6a597c6b1b321c4f632291c22dfe5788a058fe82fd65114a5a59d5d0be83,3a365f5dd3e9d410585a34695bb444d67b220c4b40a9348288a540078bc27f75
temporal,M2,False,2024-07-22,landsat-9,976,67,1.341938322885126,1.853914574963283,-0.6182561616908945,0.8548960374635594,True,3b188221263ad4673846ce5170fa622b5395e51a4aaa750114e1793d3986975b,55416c987a2d25f9177dd974307ae595761c1db31ecaa9d7561fb6c42d4d5e7c,00d1e59ce78baffbf9d24361ac8ba16a1d577b22cb193e15596627259190ed07,0c06b88fd09cd514745b699e6b6a7e12901db8d3247e42b582feaf1f7e91c04a,1eafe424a4c718d6a3b18cff938036f958858c70b344740788993b119bfbb04b,9c2f903993167fc2a228b3cfe60a23fe33f57f252bae6299458338cb8eb967ad,3f630dfcc8a1c2a19b093e7fe0f4bdc7f830fef42266fcf1156112f0eb959046,11f4fe862570895441036964a9b308e92c2ee6ba8a87b5da9009ffd5208a4bda,2c6d6a597c6b1b321c4f632291c22dfe5788a058fe82fd65114a5a59d5d0be83,3a365f5dd3e9d410585a34695bb444d67b220c4b40a9348288a540078bc27f75
temporal,M2,False,2024-07-30,landsat-8,1064,69,0.9827566423755086,1.2163425575299311,0.8776769391567669,0.9701564958314576,True,3b188221263ad4673846ce5170fa622b5395e51a4aaa750114e1793d3986975b,55416c987a2d25f9177dd974307ae595761c1db31ecaa9d7561fb6c42d4d5e7c,00d1e59ce78baffbf9d24361ac8ba16a1d577b22cb193e15596627259190ed07,0c06b88fd09cd514745b699e6b6a7e12901db8d3247e42b582feaf1f7e91c04a,1eafe424a4c718d6a3b18cff938036f958858c70b344740788993b119bfbb04b,9c2f903993167fc2a228b3cfe60a23fe33f57f252bae6299458338cb8eb967ad,3f630dfcc8a1c2a19b093e7fe0f4bdc7f830fef42266fcf1156112f0eb959046,11f4fe862570895441036964a9b308e92c2ee6ba8a87b5da9009ffd5208a4bda,2c6d6a597c6b1b321c4f632291c22dfe5788a058fe82fd65114a5a59d5d0be83,3a365f5dd3e9d410585a34695bb444d67b220c4b40a9348288a540078bc27f75
temporal,M2,False,2024-08-07,landsat-9,849,67,2.1298705012527734,2.7300409942071653,2.0100999566214868,0.8302242950234093,True,3b188221263ad4673846ce5170fa622b5395e51a4aaa750114e1793d3986975b,55416c987a2d25f9177dd974307ae595761c1db31ecaa9d7561fb6c42d4d5e7c,00d1e59ce78baffbf9d24361ac8ba16a1d577b22cb193e15596627259190ed07,0c06b88fd09cd514745b699e6b6a7e12901db8d3247e42b582feaf1f7e91c04a,1eafe424a4c718d6a3b18cff938036f958858c70b344740788993b119bfbb04b,9c2f903993167fc2a228b3cfe60a23fe33f57f252bae6299458338cb8eb967ad,3f630dfcc8a1c2a19b093e7fe0f4bdc7f830fef42266fcf1156112f0eb959046,11f4fe862570895441036964a9b308e92c2ee6ba8a87b5da9009ffd5208a4bda,2c6d6a597c6b1b321c4f632291c22dfe5788a058fe82fd65114a5a59d5d0be83,3a365f5dd3e9d410585a34695bb444d67b220c4b40a9348288a540078bc27f75
temporal,M2,False,2024-08-15,landsat-8,1083,71,0.881864315924263,1.0823679057634958,0.47000402506940475,0.9389452031961604,True,3b188221263ad4673846ce5170fa622b5395e51a4aaa750114e1793d3986975b,55416c987a2d25f9177dd974307ae595761c1db31ecaa9d7561fb6c42d4d5e7c,00d1e59ce78baffbf9d24361ac8ba16a1d577b22cb193e15596627259190ed07,0c06b88fd09cd514745b699e6b6a7e12901db8d3247e42b582feaf1f7e91c04a,1eafe424a4c718d6a3b18cff938036f958858c70b344740788993b119bfbb04b,9c2f903993167fc2a228b3cfe60a23fe33f57f252bae6299458338cb8eb967ad,3f630dfcc8a1c2a19b093e7fe0f4bdc7f830fef42266fcf1156112f0eb959046,11f4fe862570895441036964a9b308e92c2ee6ba8a87b5da9009ffd5208a4bda,2c6d6a597c6b1b321c4f632291c22dfe5788a058fe82fd65114a5a59d5d0be83,3a365f5dd3e9d410585a34695bb444d67b220c4b40a9348288a540078bc27f75
temporal,M2,False,2024-08-23,landsat-9,1041,70,2.4478958552002292,3.2418689722048013,2.0916516542557124,0.5208970652944329,True,3b188221263ad4673846ce5170fa622b5395e51a4aaa750114e1793d3986975b,55416c987a2d25f9177dd974307ae595761c1db31ecaa9d7561fb6c42d4d5e7c,00d1e59ce78baffbf9d24361ac8ba16a1d577b22cb193e15596627259190ed07,0c06b88fd09cd514745b699e6b6a7e12901db8d3247e42b582feaf1f7e91c04a,1eafe424a4c718d6a3b18cff938036f958858c70b344740788993b119bfbb04b,9c2f903993167fc2a228b3cfe60a23fe33f57f252bae6299458338cb8eb967ad,3f630dfcc8a1c2a19b093e7fe0f4bdc7f830fef42266fcf1156112f0eb959046,11f4fe862570895441036964a9b308e92c2ee6ba8a87b5da9009ffd5208a4bda,2c6d6a597c6b1b321c4f632291c22dfe5788a058fe82fd65114a5a59d5d0be83,3a365f5dd3e9d410585a34695bb444d67b220c4b40a9348288a540078bc27f75
temporal,M2,False,2024-08-31,landsat-8,1048,66,1.1569131744047378,1.4766342345656043,0.5055625558580468,0.8848427090761336,True,3b188221263ad4673846ce5170fa622b5395e51a4aaa750114e1793d3986975b,55416c987a2d25f9177dd974307ae595761c1db31ecaa9d7561fb6c42d4d5e7c,00d1e59ce78baffbf9d24361ac8ba16a1d577b22cb193e15596627259190ed07,0c06b88fd09cd514745b699e6b6a7e12901db8d3247e42b582feaf1f7e91c04a,1eafe424a4c718d6a3b18cff938036f958858c70b344740788993b119bfbb04b,9c2f903993167fc2a228b3cfe60a23fe33f57f252bae6299458338cb8eb967ad,3f630dfcc8a1c2a19b093e7fe0f4bdc7f830fef42266fcf1156112f0eb959046,11f4fe862570895441036964a9b308e92c2ee6ba8a87b5da9009ffd5208a4bda,2c6d6a597c6b1b321c4f632291c22dfe5788a058fe82fd65114a5a59d5d0be83,3a365f5dd3e9d410585a34695bb444d67b220c4b40a9348288a540078bc27f75
temporal,M2,False,2024-09-08,landsat-9,1087,71,5.476337088483661,5.6086885800412025,-5.476337088483661,0.9093052591394448,True,3b188221263ad4673846ce5170fa622b5395e51a4aaa750114e1793d3986975b,55416c987a2d25f9177dd974307ae595761c1db31ecaa9d7561fb6c42d4d5e7c,00d1e59ce78baffbf9d24361ac8ba16a1d577b22cb193e15596627259190ed07,0c06b88fd09cd514745b699e6b6a7e12901db8d3247e42b582feaf1f7e91c04a,1eafe424a4c718d6a3b18cff938036f958858c70b344740788993b119bfbb04b,9c2f903993167fc2a228b3cfe60a23fe33f57f252bae6299458338cb8eb967ad,3f630dfcc8a1c2a19b093e7fe0f4bdc7f830fef42266fcf1156112f0eb959046,11f4fe862570895441036964a9b308e92c2ee6ba8a87b5da9009ffd5208a4bda,2c6d6a597c6b1b321c4f632291c22dfe5788a058fe82fd65114a5a59d5d0be83,3a365f5dd3e9d410585a34695bb444d67b220c4b40a9348288a540078bc27f75
temporal,M2,False,2024-09-24,landsat-9,641,50,2.9065664701344374,3.179878297634658,2.7912046828135537,0.8683758758062128,True,3b188221263ad4673846ce5170fa622b5395e51a4aaa750114e1793d3986975b,55416c987a2d25f9177dd974307ae595761c1db31ecaa9d7561fb6c42d4d5e7c,00d1e59ce78baffbf9d24361ac8ba16a1d577b22cb193e15596627259190ed07,0c06b88fd09cd514745b699e6b6a7e12901db8d3247e42b582feaf1f7e91c04a,1eafe424a4c718d6a3b18cff938036f958858c70b344740788993b119bfbb04b,9c2f903993167fc2a228b3cfe60a23fe33f57f252bae6299458338cb8eb967ad,3f630dfcc8a1c2a19b093e7fe0f4bdc7f830fef42266fcf1156112f0eb959046,11f4fe862570895441036964a9b308e92c2ee6ba8a87b5da9009ffd5208a4bda,2c6d6a597c6b1b321c4f632291c22dfe5788a058fe82fd65114a5a59d5d0be83,3a365f5dd3e9d410585a34695bb444d67b220c4b40a9348288a540078bc27f75
temporal,M2,False,2024-10-02,landsat-8,1001,63,0.7036996550073336,1.018887038098644,-0.14284101205641167,0.9584734943678985,True,3b188221263ad4673846ce5170fa622b5395e51a4aaa750114e1793d3986975b,55416c987a2d25f9177dd974307ae595761c1db31ecaa9d7561fb6c42d4d5e7c,00d1e59ce78baffbf9d24361ac8ba16a1d577b22cb193e15596627259190ed07,0c06b88fd09cd514745b699e6b6a7e12901db8d3247e42b582feaf1f7e91c04a,1eafe424a4c718d6a3b18cff938036f958858c70b344740788993b119bfbb04b,9c2f903993167fc2a228b3cfe60a23fe33f57f252bae6299458338cb8eb967ad,3f630dfcc8a1c2a19b093e7fe0f4bdc7f830fef42266fcf1156112f0eb959046,11f4fe862570895441036964a9b308e92c2ee6ba8a87b5da9009ffd5208a4bda,2c6d6a597c6b1b321c4f632291c22dfe5788a058fe82fd65114a5a59d5d0be83,3a365f5dd3e9d410585a34695bb444d67b220c4b40a9348288a540078bc27f75
temporal,M2,False,2024-10-10,landsat-9,870,58,2.208647474279991,2.417761526064653,2.2010096938362556,0.7473887834512117,True,3b188221263ad4673846ce5170fa622b5395e51a4aaa750114e1793d3986975b,55416c987a2d25f9177dd974307ae595761c1db31ecaa9d7561fb6c42d4d5e7c,00d1e59ce78baffbf9d24361ac8ba16a1d577b22cb193e15596627259190ed07,0c06b88fd09cd514745b699e6b6a7e12901db8d3247e42b582feaf1f7e91c04a,1eafe424a4c718d6a3b18cff938036f958858c70b344740788993b119bfbb04b,9c2f903993167fc2a228b3cfe60a23fe33f57f252bae6299458338cb8eb967ad,3f630dfcc8a1c2a19b093e7fe0f4bdc7f830fef42266fcf1156112f0eb959046,11f4fe862570895441036964a9b308e92c2ee6ba8a87b5da9009ffd5208a4bda,2c6d6a597c6b1b321c4f632291c22dfe5788a058fe82fd65114a5a59d5d0be83,3a365f5dd3e9d410585a34695bb444d67b220c4b40a9348288a540078bc27f75
temporal,M2,False,2024-10-18,landsat-8,1091,71,2.7049846803620126,3.249127424861564,2.527686520461597,0.40875021825803237,True,3b188221263ad4673846ce5170fa622b5395e51a4aaa750114e1793d3986975b,55416c987a2d25f9177dd974307ae595761c1db31ecaa9d7561fb6c42d4d5e7c,00d1e59ce78baffbf9d24361ac8ba16a1d577b22cb193e15596627259190ed07,0c06b88fd09cd514745b699e6b6a7e12901db8d3247e42b582feaf1f7e91c04a,1eafe424a4c718d6a3b18cff938036f958858c70b344740788993b119bfbb04b,9c2f903993167fc2a228b3cfe60a23fe33f57f252bae6299458338cb8eb967ad,3f630dfcc8a1c2a19b093e7fe0f4bdc7f830fef42266fcf1156112f0eb959046,11f4fe862570895441036964a9b308e92c2ee6ba8a87b5da9009ffd5208a4bda,2c6d6a597c6b1b321c4f632291c22dfe5788a058fe82fd65114a5a59d5d0be83,3a365f5dd3e9d410585a34695bb444d67b220c4b40a9348288a540078bc27f75
spatial,B0,False,2020-05-16,landsat-8,1061,69,4.061266489636016,4.604254172955988,-3.406506784613449,-0.593111177312372,True,3b188221263ad4673846ce5170fa622b5395e51a4aaa750114e1793d3986975b,55416c987a2d25f9177dd974307ae595761c1db31ecaa9d7561fb6c42d4d5e7c,00d1e59ce78baffbf9d24361ac8ba16a1d577b22cb193e15596627259190ed07,0c06b88fd09cd514745b699e6b6a7e12901db8d3247e42b582feaf1f7e91c04a,1eafe424a4c718d6a3b18cff938036f958858c70b344740788993b119bfbb04b,9c2f903993167fc2a228b3cfe60a23fe33f57f252bae6299458338cb8eb967ad,3f630dfcc8a1c2a19b093e7fe0f4bdc7f830fef42266fcf1156112f0eb959046,11f4fe862570895441036964a9b308e92c2ee6ba8a87b5da9009ffd5208a4bda,2c6d6a597c6b1b321c4f632291c22dfe5788a058fe82fd65114a5a59d5d0be83,3a365f5dd3e9d410585a34695bb444d67b220c4b40a9348288a540078bc27f75
spatial,B0,False,2020-07-03,landsat-8,1073,70,2.4352819407084136,3.270280201444271,1.4059575238654645,-0.7203775896184653,True,3b188221263ad4673846ce5170fa622b5395e51a4aaa750114e1793d3986975b,55416c987a2d25f9177dd974307ae595761c1db31ecaa9d7561fb6c42d4d5e7c,00d1e59ce78baffbf9d24361ac8ba16a1d577b22cb193e15596627259190ed07,0c06b88fd09cd514745b699e6b6a7e12901db8d3247e42b582feaf1f7e91c04a,1eafe424a4c718d6a3b18cff938036f958858c70b344740788993b119bfbb04b,9c2f903993167fc2a228b3cfe60a23fe33f57f252bae6299458338cb8eb967ad,3f630dfcc8a1c2a19b093e7fe0f4bdc7f830fef42266fcf1156112f0eb959046,11f4fe862570895441036964a9b308e92c2ee6ba8a87b5da9009ffd5208a4bda,2c6d6a597c6b1b321c4f632291c22dfe5788a058fe82fd65114a5a59d5d0be83,3a365f5dd3e9d410585a34695bb444d67b220c4b40a9348288a540078bc27f75
spatial,B0,False,2020-07-19,landsat-8,1050,68,2.7119304721030937,3.502276037009678,0.21875976397349425,-0.7846660943439998,True,3b188221263ad4673846ce5170fa622b5395e51a4aaa750114e1793d3986975b,55416c987a2d25f9177dd974307ae595761c1db31ecaa9d7561fb6c42d4d5e7c,00d1e59ce78baffbf9d24361ac8ba16a1d577b22cb193e15596627259190ed07,0c06b88fd09cd514745b699e6b6a7e12901db8d3247e42b582feaf1f7e91c04a,1eafe424a4c718d6a3b18cff938036f958858c70b344740788993b119bfbb04b,9c2f903993167fc2a228b3cfe60a23fe33f57f252bae6299458338cb8eb967ad,3f630dfcc8a1c2a19b093e7fe0f4bdc7f830fef42266fcf1156112f0eb959046,11f4fe862570895441036964a9b308e92c2ee6ba8a87b5da9009ffd5208a4bda,2c6d6a597c6b1b321c4f632291c22dfe5788a058fe82fd65114a5a59d5d0be83,3a365f5dd3e9d410585a34695bb444d67b220c4b40a9348288a540078bc27f75
spatial,B0,False,2020-08-20,landsat-8,1080,71,3.6254269459616326,4.026808556164453,-3.189970679090374,-0.6767770962557661,True,3b188221263ad4673846ce5170fa622b5395e51a4aaa750114e1793d3986975b,55416c987a2d25f9177dd974307ae595761c1db31ecaa9d7561fb6c42d4d5e7c,00d1e59ce78baffbf9d24361ac8ba16a1d577b22cb193e15596627259190ed07,0c06b88fd09cd514745b699e6b6a7e12901db8d3247e42b582feaf1f7e91c04a,1eafe424a4c718d6a3b18cff938036f958858c70b344740788993b119bfbb04b,9c2f903993167fc2a228b3cfe60a23fe33f57f252bae6299458338cb8eb967ad,3f630dfcc8a1c2a19b093e7fe0f4bdc7f830fef42266fcf1156112f0eb959046,11f4fe862570895441036964a9b308e92c2ee6ba8a87b5da9009ffd5208a4bda,2c6d6a597c6b1b321c4f632291c22dfe5788a058fe82fd65114a5a59d5d0be83,3a365f5dd3e9d410585a34695bb444d67b220c4b40a9348288a540078bc27f75
spatial,B0,False,2020-09-05,landsat-8,1086,71,7.564923847572301,8.213214637480341,-7.4633191541934405,-0.6714077633308657,True,3b188221263ad4673846ce5170fa622b5395e51a4aaa750114e1793d3986975b,55416c987a2d25f9177dd974307ae595761c1db31ecaa9d7561fb6c42d4d5e7c,00d1e59ce78baffbf9d24361ac8ba16a1d577b22cb193e15596627259190ed07,0c06b88fd09cd514745b699e6b6a7e12901db8d3247e42b582feaf1f7e91c04a,1eafe424a4c718d6a3b18cff938036f958858c70b344740788993b119bfbb04b,9c2f903993167fc2a228b3cfe60a23fe33f57f252bae6299458338cb8eb967ad,3f630dfcc8a1c2a19b093e7fe0f4bdc7f830fef42266fcf1156112f0eb959046,11f4fe862570895441036964a9b308e92c2ee6ba8a87b5da9009ffd5208a4bda,2c6d6a597c6b1b321c4f632291c22dfe5788a058fe82fd65114a5a59d5d0be83,3a365f5dd3e9d410585a34695bb444d67b220c4b40a9348288a540078bc27f75
spatial,B0,False,2020-09-21,landsat-8,1007,65,1.9967726940698522,2.62984589707877,1.8435461346702853,-0.6082383311953999,True,3b188221263ad4673846ce5170fa622b5395e51a4aaa750114e1793d3986975b,55416c987a2d25f9177dd974307ae595761c1db31ecaa9d7561fb6c42d4d5e7c,00d1e59ce78baffbf9d24361ac8ba16a1d577b22cb193e15596627259190ed07,0c06b88fd09cd514745b699e6b6a7e12901db8d3247e42b582feaf1f7e91c04a,1eafe424a4c718d6a3b18cff938036f958858c70b344740788993b119bfbb04b,9c2f903993167fc2a228b3cfe60a23fe33f57f252bae6299458338cb8eb967ad,3f630dfcc8a1c2a19b093e7fe0f4bdc7f830fef42266fcf1156112f0eb959046,11f4fe862570895441036964a9b308e92c2ee6ba8a87b5da9009ffd5208a4bda,2c6d6a597c6b1b321c4f632291c22dfe5788a058fe82fd65114a5a59d5d0be83,3a365f5dd3e9d410585a34695bb444d67b220c4b40a9348288a540078bc27f75
spatial,B0,False,2020-10-07,landsat-8,967,66,1.8238172544444071,2.2597819536393846,-0.7482982864280976,-0.7306253212985181,True,3b188221263ad4673846ce5170fa622b5395e51a4aaa750114e1793d3986975b,55416c987a2d25f9177dd974307ae595761c1db31ecaa9d7561fb6c42d4d5e7c,00d1e59ce78baffbf9d24361ac8ba16a1d577b22cb193e15596627259190ed07,0c06b88fd09cd514745b699e6b6a7e12901db8d3247e42b582feaf1f7e91c04a,1eafe424a4c718d6a3b18cff938036f958858c70b344740788993b119bfbb04b,9c2f903993167fc2a228b3cfe60a23fe33f57f252bae6299458338cb8eb967ad,3f630dfcc8a1c2a19b093e7fe0f4bdc7f830fef42266fcf1156112f0eb959046,11f4fe862570895441036964a9b308e92c2ee6ba8a87b5da9009ffd5208a4bda,2c6d6a597c6b1b321c4f632291c22dfe5788a058fe82fd65114a5a59d5d0be83,3a365f5dd3e9d410585a34695bb444d67b220c4b40a9348288a540078bc27f75
spatial,B0,False,2021-05-03,landsat-8,1019,64,2.6520894605023226,3.142237178921519,-1.8505472969357097,-0.6715065948105103,True,3b188221263ad4673846ce5170fa622b5395e51a4aaa750114e1793d3986975b,55416c987a2d25f9177dd974307ae595761c1db31ecaa9d7561fb6c42d4d5e7c,00d1e59ce78baffbf9d24361ac8ba16a1d577b22cb193e15596627259190ed07,0c06b88fd09cd514745b699e6b6a7e12901db8d3247e42b582feaf1f7e91c04a,1eafe424a4c718d6a3b18cff938036f958858c70b344740788993b119bfbb04b,9c2f903993167fc2a228b3cfe60a23fe33f57f252bae6299458338cb8eb967ad,3f630dfcc8a1c2a19b093e7fe0f4bdc7f830fef42266fcf1156112f0eb959046,11f4fe862570895441036964a9b308e92c2ee6ba8a87b5da9009ffd5208a4bda,2c6d6a597c6b1b321c4f632291c22dfe5788a058fe82fd65114a5a59d5d0be83,3a365f5dd3e9d410585a34695bb444d67b220c4b40a9348288a540078bc27f75
spatial,B0,False,2021-06-04,landsat-8,953,61,2.027768829993858,2.7092579907341157,1.1610645926474945,-0.6943791063672433,True,3b188221263ad4673846ce5170fa622b5395e51a4aaa750114e1793d3986975b,55416c987a2d25f9177dd974307ae595761c1db31ecaa9d7561fb6c42d4d5e7c,00d1e59ce78baffbf9d24361ac8ba16a1d577b22cb193e15596627259190ed07,0c06b88fd09cd514745b699e6b6a7e12901db8d3247e42b582feaf1f7e91c04a,1eafe424a4c718d6a3b18cff938036f958858c70b344740788993b119bfbb04b,9c2f903993167fc2a228b3cfe60a23fe33f57f252bae6299458338cb8eb967ad,3f630dfcc8a1c2a19b093e7fe0f4bdc7f830fef42266fcf1156112f0eb959046,11f4fe862570895441036964a9b308e92c2ee6ba8a87b5da9009ffd5208a4bda,2c6d6a597c6b1b321c4f632291c22dfe5788a058fe82fd65114a5a59d5d0be83,3a365f5dd3e9d410585a34695bb444d67b220c4b40a9348288a540078bc27f75
spatial,B0,False,2021-06-20,landsat-8,993,62,2.2169837186662056,3.159329060021528,1.2078174149541738,-0.7513210550671681,True,3b188221263ad4673846ce5170fa622b5395e51a4aaa750114e1793d3986975b,55416c987a2d25f9177dd974307ae595761c1db31ecaa9d7561fb6c42d4d5e7c,00d1e59ce78baffbf9d24361ac8ba16a1d577b22cb193e15596627259190ed07,0c06b88fd09cd514745b699e6b6a7e12901db8d3247e42b582feaf1f7e91c04a,1eafe424a4c718d6a3b18cff938036f958858c70b344740788993b119bfbb04b,9c2f903993167fc2a228b3cfe60a23fe33f57f252bae6299458338cb8eb967ad,3f630dfcc8a1c2a19b093e7fe0f4bdc7f830fef42266fcf1156112f0eb959046,11f4fe862570895441036964a9b308e92c2ee6ba8a87b5da9009ffd5208a4bda,2c6d6a597c6b1b321c4f632291c22dfe5788a058fe82fd65114a5a59d5d0be83,3a365f5dd3e9d410585a34695bb444d67b220c4b40a9348288a540078bc27f75
spatial,B0,False,2021-07-06,landsat-8,1068,66,2.1283801127945874,3.099305349799585,1.5463147690887697,-0.7310448616411984,True,3b188221263ad4673846ce5170fa622b5395e51a4aaa750114e1793d3986975b,55416c987a2d25f9177dd974307ae595761c1db31ecaa9d7561fb6c42d4d5e7c,00d1e59ce78baffbf9d24361ac8ba16a1d577b22cb193e15596627259190ed07,0c06b88fd09cd514745b699e6b6a7e12901db8d3247e42b582feaf1f7e91c04a,1eafe424a4c718d6a3b18cff938036f958858c70b344740788993b119bfbb04b,9c2f903993167fc2a228b3cfe60a23fe33f57f252bae6299458338cb8eb967ad,3f630dfcc8a1c2a19b093e7fe0f4bdc7f830fef42266fcf1156112f0eb959046,11f4fe862570895441036964a9b308e92c2ee6ba8a87b5da9009ffd5208a4bda,2c6d6a597c6b1b321c4f632291c22dfe5788a058fe82fd65114a5a59d5d0be83,3a365f5dd3e9d410585a34695bb444d67b220c4b40a9348288a540078bc27f75
spatial,B0,False,2021-08-07,landsat-8,1064,69,2.4513498820150694,3.4146206750348576,2.265845598389904,-0.7356049293482713,True,3b188221263ad4673846ce5170fa622b5395e51a4aaa750114e1793d3986975b,55416c987a2d25f9177dd974307ae595761c1db31ecaa9d7561fb6c42d4d5e7c,00d1e59ce78baffbf9d24361ac8ba16a1d577b22cb193e15596627259190ed07,0c06b88fd09cd514745b699e6b6a7e12901db8d3247e42b582feaf1f7e91c04a,1eafe424a4c718d6a3b18cff938036f958858c70b344740788993b119bfbb04b,9c2f903993167fc2a228b3cfe60a23fe33f57f252bae6299458338cb8eb967ad,3f630dfcc8a1c2a19b093e7fe0f4bdc7f830fef42266fcf1156112f0eb959046,11f4fe862570895441036964a9b308e92c2ee6ba8a87b5da9009ffd5208a4bda,2c6d6a597c6b1b321c4f632291c22dfe5788a058fe82fd65114a5a59d5d0be83,3a365f5dd3e9d410585a34695bb444d67b220c4b40a9348288a540078bc27f75
spatial,B0,False,2021-09-08,landsat-8,1020,65,2.3438064180551588,3.0668807909201043,2.1721147889461805,-0.7731302941314842,True,3b188221263ad4673846ce5170fa622b5395e51a4aaa750114e1793d3986975b,55416c987a2d25f9177dd974307ae595761c1db31ecaa9d7561fb6c42d4d5e7c,00d1e59ce78baffbf9d24361ac8ba16a1d577b22cb193e15596627259190ed07,0c06b88fd09cd514745b699e6b6a7e12901db8d3247e42b582feaf1f7e91c04a,1eafe424a4c718d6a3b18cff938036f958858c70b344740788993b119bfbb04b,9c2f903993167fc2a228b3cfe60a23fe33f57f252bae6299458338cb8eb967ad,3f630dfcc8a1c2a19b093e7fe0f4bdc7f830fef42266fcf1156112f0eb959046,11f4fe862570895441036964a9b308e92c2ee6ba8a87b5da9009ffd5208a4bda,2c6d6a597c6b1b321c4f632291c22dfe5788a058fe82fd65114a5a59d5d0be83,3a365f5dd3e9d410585a34695bb444d67b220c4b40a9348288a540078bc27f75
spatial,B0,False,2021-09-24,landsat-8,822,59,1.861975092363933,2.3676363571502304,1.8080596639045525,-0.6983992273802017,True,3b188221263ad4673846ce5170fa622b5395e51a4aaa750114e1793d3986975b,55416c987a2d25f9177dd974307ae595761c1db31ecaa9d7561fb6c42d4d5e7c,00d1e59ce78baffbf9d24361ac8ba16a1d577b22cb193e15596627259190ed07,0c06b88fd09cd514745b699e6b6a7e12901db8d3247e42b582feaf1f7e91c04a,1eafe424a4c718d6a3b18cff938036f958858c70b344740788993b119bfbb04b,9c2f903993167fc2a228b3cfe60a23fe33f57f252bae6299458338cb8eb967ad,3f630dfcc8a1c2a19b093e7fe0f4bdc7f830fef42266fcf1156112f0eb959046,11f4fe862570895441036964a9b308e92c2ee6ba8a87b5da9009ffd5208a4bda,2c6d6a597c6b1b321c4f632291c22dfe5788a058fe82fd65114a5a59d5d0be83,3a365f5dd3e9d410585a34695bb444d67b220c4b40a9348288a540078bc27f75
spatial,B0,False,2021-10-10,landsat-8,905,65,1.2567322855701055,1.760259924503045,0.859044557513144,-0.6350044142138496,True,3b188221263ad4673846ce5170fa622b5395e51a4aaa750114e1793d3986975b,55416c987a2d25f9177dd974307ae595761c1db31ecaa9d7561fb6c42d4d5e7c,00d1e59ce78baffbf9d24361ac8ba16a1d577b22cb193e15596627259190ed07,0c06b88fd09cd514745b699e6b6a7e12901db8d3247e42b582feaf1f7e91c04a,1eafe424a4c718d6a3b18cff938036f958858c70b344740788993b119bfbb04b,9c2f903993167fc2a228b3cfe60a23fe33f57f252bae6299458338cb8eb967ad,3f630dfcc8a1c2a19b093e7fe0f4bdc7f830fef42266fcf1156112f0eb959046,11f4fe862570895441036964a9b308e92c2ee6ba8a87b5da9009ffd5208a4bda,2c6d6a597c6b1b321c4f632291c22dfe5788a058fe82fd65114a5a59d5d0be83,3a365f5dd3e9d410585a34695bb444d67b220c4b40a9348288a540078bc27f75
spatial,B0,False,2021-10-26,landsat-8,1094,71,6.814906580810076,7.03830529282668,6.814906580810076,-0.2290384049145665,True,3b188221263ad4673846ce5170fa622b5395e51a4aaa750114e1793d3986975b,55416c987a2d25f9177dd974307ae595761c1db31ecaa9d7561fb6c42d4d5e7c,00d1e59ce78baffbf9d24361ac8ba16a1d577b22cb193e15596627259190ed07,0c06b88fd09cd514745b699e6b6a7e12901db8d3247e42b582feaf1f7e91c04a,1eafe424a4c718d6a3b18cff938036f958858c70b344740788993b119bfbb04b,9c2f903993167fc2a228b3cfe60a23fe33f57f252bae6299458338cb8eb967ad,3f630dfcc8a1c2a19b093e7fe0f4bdc7f830fef42266fcf1156112f0eb959046,11f4fe862570895441036964a9b308e92c2ee6ba8a87b5da9009ffd5208a4bda,2c6d6a597c6b1b321c4f632291c22dfe5788a058fe82fd65114a5a59d5d0be83,3a365f5dd3e9d410585a34695bb444d67b220c4b40a9348288a540078bc27f75
spatial,B0,False,2022-05-06,landsat-8,978,62,2.866709678781469,3.3898885654013227,-2.2906892839160164,-0.7117702097151521,True,3b188221263ad4673846ce5170fa622b5395e51a4aaa750114e1793d3986975b,55416c987a2d25f9177dd974307ae595761c1db31ecaa9d7561fb6c42d4d5e7c,00d1e59ce78baffbf9d24361ac8ba16a1d577b22cb193e15596627259190ed07,0c06b88fd09cd514745b699e6b6a7e12901db8d3247e42b582feaf1f7e91c04a,1eafe424a4c718d6a3b18cff938036f958858c70b344740788993b119bfbb04b,9c2f903993167fc2a228b3cfe60a23fe33f57f252bae6299458338cb8eb967ad,3f630dfcc8a1c2a19b093e7fe0f4bdc7f830fef42266fcf1156112f0eb959046,11f4fe862570895441036964a9b308e92c2ee6ba8a87b5da9009ffd5208a4bda,2c6d6a597c6b1b321c4f632291c22dfe5788a058fe82fd65114a5a59d5d0be83,3a365f5dd3e9d410585a34695bb444d67b220c4b40a9348288a540078bc27f75
spatial,B0,False,2022-05-14,landsat-9,989,69,7.08822068292526,7.71377715905174,-7.035572614705078,-0.4480373568758463,True,3b188221263ad4673846ce5170fa622b5395e51a4aaa750114e1793d3986975b,55416c987a2d25f9177dd974307ae595761c1db31ecaa9d7561fb6c42d4d5e7c,00d1e59ce78baffbf9d24361ac8ba16a1d577b22cb193e15596627259190ed07,0c06b88fd09cd514745b699e6b6a7e12901db8d3247e42b582feaf1f7e91c04a,1eafe424a4c718d6a3b18cff938036f958858c70b344740788993b119bfbb04b,9c2f903993167fc2a228b3cfe60a23fe33f57f252bae6299458338cb8eb967ad,3f630dfcc8a1c2a19b093e7fe0f4bdc7f830fef42266fcf1156112f0eb959046,11f4fe862570895441036964a9b308e92c2ee6ba8a87b5da9009ffd5208a4bda,2c6d6a597c6b1b321c4f632291c22dfe5788a058fe82fd65114a5a59d5d0be83,3a365f5dd3e9d410585a34695bb444d67b220c4b40a9348288a540078bc27f75
spatial,B0,False,2022-05-22,landsat-8,818,58,2.736672620499276,3.326469675271042,2.2571832953481907,-0.6814144655946147,True,3b188221263ad4673846ce5170fa622b5395e51a4aaa750114e1793d3986975b,55416c987a2d25f9177dd974307ae595761c1db31ecaa9d7561fb6c42d4d5e7c,00d1e59ce78baffbf9d24361ac8ba16a1d577b22cb193e15596627259190ed07,0c06b88fd09cd514745b699e6b6a7e12901db8d3247e42b582feaf1f7e91c04a,1eafe424a4c718d6a3b18cff938036f958858c70b344740788993b119bfbb04b,9c2f903993167fc2a228b3cfe60a23fe33f57f252bae6299458338cb8eb967ad,3f630dfcc8a1c2a19b093e7fe0f4bdc7f830fef42266fcf1156112f0eb959046,11f4fe862570895441036964a9b308e92c2ee6ba8a87b5da9009ffd5208a4bda,2c6d6a597c6b1b321c4f632291c22dfe5788a058fe82fd65114a5a59d5d0be83,3a365f5dd3e9d410585a34695bb444d67b220c4b40a9348288a540078bc27f75
spatial,B0,False,2022-05-30,landsat-9,1055,67,1.944341436457839,2.660613285955476,0.8157357166051891,-0.7476094136068188,True,3b188221263ad4673846ce5170fa622b5395e51a4aaa750114e1793d3986975b,55416c987a2d25f9177dd974307ae595761c1db31ecaa9d7561fb6c42d4d5e7c,00d1e59ce78baffbf9d24361ac8ba16a1d577b22cb193e15596627259190ed07,0c06b88fd09cd514745b699e6b6a7e12901db8d3247e42b582feaf1f7e91c04a,1eafe424a4c718d6a3b18cff938036f958858c70b344740788993b119bfbb04b,9c2f903993167fc2a228b3cfe60a23fe33f57f252bae6299458338cb8eb967ad,3f630dfcc8a1c2a19b093e7fe0f4bdc7f830fef42266fcf1156112f0eb959046,11f4fe862570895441036964a9b308e92c2ee6ba8a87b5da9009ffd5208a4bda,2c6d6a597c6b1b321c4f632291c22dfe5788a058fe82fd65114a5a59d5d0be83,3a365f5dd3e9d410585a34695bb444d67b220c4b40a9348288a540078bc27f75
spatial,B0,False,2022-06-07,landsat-8,967,61,1.9301565092879795,2.565910616817034,0.16424287164839735,-0.6698172778184441,True,3b188221263ad4673846ce5170fa622b5395e51a4aaa750114e1793d3986975b,55416c987a2d25f9177dd974307ae595761c1db31ecaa9d7561fb6c42d4d5e7c,00d1e59ce78baffbf9d24361ac8ba16a1d577b22cb193e15596627259190ed07,0c06b88fd09cd514745b699e6b6a7e12901db8d3247e42b582feaf1f7e91c04a,1eafe424a4c718d6a3b18cff938036f958858c70b344740788993b119bfbb04b,9c2f903993167fc2a228b3cfe60a23fe33f57f252bae6299458338cb8eb967ad,3f630dfcc8a1c2a19b093e7fe0f4bdc7f830fef42266fcf1156112f0eb959046,11f4fe862570895441036964a9b308e92c2ee6ba8a87b5da9009ffd5208a4bda,2c6d6a597c6b1b321c4f632291c22dfe5788a058fe82fd65114a5a59d5d0be83,3a365f5dd3e9d410585a34695bb444d67b220c4b40a9348288a540078bc27f75
spatial,B0,False,2022-06-15,landsat-9,1067,69,2.094473792017981,2.821597631533642,0.5591940094146036,-0.7686797172612323,True,3b188221263ad4673846ce5170fa622b5395e51a4aaa750114e1793d3986975b,55416c987a2d25f9177dd974307ae595761c1db31ecaa9d7561fb6c42d4d5e7c,00d1e59ce78baffbf9d24361ac8ba16a1d577b22cb193e15596627259190ed07,0c06b88fd09cd514745b699e6b6a7e12901db8d3247e42b582feaf1f7e91c04a,1eafe424a4c718d6a3b18cff938036f958858c70b344740788993b119bfbb04b,9c2f903993167fc2a228b3cfe60a23fe33f57f252bae6299458338cb8eb967ad,3f630dfcc8a1c2a19b093e7fe0f4bdc7f830fef42266fcf1156112f0eb959046,11f4fe862570895441036964a9b308e92c2ee6ba8a87b5da9009ffd5208a4bda,2c6d6a597c6b1b321c4f632291c22dfe5788a058fe82fd65114a5a59d5d0be83,3a365f5dd3e9d410585a34695bb444d67b220c4b40a9348288a540078bc27f75
spatial,B0,False,2022-06-23,landsat-8,1059,69,2.9821708269068234,3.680848767596889,-0.836485347434015,-0.7805025232128092,True,3b188221263ad4673846ce5170fa622b5395e51a4aaa750114e1793d3986975b,55416c987a2d25f9177dd974307ae595761c1db31ecaa9d7561fb6c42d4d5e7c,00d1e59ce78baffbf9d24361ac8ba16a1d577b22cb193e15596627259190ed07,0c06b88fd09cd514745b699e6b6a7e12901db8d3247e42b582feaf1f7e91c04a,1eafe424a4c718d6a3b18cff938036f958858c70b344740788993b119bfbb04b,9c2f903993167fc2a228b3cfe60a23fe33f57f252bae6299458338cb8eb967ad,3f630dfcc8a1c2a19b093e7fe0f4bdc7f830fef42266fcf1156112f0eb959046,11f4fe862570895441036964a9b308e92c2ee6ba8a87b5da9009ffd5208a4bda,2c6d6a597c6b1b321c4f632291c22dfe5788a058fe82fd65114a5a59d5d0be83,3a365f5dd3e9d410585a34695bb444d67b220c4b40a9348288a540078bc27f75
spatial,B0,False,2022-07-01,landsat-9,1072,70,1.9423104520298748,2.6280338991946257,0.4184745631756009,-0.7287364007607173,True,3b188221263ad4673846ce5170fa622b5395e51a4aaa750114e1793d3986975b,55416c987a2d25f9177dd974307ae595761c1db31ecaa9d7561fb6c42d4d5e7c,00d1e59ce78baffbf9d24361ac8ba16a1d577b22cb193e15596627259190ed07,0c06b88fd09cd514745b699e6b6a7e12901db8d3247e42b582feaf1f7e91c04a,1eafe424a4c718d6a3b18cff938036f958858c70b344740788993b119bfbb04b,9c2f903993167fc2a228b3cfe60a23fe33f57f252bae6299458338cb8eb967ad,3f630dfcc8a1c2a19b093e7fe0f4bdc7f830fef42266fcf1156112f0eb959046,11f4fe862570895441036964a9b308e92c2ee6ba8a87b5da9009ffd5208a4bda,2c6d6a597c6b1b321c4f632291c22dfe5788a058fe82fd65114a5a59d5d0be83,3a365f5dd3e9d410585a34695bb444d67b220c4b40a9348288a540078bc27f75
spatial,B0,False,2022-07-09,landsat-8,1050,67,2.6968022279366646,3.4382705651287497,0.49294315211511774,-0.7639527114367359,True,3b188221263ad4673846ce5170fa622b5395e51a4aaa750114e1793d3986975b,55416c987a2d25f9177dd974307ae595761c1db31ecaa9d7561fb6c42d4d5e7c,00d1e59ce78baffbf9d24361ac8ba16a1d577b22cb193e15596627259190ed07,0c06b88fd09cd514745b699e6b6a7e12901db8d3247e42b582feaf1f7e91c04a,1eafe424a4c718d6a3b18cff938036f958858c70b344740788993b119bfbb04b,9c2f903993167fc2a228b3cfe60a23fe33f57f252bae6299458338cb8eb967ad,3f630dfcc8a1c2a19b093e7fe0f4bdc7f830fef42266fcf1156112f0eb959046,11f4fe862570895441036964a9b308e92c2ee6ba8a87b5da9009ffd5208a4bda,2c6d6a597c6b1b321c4f632291c22dfe5788a058fe82fd65114a5a59d5d0be83,3a365f5dd3e9d410585a34695bb444d67b220c4b40a9348288a540078bc27f75
spatial,B0,False,2022-07-17,landsat-9,1008,69,5.561848820326654,6.010633527941757,-5.396054052120572,-0.6921140031097893,True,3b188221263ad4673846ce5170fa622b5395e51a4aaa750114e1793d3986975b,55416c987a2d25f9177dd974307ae595761c1db31ecaa9d7561fb6c42d4d5e7c,00d1e59ce78baffbf9d24361ac8ba16a1d577b22cb193e15596627259190ed07,0c06b88fd09cd514745b699e6b6a7e12901db8d3247e42b582feaf1f7e91c04a,1eafe424a4c718d6a3b18cff938036f958858c70b344740788993b119bfbb04b,9c2f903993167fc2a228b3cfe60a23fe33f57f252bae6299458338cb8eb967ad,3f630dfcc8a1c2a19b093e7fe0f4bdc7f830fef42266fcf1156112f0eb959046,11f4fe862570895441036964a9b308e92c2ee6ba8a87b5da9009ffd5208a4bda,2c6d6a597c6b1b321c4f632291c22dfe5788a058fe82fd65114a5a59d5d0be83,3a365f5dd3e9d410585a34695bb444d67b220c4b40a9348288a540078bc27f75
spatial,B0,False,2022-07-25,landsat-8,1054,68,2.153427118706634,3.064493853419827,1.7332284037360661,-0.7582065785793622,True,3b188221263ad4673846ce5170fa622b5395e51a4aaa750114e1793d3986975b,55416c987a2d25f9177dd974307ae595761c1db31ecaa9d7561fb6c42d4d5e7c,00d1e59ce78baffbf9d24361ac8ba16a1d577b22cb193e15596627259190ed07,0c06b88fd09cd514745b699e6b6a7e12901db8d3247e42b582feaf1f7e91c04a,1eafe424a4c718d6a3b18cff938036f958858c70b344740788993b119bfbb04b,9c2f903993167fc2a228b3cfe60a23fe33f57f252bae6299458338cb8eb967ad,3f630dfcc8a1c2a19b093e7fe0f4bdc7f830fef42266fcf1156112f0eb959046,11f4fe862570895441036964a9b308e92c2ee6ba8a87b5da9009ffd5208a4bda,2c6d6a597c6b1b321c4f632291c22dfe5788a058fe82fd65114a5a59d5d0be83,3a365f5dd3e9d410585a34695bb444d67b220c4b40a9348288a540078bc27f75
spatial,B0,False,2022-08-02,landsat-9,1026,67,2.613202484969765,3.2091412521696046,0.3244235516486153,-0.7576206386130637,True,3b188221263ad4673846ce5170fa622b5395e51a4aaa750114e1793d3986975b,55416c987a2d25f9177dd974307ae595761c1db31ecaa9d7561fb6c42d4d5e7c,00d1e59ce78baffbf9d24361ac8ba16a1d577b22cb193e15596627259190ed07,0c06b88fd09cd514745b699e6b6a7e12901db8d3247e42b582feaf1f7e91c04a,1eafe424a4c718d6a3b18cff938036f958858c70b344740788993b119bfbb04b,9c2f903993167fc2a228b3cfe60a23fe33f57f252bae6299458338cb8eb967ad,3f630dfcc8a1c2a19b093e7fe0f4bdc7f830fef42266fcf1156112f0eb959046,11f4fe862570895441036964a9b308e92c2ee6ba8a87b5da9009ffd5208a4bda,2c6d6a597c6b1b321c4f632291c22dfe5788a058fe82fd65114a5a59d5d0be83,3a365f5dd3e9d410585a34695bb444d67b220c4b40a9348288a540078bc27f75
spatial,B0,False,2022-08-18,landsat-9,1034,66,2.973925545296181,3.65335461368672,-1.0665345956265324,-0.7463083909614642,True,3b188221263ad4673846ce5170fa622b5395e51a4aaa750114e1793d3986975b,55416c987a2d25f9177dd974307ae595761c1db31ecaa9d7561fb6c42d4d5e7c,00d1e59ce78baffbf9d24361ac8ba16a1d577b22cb193e15596627259190ed07,0c06b88fd09cd514745b699e6b6a7e12901db8d3247e42b582feaf1f7e91c04a,1eafe424a4c718d6a3b18cff938036f958858c70b344740788993b119bfbb04b,9c2f903993167fc2a228b3cfe60a23fe33f57f252bae6299458338cb8eb967ad,3f630dfcc8a1c2a19b093e7fe0f4bdc7f830fef42266fcf1156112f0eb959046,11f4fe862570895441036964a9b308e92c2ee6ba8a87b5da9009ffd5208a4bda,2c6d6a597c6b1b321c4f632291c22dfe5788a058fe82fd65114a5a59d5d0be83,3a365f5dd3e9d410585a34695bb444d67b220c4b40a9348288a540078bc27f75
spatial,B0,False,2022-08-26,landsat-8,1058,69,3.046871421186232,3.632652401028278,-1.8760117797044356,-0.8016661106747577,True,3b188221263ad4673846ce5170fa622b5395e51a4aaa750114e1793d3986975b,55416c987a2d25f9177dd974307ae595761c1db31ecaa9d7561fb6c42d4d5e7c,00d1e59ce78baffbf9d24361ac8ba16a1d577b22cb193e15596627259190ed07,0c06b88fd09cd514745b699e6b6a7e12901db8d3247e42b582feaf1f7e91c04a,1eafe424a4c718d6a3b18cff938036f958858c70b344740788993b119bfbb04b,9c2f903993167fc2a228b3cfe60a23fe33f57f252bae6299458338cb8eb967ad,3f630dfcc8a1c2a19b093e7fe0f4bdc7f830fef42266fcf1156112f0eb959046,11f4fe862570895441036964a9b308e92c2ee6ba8a87b5da9009ffd5208a4bda,2c6d6a597c6b1b321c4f632291c22dfe5788a058fe82fd65114a5a59d5d0be83,3a365f5dd3e9d410585a34695bb444d67b220c4b40a9348288a540078bc27f75
spatial,B0,False,2022-09-03,landsat-9,1085,71,8.850615771360543,9.24214914328076,-8.844338541107469,-0.7705606803917291,True,3b188221263ad4673846ce5170fa622b5395e51a4aaa750114e1793d3986975b,55416c987a2d25f9177dd974307ae595761c1db31ecaa9d7561fb6c42d4d5e7c,00d1e59ce78baffbf9d24361ac8ba16a1d577b22cb193e15596627259190ed07,0c06b88fd09cd514745b699e6b6a7e12901db8d3247e42b582feaf1f7e91c04a,1eafe424a4c718d6a3b18cff938036f958858c70b344740788993b119bfbb04b,9c2f903993167fc2a228b3cfe60a23fe33f57f252bae6299458338cb8eb967ad,3f630dfcc8a1c2a19b093e7fe0f4bdc7f830fef42266fcf1156112f0eb959046,11f4fe862570895441036964a9b308e92c2ee6ba8a87b5da9009ffd5208a4bda,2c6d6a597c6b1b321c4f632291c22dfe5788a058fe82fd65114a5a59d5d0be83,3a365f5dd3e9d410585a34695bb444d67b220c4b40a9348288a540078bc27f75
spatial,B0,False,2022-09-27,landsat-8,1081,71,5.3620145873285825,5.9553888306997464,-5.294451417865875,-0.7219222944459188,True,3b188221263ad4673846ce5170fa622b5395e51a4aaa750114e1793d3986975b,55416c987a2d25f9177dd974307ae595761c1db31ecaa9d7561fb6c42d4d5e7c,00d1e59ce78baffbf9d24361ac8ba16a1d577b22cb193e15596627259190ed07,0c06b88fd09cd514745b699e6b6a7e12901db8d3247e42b582feaf1f7e91c04a,1eafe424a4c718d6a3b18cff938036f958858c70b344740788993b119bfbb04b,9c2f903993167fc2a228b3cfe60a23fe33f57f252bae6299458338cb8eb967ad,3f630dfcc8a1c2a19b093e7fe0f4bdc7f830fef42266fcf1156112f0eb959046,11f4fe862570895441036964a9b308e92c2ee6ba8a87b5da9009ffd5208a4bda,2c6d6a597c6b1b321c4f632291c22dfe5788a058fe82fd65114a5a59d5d0be83,3a365f5dd3e9d410585a34695bb444d67b220c4b40a9348288a540078bc27f75
spatial,B0,False,2022-10-05,landsat-9,921,59,1.62916047259054,1.9430525443218056,-0.5573885439558727,-0.7582079604577202,True,3b188221263ad4673846ce5170fa622b5395e51a4aaa750114e1793d3986975b,55416c987a2d25f9177dd974307ae595761c1db31ecaa9d7561fb6c42d4d5e7c,00d1e59ce78baffbf9d24361ac8ba16a1d577b22cb193e15596627259190ed07,0c06b88fd09cd514745b699e6b6a7e12901db8d3247e42b582feaf1f7e91c04a,1eafe424a4c718d6a3b18cff938036f958858c70b344740788993b119bfbb04b,9c2f903993167fc2a228b3cfe60a23fe33f57f252bae6299458338cb8eb967ad,3f630dfcc8a1c2a19b093e7fe0f4bdc7f830fef42266fcf1156112f0eb959046,11f4fe862570895441036964a9b308e92c2ee6ba8a87b5da9009ffd5208a4bda,2c6d6a597c6b1b321c4f632291c22dfe5788a058fe82fd65114a5a59d5d0be83,3a365f5dd3e9d410585a34695bb444d67b220c4b40a9348288a540078bc27f75
spatial,B0,False,2022-10-21,landsat-9,701,63,1.190211943131367,1.4655804220164683,-0.6270149214776243,-0.6381514546210396,True,3b188221263ad4673846ce5170fa622b5395e51a4aaa750114e1793d3986975b,55416c987a2d25f9177dd974307ae595761c1db31ecaa9d7561fb6c42d4d5e7c,00d1e59ce78baffbf9d24361ac8ba16a1d577b22cb193e15596627259190ed07,0c06b88fd09cd514745b699e6b6a7e12901db8d3247e42b582feaf1f7e91c04a,1eafe424a4c718d6a3b18cff938036f958858c70b344740788993b119bfbb04b,9c2f903993167fc2a228b3cfe60a23fe33f57f252bae6299458338cb8eb967ad,3f630dfcc8a1c2a19b093e7fe0f4bdc7f830fef42266fcf1156112f0eb959046,11f4fe862570895441036964a9b308e92c2ee6ba8a87b5da9009ffd5208a4bda,2c6d6a597c6b1b321c4f632291c22dfe5788a058fe82fd65114a5a59d5d0be83,3a365f5dd3e9d410585a34695bb444d67b220c4b40a9348288a540078bc27f75
spatial,B0,False,2022-10-29,landsat-8,969,67,1.4131845814126074,1.9340917863870206,1.326962207279276,-0.626921396112964,True,3b188221263ad4673846ce5170fa622b5395e51a4aaa750114e1793d3986975b,55416c987a2d25f9177dd974307ae595761c1db31ecaa9d7561fb6c42d4d5e7c,00d1e59ce78baffbf9d24361ac8ba16a1d577b22cb193e15596627259190ed07,0c06b88fd09cd514745b699e6b6a7e12901db8d3247e42b582feaf1f7e91c04a,1eafe424a4c718d6a3b18cff938036f958858c70b344740788993b119bfbb04b,9c2f903993167fc2a228b3cfe60a23fe33f57f252bae6299458338cb8eb967ad,3f630dfcc8a1c2a19b093e7fe0f4bdc7f830fef42266fcf1156112f0eb959046,11f4fe862570895441036964a9b308e92c2ee6ba8a87b5da9009ffd5208a4bda,2c6d6a597c6b1b321c4f632291c22dfe5788a058fe82fd65114a5a59d5d0be83,3a365f5dd3e9d410585a34695bb444d67b220c4b40a9348288a540078bc27f75
spatial,B0,False,2023-05-17,landsat-9,788,52,1.6405987096941461,2.1344859398316567,0.28409148946216617,-0.5251439082223316,True,3b188221263ad4673846ce5170fa622b5395e51a4aaa750114e1793d3986975b,55416c987a2d25f9177dd974307ae595761c1db31ecaa9d7561fb6c42d4d5e7c,00d1e59ce78baffbf9d24361ac8ba16a1d577b22cb193e15596627259190ed07,0c06b88fd09cd514745b699e6b6a7e12901db8d3247e42b582feaf1f7e91c04a,1eafe424a4c718d6a3b18cff938036f958858c70b344740788993b119bfbb04b,9c2f903993167fc2a228b3cfe60a23fe33f57f252bae6299458338cb8eb967ad,3f630dfcc8a1c2a19b093e7fe0f4bdc7f830fef42266fcf1156112f0eb959046,11f4fe862570895441036964a9b308e92c2ee6ba8a87b5da9009ffd5208a4bda,2c6d6a597c6b1b321c4f632291c22dfe5788a058fe82fd65114a5a59d5d0be83,3a365f5dd3e9d410585a34695bb444d67b220c4b40a9348288a540078bc27f75
spatial,B0,False,2023-06-26,landsat-8,1038,62,2.7100924887172493,3.5979639313706318,2.364451114726054,-0.7375327419749943,True,3b188221263ad4673846ce5170fa622b5395e51a4aaa750114e1793d3986975b,55416c987a2d25f9177dd974307ae595761c1db31ecaa9d7561fb6c42d4d5e7c,00d1e59ce78baffbf9d24361ac8ba16a1d577b22cb193e15596627259190ed07,0c06b88fd09cd514745b699e6b6a7e12901db8d3247e42b582feaf1f7e91c04a,1eafe424a4c718d6a3b18cff938036f958858c70b344740788993b119bfbb04b,9c2f903993167fc2a228b3cfe60a23fe33f57f252bae6299458338cb8eb967ad,3f630dfcc8a1c2a19b093e7fe0f4bdc7f830fef42266fcf1156112f0eb959046,11f4fe862570895441036964a9b308e92c2ee6ba8a87b5da9009ffd5208a4bda,2c6d6a597c6b1b321c4f632291c22dfe5788a058fe82fd65114a5a59d5d0be83,3a365f5dd3e9d410585a34695bb444d67b220c4b40a9348288a540078bc27f75
spatial,B0,False,2023-07-04,landsat-9,1059,66,4.493392453496537,5.180207739151155,4.493392453496537,-0.6278802985713143,True,3b188221263ad4673846ce5170fa622b5395e51a4aaa750114e1793d3986975b,55416c987a2d25f9177dd974307ae595761c1db31ecaa9d7561fb6c42d4d5e7c,00d1e59ce78baffbf9d24361ac8ba16a1d577b22cb193e15596627259190ed07,0c06b88fd09cd514745b699e6b6a7e12901db8d3247e42b582feaf1f7e91c04a,1eafe424a4c718d6a3b18cff938036f958858c70b344740788993b119bfbb04b,9c2f903993167fc2a228b3cfe60a23fe33f57f252bae6299458338cb8eb967ad,3f630dfcc8a1c2a19b093e7fe0f4bdc7f830fef42266fcf1156112f0eb959046,11f4fe862570895441036964a9b308e92c2ee6ba8a87b5da9009ffd5208a4bda,2c6d6a597c6b1b321c4f632291c22dfe5788a058fe82fd65114a5a59d5d0be83,3a365f5dd3e9d410585a34695bb444d67b220c4b40a9348288a540078bc27f75
spatial,B0,False,2023-07-12,landsat-8,1060,69,3.286777730503239,3.721771984489368,-2.30956229177011,-0.6954837595662149,True,3b188221263ad4673846ce5170fa622b5395e51a4aaa750114e1793d3986975b,55416c987a2d25f9177dd974307ae595761c1db31ecaa9d7561fb6c42d4d5e7c,00d1e59ce78baffbf9d24361ac8ba16a1d577b22cb193e15596627259190ed07,0c06b88fd09cd514745b699e6b6a7e12901db8d3247e42b582feaf1f7e91c04a,1eafe424a4c718d6a3b18cff938036f958858c70b344740788993b119bfbb04b,9c2f903993167fc2a228b3cfe60a23fe33f57f252bae6299458338cb8eb967ad,3f630dfcc8a1c2a19b093e7fe0f4bdc7f830fef42266fcf1156112f0eb959046,11f4fe862570895441036964a9b308e92c2ee6ba8a87b5da9009ffd5208a4bda,2c6d6a597c6b1b321c4f632291c22dfe5788a058fe82fd65114a5a59d5d0be83,3a365f5dd3e9d410585a34695bb444d67b220c4b40a9348288a540078bc27f75
spatial,B0,False,2023-07-20,landsat-9,1072,69,3.392129318686039,4.0940897087154,-1.8127997801034843,-0.7635987171748948,True,3b188221263ad4673846ce5170fa622b5395e51a4aaa750114e1793d3986975b,55416c987a2d25f9177dd974307ae595761c1db31ecaa9d7561fb6c42d4d5e7c,00d1e59ce78baffbf9d24361ac8ba16a1d577b22cb193e15596627259190ed07,0c06b88fd09cd514745b699e6b6a7e12901db8d3247e42b582feaf1f7e91c04a,1eafe424a4c718d6a3b18cff938036f958858c70b344740788993b119bfbb04b,9c2f903993167fc2a228b3cfe60a23fe33f57f252bae6299458338cb8eb967ad,3f630dfcc8a1c2a19b093e7fe0f4bdc7f830fef42266fcf1156112f0eb959046,11f4fe862570895441036964a9b308e92c2ee6ba8a87b5da9009ffd5208a4bda,2c6d6a597c6b1b321c4f632291c22dfe5788a058fe82fd65114a5a59d5d0be83,3a365f5dd3e9d410585a34695bb444d67b220c4b40a9348288a540078bc27f75
spatial,B0,False,2023-07-28,landsat-8,983,66,2.1550560637419625,2.905189961633834,0.5359127281785798,-0.7167820853922253,True,3b188221263ad4673846ce5170fa622b5395e51a4aaa750114e1793d3986975b,55416c987a2d25f9177dd974307ae595761c1db31ecaa9d7561fb6c42d4d5e7c,00d1e59ce78baffbf9d24361ac8ba16a1d577b22cb193e15596627259190ed07,0c06b88fd09cd514745b699e6b6a7e12901db8d3247e42b582feaf1f7e91c04a,1eafe424a4c718d6a3b18cff938036f958858c70b344740788993b119bfbb04b,9c2f903993167fc2a228b3cfe60a23fe33f57f252bae6299458338cb8eb967ad,3f630dfcc8a1c2a19b093e7fe0f4bdc7f830fef42266fcf1156112f0eb959046,11f4fe862570895441036964a9b308e92c2ee6ba8a87b5da9009ffd5208a4bda,2c6d6a597c6b1b321c4f632291c22dfe5788a058fe82fd65114a5a59d5d0be83,3a365f5dd3e9d410585a34695bb444d67b220c4b40a9348288a540078bc27f75
spatial,B0,False,2023-08-05,landsat-9,1076,69,2.6874758449079628,3.5315057859654626,0.7784991185639952,-0.7917322693460319,True,3b188221263ad4673846ce5170fa622b5395e51a4aaa750114e1793d3986975b,55416c987a2d25f9177dd974307ae595761c1db31ecaa9d7561fb6c42d4d5e7c,00d1e59ce78baffbf9d24361ac8ba16a1d577b22cb193e15596627259190ed07,0c06b88fd09cd514745b699e6b6a7e12901db8d3247e42b582feaf1f7e91c04a,1eafe424a4c718d6a3b18cff938036f958858c70b344740788993b119bfbb04b,9c2f903993167fc2a228b3cfe60a23fe33f57f252bae6299458338cb8eb967ad,3f630dfcc8a1c2a19b093e7fe0f4bdc7f830fef42266fcf1156112f0eb959046,11f4fe862570895441036964a9b308e92c2ee6ba8a87b5da9009ffd5208a4bda,2c6d6a597c6b1b321c4f632291c22dfe5788a058fe82fd65114a5a59d5d0be83,3a365f5dd3e9d410585a34695bb444d67b220c4b40a9348288a540078bc27f75
spatial,B0,False,2023-08-13,landsat-8,1063,68,2.0948700089487864,2.8963860167464506,1.1832826046608633,-0.7495809233957793,True,3b188221263ad4673846ce5170fa622b5395e51a4aaa750114e1793d3986975b,55416c987a2d25f9177dd974307ae595761c1db31ecaa9d7561fb6c42d4d5e7c,00d1e59ce78baffbf9d24361ac8ba16a1d577b22cb193e15596627259190ed07,0c06b88fd09cd514745b699e6b6a7e12901db8d3247e42b582feaf1f7e91c04a,1eafe424a4c718d6a3b18cff938036f958858c70b344740788993b119bfbb04b,9c2f903993167fc2a228b3cfe60a23fe33f57f252bae6299458338cb8eb967ad,3f630dfcc8a1c2a19b093e7fe0f4bdc7f830fef42266fcf1156112f0eb959046,11f4fe862570895441036964a9b308e92c2ee6ba8a87b5da9009ffd5208a4bda,2c6d6a597c6b1b321c4f632291c22dfe5788a058fe82fd65114a5a59d5d0be83,3a365f5dd3e9d410585a34695bb444d67b220c4b40a9348288a540078bc27f75
spatial,B0,False,2023-08-29,landsat-8,1088,71,3.4059897818370337,3.869141987449762,-2.53840660915947,-0.7671973465009847,True,3b188221263ad4673846ce5170fa622b5395e51a4aaa750114e1793d3986975b,55416c987a2d25f9177dd974307ae595761c1db31ecaa9d7561fb6c42d4d5e7c,00d1e59ce78baffbf9d24361ac8ba16a1d577b22cb193e15596627259190ed07,0c06b88fd09cd514745b699e6b6a7e12901db8d3247e42b582feaf1f7e91c04a,1eafe424a4c718d6a3b18cff938036f958858c70b344740788993b119bfbb04b,9c2f903993167fc2a228b3cfe60a23fe33f57f252bae6299458338cb8eb967ad,3f630dfcc8a1c2a19b093e7fe0f4bdc7f830fef42266fcf1156112f0eb959046,11f4fe862570895441036964a9b308e92c2ee6ba8a87b5da9009ffd5208a4bda,2c6d6a597c6b1b321c4f632291c22dfe5788a058fe82fd65114a5a59d5d0be83,3a365f5dd3e9d410585a34695bb444d67b220c4b40a9348288a540078bc27f75
spatial,B0,False,2023-09-14,landsat-8,634,53,2.729251389910427,3.2789107655080127,2.7108718964906915,-0.43979666892536645,True,3b188221263ad4673846ce5170fa622b5395e51a4aaa750114e1793d3986975b,55416c987a2d25f9177dd974307ae595761c1db31ecaa9d7561fb6c42d4d5e7c,00d1e59ce78baffbf9d24361ac8ba16a1d577b22cb193e15596627259190ed07,0c06b88fd09cd514745b699e6b6a7e12901db8d3247e42b582feaf1f7e91c04a,1eafe424a4c718d6a3b18cff938036f958858c70b344740788993b119bfbb04b,9c2f903993167fc2a228b3cfe60a23fe33f57f252bae6299458338cb8eb967ad,3f630dfcc8a1c2a19b093e7fe0f4bdc7f830fef42266fcf1156112f0eb959046,11f4fe862570895441036964a9b308e92c2ee6ba8a87b5da9009ffd5208a4bda,2c6d6a597c6b1b321c4f632291c22dfe5788a058fe82fd65114a5a59d5d0be83,3a365f5dd3e9d410585a34695bb444d67b220c4b40a9348288a540078bc27f75
spatial,B0,False,2023-09-22,landsat-9,707,54,5.60175134425544,6.2278761089520165,5.60175134425544,-0.4680481967297298,True,3b188221263ad4673846ce5170fa622b5395e51a4aaa750114e1793d3986975b,55416c987a2d25f9177dd974307ae595761c1db31ecaa9d7561fb6c42d4d5e7c,00d1e59ce78baffbf9d24361ac8ba16a1d577b22cb193e15596627259190ed07,0c06b88fd09cd514745b699e6b6a7e12901db8d3247e42b582feaf1f7e91c04a,1eafe424a4c718d6a3b18cff938036f958858c70b344740788993b119bfbb04b,9c2f903993167fc2a228b3cfe60a23fe33f57f252bae6299458338cb8eb967ad,3f630dfcc8a1c2a19b093e7fe0f4bdc7f830fef42266fcf1156112f0eb959046,11f4fe862570895441036964a9b308e92c2ee6ba8a87b5da9009ffd5208a4bda,2c6d6a597c6b1b321c4f632291c22dfe5788a058fe82fd65114a5a59d5d0be83,3a365f5dd3e9d410585a34695bb444d67b220c4b40a9348288a540078bc27f75
spatial,B0,False,2023-10-08,landsat-9,952,61,3.093750957380044,3.560056271291526,-2.73025978762338,-0.6705355846606035,True,3b188221263ad4673846ce5170fa622b5395e51a4aaa750114e1793d3986975b,55416c987a2d25f9177dd974307ae595761c1db31ecaa9d7561fb6c42d4d5e7c,00d1e59ce78baffbf9d24361ac8ba16a1d577b22cb193e15596627259190ed07,0c06b88fd09cd514745b699e6b6a7e12901db8d3247e42b582feaf1f7e91c04a,1eafe424a4c718d6a3b18cff938036f958858c70b344740788993b119bfbb04b,9c2f903993167fc2a228b3cfe60a23fe33f57f252bae6299458338cb8eb967ad,3f630dfcc8a1c2a19b093e7fe0f4bdc7f830fef42266fcf1156112f0eb959046,11f4fe862570895441036964a9b308e92c2ee6ba8a87b5da9009ffd5208a4bda,2c6d6a597c6b1b321c4f632291c22dfe5788a058fe82fd65114a5a59d5d0be83,3a365f5dd3e9d410585a34695bb444d67b220c4b40a9348288a540078bc27f75
spatial,B0,False,2023-10-16,landsat-8,936,62,1.8882900261934397,2.172460646750344,-1.2702992652171523,-0.6738801124688854,True,3b188221263ad4673846ce5170fa622b5395e51a4aaa750114e1793d3986975b,55416c987a2d25f9177dd974307ae595761c1db31ecaa9d7561fb6c42d4d5e7c,00d1e59ce78baffbf9d24361ac8ba16a1d577b22cb193e15596627259190ed07,0c06b88fd09cd514745b699e6b6a7e12901db8d3247e42b582feaf1f7e91c04a,1eafe424a4c718d6a3b18cff938036f958858c70b344740788993b119bfbb04b,9c2f903993167fc2a228b3cfe60a23fe33f57f252bae6299458338cb8eb967ad,3f630dfcc8a1c2a19b093e7fe0f4bdc7f830fef42266fcf1156112f0eb959046,11f4fe862570895441036964a9b308e92c2ee6ba8a87b5da9009ffd5208a4bda,2c6d6a597c6b1b321c4f632291c22dfe5788a058fe82fd65114a5a59d5d0be83,3a365f5dd3e9d410585a34695bb444d67b220c4b40a9348288a540078bc27f75
spatial,B0,False,2023-10-24,landsat-9,699,51,1.8139115316196377,2.3175714640941627,1.6670377825146137,-0.32905386956620164,True,3b188221263ad4673846ce5170fa622b5395e51a4aaa750114e1793d3986975b,55416c987a2d25f9177dd974307ae595761c1db31ecaa9d7561fb6c42d4d5e7c,00d1e59ce78baffbf9d24361ac8ba16a1d577b22cb193e15596627259190ed07,0c06b88fd09cd514745b699e6b6a7e12901db8d3247e42b582feaf1f7e91c04a,1eafe424a4c718d6a3b18cff938036f958858c70b344740788993b119bfbb04b,9c2f903993167fc2a228b3cfe60a23fe33f57f252bae6299458338cb8eb967ad,3f630dfcc8a1c2a19b093e7fe0f4bdc7f830fef42266fcf1156112f0eb959046,11f4fe862570895441036964a9b308e92c2ee6ba8a87b5da9009ffd5208a4bda,2c6d6a597c6b1b321c4f632291c22dfe5788a058fe82fd65114a5a59d5d0be83,3a365f5dd3e9d410585a34695bb444d67b220c4b40a9348288a540078bc27f75
spatial,B0,False,2024-05-11,landsat-8,861,55,1.6999766420402689,2.185905786579032,0.04140763941509055,-0.5655743981838999,True,3b188221263ad4673846ce5170fa622b5395e51a4aaa750114e1793d3986975b,55416c987a2d25f9177dd974307ae595761c1db31ecaa9d7561fb6c42d4d5e7c,00d1e59ce78baffbf9d24361ac8ba16a1d577b22cb193e15596627259190ed07,0c06b88fd09cd514745b699e6b6a7e12901db8d3247e42b582feaf1f7e91c04a,1eafe424a4c718d6a3b18cff938036f958858c70b344740788993b119bfbb04b,9c2f903993167fc2a228b3cfe60a23fe33f57f252bae6299458338cb8eb967ad,3f630dfcc8a1c2a19b093e7fe0f4bdc7f830fef42266fcf1156112f0eb959046,11f4fe862570895441036964a9b308e92c2ee6ba8a87b5da9009ffd5208a4bda,2c6d6a597c6b1b321c4f632291c22dfe5788a058fe82fd65114a5a59d5d0be83,3a365f5dd3e9d410585a34695bb444d67b220c4b40a9348288a540078bc27f75
spatial,B0,False,2024-05-27,landsat-8,680,46,3.1251461586209164,3.6059697492164506,3.1147608483897717,-0.4755295853002261,True,3b188221263ad4673846ce5170fa622b5395e51a4aaa750114e1793d3986975b,55416c987a2d25f9177dd974307ae595761c1db31ecaa9d7561fb6c42d4d5e7c,00d1e59ce78baffbf9d24361ac8ba16a1d577b22cb193e15596627259190ed07,0c06b88fd09cd514745b699e6b6a7e12901db8d3247e42b582feaf1f7e91c04a,1eafe424a4c718d6a3b18cff938036f958858c70b344740788993b119bfbb04b,9c2f903993167fc2a228b3cfe60a23fe33f57f252bae6299458338cb8eb967ad,3f630dfcc8a1c2a19b093e7fe0f4bdc7f830fef42266fcf1156112f0eb959046,11f4fe862570895441036964a9b308e92c2ee6ba8a87b5da9009ffd5208a4bda,2c6d6a597c6b1b321c4f632291c22dfe5788a058fe82fd65114a5a59d5d0be83,3a365f5dd3e9d410585a34695bb444d67b220c4b40a9348288a540078bc27f75
spatial,B0,False,2024-06-20,landsat-9,1050,65,2.279453439118703,3.2621742926165522,1.9481549999482737,-0.7211090203158504,True,3b188221263ad4673846ce5170fa622b5395e51a4aaa750114e1793d3986975b,55416c987a2d25f9177dd974307ae595761c1db31ecaa9d7561fb6c42d4d5e7c,00d1e59ce78baffbf9d24361ac8ba16a1d577b22cb193e15596627259190ed07,0c06b88fd09cd514745b699e6b6a7e12901db8d3247e42b582feaf1f7e91c04a,1eafe424a4c718d6a3b18cff938036f958858c70b344740788993b119bfbb04b,9c2f903993167fc2a228b3cfe60a23fe33f57f252bae6299458338cb8eb967ad,3f630dfcc8a1c2a19b093e7fe0f4bdc7f830fef42266fcf1156112f0eb959046,11f4fe862570895441036964a9b308e92c2ee6ba8a87b5da9009ffd5208a4bda,2c6d6a597c6b1b321c4f632291c22dfe5788a058fe82fd65114a5a59d5d0be83,3a365f5dd3e9d410585a34695bb444d67b220c4b40a9348288a540078bc27f75
spatial,B0,False,2024-06-28,landsat-8,1060,69,2.3454804171753683,3.216001842369314,0.8155102584792667,-0.5524802786360625,True,3b188221263ad4673846ce5170fa622b5395e51a4aaa750114e1793d3986975b,55416c987a2d25f9177dd974307ae595761c1db31ecaa9d7561fb6c42d4d5e7c,00d1e59ce78baffbf9d24361ac8ba16a1d577b22cb193e15596627259190ed07,0c06b88fd09cd514745b699e6b6a7e12901db8d3247e42b582feaf1f7e91c04a,1eafe424a4c718d6a3b18cff938036f958858c70b344740788993b119bfbb04b,9c2f903993167fc2a228b3cfe60a23fe33f57f252bae6299458338cb8eb967ad,3f630dfcc8a1c2a19b093e7fe0f4bdc7f830fef42266fcf1156112f0eb959046,11f4fe862570895441036964a9b308e92c2ee6ba8a87b5da9009ffd5208a4bda,2c6d6a597c6b1b321c4f632291c22dfe5788a058fe82fd65114a5a59d5d0be83,3a365f5dd3e9d410585a34695bb444d67b220c4b40a9348288a540078bc27f75
spatial,B0,False,2024-07-14,landsat-8,592,47,3.161164289744638,3.8500624237385797,2.866414763359889,-0.7245066909861623,True,3b188221263ad4673846ce5170fa622b5395e51a4aaa750114e1793d3986975b,55416c987a2d25f9177dd974307ae595761c1db31ecaa9d7561fb6c42d4d5e7c,00d1e59ce78baffbf9d24361ac8ba16a1d577b22cb193e15596627259190ed07,0c06b88fd09cd514745b699e6b6a7e12901db8d3247e42b582feaf1f7e91c04a,1eafe424a4c718d6a3b18cff938036f958858c70b344740788993b119bfbb04b,9c2f903993167fc2a228b3cfe60a23fe33f57f252bae6299458338cb8eb967ad,3f630dfcc8a1c2a19b093e7fe0f4bdc7f830fef42266fcf1156112f0eb959046,11f4fe862570895441036964a9b308e92c2ee6ba8a87b5da9009ffd5208a4bda,2c6d6a597c6b1b321c4f632291c22dfe5788a058fe82fd65114a5a59d5d0be83,3a365f5dd3e9d410585a34695bb444d67b220c4b40a9348288a540078bc27f75
spatial,B0,False,2024-07-22,landsat-9,976,67,2.9025080320674626,3.652418786011141,-0.978997933263479,-0.6610872020402848,True,3b188221263ad4673846ce5170fa622b5395e51a4aaa750114e1793d3986975b,55416c987a2d25f9177dd974307ae595761c1db31ecaa9d7561fb6c42d4d5e7c,00d1e59ce78baffbf9d24361ac8ba16a1d577b22cb193e15596627259190ed07,0c06b88fd09cd514745b699e6b6a7e12901db8d3247e42b582feaf1f7e91c04a,1eafe424a4c718d6a3b18cff938036f958858c70b344740788993b119bfbb04b,9c2f903993167fc2a228b3cfe60a23fe33f57f252bae6299458338cb8eb967ad,3f630dfcc8a1c2a19b093e7fe0f4bdc7f830fef42266fcf1156112f0eb959046,11f4fe862570895441036964a9b308e92c2ee6ba8a87b5da9009ffd5208a4bda,2c6d6a597c6b1b321c4f632291c22dfe5788a058fe82fd65114a5a59d5d0be83,3a365f5dd3e9d410585a34695bb444d67b220c4b40a9348288a540078bc27f75
spatial,B0,False,2024-07-30,landsat-8,1064,69,3.202335078155528,4.099191461731147,2.484253532225985,-0.7850207189021404,True,3b188221263ad4673846ce5170fa622b5395e51a4aaa750114e1793d3986975b,55416c987a2d25f9177dd974307ae595761c1db31ecaa9d7561fb6c42d4d5e7c,00d1e59ce78baffbf9d24361ac8ba16a1d577b22cb193e15596627259190ed07,0c06b88fd09cd514745b699e6b6a7e12901db8d3247e42b582feaf1f7e91c04a,1eafe424a4c718d6a3b18cff938036f958858c70b344740788993b119bfbb04b,9c2f903993167fc2a228b3cfe60a23fe33f57f252bae6299458338cb8eb967ad,3f630dfcc8a1c2a19b093e7fe0f4bdc7f830fef42266fcf1156112f0eb959046,11f4fe862570895441036964a9b308e92c2ee6ba8a87b5da9009ffd5208a4bda,2c6d6a597c6b1b321c4f632291c22dfe5788a058fe82fd65114a5a59d5d0be83,3a365f5dd3e9d410585a34695bb444d67b220c4b40a9348288a540078bc27f75
spatial,B0,False,2024-08-07,landsat-9,849,67,2.6698590748887003,3.556461306460429,1.716596676095018,-0.7216383939930691,True,3b188221263ad4673846ce5170fa622b5395e51a4aaa750114e1793d3986975b,55416c987a2d25f9177dd974307ae595761c1db31ecaa9d7561fb6c42d4d5e7c,00d1e59ce78baffbf9d24361ac8ba16a1d577b22cb193e15596627259190ed07,0c06b88fd09cd514745b699e6b6a7e12901db8d3247e42b582feaf1f7e91c04a,1eafe424a4c718d6a3b18cff938036f958858c70b344740788993b119bfbb04b,9c2f903993167fc2a228b3cfe60a23fe33f57f252bae6299458338cb8eb967ad,3f630dfcc8a1c2a19b093e7fe0f4bdc7f830fef42266fcf1156112f0eb959046,11f4fe862570895441036964a9b308e92c2ee6ba8a87b5da9009ffd5208a4bda,2c6d6a597c6b1b321c4f632291c22dfe5788a058fe82fd65114a5a59d5d0be83,3a365f5dd3e9d410585a34695bb444d67b220c4b40a9348288a540078bc27f75
spatial,B0,False,2024-08-15,landsat-8,1083,71,2.521117192745293,3.290778221505259,0.8043496685579032,-0.8004796142708773,True,3b188221263ad4673846ce5170fa622b5395e51a4aaa750114e1793d3986975b,55416c987a2d25f9177dd974307ae595761c1db31ecaa9d7561fb6c42d4d5e7c,00d1e59ce78baffbf9d24361ac8ba16a1d577b22cb193e15596627259190ed07,0c06b88fd09cd514745b699e6b6a7e12901db8d3247e42b582feaf1f7e91c04a,1eafe424a4c718d6a3b18cff938036f958858c70b344740788993b119bfbb04b,9c2f903993167fc2a228b3cfe60a23fe33f57f252bae6299458338cb8eb967ad,3f630dfcc8a1c2a19b093e7fe0f4bdc7f830fef42266fcf1156112f0eb959046,11f4fe862570895441036964a9b308e92c2ee6ba8a87b5da9009ffd5208a4bda,2c6d6a597c6b1b321c4f632291c22dfe5788a058fe82fd65114a5a59d5d0be83,3a365f5dd3e9d410585a34695bb444d67b220c4b40a9348288a540078bc27f75
spatial,B0,False,2024-08-23,landsat-9,1041,70,3.9194777218818113,4.5796136084220675,3.9101036774674136,-0.4509901113466085,True,3b188221263ad4673846ce5170fa622b5395e51a4aaa750114e1793d3986975b,55416c987a2d25f9177dd974307ae595761c1db31ecaa9d7561fb6c42d4d5e7c,00d1e59ce78baffbf9d24361ac8ba16a1d577b22cb193e15596627259190ed07,0c06b88fd09cd514745b699e6b6a7e12901db8d3247e42b582feaf1f7e91c04a,1eafe424a4c718d6a3b18cff938036f958858c70b344740788993b119bfbb04b,9c2f903993167fc2a228b3cfe60a23fe33f57f252bae6299458338cb8eb967ad,3f630dfcc8a1c2a19b093e7fe0f4bdc7f830fef42266fcf1156112f0eb959046,11f4fe862570895441036964a9b308e92c2ee6ba8a87b5da9009ffd5208a4bda,2c6d6a597c6b1b321c4f632291c22dfe5788a058fe82fd65114a5a59d5d0be83,3a365f5dd3e9d410585a34695bb444d67b220c4b40a9348288a540078bc27f75
spatial,B0,False,2024-08-31,landsat-8,1048,66,2.1907743111579476,2.874966735221611,0.8582521101339198,-0.7894225945785582,True,3b188221263ad4673846ce5170fa622b5395e51a4aaa750114e1793d3986975b,55416c987a2d25f9177dd974307ae595761c1db31ecaa9d7561fb6c42d4d5e7c,00d1e59ce78baffbf9d24361ac8ba16a1d577b22cb193e15596627259190ed07,0c06b88fd09cd514745b699e6b6a7e12901db8d3247e42b582feaf1f7e91c04a,1eafe424a4c718d6a3b18cff938036f958858c70b344740788993b119bfbb04b,9c2f903993167fc2a228b3cfe60a23fe33f57f252bae6299458338cb8eb967ad,3f630dfcc8a1c2a19b093e7fe0f4bdc7f830fef42266fcf1156112f0eb959046,11f4fe862570895441036964a9b308e92c2ee6ba8a87b5da9009ffd5208a4bda,2c6d6a597c6b1b321c4f632291c22dfe5788a058fe82fd65114a5a59d5d0be83,3a365f5dd3e9d410585a34695bb444d67b220c4b40a9348288a540078bc27f75
spatial,B0,False,2024-09-08,landsat-9,1087,71,8.58791031985036,8.93699360524749,-8.58004807986317,-0.7139938125484602,True,3b188221263ad4673846ce5170fa622b5395e51a4aaa750114e1793d3986975b,55416c987a2d25f9177dd974307ae595761c1db31ecaa9d7561fb6c42d4d5e7c,00d1e59ce78baffbf9d24361ac8ba16a1d577b22cb193e15596627259190ed07,0c06b88fd09cd514745b699e6b6a7e12901db8d3247e42b582feaf1f7e91c04a,1eafe424a4c718d6a3b18cff938036f958858c70b344740788993b119bfbb04b,9c2f903993167fc2a228b3cfe60a23fe33f57f252bae6299458338cb8eb967ad,3f630dfcc8a1c2a19b093e7fe0f4bdc7f830fef42266fcf1156112f0eb959046,11f4fe862570895441036964a9b308e92c2ee6ba8a87b5da9009ffd5208a4bda,2c6d6a597c6b1b321c4f632291c22dfe5788a058fe82fd65114a5a59d5d0be83,3a365f5dd3e9d410585a34695bb444d67b220c4b40a9348288a540078bc27f75
spatial,B0,False,2024-09-24,landsat-9,641,50,2.151491640062232,2.6616236948337164,1.9173055471924207,-0.5758939868541866,True,3b188221263ad4673846ce5170fa622b5395e51a4aaa750114e1793d3986975b,55416c987a2d25f9177dd974307ae595761c1db31ecaa9d7561fb6c42d4d5e7c,00d1e59ce78baffbf9d24361ac8ba16a1d577b22cb193e15596627259190ed07,0c06b88fd09cd514745b699e6b6a7e12901db8d3247e42b582feaf1f7e91c04a,1eafe424a4c718d6a3b18cff938036f958858c70b344740788993b119bfbb04b,9c2f903993167fc2a228b3cfe60a23fe33f57f252bae6299458338cb8eb967ad,3f630dfcc8a1c2a19b093e7fe0f4bdc7f830fef42266fcf1156112f0eb959046,11f4fe862570895441036964a9b308e92c2ee6ba8a87b5da9009ffd5208a4bda,2c6d6a597c6b1b321c4f632291c22dfe5788a058fe82fd65114a5a59d5d0be83,3a365f5dd3e9d410585a34695bb444d67b220c4b40a9348288a540078bc27f75
spatial,B0,False,2024-10-02,landsat-8,1001,63,3.513522615240807,4.2141743741863795,-2.9434091997021983,-0.6371136202232232,True,3b188221263ad4673846ce5170fa622b5395e51a4aaa750114e1793d3986975b,55416c987a2d25f9177dd974307ae595761c1db31ecaa9d7561fb6c42d4d5e7c,00d1e59ce78baffbf9d24361ac8ba16a1d577b22cb193e15596627259190ed07,0c06b88fd09cd514745b699e6b6a7e12901db8d3247e42b582feaf1f7e91c04a,1eafe424a4c718d6a3b18cff938036f958858c70b344740788993b119bfbb04b,9c2f903993167fc2a228b3cfe60a23fe33f57f252bae6299458338cb8eb967ad,3f630dfcc8a1c2a19b093e7fe0f4bdc7f830fef42266fcf1156112f0eb959046,11f4fe862570895441036964a9b308e92c2ee6ba8a87b5da9009ffd5208a4bda,2c6d6a597c6b1b321c4f632291c22dfe5788a058fe82fd65114a5a59d5d0be83,3a365f5dd3e9d410585a34695bb444d67b220c4b40a9348288a540078bc27f75
spatial,B0,False,2024-10-10,landsat-9,870,58,1.3040125861792848,1.7030155757885155,0.5531499150565833,-0.6905660969931982,True,3b188221263ad4673846ce5170fa622b5395e51a4aaa750114e1793d3986975b,55416c987a2d25f9177dd974307ae595761c1db31ecaa9d7561fb6c42d4d5e7c,00d1e59ce78baffbf9d24361ac8ba16a1d577b22cb193e15596627259190ed07,0c06b88fd09cd514745b699e6b6a7e12901db8d3247e42b582feaf1f7e91c04a,1eafe424a4c718d6a3b18cff938036f958858c70b344740788993b119bfbb04b,9c2f903993167fc2a228b3cfe60a23fe33f57f252bae6299458338cb8eb967ad,3f630dfcc8a1c2a19b093e7fe0f4bdc7f830fef42266fcf1156112f0eb959046,11f4fe862570895441036964a9b308e92c2ee6ba8a87b5da9009ffd5208a4bda,2c6d6a597c6b1b321c4f632291c22dfe5788a058fe82fd65114a5a59d5d0be83,3a365f5dd3e9d410585a34695bb444d67b220c4b40a9348288a540078bc27f75
spatial,B0,False,2024-10-18,landsat-8,1091,71,3.2563774895269098,3.90317248366513,3.2332182523674695,-0.06513108538008074,True,3b188221263ad4673846ce5170fa622b5395e51a4aaa750114e1793d3986975b,55416c987a2d25f9177dd974307ae595761c1db31ecaa9d7561fb6c42d4d5e7c,00d1e59ce78baffbf9d24361ac8ba16a1d577b22cb193e15596627259190ed07,0c06b88fd09cd514745b699e6b6a7e12901db8d3247e42b582feaf1f7e91c04a,1eafe424a4c718d6a3b18cff938036f958858c70b344740788993b119bfbb04b,9c2f903993167fc2a228b3cfe60a23fe33f57f252bae6299458338cb8eb967ad,3f630dfcc8a1c2a19b093e7fe0f4bdc7f830fef42266fcf1156112f0eb959046,11f4fe862570895441036964a9b308e92c2ee6ba8a87b5da9009ffd5208a4bda,2c6d6a597c6b1b321c4f632291c22dfe5788a058fe82fd65114a5a59d5d0be83,3a365f5dd3e9d410585a34695bb444d67b220c4b40a9348288a540078bc27f75
spatial,B1,False,2020-05-16,landsat-8,1061,69,2.684889711973045,3.251169658654028,-1.3974310454349015,0.2745570281847045,True,3b188221263ad4673846ce5170fa622b5395e51a4aaa750114e1793d3986975b,55416c987a2d25f9177dd974307ae595761c1db31ecaa9d7561fb6c42d4d5e7c,00d1e59ce78baffbf9d24361ac8ba16a1d577b22cb193e15596627259190ed07,0c06b88fd09cd514745b699e6b6a7e12901db8d3247e42b582feaf1f7e91c04a,1eafe424a4c718d6a3b18cff938036f958858c70b344740788993b119bfbb04b,9c2f903993167fc2a228b3cfe60a23fe33f57f252bae6299458338cb8eb967ad,3f630dfcc8a1c2a19b093e7fe0f4bdc7f830fef42266fcf1156112f0eb959046,11f4fe862570895441036964a9b308e92c2ee6ba8a87b5da9009ffd5208a4bda,2c6d6a597c6b1b321c4f632291c22dfe5788a058fe82fd65114a5a59d5d0be83,3a365f5dd3e9d410585a34695bb444d67b220c4b40a9348288a540078bc27f75
spatial,B1,False,2020-07-03,landsat-8,1073,70,2.063271133841628,2.6234359458413268,-0.11504769465661537,0.5662246818422998,True,3b188221263ad4673846ce5170fa622b5395e51a4aaa750114e1793d3986975b,55416c987a2d25f9177dd974307ae595761c1db31ecaa9d7561fb6c42d4d5e7c,00d1e59ce78baffbf9d24361ac8ba16a1d577b22cb193e15596627259190ed07,0c06b88fd09cd514745b699e6b6a7e12901db8d3247e42b582feaf1f7e91c04a,1eafe424a4c718d6a3b18cff938036f958858c70b344740788993b119bfbb04b,9c2f903993167fc2a228b3cfe60a23fe33f57f252bae6299458338cb8eb967ad,3f630dfcc8a1c2a19b093e7fe0f4bdc7f830fef42266fcf1156112f0eb959046,11f4fe862570895441036964a9b308e92c2ee6ba8a87b5da9009ffd5208a4bda,2c6d6a597c6b1b321c4f632291c22dfe5788a058fe82fd65114a5a59d5d0be83,3a365f5dd3e9d410585a34695bb444d67b220c4b40a9348288a540078bc27f75
spatial,B1,False,2020-07-19,landsat-8,1050,68,3.0054072524030238,3.45739676503974,-1.9284228294161485,0.6419058935729531,True,3b188221263ad4673846ce5170fa622b5395e51a4aaa750114e1793d3986975b,55416c987a2d25f9177dd974307ae595761c1db31ecaa9d7561fb6c42d4d5e7c,00d1e59ce78baffbf9d24361ac8ba16a1d577b22cb193e15596627259190ed07,0c06b88fd09cd514745b699e6b6a7e12901db8d3247e42b582feaf1f7e91c04a,1eafe424a4c718d6a3b18cff938036f958858c70b344740788993b119bfbb04b,9c2f903993167fc2a228b3cfe60a23fe33f57f252bae6299458338cb8eb967ad,3f630dfcc8a1c2a19b093e7fe0f4bdc7f830fef42266fcf1156112f0eb959046,11f4fe862570895441036964a9b308e92c2ee6ba8a87b5da9009ffd5208a4bda,2c6d6a597c6b1b321c4f632291c22dfe5788a058fe82fd65114a5a59d5d0be83,3a365f5dd3e9d410585a34695bb444d67b220c4b40a9348288a540078bc27f75
spatial,B1,False,2020-08-20,landsat-8,1080,71,1.972580511447657,2.5578227175241026,0.5718933932242395,0.1585082381413052,True,3b188221263ad4673846ce5170fa622b5395e51a4aaa750114e1793d3986975b,55416c987a2d25f9177dd974307ae595761c1db31ecaa9d7561fb6c42d4d5e7c,00d1e59ce78baffbf9d24361ac8ba16a1d577b22cb193e15596627259190ed07,0c06b88fd09cd514745b699e6b6a7e12901db8d3247e42b582feaf1f7e91c04a,1eafe424a4c718d6a3b18cff938036f958858c70b344740788993b119bfbb04b,9c2f903993167fc2a228b3cfe60a23fe33f57f252bae6299458338cb8eb967ad,3f630dfcc8a1c2a19b093e7fe0f4bdc7f830fef42266fcf1156112f0eb959046,11f4fe862570895441036964a9b308e92c2ee6ba8a87b5da9009ffd5208a4bda,2c6d6a597c6b1b321c4f632291c22dfe5788a058fe82fd65114a5a59d5d0be83,3a365f5dd3e9d410585a34695bb444d67b220c4b40a9348288a540078bc27f75
spatial,B1,False,2020-09-05,landsat-8,1086,71,3.423369136029986,3.9766893044017473,-3.1281360992519356,0.7668093410727423,True,3b188221263ad4673846ce5170fa622b5395e51a4aaa750114e1793d3986975b,55416c987a2d25f9177dd974307ae595761c1db31ecaa9d7561fb6c42d4d5e7c,00d1e59ce78baffbf9d24361ac8ba16a1d577b22cb193e15596627259190ed07,0c06b88fd09cd514745b699e6b6a7e12901db8d3247e42b582feaf1f7e91c04a,1eafe424a4c718d6a3b18cff938036f958858c70b344740788993b119bfbb04b,9c2f903993167fc2a228b3cfe60a23fe33f57f252bae6299458338cb8eb967ad,3f630dfcc8a1c2a19b093e7fe0f4bdc7f830fef42266fcf1156112f0eb959046,11f4fe862570895441036964a9b308e92c2ee6ba8a87b5da9009ffd5208a4bda,2c6d6a597c6b1b321c4f632291c22dfe5788a058fe82fd65114a5a59d5d0be83,3a365f5dd3e9d410585a34695bb444d67b220c4b40a9348288a540078bc27f75
spatial,B1,False,2020-09-21,landsat-8,1007,65,1.8105078259425136,2.255757472369974,0.3979340229332215,-0.005309100977140462,True,3b188221263ad4673846ce5170fa622b5395e51a4aaa750114e1793d3986975b,55416c987a2d25f9177dd974307ae595761c1db31ecaa9d7561fb6c42d4d5e7c,00d1e59ce78baffbf9d24361ac8ba16a1d577b22cb193e15596627259190ed07,0c06b88fd09cd514745b699e6b6a7e12901db8d3247e42b582feaf1f7e91c04a,1eafe424a4c718d6a3b18cff938036f958858c70b344740788993b119bfbb04b,9c2f903993167fc2a228b3cfe60a23fe33f57f252bae6299458338cb8eb967ad,3f630dfcc8a1c2a19b093e7fe0f4bdc7f830fef42266fcf1156112f0eb959046,11f4fe862570895441036964a9b308e92c2ee6ba8a87b5da9009ffd5208a4bda,2c6d6a597c6b1b321c4f632291c22dfe5788a058fe82fd65114a5a59d5d0be83,3a365f5dd3e9d410585a34695bb444d67b220c4b40a9348288a540078bc27f75
spatial,B1,False,2020-10-07,landsat-8,967,66,1.7618042247706591,2.3263994218328152,1.3699683311943134,0.5290889069307365,True,3b188221263ad4673846ce5170fa622b5395e51a4aaa750114e1793d3986975b,55416c987a2d25f9177dd974307ae595761c1db31ecaa9d7561fb6c42d4d5e7c,00d1e59ce78baffbf9d24361ac8ba16a1d577b22cb193e15596627259190ed07,0c06b88fd09cd514745b699e6b6a7e12901db8d3247e42b582feaf1f7e91c04a,1eafe424a4c718d6a3b18cff938036f958858c70b344740788993b119bfbb04b,9c2f903993167fc2a228b3cfe60a23fe33f57f252bae6299458338cb8eb967ad,3f630dfcc8a1c2a19b093e7fe0f4bdc7f830fef42266fcf1156112f0eb959046,11f4fe862570895441036964a9b308e92c2ee6ba8a87b5da9009ffd5208a4bda,2c6d6a597c6b1b321c4f632291c22dfe5788a058fe82fd65114a5a59d5d0be83,3a365f5dd3e9d410585a34695bb444d67b220c4b40a9348288a540078bc27f75
spatial,B1,False,2021-05-03,landsat-8,1019,64,2.6167293839138295,3.1730082073014234,-1.6622555088051365,-0.2685414210639739,True,3b188221263ad4673846ce5170fa622b5395e51a4aaa750114e1793d3986975b,55416c987a2d25f9177dd974307ae595761c1db31ecaa9d7561fb6c42d4d5e7c,00d1e59ce78baffbf9d24361ac8ba16a1d577b22cb193e15596627259190ed07,0c06b88fd09cd514745b699e6b6a7e12901db8d3247e42b582feaf1f7e91c04a,1eafe424a4c718d6a3b18cff938036f958858c70b344740788993b119bfbb04b,9c2f903993167fc2a228b3cfe60a23fe33f57f252bae6299458338cb8eb967ad,3f630dfcc8a1c2a19b093e7fe0f4bdc7f830fef42266fcf1156112f0eb959046,11f4fe862570895441036964a9b308e92c2ee6ba8a87b5da9009ffd5208a4bda,2c6d6a597c6b1b321c4f632291c22dfe5788a058fe82fd65114a5a59d5d0be83,3a365f5dd3e9d410585a34695bb444d67b220c4b40a9348288a540078bc27f75
spatial,B1,False,2021-06-04,landsat-8,953,61,1.7977263936117025,2.5768076107112114,1.3402525843820177,0.530042306871254,True,3b188221263ad4673846ce5170fa622b5395e51a4aaa750114e1793d3986975b,55416c987a2d25f9177dd974307ae595761c1db31ecaa9d7561fb6c42d4d5e7c,00d1e59ce78baffbf9d24361ac8ba16a1d577b22cb193e15596627259190ed07,0c06b88fd09cd514745b699e6b6a7e12901db8d3247e42b582feaf1f7e91c04a,1eafe424a4c718d6a3b18cff938036f958858c70b344740788993b119bfbb04b,9c2f903993167fc2a228b3cfe60a23fe33f57f252bae6299458338cb8eb967ad,3f630dfcc8a1c2a19b093e7fe0f4bdc7f830fef42266fcf1156112f0eb959046,11f4fe862570895441036964a9b308e92c2ee6ba8a87b5da9009ffd5208a4bda,2c6d6a597c6b1b321c4f632291c22dfe5788a058fe82fd65114a5a59d5d0be83,3a365f5dd3e9d410585a34695bb444d67b220c4b40a9348288a540078bc27f75
spatial,B1,False,2021-06-20,landsat-8,993,62,2.013306233141684,2.6639863086041218,0.1925100011210967,0.493670396550589,True,3b188221263ad4673846ce5170fa622b5395e51a4aaa750114e1793d3986975b,55416c987a2d25f9177dd974307ae595761c1db31ecaa9d7561fb6c42d4d5e7c,00d1e59ce78baffbf9d24361ac8ba16a1d577b22cb193e15596627259190ed07,0c06b88fd09cd514745b699e6b6a7e12901db8d3247e42b582feaf1f7e91c04a,1eafe424a4c718d6a3b18cff938036f958858c70b344740788993b119bfbb04b,9c2f903993167fc2a228b3cfe60a23fe33f57f252bae6299458338cb8eb967ad,3f630dfcc8a1c2a19b093e7fe0f4bdc7f830fef42266fcf1156112f0eb959046,11f4fe862570895441036964a9b308e92c2ee6ba8a87b5da9009ffd5208a4bda,2c6d6a597c6b1b321c4f632291c22dfe5788a058fe82fd65114a5a59d5d0be83,3a365f5dd3e9d410585a34695bb444d67b220c4b40a9348288a540078bc27f75
spatial,B1,False,2021-07-06,landsat-8,1068,66,1.9198101556783842,2.4334258824270014,-0.30480121164813834,0.40345542932044537,True,3b188221263ad4673846ce5170fa622b5395e51a4aaa750114e1793d3986975b,55416c987a2d25f9177dd974307ae595761c1db31ecaa9d7561fb6c42d4d5e7c,00d1e59ce78baffbf9d24361ac8ba16a1d577b22cb193e15596627259190ed07,0c06b88fd09cd514745b699e6b6a7e12901db8d3247e42b582feaf1f7e91c04a,1eafe424a4c718d6a3b18cff938036f958858c70b344740788993b119bfbb04b,9c2f903993167fc2a228b3cfe60a23fe33f57f252bae6299458338cb8eb967ad,3f630dfcc8a1c2a19b093e7fe0f4bdc7f830fef42266fcf1156112f0eb959046,11f4fe862570895441036964a9b308e92c2ee6ba8a87b5da9009ffd5208a4bda,2c6d6a597c6b1b321c4f632291c22dfe5788a058fe82fd65114a5a59d5d0be83,3a365f5dd3e9d410585a34695bb444d67b220c4b40a9348288a540078bc27f75
spatial,B1,False,2021-08-07,landsat-8,1064,69,1.8988787412750736,2.3798494988161307,-0.1794463206838895,0.3431533522442691,True,3b188221263ad4673846ce5170fa622b5395e51a4aaa750114e1793d3986975b,55416c987a2d25f9177dd974307ae595761c1db31ecaa9d7561fb6c42d4d5e7c,00d1e59ce78baffbf9d24361ac8ba16a1d577b22cb193e15596627259190ed07,0c06b88fd09cd514745b699e6b6a7e12901db8d3247e42b582feaf1f7e91c04a,1eafe424a4c718d6a3b18cff938036f958858c70b344740788993b119bfbb04b,9c2f903993167fc2a228b3cfe60a23fe33f57f252bae6299458338cb8eb967ad,3f630dfcc8a1c2a19b093e7fe0f4bdc7f830fef42266fcf1156112f0eb959046,11f4fe862570895441036964a9b308e92c2ee6ba8a87b5da9009ffd5208a4bda,2c6d6a597c6b1b321c4f632291c22dfe5788a058fe82fd65114a5a59d5d0be83,3a365f5dd3e9d410585a34695bb444d67b220c4b40a9348288a540078bc27f75
spatial,B1,False,2021-09-08,landsat-8,1020,65,2.143561356127277,2.802301335367293,2.001925109665455,0.43780725410754695,True,3b188221263ad4673846ce5170fa622b5395e51a4aaa750114e1793d3986975b,55416c987a2d25f9177dd974307ae595761c1db31ecaa9d7561fb6c42d4d5e7c,00d1e59ce78baffbf9d24361ac8ba16a1d577b22cb193e15596627259190ed07,0c06b88fd09cd514745b699e6b6a7e12901db8d3247e42b582feaf1f7e91c04a,1eafe424a4c718d6a3b18cff938036f958858c70b344740788993b119bfbb04b,9c2f903993167fc2a228b3cfe60a23fe33f57f252bae6299458338cb8eb967ad,3f630dfcc8a1c2a19b093e7fe0f4bdc7f830fef42266fcf1156112f0eb959046,11f4fe862570895441036964a9b308e92c2ee6ba8a87b5da9009ffd5208a4bda,2c6d6a597c6b1b321c4f632291c22dfe5788a058fe82fd65114a5a59d5d0be83,3a365f5dd3e9d410585a34695bb444d67b220c4b40a9348288a540078bc27f75
spatial,B1,False,2021-09-24,landsat-8,822,59,1.5801067331835827,1.9183357071695997,0.4114199500556283,0.1302799491762801,True,3b188221263ad4673846ce5170fa622b5395e51a4aaa750114e1793d3986975b,55416c987a2d25f9177dd974307ae595761c1db31ecaa9d7561fb6c42d4d5e7c,00d1e59ce78baffbf9d24361ac8ba16a1d577b22cb193e15596627259190ed07,0c06b88fd09cd514745b699e6b6a7e12901db8d3247e42b582feaf1f7e91c04a,1eafe424a4c718d6a3b18cff938036f958858c70b344740788993b119bfbb04b,9c2f903993167fc2a228b3cfe60a23fe33f57f252bae6299458338cb8eb967ad,3f630dfcc8a1c2a19b093e7fe0f4bdc7f830fef42266fcf1156112f0eb959046,11f4fe862570895441036964a9b308e92c2ee6ba8a87b5da9009ffd5208a4bda,2c6d6a597c6b1b321c4f632291c22dfe5788a058fe82fd65114a5a59d5d0be83,3a365f5dd3e9d410585a34695bb444d67b220c4b40a9348288a540078bc27f75
spatial,B1,False,2021-10-10,landsat-8,905,65,1.7617500249524465,2.1374581775319177,-1.2146952165542342,-0.08124101028712741,True,3b188221263ad4673846ce5170fa622b5395e51a4aaa750114e1793d3986975b,55416c987a2d25f9177dd974307ae595761c1db31ecaa9d7561fb6c42d4d5e7c,00d1e59ce78baffbf9d24361ac8ba16a1d577b22cb193e15596627259190ed07,0c06b88fd09cd514745b699e6b6a7e12901db8d3247e42b582feaf1f7e91c04a,1eafe424a4c718d6a3b18cff938036f958858c70b344740788993b119bfbb04b,9c2f903993167fc2a228b3cfe60a23fe33f57f252bae6299458338cb8eb967ad,3f630dfcc8a1c2a19b093e7fe0f4bdc7f830fef42266fcf1156112f0eb959046,11f4fe862570895441036964a9b308e92c2ee6ba8a87b5da9009ffd5208a4bda,2c6d6a597c6b1b321c4f632291c22dfe5788a058fe82fd65114a5a59d5d0be83,3a365f5dd3e9d410585a34695bb444d67b220c4b40a9348288a540078bc27f75
spatial,B1,False,2021-10-26,landsat-8,1094,71,1.2251661049038212,1.5080847864135785,-0.0722151458711493,0.35962287468471393,True,3b188221263ad4673846ce5170fa622b5395e51a4aaa750114e1793d3986975b,55416c987a2d25f9177dd974307ae595761c1db31ecaa9d7561fb6c42d4d5e7c,00d1e59ce78baffbf9d24361ac8ba16a1d577b22cb193e15596627259190ed07,0c06b88fd09cd514745b699e6b6a7e12901db8d3247e42b582feaf1f7e91c04a,1eafe424a4c718d6a3b18cff938036f958858c70b344740788993b119bfbb04b,9c2f903993167fc2a228b3cfe60a23fe33f57f252bae6299458338cb8eb967ad,3f630dfcc8a1c2a19b093e7fe0f4bdc7f830fef42266fcf1156112f0eb959046,11f4fe862570895441036964a9b308e92c2ee6ba8a87b5da9009ffd5208a4bda,2c6d6a597c6b1b321c4f632291c22dfe5788a058fe82fd65114a5a59d5d0be83,3a365f5dd3e9d410585a34695bb444d67b220c4b40a9348288a540078bc27f75
spatial,B1,False,2022-05-06,landsat-8,978,62,1.6229544446562747,2.093273482137093,0.4136433285524787,0.6288767760866526,True,3b188221263ad4673846ce5170fa622b5395e51a4aaa750114e1793d3986975b,55416c987a2d25f9177dd974307ae595761c1db31ecaa9d7561fb6c42d4d5e7c,00d1e59ce78baffbf9d24361ac8ba16a1d577b22cb193e15596627259190ed07,0c06b88fd09cd514745b699e6b6a7e12901db8d3247e42b582feaf1f7e91c04a,1eafe424a4c718d6a3b18cff938036f958858c70b344740788993b119bfbb04b,9c2f903993167fc2a228b3cfe60a23fe33f57f252bae6299458338cb8eb967ad,3f630dfcc8a1c2a19b093e7fe0f4bdc7f830fef42266fcf1156112f0eb959046,11f4fe862570895441036964a9b308e92c2ee6ba8a87b5da9009ffd5208a4bda,2c6d6a597c6b1b321c4f632291c22dfe5788a058fe82fd65114a5a59d5d0be83,3a365f5dd3e9d410585a34695bb444d67b220c4b40a9348288a540078bc27f75
spatial,B1,False,2022-05-14,landsat-9,989,69,2.8292969216497554,3.422495450448682,-0.12101621609929818,-0.029261785651988607,True,3b188221263ad4673846ce5170fa622b5395e51a4aaa750114e1793d3986975b,55416c987a2d25f9177dd974307ae595761c1db31ecaa9d7561fb6c42d4d5e7c,00d1e59ce78baffbf9d24361ac8ba16a1d577b22cb193e15596627259190ed07,0c06b88fd09cd514745b699e6b6a7e12901db8d3247e42b582feaf1f7e91c04a,1eafe424a4c718d6a3b18cff938036f958858c70b344740788993b119bfbb04b,9c2f903993167fc2a228b3cfe60a23fe33f57f252bae6299458338cb8eb967ad,3f630dfcc8a1c2a19b093e7fe0f4bdc7f830fef42266fcf1156112f0eb959046,11f4fe862570895441036964a9b308e92c2ee6ba8a87b5da9009ffd5208a4bda,2c6d6a597c6b1b321c4f632291c22dfe5788a058fe82fd65114a5a59d5d0be83,3a365f5dd3e9d410585a34695bb444d67b220c4b40a9348288a540078bc27f75
spatial,B1,False,2022-05-22,landsat-8,818,58,1.8834506695775468,2.33032766353625,0.12185924080644324,0.2805954913462602,True,3b188221263ad4673846ce5170fa622b5395e51a4aaa750114e1793d3986975b,55416c987a2d25f9177dd974307ae595761c1db31ecaa9d7561fb6c42d4d5e7c,00d1e59ce78baffbf9d24361ac8ba16a1d577b22cb193e15596627259190ed07,0c06b88fd09cd514745b699e6b6a7e12901db8d3247e42b582feaf1f7e91c04a,1eafe424a4c718d6a3b18cff938036f958858c70b344740788993b119bfbb04b,9c2f903993167fc2a228b3cfe60a23fe33f57f252bae6299458338cb8eb967ad,3f630dfcc8a1c2a19b093e7fe0f4bdc7f830fef42266fcf1156112f0eb959046,11f4fe862570895441036964a9b308e92c2ee6ba8a87b5da9009ffd5208a4bda,2c6d6a597c6b1b321c4f632291c22dfe5788a058fe82fd65114a5a59d5d0be83,3a365f5dd3e9d410585a34695bb444d67b220c4b40a9348288a540078bc27f75
spatial,B1,False,2022-05-30,landsat-9,1055,67,1.890365356080409,2.347060360993995,-0.4198272894411228,0.42402534399474795,True,3b188221263ad4673846ce5170fa622b5395e51a4aaa750114e1793d3986975b,55416c987a2d25f9177dd974307ae595761c1db31ecaa9d7561fb6c42d4d5e7c,00d1e59ce78baffbf9d24361ac8ba16a1d577b22cb193e15596627259190ed07,0c06b88fd09cd514745b699e6b6a7e12901db8d3247e42b582feaf1f7e91c04a,1eafe424a4c718d6a3b18cff938036f958858c70b344740788993b119bfbb04b,9c2f903993167fc2a228b3cfe60a23fe33f57f252bae6299458338cb8eb967ad,3f630dfcc8a1c2a19b093e7fe0f4bdc7f830fef42266fcf1156112f0eb959046,11f4fe862570895441036964a9b308e92c2ee6ba8a87b5da9009ffd5208a4bda,2c6d6a597c6b1b321c4f632291c22dfe5788a058fe82fd65114a5a59d5d0be83,3a365f5dd3e9d410585a34695bb444d67b220c4b40a9348288a540078bc27f75
spatial,B1,False,2022-06-07,landsat-8,967,61,1.922522578269036,2.6959406904963426,1.1555211771672744,0.2301119424963008,True,3b188221263ad4673846ce5170fa622b5395e51a4aaa750114e1793d3986975b,55416c987a2d25f9177dd974307ae595761c1db31ecaa9d7561fb6c42d4d5e7c,00d1e59ce78baffbf9d24361ac8ba16a1d577b22cb193e15596627259190ed07,0c06b88fd09cd514745b699e6b6a7e12901db8d3247e42b582feaf1f7e91c04a,1eafe424a4c718d6a3b18cff938036f958858c70b344740788993b119bfbb04b,9c2f903993167fc2a228b3cfe60a23fe33f57f252bae6299458338cb8eb967ad,3f630dfcc8a1c2a19b093e7fe0f4bdc7f830fef42266fcf1156112f0eb959046,11f4fe862570895441036964a9b308e92c2ee6ba8a87b5da9009ffd5208a4bda,2c6d6a597c6b1b321c4f632291c22dfe5788a058fe82fd65114a5a59d5d0be83,3a365f5dd3e9d410585a34695bb444d67b220c4b40a9348288a540078bc27f75
spatial,B1,False,2022-06-15,landsat-9,1067,69,1.9328601537540742,2.6549523698141053,1.0514309105452009,0.43822876570810587,True,3b188221263ad4673846ce5170fa622b5395e51a4aaa750114e1793d3986975b,55416c987a2d25f9177dd974307ae595761c1db31ecaa9d7561fb6c42d4d5e7c,00d1e59ce78baffbf9d24361ac8ba16a1d577b22cb193e15596627259190ed07,0c06b88fd09cd514745b699e6b6a7e12901db8d3247e42b582feaf1f7e91c04a,1eafe424a4c718d6a3b18cff938036f958858c70b344740788993b119bfbb04b,9c2f903993167fc2a228b3cfe60a23fe33f57f252bae6299458338cb8eb967ad,3f630dfcc8a1c2a19b093e7fe0f4bdc7f830fef42266fcf1156112f0eb959046,11f4fe862570895441036964a9b308e92c2ee6ba8a87b5da9009ffd5208a4bda,2c6d6a597c6b1b321c4f632291c22dfe5788a058fe82fd65114a5a59d5d0be83,3a365f5dd3e9d410585a34695bb444d67b220c4b40a9348288a540078bc27f75
spatial,B1,False,2022-06-23,landsat-8,1059,69,2.2340968392605323,2.6920171213661663,-0.5759694405194301,0.6650506882168669,True,3b188221263ad4673846ce5170fa622b5395e51a4aaa750114e1793d3986975b,55416c987a2d25f9177dd974307ae595761c1db31ecaa9d7561fb6c42d4d5e7c,00d1e59ce78baffbf9d24361ac8ba16a1d577b22cb193e15596627259190ed07,0c06b88fd09cd514745b699e6b6a7e12901db8d3247e42b582feaf1f7e91c04a,1eafe424a4c718d6a3b18cff938036f958858c70b344740788993b119bfbb04b,9c2f903993167fc2a228b3cfe60a23fe33f57f252bae6299458338cb8eb967ad,3f630dfcc8a1c2a19b093e7fe0f4bdc7f830fef42266fcf1156112f0eb959046,11f4fe862570895441036964a9b308e92c2ee6ba8a87b5da9009ffd5208a4bda,2c6d6a597c6b1b321c4f632291c22dfe5788a058fe82fd65114a5a59d5d0be83,3a365f5dd3e9d410585a34695bb444d67b220c4b40a9348288a540078bc27f75
spatial,B1,False,2022-07-01,landsat-9,1072,70,1.828070760115053,2.4878483809144765,0.28895204024228244,0.327481776851591,True,3b188221263ad4673846ce5170fa622b5395e51a4aaa750114e1793d3986975b,55416c987a2d25f9177dd974307ae595761c1db31ecaa9d7561fb6c42d4d5e7c,00d1e59ce78baffbf9d24361ac8ba16a1d577b22cb193e15596627259190ed07,0c06b88fd09cd514745b699e6b6a7e12901db8d3247e42b582feaf1f7e91c04a,1eafe424a4c718d6a3b18cff938036f958858c70b344740788993b119bfbb04b,9c2f903993167fc2a228b3cfe60a23fe33f57f252bae6299458338cb8eb967ad,3f630dfcc8a1c2a19b093e7fe0f4bdc7f830fef42266fcf1156112f0eb959046,11f4fe862570895441036964a9b308e92c2ee6ba8a87b5da9009ffd5208a4bda,2c6d6a597c6b1b321c4f632291c22dfe5788a058fe82fd65114a5a59d5d0be83,3a365f5dd3e9d410585a34695bb444d67b220c4b40a9348288a540078bc27f75
spatial,B1,False,2022-07-09,landsat-8,1050,67,2.1818470801747685,2.748560692172398,-0.24326515671045157,0.709410857519808,True,3b188221263ad4673846ce5170fa622b5395e51a4aaa750114e1793d3986975b,55416c987a2d25f9177dd974307ae595761c1db31ecaa9d7561fb6c42d4d5e7c,00d1e59ce78baffbf9d24361ac8ba16a1d577b22cb193e15596627259190ed07,0c06b88fd09cd514745b699e6b6a7e12901db8d3247e42b582feaf1f7e91c04a,1eafe424a4c718d6a3b18cff938036f958858c70b344740788993b119bfbb04b,9c2f903993167fc2a228b3cfe60a23fe33f57f252bae6299458338cb8eb967ad,3f630dfcc8a1c2a19b093e7fe0f4bdc7f830fef42266fcf1156112f0eb959046,11f4fe862570895441036964a9b308e92c2ee6ba8a87b5da9009ffd5208a4bda,2c6d6a597c6b1b321c4f632291c22dfe5788a058fe82fd65114a5a59d5d0be83,3a365f5dd3e9d410585a34695bb444d67b220c4b40a9348288a540078bc27f75
spatial,B1,False,2022-07-17,landsat-9,1008,69,4.713076265317382,5.246976926861249,-4.530342013213004,0.4173987244223911,True,3b188221263ad4673846ce5170fa622b5395e51a4aaa750114e1793d3986975b,55416c987a2d25f9177dd974307ae595761c1db31ecaa9d7561fb6c42d4d5e7c,00d1e59ce78baffbf9d24361ac8ba16a1d577b22cb193e15596627259190ed07,0c06b88fd09cd514745b699e6b6a7e12901db8d3247e42b582feaf1f7e91c04a,1eafe424a4c718d6a3b18cff938036f958858c70b344740788993b119bfbb04b,9c2f903993167fc2a228b3cfe60a23fe33f57f252bae6299458338cb8eb967ad,3f630dfcc8a1c2a19b093e7fe0f4bdc7f830fef42266fcf1156112f0eb959046,11f4fe862570895441036964a9b308e92c2ee6ba8a87b5da9009ffd5208a4bda,2c6d6a597c6b1b321c4f632291c22dfe5788a058fe82fd65114a5a59d5d0be83,3a365f5dd3e9d410585a34695bb444d67b220c4b40a9348288a540078bc27f75
spatial,B1,False,2022-07-25,landsat-8,1054,68,1.7979823007809346,2.317980702080794,0.018719152716123677,0.3904299965156266,True,3b188221263ad4673846ce5170fa622b5395e51a4aaa750114e1793d3986975b,55416c987a2d25f9177dd974307ae595761c1db31ecaa9d7561fb6c42d4d5e7c,00d1e59ce78baffbf9d24361ac8ba16a1d577b22cb193e15596627259190ed07,0c06b88fd09cd514745b699e6b6a7e12901db8d3247e42b582feaf1f7e91c04a,1eafe424a4c718d6a3b18cff938036f958858c70b344740788993b119bfbb04b,9c2f903993167fc2a228b3cfe60a23fe33f57f252bae6299458338cb8eb967ad,3f630dfcc8a1c2a19b093e7fe0f4bdc7f830fef42266fcf1156112f0eb959046,11f4fe862570895441036964a9b308e92c2ee6ba8a87b5da9009ffd5208a4bda,2c6d6a597c6b1b321c4f632291c22dfe5788a058fe82fd65114a5a59d5d0be83,3a365f5dd3e9d410585a34695bb444d67b220c4b40a9348288a540078bc27f75
spatial,B1,False,2022-08-02,landsat-9,1026,67,1.9385608150610474,2.5761132624634873,1.1584953917977585,0.7545866819511238,True,3b188221263ad4673846ce5170fa622b5395e51a4aaa750114e1793d3986975b,55416c987a2d25f9177dd974307ae595761c1db31ecaa9d7561fb6c42d4d5e7c,00d1e59ce78baffbf9d24361ac8ba16a1d577b22cb193e15596627259190ed07,0c06b88fd09cd514745b699e6b6a7e12901db8d3247e42b582feaf1f7e91c04a,1eafe424a4c718d6a3b18cff938036f958858c70b344740788993b119bfbb04b,9c2f903993167fc2a228b3cfe60a23fe33f57f252bae6299458338cb8eb967ad,3f630dfcc8a1c2a19b093e7fe0f4bdc7f830fef42266fcf1156112f0eb959046,11f4fe862570895441036964a9b308e92c2ee6ba8a87b5da9009ffd5208a4bda,2c6d6a597c6b1b321c4f632291c22dfe5788a058fe82fd65114a5a59d5d0be83,3a365f5dd3e9d410585a34695bb444d67b220c4b40a9348288a540078bc27f75
spatial,B1,False,2022-08-18,landsat-9,1034,66,2.2865256496919777,2.705068023936703,-0.8755734421708058,0.7696007187977503,True,3b188221263ad4673846ce5170fa622b5395e51a4aaa750114e1793d3986975b,55416c987a2d25f9177dd974307ae595761c1db31ecaa9d7561fb6c42d4d5e7c,00d1e59ce78baffbf9d24361ac8ba16a1d577b22cb193e15596627259190ed07,0c06b88fd09cd514745b699e6b6a7e12901db8d3247e42b582feaf1f7e91c04a,1eafe424a4c718d6a3b18cff938036f958858c70b344740788993b119bfbb04b,9c2f903993167fc2a228b3cfe60a23fe33f57f252bae6299458338cb8eb967ad,3f630dfcc8a1c2a19b093e7fe0f4bdc7f830fef42266fcf1156112f0eb959046,11f4fe862570895441036964a9b308e92c2ee6ba8a87b5da9009ffd5208a4bda,2c6d6a597c6b1b321c4f632291c22dfe5788a058fe82fd65114a5a59d5d0be83,3a365f5dd3e9d410585a34695bb444d67b220c4b40a9348288a540078bc27f75
spatial,B1,False,2022-08-26,landsat-8,1058,69,2.4036876413169628,2.892791154218865,-0.8418717335258302,0.5823155894575983,True,3b188221263ad4673846ce5170fa622b5395e51a4aaa750114e1793d3986975b,55416c987a2d25f9177dd974307ae595761c1db31ecaa9d7561fb6c42d4d5e7c,00d1e59ce78baffbf9d24361ac8ba16a1d577b22cb193e15596627259190ed07,0c06b88fd09cd514745b699e6b6a7e12901db8d3247e42b582feaf1f7e91c04a,1eafe424a4c718d6a3b18cff938036f958858c70b344740788993b119bfbb04b,9c2f903993167fc2a228b3cfe60a23fe33f57f252bae6299458338cb8eb967ad,3f630dfcc8a1c2a19b093e7fe0f4bdc7f830fef42266fcf1156112f0eb959046,11f4fe862570895441036964a9b308e92c2ee6ba8a87b5da9009ffd5208a4bda,2c6d6a597c6b1b321c4f632291c22dfe5788a058fe82fd65114a5a59d5d0be83,3a365f5dd3e9d410585a34695bb444d67b220c4b40a9348288a540078bc27f75
spatial,B1,False,2022-09-03,landsat-9,1085,71,3.9943830399537923,4.440443806812342,-3.7332066911966826,0.4647609418865725,True,3b188221263ad4673846ce5170fa622b5395e51a4aaa750114e1793d3986975b,55416c987a2d25f9177dd974307ae595761c1db31ecaa9d7561fb6c42d4d5e7c,00d1e59ce78baffbf9d24361ac8ba16a1d577b22cb193e15596627259190ed07,0c06b88fd09cd514745b699e6b6a7e12901db8d3247e42b582feaf1f7e91c04a,1eafe424a4c718d6a3b18cff938036f958858c70b344740788993b119bfbb04b,9c2f903993167fc2a228b3cfe60a23fe33f57f252bae6299458338cb8eb967ad,3f630dfcc8a1c2a19b093e7fe0f4bdc7f830fef42266fcf1156112f0eb959046,11f4fe862570895441036964a9b308e92c2ee6ba8a87b5da9009ffd5208a4bda,2c6d6a597c6b1b321c4f632291c22dfe5788a058fe82fd65114a5a59d5d0be83,3a365f5dd3e9d410585a34695bb444d67b220c4b40a9348288a540078bc27f75
spatial,B1,False,2022-09-27,landsat-8,1081,71,1.9162676451029466,2.372056519793001,-0.9751721386207757,0.6613202560828396,True,3b188221263ad4673846ce5170fa622b5395e51a4aaa750114e1793d3986975b,55416c987a2d25f9177dd974307ae595761c1db31ecaa9d7561fb6c42d4d5e7c,00d1e59ce78baffbf9d24361ac8ba16a1d577b22cb193e15596627259190ed07,0c06b88fd09cd514745b699e6b6a7e12901db8d3247e42b582feaf1f7e91c04a,1eafe424a4c718d6a3b18cff938036f958858c70b344740788993b119bfbb04b,9c2f903993167fc2a228b3cfe60a23fe33f57f252bae6299458338cb8eb967ad,3f630dfcc8a1c2a19b093e7fe0f4bdc7f830fef42266fcf1156112f0eb959046,11f4fe862570895441036964a9b308e92c2ee6ba8a87b5da9009ffd5208a4bda,2c6d6a597c6b1b321c4f632291c22dfe5788a058fe82fd65114a5a59d5d0be83,3a365f5dd3e9d410585a34695bb444d67b220c4b40a9348288a540078bc27f75
spatial,B1,False,2022-10-05,landsat-9,921,59,1.2974049665219096,1.6281702248163377,-0.08420089189422793,0.4946788881979271,True,3b188221263ad4673846ce5170fa622b5395e51a4aaa750114e1793d3986975b,55416c987a2d25f9177dd974307ae595761c1db31ecaa9d7561fb6c42d4d5e7c,00d1e59ce78baffbf9d24361ac8ba16a1d577b22cb193e15596627259190ed07,0c06b88fd09cd514745b699e6b6a7e12901db8d3247e42b582feaf1f7e91c04a,1eafe424a4c718d6a3b18cff938036f958858c70b344740788993b119bfbb04b,9c2f903993167fc2a228b3cfe60a23fe33f57f252bae6299458338cb8eb967ad,3f630dfcc8a1c2a19b093e7fe0f4bdc7f830fef42266fcf1156112f0eb959046,11f4fe862570895441036964a9b308e92c2ee6ba8a87b5da9009ffd5208a4bda,2c6d6a597c6b1b321c4f632291c22dfe5788a058fe82fd65114a5a59d5d0be83,3a365f5dd3e9d410585a34695bb444d67b220c4b40a9348288a540078bc27f75
spatial,B1,False,2022-10-21,landsat-9,701,63,1.2275465365749922,1.709733670751472,0.9322525156589129,-0.1423689904661253,True,3b188221263ad4673846ce5170fa622b5395e51a4aaa750114e1793d3986975b,55416c987a2d25f9177dd974307ae595761c1db31ecaa9d7561fb6c42d4d5e7c,00d1e59ce78baffbf9d24361ac8ba16a1d577b22cb193e15596627259190ed07,0c06b88fd09cd514745b699e6b6a7e12901db8d3247e42b582feaf1f7e91c04a,1eafe424a4c718d6a3b18cff938036f958858c70b344740788993b119bfbb04b,9c2f903993167fc2a228b3cfe60a23fe33f57f252bae6299458338cb8eb967ad,3f630dfcc8a1c2a19b093e7fe0f4bdc7f830fef42266fcf1156112f0eb959046,11f4fe862570895441036964a9b308e92c2ee6ba8a87b5da9009ffd5208a4bda,2c6d6a597c6b1b321c4f632291c22dfe5788a058fe82fd65114a5a59d5d0be83,3a365f5dd3e9d410585a34695bb444d67b220c4b40a9348288a540078bc27f75
spatial,B1,False,2022-10-29,landsat-8,969,67,1.3246049902297048,1.5770362280959282,-0.40898727279824076,-0.10695798114714848,True,3b188221263ad4673846ce5170fa622b5395e51a4aaa750114e1793d3986975b,55416c987a2d25f9177dd974307ae595761c1db31ecaa9d7561fb6c42d4d5e7c,00d1e59ce78baffbf9d24361ac8ba16a1d577b22cb193e15596627259190ed07,0c06b88fd09cd514745b699e6b6a7e12901db8d3247e42b582feaf1f7e91c04a,1eafe424a4c718d6a3b18cff938036f958858c70b344740788993b119bfbb04b,9c2f903993167fc2a228b3cfe60a23fe33f57f252bae6299458338cb8eb967ad,3f630dfcc8a1c2a19b093e7fe0f4bdc7f830fef42266fcf1156112f0eb959046,11f4fe862570895441036964a9b308e92c2ee6ba8a87b5da9009ffd5208a4bda,2c6d6a597c6b1b321c4f632291c22dfe5788a058fe82fd65114a5a59d5d0be83,3a365f5dd3e9d410585a34695bb444d67b220c4b40a9348288a540078bc27f75
spatial,B1,False,2023-05-17,landsat-9,788,52,1.4724874162206691,2.118137510194921,0.8650904219959482,0.477237500062451,True,3b188221263ad4673846ce5170fa622b5395e51a4aaa750114e1793d3986975b,55416c987a2d25f9177dd974307ae595761c1db31ecaa9d7561fb6c42d4d5e7c,00d1e59ce78baffbf9d24361ac8ba16a1d577b22cb193e15596627259190ed07,0c06b88fd09cd514745b699e6b6a7e12901db8d3247e42b582feaf1f7e91c04a,1eafe424a4c718d6a3b18cff938036f958858c70b344740788993b119bfbb04b,9c2f903993167fc2a228b3cfe60a23fe33f57f252bae6299458338cb8eb967ad,3f630dfcc8a1c2a19b093e7fe0f4bdc7f830fef42266fcf1156112f0eb959046,11f4fe862570895441036964a9b308e92c2ee6ba8a87b5da9009ffd5208a4bda,2c6d6a597c6b1b321c4f632291c22dfe5788a058fe82fd65114a5a59d5d0be83,3a365f5dd3e9d410585a34695bb444d67b220c4b40a9348288a540078bc27f75
spatial,B1,False,2023-06-26,landsat-8,1038,62,2.4258922445190194,2.8762571601360643,-1.4123041508275969,0.5190177673796303,True,3b188221263ad4673846ce5170fa622b5395e51a4aaa750114e1793d3986975b,55416c987a2d25f9177dd974307ae595761c1db31ecaa9d7561fb6c42d4d5e7c,00d1e59ce78baffbf9d24361ac8ba16a1d577b22cb193e15596627259190ed07,0c06b88fd09cd514745b699e6b6a7e12901db8d3247e42b582feaf1f7e91c04a,1eafe424a4c718d6a3b18cff938036f958858c70b344740788993b119bfbb04b,9c2f903993167fc2a228b3cfe60a23fe33f57f252bae6299458338cb8eb967ad,3f630dfcc8a1c2a19b093e7fe0f4bdc7f830fef42266fcf1156112f0eb959046,11f4fe862570895441036964a9b308e92c2ee6ba8a87b5da9009ffd5208a4bda,2c6d6a597c6b1b321c4f632291c22dfe5788a058fe82fd65114a5a59d5d0be83,3a365f5dd3e9d410585a34695bb444d67b220c4b40a9348288a540078bc27f75
spatial,B1,False,2023-07-04,landsat-9,1059,66,3.3397158893304435,4.140956788802814,2.8929868704823236,0.06343765566181371,True,3b188221263ad4673846ce5170fa622b5395e51a4aaa750114e1793d3986975b,55416c987a2d25f9177dd974307ae595761c1db31ecaa9d7561fb6c42d4d5e7c,00d1e59ce78baffbf9d24361ac8ba16a1d577b22cb193e15596627259190ed07,0c06b88fd09cd514745b699e6b6a7e12901db8d3247e42b582feaf1f7e91c04a,1eafe424a4c718d6a3b18cff938036f958858c70b344740788993b119bfbb04b,9c2f903993167fc2a228b3cfe60a23fe33f57f252bae6299458338cb8eb967ad,3f630dfcc8a1c2a19b093e7fe0f4bdc7f830fef42266fcf1156112f0eb959046,11f4fe862570895441036964a9b308e92c2ee6ba8a87b5da9009ffd5208a4bda,2c6d6a597c6b1b321c4f632291c22dfe5788a058fe82fd65114a5a59d5d0be83,3a365f5dd3e9d410585a34695bb444d67b220c4b40a9348288a540078bc27f75
spatial,B1,False,2023-07-12,landsat-8,1060,69,3.2381964331731674,3.7411625750331448,-2.559594125987055,0.3802912170769471,True,3b188221263ad4673846ce5170fa622b5395e51a4aaa750114e1793d3986975b,55416c987a2d25f9177dd974307ae595761c1db31ecaa9d7561fb6c42d4d5e7c,00d1e59ce78baffbf9d24361ac8ba16a1d577b22cb193e15596627259190ed07,0c06b88fd09cd514745b699e6b6a7e12901db8d3247e42b582feaf1f7e91c04a,1eafe424a4c718d6a3b18cff938036f958858c70b344740788993b119bfbb04b,9c2f903993167fc2a228b3cfe60a23fe33f57f252bae6299458338cb8eb967ad,3f630dfcc8a1c2a19b093e7fe0f4bdc7f830fef42266fcf1156112f0eb959046,11f4fe862570895441036964a9b308e92c2ee6ba8a87b5da9009ffd5208a4bda,2c6d6a597c6b1b321c4f632291c22dfe5788a058fe82fd65114a5a59d5d0be83,3a365f5dd3e9d410585a34695bb444d67b220c4b40a9348288a540078bc27f75
spatial,B1,False,2023-07-20,landsat-9,1072,69,2.189438481091124,2.760140256901971,-0.17057534522027712,0.7334002855241625,True,3b188221263ad4673846ce5170fa622b5395e51a4aaa750114e1793d3986975b,55416c987a2d25f9177dd974307ae595761c1db31ecaa9d7561fb6c42d4d5e7c,00d1e59ce78baffbf9d24361ac8ba16a1d577b22cb193e15596627259190ed07,0c06b88fd09cd514745b699e6b6a7e12901db8d3247e42b582feaf1f7e91c04a,1eafe424a4c718d6a3b18cff938036f958858c70b344740788993b119bfbb04b,9c2f903993167fc2a228b3cfe60a23fe33f57f252bae6299458338cb8eb967ad,3f630dfcc8a1c2a19b093e7fe0f4bdc7f830fef42266fcf1156112f0eb959046,11f4fe862570895441036964a9b308e92c2ee6ba8a87b5da9009ffd5208a4bda,2c6d6a597c6b1b321c4f632291c22dfe5788a058fe82fd65114a5a59d5d0be83,3a365f5dd3e9d410585a34695bb444d67b220c4b40a9348288a540078bc27f75
spatial,B1,False,2023-07-28,landsat-8,983,66,2.857626648116317,3.7384184718325892,2.762776183704419,0.5268543269049459,True,3b188221263ad4673846ce5170fa622b5395e51a4aaa750114e1793d3986975b,55416c987a2d25f9177dd974307ae595761c1db31ecaa9d7561fb6c42d4d5e7c,00d1e59ce78baffbf9d24361ac8ba16a1d577b22cb193e15596627259190ed07,0c06b88fd09cd514745b699e6b6a7e12901db8d3247e42b582feaf1f7e91c04a,1eafe424a4c718d6a3b18cff938036f958858c70b344740788993b119bfbb04b,9c2f903993167fc2a228b3cfe60a23fe33f57f252bae6299458338cb8eb967ad,3f630dfcc8a1c2a19b093e7fe0f4bdc7f830fef42266fcf1156112f0eb959046,11f4fe862570895441036964a9b308e92c2ee6ba8a87b5da9009ffd5208a4bda,2c6d6a597c6b1b321c4f632291c22dfe5788a058fe82fd65114a5a59d5d0be83,3a365f5dd3e9d410585a34695bb444d67b220c4b40a9348288a540078bc27f75
spatial,B1,False,2023-08-05,landsat-9,1076,69,2.735943662624685,3.2792800512044926,-0.9929789202023808,0.4735489701568569,True,3b188221263ad4673846ce5170fa622b5395e51a4aaa750114e1793d3986975b,55416c987a2d25f9177dd974307ae595761c1db31ecaa9d7561fb6c42d4d5e7c,00d1e59ce78baffbf9d24361ac8ba16a1d577b22cb193e15596627259190ed07,0c06b88fd09cd514745b699e6b6a7e12901db8d3247e42b582feaf1f7e91c04a,1eafe424a4c718d6a3b18cff938036f958858c70b344740788993b119bfbb04b,9c2f903993167fc2a228b3cfe60a23fe33f57f252bae6299458338cb8eb967ad,3f630dfcc8a1c2a19b093e7fe0f4bdc7f830fef42266fcf1156112f0eb959046,11f4fe862570895441036964a9b308e92c2ee6ba8a87b5da9009ffd5208a4bda,2c6d6a597c6b1b321c4f632291c22dfe5788a058fe82fd65114a5a59d5d0be83,3a365f5dd3e9d410585a34695bb444d67b220c4b40a9348288a540078bc27f75
spatial,B1,False,2023-08-13,landsat-8,1063,68,1.6864091281040408,2.299203902252792,0.3503922728394318,0.5606975707545157,True,3b188221263ad4673846ce5170fa622b5395e51a4aaa750114e1793d3986975b,55416c987a2d25f9177dd974307ae595761c1db31ecaa9d7561fb6c42d4d5e7c,00d1e59ce78baffbf9d24361ac8ba16a1d577b22cb193e15596627259190ed07,0c06b88fd09cd514745b699e6b6a7e12901db8d3247e42b582feaf1f7e91c04a,1eafe424a4c718d6a3b18cff938036f958858c70b344740788993b119bfbb04b,9c2f903993167fc2a228b3cfe60a23fe33f57f252bae6299458338cb8eb967ad,3f630dfcc8a1c2a19b093e7fe0f4bdc7f830fef42266fcf1156112f0eb959046,11f4fe862570895441036964a9b308e92c2ee6ba8a87b5da9009ffd5208a4bda,2c6d6a597c6b1b321c4f632291c22dfe5788a058fe82fd65114a5a59d5d0be83,3a365f5dd3e9d410585a34695bb444d67b220c4b40a9348288a540078bc27f75
spatial,B1,False,2023-08-29,landsat-8,1088,71,2.3074060096115168,3.1246816342516825,1.673822783578469,0.4553851365287212,True,3b188221263ad4673846ce5170fa622b5395e51a4aaa750114e1793d3986975b,55416c987a2d25f9177dd974307ae595761c1db31ecaa9d7561fb6c42d4d5e7c,00d1e59ce78baffbf9d24361ac8ba16a1d577b22cb193e15596627259190ed07,0c06b88fd09cd514745b699e6b6a7e12901db8d3247e42b582feaf1f7e91c04a,1eafe424a4c718d6a3b18cff938036f958858c70b344740788993b119bfbb04b,9c2f903993167fc2a228b3cfe60a23fe33f57f252bae6299458338cb8eb967ad,3f630dfcc8a1c2a19b093e7fe0f4bdc7f830fef42266fcf1156112f0eb959046,11f4fe862570895441036964a9b308e92c2ee6ba8a87b5da9009ffd5208a4bda,2c6d6a597c6b1b321c4f632291c22dfe5788a058fe82fd65114a5a59d5d0be83,3a365f5dd3e9d410585a34695bb444d67b220c4b40a9348288a540078bc27f75
spatial,B1,False,2023-09-14,landsat-8,634,53,1.4726931779199768,1.834652707174974,-0.3411410240109762,0.10869406984657828,True,3b188221263ad4673846ce5170fa622b5395e51a4aaa750114e1793d3986975b,55416c987a2d25f9177dd974307ae595761c1db31ecaa9d7561fb6c42d4d5e7c,00d1e59ce78baffbf9d24361ac8ba16a1d577b22cb193e15596627259190ed07,0c06b88fd09cd514745b699e6b6a7e12901db8d3247e42b582feaf1f7e91c04a,1eafe424a4c718d6a3b18cff938036f958858c70b344740788993b119bfbb04b,9c2f903993167fc2a228b3cfe60a23fe33f57f252bae6299458338cb8eb967ad,3f630dfcc8a1c2a19b093e7fe0f4bdc7f830fef42266fcf1156112f0eb959046,11f4fe862570895441036964a9b308e92c2ee6ba8a87b5da9009ffd5208a4bda,2c6d6a597c6b1b321c4f632291c22dfe5788a058fe82fd65114a5a59d5d0be83,3a365f5dd3e9d410585a34695bb444d67b220c4b40a9348288a540078bc27f75
spatial,B1,False,2023-09-22,landsat-9,707,54,2.1194301701163614,2.644196652779417,-0.2887980193251186,0.15828944288425204,True,3b188221263ad4673846ce5170fa622b5395e51a4aaa750114e1793d3986975b,55416c987a2d25f9177dd974307ae595761c1db31ecaa9d7561fb6c42d4d5e7c,00d1e59ce78baffbf9d24361ac8ba16a1d577b22cb193e15596627259190ed07,0c06b88fd09cd514745b699e6b6a7e12901db8d3247e42b582feaf1f7e91c04a,1eafe424a4c718d6a3b18cff938036f958858c70b344740788993b119bfbb04b,9c2f903993167fc2a228b3cfe60a23fe33f57f252bae6299458338cb8eb967ad,3f630dfcc8a1c2a19b093e7fe0f4bdc7f830fef42266fcf1156112f0eb959046,11f4fe862570895441036964a9b308e92c2ee6ba8a87b5da9009ffd5208a4bda,2c6d6a597c6b1b321c4f632291c22dfe5788a058fe82fd65114a5a59d5d0be83,3a365f5dd3e9d410585a34695bb444d67b220c4b40a9348288a540078bc27f75
spatial,B1,False,2023-10-08,landsat-9,952,61,1.4518808982723883,1.8318907022045652,-0.19419722472002246,0.6569481801066155,True,3b188221263ad4673846ce5170fa622b5395e51a4aaa750114e1793d3986975b,55416c987a2d25f9177dd974307ae595761c1db31ecaa9d7561fb6c42d4d5e7c,00d1e59ce78baffbf9d24361ac8ba16a1d577b22cb193e15596627259190ed07,0c06b88fd09cd514745b699e6b6a7e12901db8d3247e42b582feaf1f7e91c04a,1eafe424a4c718d6a3b18cff938036f958858c70b344740788993b119bfbb04b,9c2f903993167fc2a228b3cfe60a23fe33f57f252bae6299458338cb8eb967ad,3f630dfcc8a1c2a19b093e7fe0f4bdc7f830fef42266fcf1156112f0eb959046,11f4fe862570895441036964a9b308e92c2ee6ba8a87b5da9009ffd5208a4bda,2c6d6a597c6b1b321c4f632291c22dfe5788a058fe82fd65114a5a59d5d0be83,3a365f5dd3e9d410585a34695bb444d67b220c4b40a9348288a540078bc27f75
spatial,B1,False,2023-10-16,landsat-8,936,62,1.441850295305125,1.8862070864657097,0.706901852005279,0.36482183785088573,True,3b188221263ad4673846ce5170fa622b5395e51a4aaa750114e1793d3986975b,55416c987a2d25f9177dd974307ae595761c1db31ecaa9d7561fb6c42d4d5e7c,00d1e59ce78baffbf9d24361ac8ba16a1d577b22cb193e15596627259190ed07,0c06b88fd09cd514745b699e6b6a7e12901db8d3247e42b582feaf1f7e91c04a,1eafe424a4c718d6a3b18cff938036f958858c70b344740788993b119bfbb04b,9c2f903993167fc2a228b3cfe60a23fe33f57f252bae6299458338cb8eb967ad,3f630dfcc8a1c2a19b093e7fe0f4bdc7f830fef42266fcf1156112f0eb959046,11f4fe862570895441036964a9b308e92c2ee6ba8a87b5da9009ffd5208a4bda,2c6d6a597c6b1b321c4f632291c22dfe5788a058fe82fd65114a5a59d5d0be83,3a365f5dd3e9d410585a34695bb444d67b220c4b40a9348288a540078bc27f75
spatial,B1,False,2023-10-24,landsat-9,699,51,1.3408081377650776,1.6441174284041356,-0.8306706031674722,0.3470749964786389,True,3b188221263ad4673846ce5170fa622b5395e51a4aaa750114e1793d3986975b,55416c987a2d25f9177dd974307ae595761c1db31ecaa9d7561fb6c42d4d5e7c,00d1e59ce78baffbf9d24361ac8ba16a1d577b22cb193e15596627259190ed07,0c06b88fd09cd514745b699e6b6a7e12901db8d3247e42b582feaf1f7e91c04a,1eafe424a4c718d6a3b18cff938036f958858c70b344740788993b119bfbb04b,9c2f903993167fc2a228b3cfe60a23fe33f57f252bae6299458338cb8eb967ad,3f630dfcc8a1c2a19b093e7fe0f4bdc7f830fef42266fcf1156112f0eb959046,11f4fe862570895441036964a9b308e92c2ee6ba8a87b5da9009ffd5208a4bda,2c6d6a597c6b1b321c4f632291c22dfe5788a058fe82fd65114a5a59d5d0be83,3a365f5dd3e9d410585a34695bb444d67b220c4b40a9348288a540078bc27f75
spatial,B1,False,2024-05-11,landsat-8,861,55,1.6305376287040667,2.12294771249996,-0.007633491461912329,0.3156909766505972,True,3b188221263ad4673846ce5170fa622b5395e51a4aaa750114e1793d3986975b,55416c987a2d25f9177dd974307ae595761c1db31ecaa9d7561fb6c42d4d5e7c,00d1e59ce78baffbf9d24361ac8ba16a1d577b22cb193e15596627259190ed07,0c06b88fd09cd514745b699e6b6a7e12901db8d3247e42b582feaf1f7e91c04a,1eafe424a4c718d6a3b18cff938036f958858c70b344740788993b119bfbb04b,9c2f903993167fc2a228b3cfe60a23fe33f57f252bae6299458338cb8eb967ad,3f630dfcc8a1c2a19b093e7fe0f4bdc7f830fef42266fcf1156112f0eb959046,11f4fe862570895441036964a9b308e92c2ee6ba8a87b5da9009ffd5208a4bda,2c6d6a597c6b1b321c4f632291c22dfe5788a058fe82fd65114a5a59d5d0be83,3a365f5dd3e9d410585a34695bb444d67b220c4b40a9348288a540078bc27f75
spatial,B1,False,2024-05-27,landsat-8,680,46,1.5527808328119093,2.0360850429803556,0.3984937008967909,-0.07145760618270666,True,3b188221263ad4673846ce5170fa622b5395e51a4aaa750114e1793d3986975b,55416c987a2d25f9177dd974307ae595761c1db31ecaa9d7561fb6c42d4d5e7c,00d1e59ce78baffbf9d24361ac8ba16a1d577b22cb193e15596627259190ed07,0c06b88fd09cd514745b699e6b6a7e12901db8d3247e42b582feaf1f7e91c04a,1eafe424a4c718d6a3b18cff938036f958858c70b344740788993b119bfbb04b,9c2f903993167fc2a228b3cfe60a23fe33f57f252bae6299458338cb8eb967ad,3f630dfcc8a1c2a19b093e7fe0f4bdc7f830fef42266fcf1156112f0eb959046,11f4fe862570895441036964a9b308e92c2ee6ba8a87b5da9009ffd5208a4bda,2c6d6a597c6b1b321c4f632291c22dfe5788a058fe82fd65114a5a59d5d0be83,3a365f5dd3e9d410585a34695bb444d67b220c4b40a9348288a540078bc27f75
spatial,B1,False,2024-06-20,landsat-9,1050,65,2.1181031141816606,2.578885570508835,-0.7336444498604109,0.35069611173429105,True,3b188221263ad4673846ce5170fa622b5395e51a4aaa750114e1793d3986975b,55416c987a2d25f9177dd974307ae595761c1db31ecaa9d7561fb6c42d4d5e7c,00d1e59ce78baffbf9d24361ac8ba16a1d577b22cb193e15596627259190ed07,0c06b88fd09cd514745b699e6b6a7e12901db8d3247e42b582feaf1f7e91c04a,1eafe424a4c718d6a3b18cff938036f958858c70b344740788993b119bfbb04b,9c2f903993167fc2a228b3cfe60a23fe33f57f252bae6299458338cb8eb967ad,3f630dfcc8a1c2a19b093e7fe0f4bdc7f830fef42266fcf1156112f0eb959046,11f4fe862570895441036964a9b308e92c2ee6ba8a87b5da9009ffd5208a4bda,2c6d6a597c6b1b321c4f632291c22dfe5788a058fe82fd65114a5a59d5d0be83,3a365f5dd3e9d410585a34695bb444d67b220c4b40a9348288a540078bc27f75
spatial,B1,False,2024-06-28,landsat-8,1060,69,2.2771821509723553,2.970993510712608,-0.07055019679921604,0.1991439631221304,True,3b188221263ad4673846ce5170fa622b5395e51a4aaa750114e1793d3986975b,55416c987a2d25f9177dd974307ae595761c1db31ecaa9d7561fb6c42d4d5e7c,00d1e59ce78baffbf9d24361ac8ba16a1d577b22cb193e15596627259190ed07,0c06b88fd09cd514745b699e6b6a7e12901db8d3247e42b582feaf1f7e91c04a,1eafe424a4c718d6a3b18cff938036f958858c70b344740788993b119bfbb04b,9c2f903993167fc2a228b3cfe60a23fe33f57f252bae6299458338cb8eb967ad,3f630dfcc8a1c2a19b093e7fe0f4bdc7f830fef42266fcf1156112f0eb959046,11f4fe862570895441036964a9b308e92c2ee6ba8a87b5da9009ffd5208a4bda,2c6d6a597c6b1b321c4f632291c22dfe5788a058fe82fd65114a5a59d5d0be83,3a365f5dd3e9d410585a34695bb444d67b220c4b40a9348288a540078bc27f75
spatial,B1,False,2024-07-14,landsat-8,592,47,2.8729975248699384,3.389051240906303,2.749348662108512,0.6431796022739742,True,3b188221263ad4673846ce5170fa622b5395e51a4aaa750114e1793d3986975b,55416c987a2d25f9177dd974307ae595761c1db31ecaa9d7561fb6c42d4d5e7c,00d1e59ce78baffbf9d24361ac8ba16a1d577b22cb193e15596627259190ed07,0c06b88fd09cd514745b699e6b6a7e12901db8d3247e42b582feaf1f7e91c04a,1eafe424a4c718d6a3b18cff938036f958858c70b344740788993b119bfbb04b,9c2f903993167fc2a228b3cfe60a23fe33f57f252bae6299458338cb8eb967ad,3f630dfcc8a1c2a19b093e7fe0f4bdc7f830fef42266fcf1156112f0eb959046,11f4fe862570895441036964a9b308e92c2ee6ba8a87b5da9009ffd5208a4bda,2c6d6a597c6b1b321c4f632291c22dfe5788a058fe82fd65114a5a59d5d0be83,3a365f5dd3e9d410585a34695bb444d67b220c4b40a9348288a540078bc27f75
spatial,B1,False,2024-07-22,landsat-9,976,67,2.2256392440596042,2.7991027148205783,-0.2447480395728183,0.6678418498189629,True,3b188221263ad4673846ce5170fa622b5395e51a4aaa750114e1793d3986975b,55416c987a2d25f9177dd974307ae595761c1db31ecaa9d7561fb6c42d4d5e7c,00d1e59ce78baffbf9d24361ac8ba16a1d577b22cb193e15596627259190ed07,0c06b88fd09cd514745b699e6b6a7e12901db8d3247e42b582feaf1f7e91c04a,1eafe424a4c718d6a3b18cff938036f958858c70b344740788993b119bfbb04b,9c2f903993167fc2a228b3cfe60a23fe33f57f252bae6299458338cb8eb967ad,3f630dfcc8a1c2a19b093e7fe0f4bdc7f830fef42266fcf1156112f0eb959046,11f4fe862570895441036964a9b308e92c2ee6ba8a87b5da9009ffd5208a4bda,2c6d6a597c6b1b321c4f632291c22dfe5788a058fe82fd65114a5a59d5d0be83,3a365f5dd3e9d410585a34695bb444d67b220c4b40a9348288a540078bc27f75
spatial,B1,False,2024-07-30,landsat-8,1064,69,2.0693703397045127,2.6602016463331406,0.1970992899216024,0.6619244301359015,True,3b188221263ad4673846ce5170fa622b5395e51a4aaa750114e1793d3986975b,55416c987a2d25f9177dd974307ae595761c1db31ecaa9d7561fb6c42d4d5e7c,00d1e59ce78baffbf9d24361ac8ba16a1d577b22cb193e15596627259190ed07,0c06b88fd09cd514745b699e6b6a7e12901db8d3247e42b582feaf1f7e91c04a,1eafe424a4c718d6a3b18cff938036f958858c70b344740788993b119bfbb04b,9c2f903993167fc2a228b3cfe60a23fe33f57f252bae6299458338cb8eb967ad,3f630dfcc8a1c2a19b093e7fe0f4bdc7f830fef42266fcf1156112f0eb959046,11f4fe862570895441036964a9b308e92c2ee6ba8a87b5da9009ffd5208a4bda,2c6d6a597c6b1b321c4f632291c22dfe5788a058fe82fd65114a5a59d5d0be83,3a365f5dd3e9d410585a34695bb444d67b220c4b40a9348288a540078bc27f75
spatial,B1,False,2024-08-07,landsat-9,849,67,3.6050519463690613,4.507482048164744,3.5644517518515237,0.49637237946289875,True,3b188221263ad4673846ce5170fa622b5395e51a4aaa750114e1793d3986975b,55416c987a2d25f9177dd974307ae595761c1db31ecaa9d7561fb6c42d4d5e7c,00d1e59ce78baffbf9d24361ac8ba16a1d577b22cb193e15596627259190ed07,0c06b88fd09cd514745b699e6b6a7e12901db8d3247e42b582feaf1f7e91c04a,1eafe424a4c718d6a3b18cff938036f958858c70b344740788993b119bfbb04b,9c2f903993167fc2a228b3cfe60a23fe33f57f252bae6299458338cb8eb967ad,3f630dfcc8a1c2a19b093e7fe0f4bdc7f830fef42266fcf1156112f0eb959046,11f4fe862570895441036964a9b308e92c2ee6ba8a87b5da9009ffd5208a4bda,2c6d6a597c6b1b321c4f632291c22dfe5788a058fe82fd65114a5a59d5d0be83,3a365f5dd3e9d410585a34695bb444d67b220c4b40a9348288a540078bc27f75
spatial,B1,False,2024-08-15,landsat-8,1083,71,2.0747330578957013,2.7853234585829387,0.7724206394585669,0.6043269533552119,True,3b188221263ad4673846ce5170fa622b5395e51a4aaa750114e1793d3986975b,55416c987a2d25f9177dd974307ae595761c1db31ecaa9d7561fb6c42d4d5e7c,00d1e59ce78baffbf9d24361ac8ba16a1d577b22cb193e15596627259190ed07,0c06b88fd09cd514745b699e6b6a7e12901db8d3247e42b582feaf1f7e91c04a,1eafe424a4c718d6a3b18cff938036f958858c70b344740788993b119bfbb04b,9c2f903993167fc2a228b3cfe60a23fe33f57f252bae6299458338cb8eb967ad,3f630dfcc8a1c2a19b093e7fe0f4bdc7f830fef42266fcf1156112f0eb959046,11f4fe862570895441036964a9b308e92c2ee6ba8a87b5da9009ffd5208a4bda,2c6d6a597c6b1b321c4f632291c22dfe5788a058fe82fd65114a5a59d5d0be83,3a365f5dd3e9d410585a34695bb444d67b220c4b40a9348288a540078bc27f75
spatial,B1,False,2024-08-23,landsat-9,1041,70,2.0275389074705616,2.679907044187687,1.092533772153852,-0.08364533760363876,True,3b188221263ad4673846ce5170fa622b5395e51a4aaa750114e1793d3986975b,55416c987a2d25f9177dd974307ae595761c1db31ecaa9d7561fb6c42d4d5e7c,00d1e59ce78baffbf9d24361ac8ba16a1d577b22cb193e15596627259190ed07,0c06b88fd09cd514745b699e6b6a7e12901db8d3247e42b582feaf1f7e91c04a,1eafe424a4c718d6a3b18cff938036f958858c70b344740788993b119bfbb04b,9c2f903993167fc2a228b3cfe60a23fe33f57f252bae6299458338cb8eb967ad,3f630dfcc8a1c2a19b093e7fe0f4bdc7f830fef42266fcf1156112f0eb959046,11f4fe862570895441036964a9b308e92c2ee6ba8a87b5da9009ffd5208a4bda,2c6d6a597c6b1b321c4f632291c22dfe5788a058fe82fd65114a5a59d5d0be83,3a365f5dd3e9d410585a34695bb444d67b220c4b40a9348288a540078bc27f75
spatial,B1,False,2024-08-31,landsat-8,1048,66,2.1452307403432336,2.576446534345639,-0.9832160821962975,0.5309403067607276,True,3b188221263ad4673846ce5170fa622b5395e51a4aaa750114e1793d3986975b,55416c987a2d25f9177dd974307ae595761c1db31ecaa9d7561fb6c42d4d5e7c,00d1e59ce78baffbf9d24361ac8ba16a1d577b22cb193e15596627259190ed07,0c06b88fd09cd514745b699e6b6a7e12901db8d3247e42b582feaf1f7e91c04a,1eafe424a4c718d6a3b18cff938036f958858c70b344740788993b119bfbb04b,9c2f903993167fc2a228b3cfe60a23fe33f57f252bae6299458338cb8eb967ad,3f630dfcc8a1c2a19b093e7fe0f4bdc7f830fef42266fcf1156112f0eb959046,11f4fe862570895441036964a9b308e92c2ee6ba8a87b5da9009ffd5208a4bda,2c6d6a597c6b1b321c4f632291c22dfe5788a058fe82fd65114a5a59d5d0be83,3a365f5dd3e9d410585a34695bb444d67b220c4b40a9348288a540078bc27f75
spatial,B1,False,2024-09-08,landsat-9,1087,71,3.550086949791858,4.171916474766393,-3.261241077686246,0.28617339794666935,True,3b188221263ad4673846ce5170fa622b5395e51a4aaa750114e1793d3986975b,55416c987a2d25f9177dd974307ae595761c1db31ecaa9d7561fb6c42d4d5e7c,00d1e59ce78baffbf9d24361ac8ba16a1d577b22cb193e15596627259190ed07,0c06b88fd09cd514745b699e6b6a7e12901db8d3247e42b582feaf1f7e91c04a,1eafe424a4c718d6a3b18cff938036f958858c70b344740788993b119bfbb04b,9c2f903993167fc2a228b3cfe60a23fe33f57f252bae6299458338cb8eb967ad,3f630dfcc8a1c2a19b093e7fe0f4bdc7f830fef42266fcf1156112f0eb959046,11f4fe862570895441036964a9b308e92c2ee6ba8a87b5da9009ffd5208a4bda,2c6d6a597c6b1b321c4f632291c22dfe5788a058fe82fd65114a5a59d5d0be83,3a365f5dd3e9d410585a34695bb444d67b220c4b40a9348288a540078bc27f75
spatial,B1,False,2024-09-24,landsat-9,641,50,3.3313366617504356,3.7894303047959483,3.2358554169154026,0.7219045653999832,True,3b188221263ad4673846ce5170fa622b5395e51a4aaa750114e1793d3986975b,55416c987a2d25f9177dd974307ae595761c1db31ecaa9d7561fb6c42d4d5e7c,00d1e59ce78baffbf9d24361ac8ba16a1d577b22cb193e15596627259190ed07,0c06b88fd09cd514745b699e6b6a7e12901db8d3247e42b582feaf1f7e91c04a,1eafe424a4c718d6a3b18cff938036f958858c70b344740788993b119bfbb04b,9c2f903993167fc2a228b3cfe60a23fe33f57f252bae6299458338cb8eb967ad,3f630dfcc8a1c2a19b093e7fe0f4bdc7f830fef42266fcf1156112f0eb959046,11f4fe862570895441036964a9b308e92c2ee6ba8a87b5da9009ffd5208a4bda,2c6d6a597c6b1b321c4f632291c22dfe5788a058fe82fd65114a5a59d5d0be83,3a365f5dd3e9d410585a34695bb444d67b220c4b40a9348288a540078bc27f75
spatial,B1,False,2024-10-02,landsat-8,1001,63,1.8932552865300691,2.274733303992554,-0.018671991996937608,0.7398708717768666,True,3b188221263ad4673846ce5170fa622b5395e51a4aaa750114e1793d3986975b,55416c987a2d25f9177dd974307ae595761c1db31ecaa9d7561fb6c42d4d5e7c,00d1e59ce78baffbf9d24361ac8ba16a1d577b22cb193e15596627259190ed07,0c06b88fd09cd514745b699e6b6a7e12901db8d3247e42b582feaf1f7e91c04a,1eafe424a4c718d6a3b18cff938036f958858c70b344740788993b119bfbb04b,9c2f903993167fc2a228b3cfe60a23fe33f57f252bae6299458338cb8eb967ad,3f630dfcc8a1c2a19b093e7fe0f4bdc7f830fef42266fcf1156112f0eb959046,11f4fe862570895441036964a9b308e92c2ee6ba8a87b5da9009ffd5208a4bda,2c6d6a597c6b1b321c4f632291c22dfe5788a058fe82fd65114a5a59d5d0be83,3a365f5dd3e9d410585a34695bb444d67b220c4b40a9348288a540078bc27f75
spatial,B1,False,2024-10-10,landsat-9,870,58,1.3223800865154227,1.6762342179845642,0.35101146238797154,0.5527254058280167,True,3b188221263ad4673846ce5170fa622b5395e51a4aaa750114e1793d3986975b,55416c987a2d25f9177dd974307ae595761c1db31ecaa9d7561fb6c42d4d5e7c,00d1e59ce78baffbf9d24361ac8ba16a1d577b22cb193e15596627259190ed07,0c06b88fd09cd514745b699e6b6a7e12901db8d3247e42b582feaf1f7e91c04a,1eafe424a4c718d6a3b18cff938036f958858c70b344740788993b119bfbb04b,9c2f903993167fc2a228b3cfe60a23fe33f57f252bae6299458338cb8eb967ad,3f630dfcc8a1c2a19b093e7fe0f4bdc7f830fef42266fcf1156112f0eb959046,11f4fe862570895441036964a9b308e92c2ee6ba8a87b5da9009ffd5208a4bda,2c6d6a597c6b1b321c4f632291c22dfe5788a058fe82fd65114a5a59d5d0be83,3a365f5dd3e9d410585a34695bb444d67b220c4b40a9348288a540078bc27f75
spatial,B1,False,2024-10-18,landsat-8,1091,71,1.7895297440943438,2.1035828163598467,0.46914361600528537,0.30172910242797757,True,3b188221263ad4673846ce5170fa622b5395e51a4aaa750114e1793d3986975b,55416c987a2d25f9177dd974307ae595761c1db31ecaa9d7561fb6c42d4d5e7c,00d1e59ce78baffbf9d24361ac8ba16a1d577b22cb193e15596627259190ed07,0c06b88fd09cd514745b699e6b6a7e12901db8d3247e42b582feaf1f7e91c04a,1eafe424a4c718d6a3b18cff938036f958858c70b344740788993b119bfbb04b,9c2f903993167fc2a228b3cfe60a23fe33f57f252bae6299458338cb8eb967ad,3f630dfcc8a1c2a19b093e7fe0f4bdc7f830fef42266fcf1156112f0eb959046,11f4fe862570895441036964a9b308e92c2ee6ba8a87b5da9009ffd5208a4bda,2c6d6a597c6b1b321c4f632291c22dfe5788a058fe82fd65114a5a59d5d0be83,3a365f5dd3e9d410585a34695bb444d67b220c4b40a9348288a540078bc27f75
spatial,B2,False,2020-05-16,landsat-8,1061,69,3.8396497778157324,4.280155904858881,-3.668652605749221,0.5415045690810085,True,3b188221263ad4673846ce5170fa622b5395e51a4aaa750114e1793d3986975b,55416c987a2d25f9177dd974307ae595761c1db31ecaa9d7561fb6c42d4d5e7c,00d1e59ce78baffbf9d24361ac8ba16a1d577b22cb193e15596627259190ed07,0c06b88fd09cd514745b699e6b6a7e12901db8d3247e42b582feaf1f7e91c04a,1eafe424a4c718d6a3b18cff938036f958858c70b344740788993b119bfbb04b,9c2f903993167fc2a228b3cfe60a23fe33f57f252bae6299458338cb8eb967ad,3f630dfcc8a1c2a19b093e7fe0f4bdc7f830fef42266fcf1156112f0eb959046,11f4fe862570895441036964a9b308e92c2ee6ba8a87b5da9009ffd5208a4bda,2c6d6a597c6b1b321c4f632291c22dfe5788a058fe82fd65114a5a59d5d0be83,3a365f5dd3e9d410585a34695bb444d67b220c4b40a9348288a540078bc27f75
spatial,B2,False,2020-07-03,landsat-8,1073,70,1.628379695735264,2.086515636113841,1.2956169723822168,0.8572905740527481,True,3b188221263ad4673846ce5170fa622b5395e51a4aaa750114e1793d3986975b,55416c987a2d25f9177dd974307ae595761c1db31ecaa9d7561fb6c42d4d5e7c,00d1e59ce78baffbf9d24361ac8ba16a1d577b22cb193e15596627259190ed07,0c06b88fd09cd514745b699e6b6a7e12901db8d3247e42b582feaf1f7e91c04a,1eafe424a4c718d6a3b18cff938036f958858c70b344740788993b119bfbb04b,9c2f903993167fc2a228b3cfe60a23fe33f57f252bae6299458338cb8eb967ad,3f630dfcc8a1c2a19b093e7fe0f4bdc7f830fef42266fcf1156112f0eb959046,11f4fe862570895441036964a9b308e92c2ee6ba8a87b5da9009ffd5208a4bda,2c6d6a597c6b1b321c4f632291c22dfe5788a058fe82fd65114a5a59d5d0be83,3a365f5dd3e9d410585a34695bb444d67b220c4b40a9348288a540078bc27f75
spatial,B2,False,2020-07-19,landsat-8,1050,68,1.7269756783735297,2.1755272881854113,0.2072734632916519,0.8285396947919194,True,3b188221263ad4673846ce5170fa622b5395e51a4aaa750114e1793d3986975b,55416c987a2d25f9177dd974307ae595761c1db31ecaa9d7561fb6c42d4d5e7c,00d1e59ce78baffbf9d24361ac8ba16a1d577b22cb193e15596627259190ed07,0c06b88fd09cd514745b699e6b6a7e12901db8d3247e42b582feaf1f7e91c04a,1eafe424a4c718d6a3b18cff938036f958858c70b344740788993b119bfbb04b,9c2f903993167fc2a228b3cfe60a23fe33f57f252bae6299458338cb8eb967ad,3f630dfcc8a1c2a19b093e7fe0f4bdc7f830fef42266fcf1156112f0eb959046,11f4fe862570895441036964a9b308e92c2ee6ba8a87b5da9009ffd5208a4bda,2c6d6a597c6b1b321c4f632291c22dfe5788a058fe82fd65114a5a59d5d0be83,3a365f5dd3e9d410585a34695bb444d67b220c4b40a9348288a540078bc27f75
spatial,B2,False,2020-08-20,landsat-8,1080,71,3.3200621328767257,3.596495395270842,-3.3107017683594364,0.7513199569541708,True,3b188221263ad4673846ce5170fa622b5395e51a4aaa750114e1793d3986975b,55416c987a2d25f9177dd974307ae595761c1db31ecaa9d7561fb6c42d4d5e7c,00d1e59ce78baffbf9d24361ac8ba16a1d577b22cb193e15596627259190ed07,0c06b88fd09cd514745b699e6b6a7e12901db8d3247e42b582feaf1f7e91c04a,1eafe424a4c718d6a3b18cff938036f958858c70b344740788993b119bfbb04b,9c2f903993167fc2a228b3cfe60a23fe33f57f252bae6299458338cb8eb967ad,3f630dfcc8a1c2a19b093e7fe0f4bdc7f830fef42266fcf1156112f0eb959046,11f4fe862570895441036964a9b308e92c2ee6ba8a87b5da9009ffd5208a4bda,2c6d6a597c6b1b321c4f632291c22dfe5788a058fe82fd65114a5a59d5d0be83,3a365f5dd3e9d410585a34695bb444d67b220c4b40a9348288a540078bc27f75
spatial,B2,False,2020-09-05,landsat-8,1086,71,7.644288192881226,8.024866418699375,-7.642987624018636,0.8012266747909782,True,3b188221263ad4673846ce5170fa622b5395e51a4aaa750114e1793d3986975b,55416c987a2d25f9177dd974307ae595761c1db31ecaa9d7561fb6c42d4d5e7c,00d1e59ce78baffbf9d24361ac8ba16a1d577b22cb193e15596627259190ed07,0c06b88fd09cd514745b699e6b6a7e12901db8d3247e42b582feaf1f7e91c04a,1eafe424a4c718d6a3b18cff938036f958858c70b344740788993b119bfbb04b,9c2f903993167fc2a228b3cfe60a23fe33f57f252bae6299458338cb8eb967ad,3f630dfcc8a1c2a19b093e7fe0f4bdc7f830fef42266fcf1156112f0eb959046,11f4fe862570895441036964a9b308e92c2ee6ba8a87b5da9009ffd5208a4bda,2c6d6a597c6b1b321c4f632291c22dfe5788a058fe82fd65114a5a59d5d0be83,3a365f5dd3e9d410585a34695bb444d67b220c4b40a9348288a540078bc27f75
spatial,B2,False,2020-09-21,landsat-8,1007,65,2.032190886024682,2.3423477279862808,1.8767215157264316,0.585582099411662,True,3b188221263ad4673846ce5170fa622b5395e51a4aaa750114e1793d3986975b,55416c987a2d25f9177dd974307ae595761c1db31ecaa9d7561fb6c42d4d5e7c,00d1e59ce78baffbf9d24361ac8ba16a1d577b22cb193e15596627259190ed07,0c06b88fd09cd514745b699e6b6a7e12901db8d3247e42b582feaf1f7e91c04a,1eafe424a4c718d6a3b18cff938036f958858c70b344740788993b119bfbb04b,9c2f903993167fc2a228b3cfe60a23fe33f57f252bae6299458338cb8eb967ad,3f630dfcc8a1c2a19b093e7fe0f4bdc7f830fef42266fcf1156112f0eb959046,11f4fe862570895441036964a9b308e92c2ee6ba8a87b5da9009ffd5208a4bda,2c6d6a597c6b1b321c4f632291c22dfe5788a058fe82fd65114a5a59d5d0be83,3a365f5dd3e9d410585a34695bb444d67b220c4b40a9348288a540078bc27f75
spatial,B2,False,2020-10-07,landsat-8,967,66,1.2694427400087716,1.572094288371025,-0.7868148564269779,0.7697428839954912,True,3b188221263ad4673846ce5170fa622b5395e51a4aaa750114e1793d3986975b,55416c987a2d25f9177dd974307ae595761c1db31ecaa9d7561fb6c42d4d5e7c,00d1e59ce78baffbf9d24361ac8ba16a1d577b22cb193e15596627259190ed07,0c06b88fd09cd514745b699e6b6a7e12901db8d3247e42b582feaf1f7e91c04a,1eafe424a4c718d6a3b18cff938036f958858c70b344740788993b119bfbb04b,9c2f903993167fc2a228b3cfe60a23fe33f57f252bae6299458338cb8eb967ad,3f630dfcc8a1c2a19b093e7fe0f4bdc7f830fef42266fcf1156112f0eb959046,11f4fe862570895441036964a9b308e92c2ee6ba8a87b5da9009ffd5208a4bda,2c6d6a597c6b1b321c4f632291c22dfe5788a058fe82fd65114a5a59d5d0be83,3a365f5dd3e9d410585a34695bb444d67b220c4b40a9348288a540078bc27f75
spatial,B2,False,2021-05-03,landsat-8,1019,64,2.217686080026833,2.7271518494094766,-2.0184663687094235,0.6625308287694471,True,3b188221263ad4673846ce5170fa622b5395e51a4aaa750114e1793d3986975b,55416c987a2d25f9177dd974307ae595761c1db31ecaa9d7561fb6c42d4d5e7c,00d1e59ce78baffbf9d24361ac8ba16a1d577b22cb193e15596627259190ed07,0c06b88fd09cd514745b699e6b6a7e12901db8d3247e42b582feaf1f7e91c04a,1eafe424a4c718d6a3b18cff938036f958858c70b344740788993b119bfbb04b,9c2f903993167fc2a228b3cfe60a23fe33f57f252bae6299458338cb8eb967ad,3f630dfcc8a1c2a19b093e7fe0f4bdc7f830fef42266fcf1156112f0eb959046,11f4fe862570895441036964a9b308e92c2ee6ba8a87b5da9009ffd5208a4bda,2c6d6a597c6b1b321c4f632291c22dfe5788a058fe82fd65114a5a59d5d0be83,3a365f5dd3e9d410585a34695bb444d67b220c4b40a9348288a540078bc27f75
spatial,B2,False,2021-06-04,landsat-8,953,61,1.7223388629270062,2.1019165788111507,1.2939935503946827,0.6985631163376292,True,3b188221263ad4673846ce5170fa622b5395e51a4aaa750114e1793d3986975b,55416c987a2d25f9177dd974307ae595761c1db31ecaa9d7561fb6c42d4d5e7c,00d1e59ce78baffbf9d24361ac8ba16a1d577b22cb193e15596627259190ed07,0c06b88fd09cd514745b699e6b6a7e12901db8d3247e42b582feaf1f7e91c04a,1eafe424a4c718d6a3b18cff938036f958858c70b344740788993b119bfbb04b,9c2f903993167fc2a228b3cfe60a23fe33f57f252bae6299458338cb8eb967ad,3f630dfcc8a1c2a19b093e7fe0f4bdc7f830fef42266fcf1156112f0eb959046,11f4fe862570895441036964a9b308e92c2ee6ba8a87b5da9009ffd5208a4bda,2c6d6a597c6b1b321c4f632291c22dfe5788a058fe82fd65114a5a59d5d0be83,3a365f5dd3e9d410585a34695bb444d67b220c4b40a9348288a540078bc27f75
spatial,B2,False,2021-06-20,landsat-8,993,62,1.7559429101704755,2.3203884909515535,1.2766340509298322,0.7115850643513311,True,3b188221263ad4673846ce5170fa622b5395e51a4aaa750114e1793d3986975b,55416c987a2d25f9177dd974307ae595761c1db31ecaa9d7561fb6c42d4d5e7c,00d1e59ce78baffbf9d24361ac8ba16a1d577b22cb193e15596627259190ed07,0c06b88fd09cd514745b699e6b6a7e12901db8d3247e42b582feaf1f7e91c04a,1eafe424a4c718d6a3b18cff938036f958858c70b344740788993b119bfbb04b,9c2f903993167fc2a228b3cfe60a23fe33f57f252bae6299458338cb8eb967ad,3f630dfcc8a1c2a19b093e7fe0f4bdc7f830fef42266fcf1156112f0eb959046,11f4fe862570895441036964a9b308e92c2ee6ba8a87b5da9009ffd5208a4bda,2c6d6a597c6b1b321c4f632291c22dfe5788a058fe82fd65114a5a59d5d0be83,3a365f5dd3e9d410585a34695bb444d67b220c4b40a9348288a540078bc27f75
spatial,B2,False,2021-07-06,landsat-8,1068,66,1.6497135461368033,2.0901693430557957,1.4612284315019237,0.7904999699775294,True,3b188221263ad4673846ce5170fa622b5395e51a4aaa750114e1793d3986975b,55416c987a2d25f9177dd974307ae595761c1db31ecaa9d7561fb6c42d4d5e7c,00d1e59ce78baffbf9d24361ac8ba16a1d577b22cb193e15596627259190ed07,0c06b88fd09cd514745b699e6b6a7e12901db8d3247e42b582feaf1f7e91c04a,1eafe424a4c718d6a3b18cff938036f958858c70b344740788993b119bfbb04b,9c2f903993167fc2a228b3cfe60a23fe33f57f252bae6299458338cb8eb967ad,3f630dfcc8a1c2a19b093e7fe0f4bdc7f830fef42266fcf1156112f0eb959046,11f4fe862570895441036964a9b308e92c2ee6ba8a87b5da9009ffd5208a4bda,2c6d6a597c6b1b321c4f632291c22dfe5788a058fe82fd65114a5a59d5d0be83,3a365f5dd3e9d410585a34695bb444d67b220c4b40a9348288a540078bc27f75
spatial,B2,False,2021-08-07,landsat-8,1064,69,2.259705150227919,2.5837113935739775,2.205370260102462,0.8153221822259956,True,3b188221263ad4673846ce5170fa622b5395e51a4aaa750114e1793d3986975b,55416c987a2d25f9177dd974307ae595761c1db31ecaa9d7561fb6c42d4d5e7c,00d1e59ce78baffbf9d24361ac8ba16a1d577b22cb193e15596627259190ed07,0c06b88fd09cd514745b699e6b6a7e12901db8d3247e42b582feaf1f7e91c04a,1eafe424a4c718d6a3b18cff938036f958858c70b344740788993b119bfbb04b,9c2f903993167fc2a228b3cfe60a23fe33f57f252bae6299458338cb8eb967ad,3f630dfcc8a1c2a19b093e7fe0f4bdc7f830fef42266fcf1156112f0eb959046,11f4fe862570895441036964a9b308e92c2ee6ba8a87b5da9009ffd5208a4bda,2c6d6a597c6b1b321c4f632291c22dfe5788a058fe82fd65114a5a59d5d0be83,3a365f5dd3e9d410585a34695bb444d67b220c4b40a9348288a540078bc27f75
spatial,B2,False,2021-09-08,landsat-8,1020,65,2.2647680254540337,2.6046362735290374,2.2015930234645764,0.7625877669502495,True,3b188221263ad4673846ce5170fa622b5395e51a4aaa750114e1793d3986975b,55416c987a2d25f9177dd974307ae595761c1db31ecaa9d7561fb6c42d4d5e7c,00d1e59ce78baffbf9d24361ac8ba16a1d577b22cb193e15596627259190ed07,0c06b88fd09cd514745b699e6b6a7e12901db8d3247e42b582feaf1f7e91c04a,1eafe424a4c718d6a3b18cff938036f958858c70b344740788993b119bfbb04b,9c2f903993167fc2a228b3cfe60a23fe33f57f252bae6299458338cb8eb967ad,3f630dfcc8a1c2a19b093e7fe0f4bdc7f830fef42266fcf1156112f0eb959046,11f4fe862570895441036964a9b308e92c2ee6ba8a87b5da9009ffd5208a4bda,2c6d6a597c6b1b321c4f632291c22dfe5788a058fe82fd65114a5a59d5d0be83,3a365f5dd3e9d410585a34695bb444d67b220c4b40a9348288a540078bc27f75
spatial,B2,False,2021-09-24,landsat-8,822,59,2.1525724294654904,2.430658591687191,2.064557153173432,0.6403234958528043,True,3b188221263ad4673846ce5170fa622b5395e51a4aaa750114e1793d3986975b,55416c987a2d25f9177dd974307ae595761c1db31ecaa9d7561fb6c42d4d5e7c,00d1e59ce78baffbf9d24361ac8ba16a1d577b22cb193e15596627259190ed07,0c06b88fd09cd514745b699e6b6a7e12901db8d3247e42b582feaf1f7e91c04a,1eafe424a4c718d6a3b18cff938036f958858c70b344740788993b119bfbb04b,9c2f903993167fc2a228b3cfe60a23fe33f57f252bae6299458338cb8eb967ad,3f630dfcc8a1c2a19b093e7fe0f4bdc7f830fef42266fcf1156112f0eb959046,11f4fe862570895441036964a9b308e92c2ee6ba8a87b5da9009ffd5208a4bda,2c6d6a597c6b1b321c4f632291c22dfe5788a058fe82fd65114a5a59d5d0be83,3a365f5dd3e9d410585a34695bb444d67b220c4b40a9348288a540078bc27f75
spatial,B2,False,2021-10-10,landsat-8,905,65,1.3429783966802622,1.6187462447185281,0.8282630030101924,0.5680381553248229,True,3b188221263ad4673846ce5170fa622b5395e51a4aaa750114e1793d3986975b,55416c987a2d25f9177dd974307ae595761c1db31ecaa9d7561fb6c42d4d5e7c,00d1e59ce78baffbf9d24361ac8ba16a1d577b22cb193e15596627259190ed07,0c06b88fd09cd514745b699e6b6a7e12901db8d3247e42b582feaf1f7e91c04a,1eafe424a4c718d6a3b18cff938036f958858c70b344740788993b119bfbb04b,9c2f903993167fc2a228b3cfe60a23fe33f57f252bae6299458338cb8eb967ad,3f630dfcc8a1c2a19b093e7fe0f4bdc7f830fef42266fcf1156112f0eb959046,11f4fe862570895441036964a9b308e92c2ee6ba8a87b5da9009ffd5208a4bda,2c6d6a597c6b1b321c4f632291c22dfe5788a058fe82fd65114a5a59d5d0be83,3a365f5dd3e9d410585a34695bb444d67b220c4b40a9348288a540078bc27f75
spatial,B2,False,2021-10-26,landsat-8,1094,71,6.389499612856051,6.746830885698315,6.378565371909806,0.13436312857486601,True,3b188221263ad4673846ce5170fa622b5395e51a4aaa750114e1793d3986975b,55416c987a2d25f9177dd974307ae595761c1db31ecaa9d7561fb6c42d4d5e7c,00d1e59ce78baffbf9d24361ac8ba16a1d577b22cb193e15596627259190ed07,0c06b88fd09cd514745b699e6b6a7e12901db8d3247e42b582feaf1f7e91c04a,1eafe424a4c718d6a3b18cff938036f958858c70b344740788993b119bfbb04b,9c2f903993167fc2a228b3cfe60a23fe33f57f252bae6299458338cb8eb967ad,3f630dfcc8a1c2a19b093e7fe0f4bdc7f830fef42266fcf1156112f0eb959046,11f4fe862570895441036964a9b308e92c2ee6ba8a87b5da9009ffd5208a4bda,2c6d6a597c6b1b321c4f632291c22dfe5788a058fe82fd65114a5a59d5d0be83,3a365f5dd3e9d410585a34695bb444d67b220c4b40a9348288a540078bc27f75
spatial,B2,False,2022-05-06,landsat-8,978,62,2.415933558810591,2.808508812814945,-2.3350939414457206,0.7882795497791677,True,3b188221263ad4673846ce5170fa622b5395e51a4aaa750114e1793d3986975b,55416c987a2d25f9177dd974307ae595761c1db31ecaa9d7561fb6c42d4d5e7c,00d1e59ce78baffbf9d24361ac8ba16a1d577b22cb193e15596627259190ed07,0c06b88fd09cd514745b699e6b6a7e12901db8d3247e42b582feaf1f7e91c04a,1eafe424a4c718d6a3b18cff938036f958858c70b344740788993b119bfbb04b,9c2f903993167fc2a228b3cfe60a23fe33f57f252bae6299458338cb8eb967ad,3f630dfcc8a1c2a19b093e7fe0f4bdc7f830fef42266fcf1156112f0eb959046,11f4fe862570895441036964a9b308e92c2ee6ba8a87b5da9009ffd5208a4bda,2c6d6a597c6b1b321c4f632291c22dfe5788a058fe82fd65114a5a59d5d0be83,3a365f5dd3e9d410585a34695bb444d67b220c4b40a9348288a540078bc27f75
spatial,B2,False,2022-05-14,landsat-9,989,69,7.438614223195213,7.814858229693983,-7.395591036210655,0.5855653920721426,True,3b188221263ad4673846ce5170fa622b5395e51a4aaa750114e1793d3986975b,55416c987a2d25f9177dd974307ae595761c1db31ecaa9d7561fb6c42d4d5e7c,00d1e59ce78baffbf9d24361ac8ba16a1d577b22cb193e15596627259190ed07,0c06b88fd09cd514745b699e6b6a7e12901db8d3247e42b582feaf1f7e91c04a,1eafe424a4c718d6a3b18cff938036f958858c70b344740788993b119bfbb04b,9c2f903993167fc2a228b3cfe60a23fe33f57f252bae6299458338cb8eb967ad,3f630dfcc8a1c2a19b093e7fe0f4bdc7f830fef42266fcf1156112f0eb959046,11f4fe862570895441036964a9b308e92c2ee6ba8a87b5da9009ffd5208a4bda,2c6d6a597c6b1b321c4f632291c22dfe5788a058fe82fd65114a5a59d5d0be83,3a365f5dd3e9d410585a34695bb444d67b220c4b40a9348288a540078bc27f75
spatial,B2,False,2022-05-22,landsat-8,818,58,2.5534743226528844,3.0042607994012553,2.459726316747035,0.7184471667539765,True,3b188221263ad4673846ce5170fa622b5395e51a4aaa750114e1793d3986975b,55416c987a2d25f9177dd974307ae595761c1db31ecaa9d7561fb6c42d4d5e7c,00d1e59ce78baffbf9d24361ac8ba16a1d577b22cb193e15596627259190ed07,0c06b88fd09cd514745b699e6b6a7e12901db8d3247e42b582feaf1f7e91c04a,1eafe424a4c718d6a3b18cff938036f958858c70b344740788993b119bfbb04b,9c2f903993167fc2a228b3cfe60a23fe33f57f252bae6299458338cb8eb967ad,3f630dfcc8a1c2a19b093e7fe0f4bdc7f830fef42266fcf1156112f0eb959046,11f4fe862570895441036964a9b308e92c2ee6ba8a87b5da9009ffd5208a4bda,2c6d6a597c6b1b321c4f632291c22dfe5788a058fe82fd65114a5a59d5d0be83,3a365f5dd3e9d410585a34695bb444d67b220c4b40a9348288a540078bc27f75
spatial,B2,False,2022-05-30,landsat-9,1055,67,1.4558168961690192,1.801874495716419,0.6933334941753692,0.6903780011187993,True,3b188221263ad4673846ce5170fa622b5395e51a4aaa750114e1793d3986975b,55416c987a2d25f9177dd974307ae595761c1db31ecaa9d7561fb6c42d4d5e7c,00d1e59ce78baffbf9d24361ac8ba16a1d577b22cb193e15596627259190ed07,0c06b88fd09cd514745b699e6b6a7e12901db8d3247e42b582feaf1f7e91c04a,1eafe424a4c718d6a3b18cff938036f958858c70b344740788993b119bfbb04b,9c2f903993167fc2a228b3cfe60a23fe33f57f252bae6299458338cb8eb967ad,3f630dfcc8a1c2a19b093e7fe0f4bdc7f830fef42266fcf1156112f0eb959046,11f4fe862570895441036964a9b308e92c2ee6ba8a87b5da9009ffd5208a4bda,2c6d6a597c6b1b321c4f632291c22dfe5788a058fe82fd65114a5a59d5d0be83,3a365f5dd3e9d410585a34695bb444d67b220c4b40a9348288a540078bc27f75
spatial,B2,False,2022-06-07,landsat-8,967,61,1.2656690864099986,1.6109237415582074,0.23542056841108225,0.6804270508067667,True,3b188221263ad4673846ce5170fa622b5395e51a4aaa750114e1793d3986975b,55416c987a2d25f9177dd974307ae595761c1db31ecaa9d7561fb6c42d4d5e7c,00d1e59ce78baffbf9d24361ac8ba16a1d577b22cb193e15596627259190ed07,0c06b88fd09cd514745b699e6b6a7e12901db8d3247e42b582feaf1f7e91c04a,1eafe424a4c718d6a3b18cff938036f958858c70b344740788993b119bfbb04b,9c2f903993167fc2a228b3cfe60a23fe33f57f252bae6299458338cb8eb967ad,3f630dfcc8a1c2a19b093e7fe0f4bdc7f830fef42266fcf1156112f0eb959046,11f4fe862570895441036964a9b308e92c2ee6ba8a87b5da9009ffd5208a4bda,2c6d6a597c6b1b321c4f632291c22dfe5788a058fe82fd65114a5a59d5d0be83,3a365f5dd3e9d410585a34695bb444d67b220c4b40a9348288a540078bc27f75
spatial,B2,False,2022-06-15,landsat-9,1067,69,1.2078938132308135,1.5451409028434515,0.4127740301691738,0.7995317005084308,True,3b188221263ad4673846ce5170fa622b5395e51a4aaa750114e1793d3986975b,55416c987a2d25f9177dd974307ae595761c1db31ecaa9d7561fb6c42d4d5e7c,00d1e59ce78baffbf9d24361ac8ba16a1d577b22cb193e15596627259190ed07,0c06b88fd09cd514745b699e6b6a7e12901db8d3247e42b582feaf1f7e91c04a,1eafe424a4c718d6a3b18cff938036f958858c70b344740788993b119bfbb04b,9c2f903993167fc2a228b3cfe60a23fe33f57f252bae6299458338cb8eb967ad,3f630dfcc8a1c2a19b093e7fe0f4bdc7f830fef42266fcf1156112f0eb959046,11f4fe862570895441036964a9b308e92c2ee6ba8a87b5da9009ffd5208a4bda,2c6d6a597c6b1b321c4f632291c22dfe5788a058fe82fd65114a5a59d5d0be83,3a365f5dd3e9d410585a34695bb444d67b220c4b40a9348288a540078bc27f75
spatial,B2,False,2022-06-23,landsat-8,1059,69,2.1400831938135534,2.679971148543483,-0.9250150510909217,0.747108145906962,True,3b188221263ad4673846ce5170fa622b5395e51a4aaa750114e1793d3986975b,55416c987a2d25f9177dd974307ae595761c1db31ecaa9d7561fb6c42d4d5e7c,00d1e59ce78baffbf9d24361ac8ba16a1d577b22cb193e15596627259190ed07,0c06b88fd09cd514745b699e6b6a7e12901db8d3247e42b582feaf1f7e91c04a,1eafe424a4c718d6a3b18cff938036f958858c70b344740788993b119bfbb04b,9c2f903993167fc2a228b3cfe60a23fe33f57f252bae6299458338cb8eb967ad,3f630dfcc8a1c2a19b093e7fe0f4bdc7f830fef42266fcf1156112f0eb959046,11f4fe862570895441036964a9b308e92c2ee6ba8a87b5da9009ffd5208a4bda,2c6d6a597c6b1b321c4f632291c22dfe5788a058fe82fd65114a5a59d5d0be83,3a365f5dd3e9d410585a34695bb444d67b220c4b40a9348288a540078bc27f75
spatial,B2,False,2022-07-01,landsat-9,1072,70,1.168230083063592,1.4781025754925243,0.305159844713096,0.7451320298661736,True,3b188221263ad4673846ce5170fa622b5395e51a4aaa750114e1793d3986975b,55416c987a2d25f9177dd974307ae595761c1db31ecaa9d7561fb6c42d4d5e7c,00d1e59ce78baffbf9d24361ac8ba16a1d577b22cb193e15596627259190ed07,0c06b88fd09cd514745b699e6b6a7e12901db8d3247e42b582feaf1f7e91c04a,1eafe424a4c718d6a3b18cff938036f958858c70b344740788993b119bfbb04b,9c2f903993167fc2a228b3cfe60a23fe33f57f252bae6299458338cb8eb967ad,3f630dfcc8a1c2a19b093e7fe0f4bdc7f830fef42266fcf1156112f0eb959046,11f4fe862570895441036964a9b308e92c2ee6ba8a87b5da9009ffd5208a4bda,2c6d6a597c6b1b321c4f632291c22dfe5788a058fe82fd65114a5a59d5d0be83,3a365f5dd3e9d410585a34695bb444d67b220c4b40a9348288a540078bc27f75
spatial,B2,False,2022-07-09,landsat-8,1050,67,1.8694916537453217,2.2935991366869244,0.4659947528440309,0.784603960136543,True,3b188221263ad4673846ce5170fa622b5395e51a4aaa750114e1793d3986975b,55416c987a2d25f9177dd974307ae595761c1db31ecaa9d7561fb6c42d4d5e7c,00d1e59ce78baffbf9d24361ac8ba16a1d577b22cb193e15596627259190ed07,0c06b88fd09cd514745b699e6b6a7e12901db8d3247e42b582feaf1f7e91c04a,1eafe424a4c718d6a3b18cff938036f958858c70b344740788993b119bfbb04b,9c2f903993167fc2a228b3cfe60a23fe33f57f252bae6299458338cb8eb967ad,3f630dfcc8a1c2a19b093e7fe0f4bdc7f830fef42266fcf1156112f0eb959046,11f4fe862570895441036964a9b308e92c2ee6ba8a87b5da9009ffd5208a4bda,2c6d6a597c6b1b321c4f632291c22dfe5788a058fe82fd65114a5a59d5d0be83,3a365f5dd3e9d410585a34695bb444d67b220c4b40a9348288a540078bc27f75
spatial,B2,False,2022-07-17,landsat-9,1008,69,5.485157829587398,5.703415314866644,-5.456382348483665,0.7710660197725997,True,3b188221263ad4673846ce5170fa622b5395e51a4aaa750114e1793d3986975b,55416c987a2d25f9177dd974307ae595761c1db31ecaa9d7561fb6c42d4d5e7c,00d1e59ce78baffbf9d24361ac8ba16a1d577b22cb193e15596627259190ed07,0c06b88fd09cd514745b699e6b6a7e12901db8d3247e42b582feaf1f7e91c04a,1eafe424a4c718d6a3b18cff938036f958858c70b344740788993b119bfbb04b,9c2f903993167fc2a228b3cfe60a23fe33f57f252bae6299458338cb8eb967ad,3f630dfcc8a1c2a19b093e7fe0f4bdc7f830fef42266fcf1156112f0eb959046,11f4fe862570895441036964a9b308e92c2ee6ba8a87b5da9009ffd5208a4bda,2c6d6a597c6b1b321c4f632291c22dfe5788a058fe82fd65114a5a59d5d0be83,3a365f5dd3e9d410585a34695bb444d67b220c4b40a9348288a540078bc27f75
spatial,B2,False,2022-07-25,landsat-8,1054,68,1.7753232886106276,2.1628163794669364,1.7071305359855122,0.7968739093762855,True,3b188221263ad4673846ce5170fa622b5395e51a4aaa750114e1793d3986975b,55416c987a2d25f9177dd974307ae595761c1db31ecaa9d7561fb6c42d4d5e7c,00d1e59ce78baffbf9d24361ac8ba16a1d577b22cb193e15596627259190ed07,0c06b88fd09cd514745b699e6b6a7e12901db8d3247e42b582feaf1f7e91c04a,1eafe424a4c718d6a3b18cff938036f958858c70b344740788993b119bfbb04b,9c2f903993167fc2a228b3cfe60a23fe33f57f252bae6299458338cb8eb967ad,3f630dfcc8a1c2a19b093e7fe0f4bdc7f830fef42266fcf1156112f0eb959046,11f4fe862570895441036964a9b308e92c2ee6ba8a87b5da9009ffd5208a4bda,2c6d6a597c6b1b321c4f632291c22dfe5788a058fe82fd65114a5a59d5d0be83,3a365f5dd3e9d410585a34695bb444d67b220c4b40a9348288a540078bc27f75
spatial,B2,False,2022-08-02,landsat-9,1026,67,1.9016679654521278,2.170805152151146,0.37228612341464096,0.7807581901630575,True,3b188221263ad4673846ce5170fa622b5395e51a4aaa750114e1793d3986975b,55416c987a2d25f9177dd974307ae595761c1db31ecaa9d7561fb6c42d4d5e7c,00d1e59ce78baffbf9d24361ac8ba16a1d577b22cb193e15596627259190ed07,0c06b88fd09cd514745b699e6b6a7e12901db8d3247e42b582feaf1f7e91c04a,1eafe424a4c718d6a3b18cff938036f958858c70b344740788993b119bfbb04b,9c2f903993167fc2a228b3cfe60a23fe33f57f252bae6299458338cb8eb967ad,3f630dfcc8a1c2a19b093e7fe0f4bdc7f830fef42266fcf1156112f0eb959046,11f4fe862570895441036964a9b308e92c2ee6ba8a87b5da9009ffd5208a4bda,2c6d6a597c6b1b321c4f632291c22dfe5788a058fe82fd65114a5a59d5d0be83,3a365f5dd3e9d410585a34695bb444d67b220c4b40a9348288a540078bc27f75
spatial,B2,False,2022-08-18,landsat-9,1034,66,2.0713477416753165,2.605792820026199,-1.0464074729986166,0.7872286263755306,True,3b188221263ad4673846ce5170fa622b5395e51a4aaa750114e1793d3986975b,55416c987a2d25f9177dd974307ae595761c1db31ecaa9d7561fb6c42d4d5e7c,00d1e59ce78baffbf9d24361ac8ba16a1d577b22cb193e15596627259190ed07,0c06b88fd09cd514745b699e6b6a7e12901db8d3247e42b582feaf1f7e91c04a,1eafe424a4c718d6a3b18cff938036f958858c70b344740788993b119bfbb04b,9c2f903993167fc2a228b3cfe60a23fe33f57f252bae6299458338cb8eb967ad,3f630dfcc8a1c2a19b093e7fe0f4bdc7f830fef42266fcf1156112f0eb959046,11f4fe862570895441036964a9b308e92c2ee6ba8a87b5da9009ffd5208a4bda,2c6d6a597c6b1b321c4f632291c22dfe5788a058fe82fd65114a5a59d5d0be83,3a365f5dd3e9d410585a34695bb444d67b220c4b40a9348288a540078bc27f75
spatial,B2,False,2022-08-26,landsat-8,1058,69,2.2690897250854216,2.749471000473026,-1.932596715252962,0.7663533662559612,True,3b188221263ad4673846ce5170fa622b5395e51a4aaa750114e1793d3986975b,55416c987a2d25f9177dd974307ae595761c1db31ecaa9d7561fb6c42d4d5e7c,00d1e59ce78baffbf9d24361ac8ba16a1d577b22cb193e15596627259190ed07,0c06b88fd09cd514745b699e6b6a7e12901db8d3247e42b582feaf1f7e91c04a,1eafe424a4c718d6a3b18cff938036f958858c70b344740788993b119bfbb04b,9c2f903993167fc2a228b3cfe60a23fe33f57f252bae6299458338cb8eb967ad,3f630dfcc8a1c2a19b093e7fe0f4bdc7f830fef42266fcf1156112f0eb959046,11f4fe862570895441036964a9b308e92c2ee6ba8a87b5da9009ffd5208a4bda,2c6d6a597c6b1b321c4f632291c22dfe5788a058fe82fd65114a5a59d5d0be83,3a365f5dd3e9d410585a34695bb444d67b220c4b40a9348288a540078bc27f75
spatial,B2,False,2022-09-03,landsat-9,1085,71,9.011881639817043,9.164650085102778,-9.011881639817043,0.7570138192642194,True,3b188221263ad4673846ce5170fa622b5395e51a4aaa750114e1793d3986975b,55416c987a2d25f9177dd974307ae595761c1db31ecaa9d7561fb6c42d4d5e7c,00d1e59ce78baffbf9d24361ac8ba16a1d577b22cb193e15596627259190ed07,0c06b88fd09cd514745b699e6b6a7e12901db8d3247e42b582feaf1f7e91c04a,1eafe424a4c718d6a3b18cff938036f958858c70b344740788993b119bfbb04b,9c2f903993167fc2a228b3cfe60a23fe33f57f252bae6299458338cb8eb967ad,3f630dfcc8a1c2a19b093e7fe0f4bdc7f830fef42266fcf1156112f0eb959046,11f4fe862570895441036964a9b308e92c2ee6ba8a87b5da9009ffd5208a4bda,2c6d6a597c6b1b321c4f632291c22dfe5788a058fe82fd65114a5a59d5d0be83,3a365f5dd3e9d410585a34695bb444d67b220c4b40a9348288a540078bc27f75
spatial,B2,False,2022-09-27,landsat-8,1081,71,5.53872336735573,5.852658006247685,-5.53841928569116,0.7233703120862247,True,3b188221263ad4673846ce5170fa622b5395e51a4aaa750114e1793d3986975b,55416c987a2d25f9177dd974307ae595761c1db31ecaa9d7561fb6c42d4d5e7c,00d1e59ce78baffbf9d24361ac8ba16a1d577b22cb193e15596627259190ed07,0c06b88fd09cd514745b699e6b6a7e12901db8d3247e42b582feaf1f7e91c04a,1eafe424a4c718d6a3b18cff938036f958858c70b344740788993b119bfbb04b,9c2f903993167fc2a228b3cfe60a23fe33f57f252bae6299458338cb8eb967ad,3f630dfcc8a1c2a19b093e7fe0f4bdc7f830fef42266fcf1156112f0eb959046,11f4fe862570895441036964a9b308e92c2ee6ba8a87b5da9009ffd5208a4bda,2c6d6a597c6b1b321c4f632291c22dfe5788a058fe82fd65114a5a59d5d0be83,3a365f5dd3e9d410585a34695bb444d67b220c4b40a9348288a540078bc27f75
spatial,B2,False,2022-10-05,landsat-9,921,59,1.123181085748768,1.3882452412851642,-0.39684478687379876,0.6807670640487969,True,3b188221263ad4673846ce5170fa622b5395e51a4aaa750114e1793d3986975b,55416c987a2d25f9177dd974307ae595761c1db31ecaa9d7561fb6c42d4d5e7c,00d1e59ce78baffbf9d24361ac8ba16a1d577b22cb193e15596627259190ed07,0c06b88fd09cd514745b699e6b6a7e12901db8d3247e42b582feaf1f7e91c04a,1eafe424a4c718d6a3b18cff938036f958858c70b344740788993b119bfbb04b,9c2f903993167fc2a228b3cfe60a23fe33f57f252bae6299458338cb8eb967ad,3f630dfcc8a1c2a19b093e7fe0f4bdc7f830fef42266fcf1156112f0eb959046,11f4fe862570895441036964a9b308e92c2ee6ba8a87b5da9009ffd5208a4bda,2c6d6a597c6b1b321c4f632291c22dfe5788a058fe82fd65114a5a59d5d0be83,3a365f5dd3e9d410585a34695bb444d67b220c4b40a9348288a540078bc27f75
spatial,B2,False,2022-10-21,landsat-9,701,63,1.135167298226648,1.54702820905199,-0.5932770055691159,0.5869053311324512,True,3b188221263ad4673846ce5170fa622b5395e51a4aaa750114e1793d3986975b,55416c987a2d25f9177dd974307ae595761c1db31ecaa9d7561fb6c42d4d5e7c,00d1e59ce78baffbf9d24361ac8ba16a1d577b22cb193e15596627259190ed07,0c06b88fd09cd514745b699e6b6a7e12901db8d3247e42b582feaf1f7e91c04a,1eafe424a4c718d6a3b18cff938036f958858c70b344740788993b119bfbb04b,9c2f903993167fc2a228b3cfe60a23fe33f57f252bae6299458338cb8eb967ad,3f630dfcc8a1c2a19b093e7fe0f4bdc7f830fef42266fcf1156112f0eb959046,11f4fe862570895441036964a9b308e92c2ee6ba8a87b5da9009ffd5208a4bda,2c6d6a597c6b1b321c4f632291c22dfe5788a058fe82fd65114a5a59d5d0be83,3a365f5dd3e9d410585a34695bb444d67b220c4b40a9348288a540078bc27f75
spatial,B2,False,2022-10-29,landsat-8,969,67,1.5402036767301757,1.82618984849994,1.1324794864837706,0.5183385399201114,True,3b188221263ad4673846ce5170fa622b5395e51a4aaa750114e1793d3986975b,55416c987a2d25f9177dd974307ae595761c1db31ecaa9d7561fb6c42d4d5e7c,00d1e59ce78baffbf9d24361ac8ba16a1d577b22cb193e15596627259190ed07,0c06b88fd09cd514745b699e6b6a7e12901db8d3247e42b582feaf1f7e91c04a,1eafe424a4c718d6a3b18cff938036f958858c70b344740788993b119bfbb04b,9c2f903993167fc2a228b3cfe60a23fe33f57f252bae6299458338cb8eb967ad,3f630dfcc8a1c2a19b093e7fe0f4bdc7f830fef42266fcf1156112f0eb959046,11f4fe862570895441036964a9b308e92c2ee6ba8a87b5da9009ffd5208a4bda,2c6d6a597c6b1b321c4f632291c22dfe5788a058fe82fd65114a5a59d5d0be83,3a365f5dd3e9d410585a34695bb444d67b220c4b40a9348288a540078bc27f75
spatial,B2,False,2023-05-17,landsat-9,788,52,1.2272067850954593,1.6202124411243777,0.6870350342095626,0.727759910246611,True,3b188221263ad4673846ce5170fa622b5395e51a4aaa750114e1793d3986975b,55416c987a2d25f9177dd974307ae595761c1db31ecaa9d7561fb6c42d4d5e7c,00d1e59ce78baffbf9d24361ac8ba16a1d577b22cb193e15596627259190ed07,0c06b88fd09cd514745b699e6b6a7e12901db8d3247e42b582feaf1f7e91c04a,1eafe424a4c718d6a3b18cff938036f958858c70b344740788993b119bfbb04b,9c2f903993167fc2a228b3cfe60a23fe33f57f252bae6299458338cb8eb967ad,3f630dfcc8a1c2a19b093e7fe0f4bdc7f830fef42266fcf1156112f0eb959046,11f4fe862570895441036964a9b308e92c2ee6ba8a87b5da9009ffd5208a4bda,2c6d6a597c6b1b321c4f632291c22dfe5788a058fe82fd65114a5a59d5d0be83,3a365f5dd3e9d410585a34695bb444d67b220c4b40a9348288a540078bc27f75
spatial,B2,False,2023-06-26,landsat-8,1038,62,2.438205150849518,2.881211692861462,2.3838351659417354,0.7815071516902001,True,3b188221263ad4673846ce5170fa622b5395e51a4aaa750114e1793d3986975b,55416c987a2d25f9177dd974307ae595761c1db31ecaa9d7561fb6c42d4d5e7c,00d1e59ce78baffbf9d24361ac8ba16a1d577b22cb193e15596627259190ed07,0c06b88fd09cd514745b699e6b6a7e12901db8d3247e42b582feaf1f7e91c04a,1eafe424a4c718d6a3b18cff938036f958858c70b344740788993b119bfbb04b,9c2f903993167fc2a228b3cfe60a23fe33f57f252bae6299458338cb8eb967ad,3f630dfcc8a1c2a19b093e7fe0f4bdc7f830fef42266fcf1156112f0eb959046,11f4fe862570895441036964a9b308e92c2ee6ba8a87b5da9009ffd5208a4bda,2c6d6a597c6b1b321c4f632291c22dfe5788a058fe82fd65114a5a59d5d0be83,3a365f5dd3e9d410585a34695bb444d67b220c4b40a9348288a540078bc27f75
spatial,B2,False,2023-07-04,landsat-9,1059,66,4.448668849775579,4.710361688883871,4.448668849775579,0.663482420397768,True,3b188221263ad4673846ce5170fa622b5395e51a4aaa750114e1793d3986975b,55416c987a2d25f9177dd974307ae595761c1db31ecaa9d7561fb6c42d4d5e7c,00d1e59ce78baffbf9d24361ac8ba16a1d577b22cb193e15596627259190ed07,0c06b88fd09cd514745b699e6b6a7e12901db8d3247e42b582feaf1f7e91c04a,1eafe424a4c718d6a3b18cff938036f958858c70b344740788993b119bfbb04b,9c2f903993167fc2a228b3cfe60a23fe33f57f252bae6299458338cb8eb967ad,3f630dfcc8a1c2a19b093e7fe0f4bdc7f830fef42266fcf1156112f0eb959046,11f4fe862570895441036964a9b308e92c2ee6ba8a87b5da9009ffd5208a4bda,2c6d6a597c6b1b321c4f632291c22dfe5788a058fe82fd65114a5a59d5d0be83,3a365f5dd3e9d410585a34695bb444d67b220c4b40a9348288a540078bc27f75
spatial,B2,False,2023-07-12,landsat-8,1060,69,2.5592977853909438,2.915950708347011,-2.3585519121807605,0.7838802077614719,True,3b188221263ad4673846ce5170fa622b5395e51a4aaa750114e1793d3986975b,55416c987a2d25f9177dd974307ae595761c1db31ecaa9d7561fb6c42d4d5e7c,00d1e59ce78baffbf9d24361ac8ba16a1d577b22cb193e15596627259190ed07,0c06b88fd09cd514745b699e6b6a7e12901db8d3247e42b582feaf1f7e91c04a,1eafe424a4c718d6a3b18cff938036f958858c70b344740788993b119bfbb04b,9c2f903993167fc2a228b3cfe60a23fe33f57f252bae6299458338cb8eb967ad,3f630dfcc8a1c2a19b093e7fe0f4bdc7f830fef42266fcf1156112f0eb959046,11f4fe862570895441036964a9b308e92c2ee6ba8a87b5da9009ffd5208a4bda,2c6d6a597c6b1b321c4f632291c22dfe5788a058fe82fd65114a5a59d5d0be83,3a365f5dd3e9d410585a34695bb444d67b220c4b40a9348288a540078bc27f75
spatial,B2,False,2023-07-20,landsat-9,1072,69,2.5173417350651133,3.0534544781915174,-1.8797182749246937,0.7964858185595757,True,3b188221263ad4673846ce5170fa622b5395e51a4aaa750114e1793d3986975b,55416c987a2d25f9177dd974307ae595761c1db31ecaa9d7561fb6c42d4d5e7c,00d1e59ce78baffbf9d24361ac8ba16a1d577b22cb193e15596627259190ed07,0c06b88fd09cd514745b699e6b6a7e12901db8d3247e42b582feaf1f7e91c04a,1eafe424a4c718d6a3b18cff938036f958858c70b344740788993b119bfbb04b,9c2f903993167fc2a228b3cfe60a23fe33f57f252bae6299458338cb8eb967ad,3f630dfcc8a1c2a19b093e7fe0f4bdc7f830fef42266fcf1156112f0eb959046,11f4fe862570895441036964a9b308e92c2ee6ba8a87b5da9009ffd5208a4bda,2c6d6a597c6b1b321c4f632291c22dfe5788a058fe82fd65114a5a59d5d0be83,3a365f5dd3e9d410585a34695bb444d67b220c4b40a9348288a540078bc27f75
spatial,B2,False,2023-07-28,landsat-8,983,66,1.3272082389739261,1.8300631436038672,0.6586724506768568,0.8047377250209502,True,3b188221263ad4673846ce5170fa622b5395e51a4aaa750114e1793d3986975b,55416c987a2d25f9177dd974307ae595761c1db31ecaa9d7561fb6c42d4d5e7c,00d1e59ce78baffbf9d24361ac8ba16a1d577b22cb193e15596627259190ed07,0c06b88fd09cd514745b699e6b6a7e12901db8d3247e42b582feaf1f7e91c04a,1eafe424a4c718d6a3b18cff938036f958858c70b344740788993b119bfbb04b,9c2f903993167fc2a228b3cfe60a23fe33f57f252bae6299458338cb8eb967ad,3f630dfcc8a1c2a19b093e7fe0f4bdc7f830fef42266fcf1156112f0eb959046,11f4fe862570895441036964a9b308e92c2ee6ba8a87b5da9009ffd5208a4bda,2c6d6a597c6b1b321c4f632291c22dfe5788a058fe82fd65114a5a59d5d0be83,3a365f5dd3e9d410585a34695bb444d67b220c4b40a9348288a540078bc27f75
spatial,B2,False,2023-08-05,landsat-9,1076,69,1.837720775263606,2.324427001405307,0.7049907604061718,0.7484361423408795,True,3b188221263ad4673846ce5170fa622b5395e51a4aaa750114e1793d3986975b,55416c987a2d25f9177dd974307ae595761c1db31ecaa9d7561fb6c42d4d5e7c,00d1e59ce78baffbf9d24361ac8ba16a1d577b22cb193e15596627259190ed07,0c06b88fd09cd514745b699e6b6a7e12901db8d3247e42b582feaf1f7e91c04a,1eafe424a4c718d6a3b18cff938036f958858c70b344740788993b119bfbb04b,9c2f903993167fc2a228b3cfe60a23fe33f57f252bae6299458338cb8eb967ad,3f630dfcc8a1c2a19b093e7fe0f4bdc7f830fef42266fcf1156112f0eb959046,11f4fe862570895441036964a9b308e92c2ee6ba8a87b5da9009ffd5208a4bda,2c6d6a597c6b1b321c4f632291c22dfe5788a058fe82fd65114a5a59d5d0be83,3a365f5dd3e9d410585a34695bb444d67b220c4b40a9348288a540078bc27f75
spatial,B2,False,2023-08-13,landsat-8,1063,68,1.3466995324435178,1.73913559981056,1.1325964687049406,0.8427078053626177,True,3b188221263ad4673846ce5170fa622b5395e51a4aaa750114e1793d3986975b,55416c987a2d25f9177dd974307ae595761c1db31ecaa9d7561fb6c42d4d5e7c,00d1e59ce78baffbf9d24361ac8ba16a1d577b22cb193e15596627259190ed07,0c06b88fd09cd514745b699e6b6a7e12901db8d3247e42b582feaf1f7e91c04a,1eafe424a4c718d6a3b18cff938036f958858c70b344740788993b119bfbb04b,9c2f903993167fc2a228b3cfe60a23fe33f57f252bae6299458338cb8eb967ad,3f630dfcc8a1c2a19b093e7fe0f4bdc7f830fef42266fcf1156112f0eb959046,11f4fe862570895441036964a9b308e92c2ee6ba8a87b5da9009ffd5208a4bda,2c6d6a597c6b1b321c4f632291c22dfe5788a058fe82fd65114a5a59d5d0be83,3a365f5dd3e9d410585a34695bb444d67b220c4b40a9348288a540078bc27f75
spatial,B2,False,2023-08-29,landsat-8,1088,71,2.8096655315059547,3.174255809238014,-2.703719963364749,0.8148240531964164,True,3b188221263ad4673846ce5170fa622b5395e51a4aaa750114e1793d3986975b,55416c987a2d25f9177dd974307ae595761c1db31ecaa9d7561fb6c42d4d5e7c,00d1e59ce78baffbf9d24361ac8ba16a1d577b22cb193e15596627259190ed07,0c06b88fd09cd514745b699e6b6a7e12901db8d3247e42b582feaf1f7e91c04a,1eafe424a4c718d6a3b18cff938036f958858c70b344740788993b119bfbb04b,9c2f903993167fc2a228b3cfe60a23fe33f57f252bae6299458338cb8eb967ad,3f630dfcc8a1c2a19b093e7fe0f4bdc7f830fef42266fcf1156112f0eb959046,11f4fe862570895441036964a9b308e92c2ee6ba8a87b5da9009ffd5208a4bda,2c6d6a597c6b1b321c4f632291c22dfe5788a058fe82fd65114a5a59d5d0be83,3a365f5dd3e9d410585a34695bb444d67b220c4b40a9348288a540078bc27f75
spatial,B2,False,2023-09-14,landsat-8,634,53,3.341342883206269,3.66048837172966,3.3029379441156252,0.4825768176558764,True,3b188221263ad4673846ce5170fa622b5395e51a4aaa750114e1793d3986975b,55416c987a2d25f9177dd974307ae595761c1db31ecaa9d7561fb6c42d4d5e7c,00d1e59ce78baffbf9d24361ac8ba16a1d577b22cb193e15596627259190ed07,0c06b88fd09cd514745b699e6b6a7e12901db8d3247e42b582feaf1f7e91c04a,1eafe424a4c718d6a3b18cff938036f958858c70b344740788993b119bfbb04b,9c2f903993167fc2a228b3cfe60a23fe33f57f252bae6299458338cb8eb967ad,3f630dfcc8a1c2a19b093e7fe0f4bdc7f830fef42266fcf1156112f0eb959046,11f4fe862570895441036964a9b308e92c2ee6ba8a87b5da9009ffd5208a4bda,2c6d6a597c6b1b321c4f632291c22dfe5788a058fe82fd65114a5a59d5d0be83,3a365f5dd3e9d410585a34695bb444d67b220c4b40a9348288a540078bc27f75
spatial,B2,False,2023-09-22,landsat-9,707,54,5.855078298730717,6.195317920598175,5.855078298730717,0.5754938614341608,True,3b188221263ad4673846ce5170fa622b5395e51a4aaa750114e1793d3986975b,55416c987a2d25f9177dd974307ae595761c1db31ecaa9d7561fb6c42d4d5e7c,00d1e59ce78baffbf9d24361ac8ba16a1d577b22cb193e15596627259190ed07,0c06b88fd09cd514745b699e6b6a7e12901db8d3247e42b582feaf1f7e91c04a,1eafe424a4c718d6a3b18cff938036f958858c70b344740788993b119bfbb04b,9c2f903993167fc2a228b3cfe60a23fe33f57f252bae6299458338cb8eb967ad,3f630dfcc8a1c2a19b093e7fe0f4bdc7f830fef42266fcf1156112f0eb959046,11f4fe862570895441036964a9b308e92c2ee6ba8a87b5da9009ffd5208a4bda,2c6d6a597c6b1b321c4f632291c22dfe5788a058fe82fd65114a5a59d5d0be83,3a365f5dd3e9d410585a34695bb444d67b220c4b40a9348288a540078bc27f75
spatial,B2,False,2023-10-08,landsat-9,952,61,2.7417076526986515,3.061306111940271,-2.724554399269253,0.8123816676801003,True,3b188221263ad4673846ce5170fa622b5395e51a4aaa750114e1793d3986975b,55416c987a2d25f9177dd974307ae595761c1db31ecaa9d7561fb6c42d4d5e7c,00d1e59ce78baffbf9d24361ac8ba16a1d577b22cb193e15596627259190ed07,0c06b88fd09cd514745b699e6b6a7e12901db8d3247e42b582feaf1f7e91c04a,1eafe424a4c718d6a3b18cff938036f958858c70b344740788993b119bfbb04b,9c2f903993167fc2a228b3cfe60a23fe33f57f252bae6299458338cb8eb967ad,3f630dfcc8a1c2a19b093e7fe0f4bdc7f830fef42266fcf1156112f0eb959046,11f4fe862570895441036964a9b308e92c2ee6ba8a87b5da9009ffd5208a4bda,2c6d6a597c6b1b321c4f632291c22dfe5788a058fe82fd65114a5a59d5d0be83,3a365f5dd3e9d410585a34695bb444d67b220c4b40a9348288a540078bc27f75
spatial,B2,False,2023-10-16,landsat-8,936,62,1.384935893432901,1.6407342122486948,-1.2684670443260213,0.8234784356661884,True,3b188221263ad4673846ce5170fa622b5395e51a4aaa750114e1793d3986975b,55416c987a2d25f9177dd974307ae595761c1db31ecaa9d7561fb6c42d4d5e7c,00d1e59ce78baffbf9d24361ac8ba16a1d577b22cb193e15596627259190ed07,0c06b88fd09cd514745b699e6b6a7e12901db8d3247e42b582feaf1f7e91c04a,1eafe424a4c718d6a3b18cff938036f958858c70b344740788993b119bfbb04b,9c2f903993167fc2a228b3cfe60a23fe33f57f252bae6299458338cb8eb967ad,3f630dfcc8a1c2a19b093e7fe0f4bdc7f830fef42266fcf1156112f0eb959046,11f4fe862570895441036964a9b308e92c2ee6ba8a87b5da9009ffd5208a4bda,2c6d6a597c6b1b321c4f632291c22dfe5788a058fe82fd65114a5a59d5d0be83,3a365f5dd3e9d410585a34695bb444d67b220c4b40a9348288a540078bc27f75
spatial,B2,False,2023-10-24,landsat-9,699,51,2.0883426034170136,2.470530542286728,1.92085950607655,0.4186542924609536,True,3b188221263ad4673846ce5170fa622b5395e51a4aaa750114e1793d3986975b,55416c987a2d25f9177dd974307ae595761c1db31ecaa9d7561fb6c42d4d5e7c,00d1e59ce78baffbf9d24361ac8ba16a1d577b22cb193e15596627259190ed07,0c06b88fd09cd514745b699e6b6a7e12901db8d3247e42b582feaf1f7e91c04a,1eafe424a4c718d6a3b18cff938036f958858c70b344740788993b119bfbb04b,9c2f903993167fc2a228b3cfe60a23fe33f57f252bae6299458338cb8eb967ad,3f630dfcc8a1c2a19b093e7fe0f4bdc7f830fef42266fcf1156112f0eb959046,11f4fe862570895441036964a9b308e92c2ee6ba8a87b5da9009ffd5208a4bda,2c6d6a597c6b1b321c4f632291c22dfe5788a058fe82fd65114a5a59d5d0be83,3a365f5dd3e9d410585a34695bb444d67b220c4b40a9348288a540078bc27f75
spatial,B2,False,2024-05-11,landsat-8,861,55,1.1980577711438842,1.5602427865108948,0.31981090310332283,0.723764536123726,True,3b188221263ad4673846ce5170fa622b5395e51a4aaa750114e1793d3986975b,55416c987a2d25f9177dd974307ae595761c1db31ecaa9d7561fb6c42d4d5e7c,00d1e59ce78baffbf9d24361ac8ba16a1d577b22cb193e15596627259190ed07,0c06b88fd09cd514745b699e6b6a7e12901db8d3247e42b582feaf1f7e91c04a,1eafe424a4c718d6a3b18cff938036f958858c70b344740788993b119bfbb04b,9c2f903993167fc2a228b3cfe60a23fe33f57f252bae6299458338cb8eb967ad,3f630dfcc8a1c2a19b093e7fe0f4bdc7f830fef42266fcf1156112f0eb959046,11f4fe862570895441036964a9b308e92c2ee6ba8a87b5da9009ffd5208a4bda,2c6d6a597c6b1b321c4f632291c22dfe5788a058fe82fd65114a5a59d5d0be83,3a365f5dd3e9d410585a34695bb444d67b220c4b40a9348288a540078bc27f75
spatial,B2,False,2024-05-27,landsat-8,680,46,3.7098112886384937,3.9301249719730156,3.7098112886384937,0.6535285377044602,True,3b188221263ad4673846ce5170fa622b5395e51a4aaa750114e1793d3986975b,55416c987a2d25f9177dd974307ae595761c1db31ecaa9d7561fb6c42d4d5e7c,00d1e59ce78baffbf9d24361ac8ba16a1d577b22cb193e15596627259190ed07,0c06b88fd09cd514745b699e6b6a7e12901db8d3247e42b582feaf1f7e91c04a,1eafe424a4c718d6a3b18cff938036f958858c70b344740788993b119bfbb04b,9c2f903993167fc2a228b3cfe60a23fe33f57f252bae6299458338cb8eb967ad,3f630dfcc8a1c2a19b093e7fe0f4bdc7f830fef42266fcf1156112f0eb959046,11f4fe862570895441036964a9b308e92c2ee6ba8a87b5da9009ffd5208a4bda,2c6d6a597c6b1b321c4f632291c22dfe5788a058fe82fd65114a5a59d5d0be83,3a365f5dd3e9d410585a34695bb444d67b220c4b40a9348288a540078bc27f75
spatial,B2,False,2024-06-20,landsat-9,1050,65,1.9595173501637821,2.4258080614179844,1.9104421977327448,0.7624298610985563,True,3b188221263ad4673846ce5170fa622b5395e51a4aaa750114e1793d3986975b,55416c987a2d25f9177dd974307ae595761c1db31ecaa9d7561fb6c42d4d5e7c,00d1e59ce78baffbf9d24361ac8ba16a1d577b22cb193e15596627259190ed07,0c06b88fd09cd514745b699e6b6a7e12901db8d3247e42b582feaf1f7e91c04a,1eafe424a4c718d6a3b18cff938036f958858c70b344740788993b119bfbb04b,9c2f903993167fc2a228b3cfe60a23fe33f57f252bae6299458338cb8eb967ad,3f630dfcc8a1c2a19b093e7fe0f4bdc7f830fef42266fcf1156112f0eb959046,11f4fe862570895441036964a9b308e92c2ee6ba8a87b5da9009ffd5208a4bda,2c6d6a597c6b1b321c4f632291c22dfe5788a058fe82fd65114a5a59d5d0be83,3a365f5dd3e9d410585a34695bb444d67b220c4b40a9348288a540078bc27f75
spatial,B2,False,2024-06-28,landsat-8,1060,69,1.7132500563909372,2.117088237503579,0.7249318116136734,0.6451446871297944,True,3b188221263ad4673846ce5170fa622b5395e51a4aaa750114e1793d3986975b,55416c987a2d25f9177dd974307ae595761c1db31ecaa9d7561fb6c42d4d5e7c,00d1e59ce78baffbf9d24361ac8ba16a1d577b22cb193e15596627259190ed07,0c06b88fd09cd514745b699e6b6a7e12901db8d3247e42b582feaf1f7e91c04a,1eafe424a4c718d6a3b18cff938036f958858c70b344740788993b119bfbb04b,9c2f903993167fc2a228b3cfe60a23fe33f57f252bae6299458338cb8eb967ad,3f630dfcc8a1c2a19b093e7fe0f4bdc7f830fef42266fcf1156112f0eb959046,11f4fe862570895441036964a9b308e92c2ee6ba8a87b5da9009ffd5208a4bda,2c6d6a597c6b1b321c4f632291c22dfe5788a058fe82fd65114a5a59d5d0be83,3a365f5dd3e9d410585a34695bb444d67b220c4b40a9348288a540078bc27f75
spatial,B2,False,2024-07-14,landsat-8,592,47,3.0218263484319756,3.4390362434887374,2.9601034421463437,0.7517733888832346,True,3b188221263ad4673846ce5170fa622b5395e51a4aaa750114e1793d3986975b,55416c987a2d25f9177dd974307ae595761c1db31ecaa9d7561fb6c42d4d5e7c,00d1e59ce78baffbf9d24361ac8ba16a1d577b22cb193e15596627259190ed07,0c06b88fd09cd514745b699e6b6a7e12901db8d3247e42b582feaf1f7e91c04a,1eafe424a4c718d6a3b18cff938036f958858c70b344740788993b119bfbb04b,9c2f903993167fc2a228b3cfe60a23fe33f57f252bae6299458338cb8eb967ad,3f630dfcc8a1c2a19b093e7fe0f4bdc7f830fef42266fcf1156112f0eb959046,11f4fe862570895441036964a9b308e92c2ee6ba8a87b5da9009ffd5208a4bda,2c6d6a597c6b1b321c4f632291c22dfe5788a058fe82fd65114a5a59d5d0be83,3a365f5dd3e9d410585a34695bb444d67b220c4b40a9348288a540078bc27f75
spatial,B2,False,2024-07-22,landsat-9,976,67,2.0752300600268847,2.6631670448418303,-1.0436053250289636,0.7257347048086598,True,3b188221263ad4673846ce5170fa622b5395e51a4aaa750114e1793d3986975b,55416c987a2d25f9177dd974307ae595761c1db31ecaa9d7561fb6c42d4d5e7c,00d1e59ce78baffbf9d24361ac8ba16a1d577b22cb193e15596627259190ed07,0c06b88fd09cd514745b699e6b6a7e12901db8d3247e42b582feaf1f7e91c04a,1eafe424a4c718d6a3b18cff938036f958858c70b344740788993b119bfbb04b,9c2f903993167fc2a228b3cfe60a23fe33f57f252bae6299458338cb8eb967ad,3f630dfcc8a1c2a19b093e7fe0f4bdc7f830fef42266fcf1156112f0eb959046,11f4fe862570895441036964a9b308e92c2ee6ba8a87b5da9009ffd5208a4bda,2c6d6a597c6b1b321c4f632291c22dfe5788a058fe82fd65114a5a59d5d0be83,3a365f5dd3e9d410585a34695bb444d67b220c4b40a9348288a540078bc27f75
spatial,B2,False,2024-07-30,landsat-8,1064,69,2.6251433366775467,3.1250875681142993,2.44050251109418,0.8149856319391029,True,3b188221263ad4673846ce5170fa622b5395e51a4aaa750114e1793d3986975b,55416c987a2d25f9177dd974307ae595761c1db31ecaa9d7561fb6c42d4d5e7c,00d1e59ce78baffbf9d24361ac8ba16a1d577b22cb193e15596627259190ed07,0c06b88fd09cd514745b699e6b6a7e12901db8d3247e42b582feaf1f7e91c04a,1eafe424a4c718d6a3b18cff938036f958858c70b344740788993b119bfbb04b,9c2f903993167fc2a228b3cfe60a23fe33f57f252bae6299458338cb8eb967ad,3f630dfcc8a1c2a19b093e7fe0f4bdc7f830fef42266fcf1156112f0eb959046,11f4fe862570895441036964a9b308e92c2ee6ba8a87b5da9009ffd5208a4bda,2c6d6a597c6b1b321c4f632291c22dfe5788a058fe82fd65114a5a59d5d0be83,3a365f5dd3e9d410585a34695bb444d67b220c4b40a9348288a540078bc27f75
spatial,B2,False,2024-08-07,landsat-9,849,67,2.009321475448649,2.7304795464700637,1.7091792123954836,0.7160901012507387,True,3b188221263ad4673846ce5170fa622b5395e51a4aaa750114e1793d3986975b,55416c987a2d25f9177dd974307ae595761c1db31ecaa9d7561fb6c42d4d5e7c,00d1e59ce78baffbf9d24361ac8ba16a1d577b22cb193e15596627259190ed07,0c06b88fd09cd514745b699e6b6a7e12901db8d3247e42b582feaf1f7e91c04a,1eafe424a4c718d6a3b18cff938036f958858c70b344740788993b119bfbb04b,9c2f903993167fc2a228b3cfe60a23fe33f57f252bae6299458338cb8eb967ad,3f630dfcc8a1c2a19b093e7fe0f4bdc7f830fef42266fcf1156112f0eb959046,11f4fe862570895441036964a9b308e92c2ee6ba8a87b5da9009ffd5208a4bda,2c6d6a597c6b1b321c4f632291c22dfe5788a058fe82fd65114a5a59d5d0be83,3a365f5dd3e9d410585a34695bb444d67b220c4b40a9348288a540078bc27f75
spatial,B2,False,2024-08-15,landsat-8,1083,71,1.6247908734756815,2.075700595203929,0.6786286996292676,0.7713271442157769,True,3b188221263ad4673846ce5170fa622b5395e51a4aaa750114e1793d3986975b,55416c987a2d25f9177dd974307ae595761c1db31ecaa9d7561fb6c42d4d5e7c,00d1e59ce78baffbf9d24361ac8ba16a1d577b22cb193e15596627259190ed07,0c06b88fd09cd514745b699e6b6a7e12901db8d3247e42b582feaf1f7e91c04a,1eafe424a4c718d6a3b18cff938036f958858c70b344740788993b119bfbb04b,9c2f903993167fc2a228b3cfe60a23fe33f57f252bae6299458338cb8eb967ad,3f630dfcc8a1c2a19b093e7fe0f4bdc7f830fef42266fcf1156112f0eb959046,11f4fe862570895441036964a9b308e92c2ee6ba8a87b5da9009ffd5208a4bda,2c6d6a597c6b1b321c4f632291c22dfe5788a058fe82fd65114a5a59d5d0be83,3a365f5dd3e9d410585a34695bb444d67b220c4b40a9348288a540078bc27f75
spatial,B2,False,2024-08-23,landsat-9,1041,70,3.924537524081557,4.37178064078331,3.912331808213532,0.4164451650725414,True,3b188221263ad4673846ce5170fa622b5395e51a4aaa750114e1793d3986975b,55416c987a2d25f9177dd974307ae595761c1db31ecaa9d7561fb6c42d4d5e7c,00d1e59ce78baffbf9d24361ac8ba16a1d577b22cb193e15596627259190ed07,0c06b88fd09cd514745b699e6b6a7e12901db8d3247e42b582feaf1f7e91c04a,1eafe424a4c718d6a3b18cff938036f958858c70b344740788993b119bfbb04b,9c2f903993167fc2a228b3cfe60a23fe33f57f252bae6299458338cb8eb967ad,3f630dfcc8a1c2a19b093e7fe0f4bdc7f830fef42266fcf1156112f0eb959046,11f4fe862570895441036964a9b308e92c2ee6ba8a87b5da9009ffd5208a4bda,2c6d6a597c6b1b321c4f632291c22dfe5788a058fe82fd65114a5a59d5d0be83,3a365f5dd3e9d410585a34695bb444d67b220c4b40a9348288a540078bc27f75
spatial,B2,False,2024-08-31,landsat-8,1048,66,1.3857770174824395,1.7452867329951023,0.8295294055229613,0.8126726957251768,True,3b188221263ad4673846ce5170fa622b5395e51a4aaa750114e1793d3986975b,55416c987a2d25f9177dd974307ae595761c1db31ecaa9d7561fb6c42d4d5e7c,00d1e59ce78baffbf9d24361ac8ba16a1d577b22cb193e15596627259190ed07,0c06b88fd09cd514745b699e6b6a7e12901db8d3247e42b582feaf1f7e91c04a,1eafe424a4c718d6a3b18cff938036f958858c70b344740788993b119bfbb04b,9c2f903993167fc2a228b3cfe60a23fe33f57f252bae6299458338cb8eb967ad,3f630dfcc8a1c2a19b093e7fe0f4bdc7f830fef42266fcf1156112f0eb959046,11f4fe862570895441036964a9b308e92c2ee6ba8a87b5da9009ffd5208a4bda,2c6d6a597c6b1b321c4f632291c22dfe5788a058fe82fd65114a5a59d5d0be83,3a365f5dd3e9d410585a34695bb444d67b220c4b40a9348288a540078bc27f75
spatial,B2,False,2024-09-08,landsat-9,1087,71,8.771401950512384,8.908666653034672,-8.771401950512384,0.7403599519702232,True,3b188221263ad4673846ce5170fa622b5395e51a4aaa750114e1793d3986975b,55416c987a2d25f9177dd974307ae595761c1db31ecaa9d7561fb6c42d4d5e7c,00d1e59ce78baffbf9d24361ac8ba16a1d577b22cb193e15596627259190ed07,0c06b88fd09cd514745b699e6b6a7e12901db8d3247e42b582feaf1f7e91c04a,1eafe424a4c718d6a3b18cff938036f958858c70b344740788993b119bfbb04b,9c2f903993167fc2a228b3cfe60a23fe33f57f252bae6299458338cb8eb967ad,3f630dfcc8a1c2a19b093e7fe0f4bdc7f830fef42266fcf1156112f0eb959046,11f4fe862570895441036964a9b308e92c2ee6ba8a87b5da9009ffd5208a4bda,2c6d6a597c6b1b321c4f632291c22dfe5788a058fe82fd65114a5a59d5d0be83,3a365f5dd3e9d410585a34695bb444d67b220c4b40a9348288a540078bc27f75
spatial,B2,False,2024-09-24,landsat-9,641,50,2.5819656475009856,2.8702818433655404,2.5393539715977815,0.7079504987314251,True,3b188221263ad4673846ce5170fa622b5395e51a4aaa750114e1793d3986975b,55416c987a2d25f9177dd974307ae595761c1db31ecaa9d7561fb6c42d4d5e7c,00d1e59ce78baffbf9d24361ac8ba16a1d577b22cb193e15596627259190ed07,0c06b88fd09cd514745b699e6b6a7e12901db8d3247e42b582feaf1f7e91c04a,1eafe424a4c718d6a3b18cff938036f958858c70b344740788993b119bfbb04b,9c2f903993167fc2a228b3cfe60a23fe33f57f252bae6299458338cb8eb967ad,3f630dfcc8a1c2a19b093e7fe0f4bdc7f830fef42266fcf1156112f0eb959046,11f4fe862570895441036964a9b308e92c2ee6ba8a87b5da9009ffd5208a4bda,2c6d6a597c6b1b321c4f632291c22dfe5788a058fe82fd65114a5a59d5d0be83,3a365f5dd3e9d410585a34695bb444d67b220c4b40a9348288a540078bc27f75
spatial,B2,False,2024-10-02,landsat-8,1001,63,3.14929535754403,3.696218536236847,-3.0006815371757596,0.7660288493760842,True,3b188221263ad4673846ce5170fa622b5395e51a4aaa750114e1793d3986975b,55416c987a2d25f9177dd974307ae595761c1db31ecaa9d7561fb6c42d4d5e7c,00d1e59ce78baffbf9d24361ac8ba16a1d577b22cb193e15596627259190ed07,0c06b88fd09cd514745b699e6b6a7e12901db8d3247e42b582feaf1f7e91c04a,1eafe424a4c718d6a3b18cff938036f958858c70b344740788993b119bfbb04b,9c2f903993167fc2a228b3cfe60a23fe33f57f252bae6299458338cb8eb967ad,3f630dfcc8a1c2a19b093e7fe0f4bdc7f830fef42266fcf1156112f0eb959046,11f4fe862570895441036964a9b308e92c2ee6ba8a87b5da9009ffd5208a4bda,2c6d6a597c6b1b321c4f632291c22dfe5788a058fe82fd65114a5a59d5d0be83,3a365f5dd3e9d410585a34695bb444d67b220c4b40a9348288a540078bc27f75
spatial,B2,False,2024-10-10,landsat-9,870,58,1.0255286534206633,1.2762490764269911,0.7804844727806833,0.7729418205318244,True,3b188221263ad4673846ce5170fa622b5395e51a4aaa750114e1793d3986975b,55416c987a2d25f9177dd974307ae595761c1db31ecaa9d7561fb6c42d4d5e7c,00d1e59ce78baffbf9d24361ac8ba16a1d577b22cb193e15596627259190ed07,0c06b88fd09cd514745b699e6b6a7e12901db8d3247e42b582feaf1f7e91c04a,1eafe424a4c718d6a3b18cff938036f958858c70b344740788993b119bfbb04b,9c2f903993167fc2a228b3cfe60a23fe33f57f252bae6299458338cb8eb967ad,3f630dfcc8a1c2a19b093e7fe0f4bdc7f830fef42266fcf1156112f0eb959046,11f4fe862570895441036964a9b308e92c2ee6ba8a87b5da9009ffd5208a4bda,2c6d6a597c6b1b321c4f632291c22dfe5788a058fe82fd65114a5a59d5d0be83,3a365f5dd3e9d410585a34695bb444d67b220c4b40a9348288a540078bc27f75
spatial,B2,False,2024-10-18,landsat-8,1091,71,3.094307995007332,3.9253870203721912,2.854616019784799,0.005289954179409343,True,3b188221263ad4673846ce5170fa622b5395e51a4aaa750114e1793d3986975b,55416c987a2d25f9177dd974307ae595761c1db31ecaa9d7561fb6c42d4d5e7c,00d1e59ce78baffbf9d24361ac8ba16a1d577b22cb193e15596627259190ed07,0c06b88fd09cd514745b699e6b6a7e12901db8d3247e42b582feaf1f7e91c04a,1eafe424a4c718d6a3b18cff938036f958858c70b344740788993b119bfbb04b,9c2f903993167fc2a228b3cfe60a23fe33f57f252bae6299458338cb8eb967ad,3f630dfcc8a1c2a19b093e7fe0f4bdc7f830fef42266fcf1156112f0eb959046,11f4fe862570895441036964a9b308e92c2ee6ba8a87b5da9009ffd5208a4bda,2c6d6a597c6b1b321c4f632291c22dfe5788a058fe82fd65114a5a59d5d0be83,3a365f5dd3e9d410585a34695bb444d67b220c4b40a9348288a540078bc27f75
spatial,M1,False,2020-05-16,landsat-8,1061,69,1.8615322314668203,2.1688056280199457,-1.3245028262569711,0.718601476410038,True,3b188221263ad4673846ce5170fa622b5395e51a4aaa750114e1793d3986975b,55416c987a2d25f9177dd974307ae595761c1db31ecaa9d7561fb6c42d4d5e7c,00d1e59ce78baffbf9d24361ac8ba16a1d577b22cb193e15596627259190ed07,0c06b88fd09cd514745b699e6b6a7e12901db8d3247e42b582feaf1f7e91c04a,1eafe424a4c718d6a3b18cff938036f958858c70b344740788993b119bfbb04b,9c2f903993167fc2a228b3cfe60a23fe33f57f252bae6299458338cb8eb967ad,3f630dfcc8a1c2a19b093e7fe0f4bdc7f830fef42266fcf1156112f0eb959046,11f4fe862570895441036964a9b308e92c2ee6ba8a87b5da9009ffd5208a4bda,2c6d6a597c6b1b321c4f632291c22dfe5788a058fe82fd65114a5a59d5d0be83,3a365f5dd3e9d410585a34695bb444d67b220c4b40a9348288a540078bc27f75
spatial,M1,False,2020-07-03,landsat-8,1073,70,1.5044850348031706,1.775801227080401,-0.20108780005336815,0.7417366220486215,True,3b188221263ad4673846ce5170fa622b5395e51a4aaa750114e1793d3986975b,55416c987a2d25f9177dd974307ae595761c1db31ecaa9d7561fb6c42d4d5e7c,00d1e59ce78baffbf9d24361ac8ba16a1d577b22cb193e15596627259190ed07,0c06b88fd09cd514745b699e6b6a7e12901db8d3247e42b582feaf1f7e91c04a,1eafe424a4c718d6a3b18cff938036f958858c70b344740788993b119bfbb04b,9c2f903993167fc2a228b3cfe60a23fe33f57f252bae6299458338cb8eb967ad,3f630dfcc8a1c2a19b093e7fe0f4bdc7f830fef42266fcf1156112f0eb959046,11f4fe862570895441036964a9b308e92c2ee6ba8a87b5da9009ffd5208a4bda,2c6d6a597c6b1b321c4f632291c22dfe5788a058fe82fd65114a5a59d5d0be83,3a365f5dd3e9d410585a34695bb444d67b220c4b40a9348288a540078bc27f75
spatial,M1,False,2020-07-19,landsat-8,1050,68,2.3540097904494552,2.661417316112578,-2.061953894543023,0.9127861682168111,True,3b188221263ad4673846ce5170fa622b5395e51a4aaa750114e1793d3986975b,55416c987a2d25f9177dd974307ae595761c1db31ecaa9d7561fb6c42d4d5e7c,00d1e59ce78baffbf9d24361ac8ba16a1d577b22cb193e15596627259190ed07,0c06b88fd09cd514745b699e6b6a7e12901db8d3247e42b582feaf1f7e91c04a,1eafe424a4c718d6a3b18cff938036f958858c70b344740788993b119bfbb04b,9c2f903993167fc2a228b3cfe60a23fe33f57f252bae6299458338cb8eb967ad,3f630dfcc8a1c2a19b093e7fe0f4bdc7f830fef42266fcf1156112f0eb959046,11f4fe862570895441036964a9b308e92c2ee6ba8a87b5da9009ffd5208a4bda,2c6d6a597c6b1b321c4f632291c22dfe5788a058fe82fd65114a5a59d5d0be83,3a365f5dd3e9d410585a34695bb444d67b220c4b40a9348288a540078bc27f75
spatial,M1,False,2020-08-20,landsat-8,1080,71,1.045760422285312,1.3063687993612632,-0.048482944037462096,0.7916103793247292,True,3b188221263ad4673846ce5170fa622b5395e51a4aaa750114e1793d3986975b,55416c987a2d25f9177dd974307ae595761c1db31ecaa9d7561fb6c42d4d5e7c,00d1e59ce78baffbf9d24361ac8ba16a1d577b22cb193e15596627259190ed07,0c06b88fd09cd514745b699e6b6a7e12901db8d3247e42b582feaf1f7e91c04a,1eafe424a4c718d6a3b18cff938036f958858c70b344740788993b119bfbb04b,9c2f903993167fc2a228b3cfe60a23fe33f57f252bae6299458338cb8eb967ad,3f630dfcc8a1c2a19b093e7fe0f4bdc7f830fef42266fcf1156112f0eb959046,11f4fe862570895441036964a9b308e92c2ee6ba8a87b5da9009ffd5208a4bda,2c6d6a597c6b1b321c4f632291c22dfe5788a058fe82fd65114a5a59d5d0be83,3a365f5dd3e9d410585a34695bb444d67b220c4b40a9348288a540078bc27f75
spatial,M1,False,2020-09-05,landsat-8,1086,71,3.4788404422311947,3.9210643069372297,-3.4394076152426174,0.8882269991544016,True,3b188221263ad4673846ce5170fa622b5395e51a4aaa750114e1793d3986975b,55416c987a2d25f9177dd974307ae595761c1db31ecaa9d7561fb6c42d4d5e7c,00d1e59ce78baffbf9d24361ac8ba16a1d577b22cb193e15596627259190ed07,0c06b88fd09cd514745b699e6b6a7e12901db8d3247e42b582feaf1f7e91c04a,1eafe424a4c718d6a3b18cff938036f958858c70b344740788993b119bfbb04b,9c2f903993167fc2a228b3cfe60a23fe33f57f252bae6299458338cb8eb967ad,3f630dfcc8a1c2a19b093e7fe0f4bdc7f830fef42266fcf1156112f0eb959046,11f4fe862570895441036964a9b308e92c2ee6ba8a87b5da9009ffd5208a4bda,2c6d6a597c6b1b321c4f632291c22dfe5788a058fe82fd65114a5a59d5d0be83,3a365f5dd3e9d410585a34695bb444d67b220c4b40a9348288a540078bc27f75
spatial,M1,False,2020-09-21,landsat-8,1007,65,1.1259360958250204,1.3820982294893616,0.03847271531139758,0.6450937371740608,True,3b188221263ad4673846ce5170fa622b5395e51a4aaa750114e1793d3986975b,55416c987a2d25f9177dd974307ae595761c1db31ecaa9d7561fb6c42d4d5e7c,00d1e59ce78baffbf9d24361ac8ba16a1d577b22cb193e15596627259190ed07,0c06b88fd09cd514745b699e6b6a7e12901db8d3247e42b582feaf1f7e91c04a,1eafe424a4c718d6a3b18cff938036f958858c70b344740788993b119bfbb04b,9c2f903993167fc2a228b3cfe60a23fe33f57f252bae6299458338cb8eb967ad,3f630dfcc8a1c2a19b093e7fe0f4bdc7f830fef42266fcf1156112f0eb959046,11f4fe862570895441036964a9b308e92c2ee6ba8a87b5da9009ffd5208a4bda,2c6d6a597c6b1b321c4f632291c22dfe5788a058fe82fd65114a5a59d5d0be83,3a365f5dd3e9d410585a34695bb444d67b220c4b40a9348288a540078bc27f75
spatial,M1,False,2020-10-07,landsat-8,967,66,1.5446203506475207,1.883673672545817,1.214679712761188,0.7045492795239029,True,3b188221263ad4673846ce5170fa622b5395e51a4aaa750114e1793d3986975b,55416c987a2d25f9177dd974307ae595761c1db31ecaa9d7561fb6c42d4d5e7c,00d1e59ce78baffbf9d24361ac8ba16a1d577b22cb193e15596627259190ed07,0c06b88fd09cd514745b699e6b6a7e12901db8d3247e42b582feaf1f7e91c04a,1eafe424a4c718d6a3b18cff938036f958858c70b344740788993b119bfbb04b,9c2f903993167fc2a228b3cfe60a23fe33f57f252bae6299458338cb8eb967ad,3f630dfcc8a1c2a19b093e7fe0f4bdc7f830fef42266fcf1156112f0eb959046,11f4fe862570895441036964a9b308e92c2ee6ba8a87b5da9009ffd5208a4bda,2c6d6a597c6b1b321c4f632291c22dfe5788a058fe82fd65114a5a59d5d0be83,3a365f5dd3e9d410585a34695bb444d67b220c4b40a9348288a540078bc27f75
spatial,M1,False,2021-05-03,landsat-8,1019,64,2.3812339314338877,3.1190822104963765,-2.036294715862568,0.34143225701731655,True,3b188221263ad4673846ce5170fa622b5395e51a4aaa750114e1793d3986975b,55416c987a2d25f9177dd974307ae595761c1db31ecaa9d7561fb6c42d4d5e7c,00d1e59ce78baffbf9d24361ac8ba16a1d577b22cb193e15596627259190ed07,0c06b88fd09cd514745b699e6b6a7e12901db8d3247e42b582feaf1f7e91c04a,1eafe424a4c718d6a3b18cff938036f958858c70b344740788993b119bfbb04b,9c2f903993167fc2a228b3cfe60a23fe33f57f252bae6299458338cb8eb967ad,3f630dfcc8a1c2a19b093e7fe0f4bdc7f830fef42266fcf1156112f0eb959046,11f4fe862570895441036964a9b308e92c2ee6ba8a87b5da9009ffd5208a4bda,2c6d6a597c6b1b321c4f632291c22dfe5788a058fe82fd65114a5a59d5d0be83,3a365f5dd3e9d410585a34695bb444d67b220c4b40a9348288a540078bc27f75
spatial,M1,False,2021-06-04,landsat-8,953,61,1.706648292538371,2.0122818704610497,1.4502196537573733,0.7945481320642085,True,3b188221263ad4673846ce5170fa622b5395e51a4aaa750114e1793d3986975b,55416c987a2d25f9177dd974307ae595761c1db31ecaa9d7561fb6c42d4d5e7c,00d1e59ce78baffbf9d24361ac8ba16a1d577b22cb193e15596627259190ed07,0c06b88fd09cd514745b699e6b6a7e12901db8d3247e42b582feaf1f7e91c04a,1eafe424a4c718d6a3b18cff938036f958858c70b344740788993b119bfbb04b,9c2f903993167fc2a228b3cfe60a23fe33f57f252bae6299458338cb8eb967ad,3f630dfcc8a1c2a19b093e7fe0f4bdc7f830fef42266fcf1156112f0eb959046,11f4fe862570895441036964a9b308e92c2ee6ba8a87b5da9009ffd5208a4bda,2c6d6a597c6b1b321c4f632291c22dfe5788a058fe82fd65114a5a59d5d0be83,3a365f5dd3e9d410585a34695bb444d67b220c4b40a9348288a540078bc27f75
spatial,M1,False,2021-06-20,landsat-8,993,62,1.4769381239189427,1.8618472815375118,0.616686463468246,0.7859359857839794,True,3b188221263ad4673846ce5170fa622b5395e51a4aaa750114e1793d3986975b,55416c987a2d25f9177dd974307ae595761c1db31ecaa9d7561fb6c42d4d5e7c,00d1e59ce78baffbf9d24361ac8ba16a1d577b22cb193e15596627259190ed07,0c06b88fd09cd514745b699e6b6a7e12901db8d3247e42b582feaf1f7e91c04a,1eafe424a4c718d6a3b18cff938036f958858c70b344740788993b119bfbb04b,9c2f903993167fc2a228b3cfe60a23fe33f57f252bae6299458338cb8eb967ad,3f630dfcc8a1c2a19b093e7fe0f4bdc7f830fef42266fcf1156112f0eb959046,11f4fe862570895441036964a9b308e92c2ee6ba8a87b5da9009ffd5208a4bda,2c6d6a597c6b1b321c4f632291c22dfe5788a058fe82fd65114a5a59d5d0be83,3a365f5dd3e9d410585a34695bb444d67b220c4b40a9348288a540078bc27f75
spatial,M1,False,2021-07-06,landsat-8,1068,66,1.1161660267930826,1.3972985202602088,0.18702941260546788,0.8053902863049376,True,3b188221263ad4673846ce5170fa622b5395e51a4aaa750114e1793d3986975b,55416c987a2d25f9177dd974307ae595761c1db31ecaa9d7561fb6c42d4d5e7c,00d1e59ce78baffbf9d24361ac8ba16a1d577b22cb193e15596627259190ed07,0c06b88fd09cd514745b699e6b6a7e12901db8d3247e42b582feaf1f7e91c04a,1eafe424a4c718d6a3b18cff938036f958858c70b344740788993b119bfbb04b,9c2f903993167fc2a228b3cfe60a23fe33f57f252bae6299458338cb8eb967ad,3f630dfcc8a1c2a19b093e7fe0f4bdc7f830fef42266fcf1156112f0eb959046,11f4fe862570895441036964a9b308e92c2ee6ba8a87b5da9009ffd5208a4bda,2c6d6a597c6b1b321c4f632291c22dfe5788a058fe82fd65114a5a59d5d0be83,3a365f5dd3e9d410585a34695bb444d67b220c4b40a9348288a540078bc27f75
spatial,M1,False,2021-08-07,landsat-8,1064,69,1.0169897978390896,1.3741420787249257,0.39412590809383913,0.8324569788503177,True,3b188221263ad4673846ce5170fa622b5395e51a4aaa750114e1793d3986975b,55416c987a2d25f9177dd974307ae595761c1db31ecaa9d7561fb6c42d4d5e7c,00d1e59ce78baffbf9d24361ac8ba16a1d577b22cb193e15596627259190ed07,0c06b88fd09cd514745b699e6b6a7e12901db8d3247e42b582feaf1f7e91c04a,1eafe424a4c718d6a3b18cff938036f958858c70b344740788993b119bfbb04b,9c2f903993167fc2a228b3cfe60a23fe33f57f252bae6299458338cb8eb967ad,3f630dfcc8a1c2a19b093e7fe0f4bdc7f830fef42266fcf1156112f0eb959046,11f4fe862570895441036964a9b308e92c2ee6ba8a87b5da9009ffd5208a4bda,2c6d6a597c6b1b321c4f632291c22dfe5788a058fe82fd65114a5a59d5d0be83,3a365f5dd3e9d410585a34695bb444d67b220c4b40a9348288a540078bc27f75
spatial,M1,False,2021-09-08,landsat-8,1020,65,2.4077995848311753,2.6729407039922397,2.385325782083019,0.8029265774859222,True,3b188221263ad4673846ce5170fa622b5395e51a4aaa750114e1793d3986975b,55416c987a2d25f9177dd974307ae595761c1db31ecaa9d7561fb6c42d4d5e7c,00d1e59ce78baffbf9d24361ac8ba16a1d577b22cb193e15596627259190ed07,0c06b88fd09cd514745b699e6b6a7e12901db8d3247e42b582feaf1f7e91c04a,1eafe424a4c718d6a3b18cff938036f958858c70b344740788993b119bfbb04b,9c2f903993167fc2a228b3cfe60a23fe33f57f252bae6299458338cb8eb967ad,3f630dfcc8a1c2a19b093e7fe0f4bdc7f830fef42266fcf1156112f0eb959046,11f4fe862570895441036964a9b308e92c2ee6ba8a87b5da9009ffd5208a4bda,2c6d6a597c6b1b321c4f632291c22dfe5788a058fe82fd65114a5a59d5d0be83,3a365f5dd3e9d410585a34695bb444d67b220c4b40a9348288a540078bc27f75
spatial,M1,False,2021-09-24,landsat-8,822,59,1.2288322468824795,1.4349729247723906,0.6130464870862455,0.6526211264869605,True,3b188221263ad4673846ce5170fa622b5395e51a4aaa750114e1793d3986975b,55416c987a2d25f9177dd974307ae595761c1db31ecaa9d7561fb6c42d4d5e7c,00d1e59ce78baffbf9d24361ac8ba16a1d577b22cb193e15596627259190ed07,0c06b88fd09cd514745b699e6b6a7e12901db8d3247e42b582feaf1f7e91c04a,1eafe424a4c718d6a3b18cff938036f958858c70b344740788993b119bfbb04b,9c2f903993167fc2a228b3cfe60a23fe33f57f252bae6299458338cb8eb967ad,3f630dfcc8a1c2a19b093e7fe0f4bdc7f830fef42266fcf1156112f0eb959046,11f4fe862570895441036964a9b308e92c2ee6ba8a87b5da9009ffd5208a4bda,2c6d6a597c6b1b321c4f632291c22dfe5788a058fe82fd65114a5a59d5d0be83,3a365f5dd3e9d410585a34695bb444d67b220c4b40a9348288a540078bc27f75
spatial,M1,False,2021-10-10,landsat-8,905,65,1.221264875288701,1.5239549238253813,-1.0976070485221796,0.7077045410626444,True,3b188221263ad4673846ce5170fa622b5395e51a4aaa750114e1793d3986975b,55416c987a2d25f9177dd974307ae595761c1db31ecaa9d7561fb6c42d4d5e7c,00d1e59ce78baffbf9d24361ac8ba16a1d577b22cb193e15596627259190ed07,0c06b88fd09cd514745b699e6b6a7e12901db8d3247e42b582feaf1f7e91c04a,1eafe424a4c718d6a3b18cff938036f958858c70b344740788993b119bfbb04b,9c2f903993167fc2a228b3cfe60a23fe33f57f252bae6299458338cb8eb967ad,3f630dfcc8a1c2a19b093e7fe0f4bdc7f830fef42266fcf1156112f0eb959046,11f4fe862570895441036964a9b308e92c2ee6ba8a87b5da9009ffd5208a4bda,2c6d6a597c6b1b321c4f632291c22dfe5788a058fe82fd65114a5a59d5d0be83,3a365f5dd3e9d410585a34695bb444d67b220c4b40a9348288a540078bc27f75
spatial,M1,False,2021-10-26,landsat-8,1094,71,0.9832900521940642,1.2671837516507858,-0.0371568508897835,0.6827100270124435,True,3b188221263ad4673846ce5170fa622b5395e51a4aaa750114e1793d3986975b,55416c987a2d25f9177dd974307ae595761c1db31ecaa9d7561fb6c42d4d5e7c,00d1e59ce78baffbf9d24361ac8ba16a1d577b22cb193e15596627259190ed07,0c06b88fd09cd514745b699e6b6a7e12901db8d3247e42b582feaf1f7e91c04a,1eafe424a4c718d6a3b18cff938036f958858c70b344740788993b119bfbb04b,9c2f903993167fc2a228b3cfe60a23fe33f57f252bae6299458338cb8eb967ad,3f630dfcc8a1c2a19b093e7fe0f4bdc7f830fef42266fcf1156112f0eb959046,11f4fe862570895441036964a9b308e92c2ee6ba8a87b5da9009ffd5208a4bda,2c6d6a597c6b1b321c4f632291c22dfe5788a058fe82fd65114a5a59d5d0be83,3a365f5dd3e9d410585a34695bb444d67b220c4b40a9348288a540078bc27f75
spatial,M1,False,2022-05-06,landsat-8,978,62,1.0607069009839332,1.339930983959044,0.2890721613627459,0.8557645316439316,True,3b188221263ad4673846ce5170fa622b5395e51a4aaa750114e1793d3986975b,55416c987a2d25f9177dd974307ae595761c1db31ecaa9d7561fb6c42d4d5e7c,00d1e59ce78baffbf9d24361ac8ba16a1d577b22cb193e15596627259190ed07,0c06b88fd09cd514745b699e6b6a7e12901db8d3247e42b582feaf1f7e91c04a,1eafe424a4c718d6a3b18cff938036f958858c70b344740788993b119bfbb04b,9c2f903993167fc2a228b3cfe60a23fe33f57f252bae6299458338cb8eb967ad,3f630dfcc8a1c2a19b093e7fe0f4bdc7f830fef42266fcf1156112f0eb959046,11f4fe862570895441036964a9b308e92c2ee6ba8a87b5da9009ffd5208a4bda,2c6d6a597c6b1b321c4f632291c22dfe5788a058fe82fd65114a5a59d5d0be83,3a365f5dd3e9d410585a34695bb444d67b220c4b40a9348288a540078bc27f75
spatial,M1,False,2022-05-14,landsat-9,989,69,2.1413767804748467,2.723136770435111,-0.26326042497760227,0.5373031604755565,True,3b188221263ad4673846ce5170fa622b5395e51a4aaa750114e1793d3986975b,55416c987a2d25f9177dd974307ae595761c1db31ecaa9d7561fb6c42d4d5e7c,00d1e59ce78baffbf9d24361ac8ba16a1d577b22cb193e15596627259190ed07,0c06b88fd09cd514745b699e6b6a7e12901db8d3247e42b582feaf1f7e91c04a,1eafe424a4c718d6a3b18cff938036f958858c70b344740788993b119bfbb04b,9c2f903993167fc2a228b3cfe60a23fe33f57f252bae6299458338cb8eb967ad,3f630dfcc8a1c2a19b093e7fe0f4bdc7f830fef42266fcf1156112f0eb959046,11f4fe862570895441036964a9b308e92c2ee6ba8a87b5da9009ffd5208a4bda,2c6d6a597c6b1b321c4f632291c22dfe5788a058fe82fd65114a5a59d5d0be83,3a365f5dd3e9d410585a34695bb444d67b220c4b40a9348288a540078bc27f75
spatial,M1,False,2022-05-22,landsat-8,818,58,1.8720621510300182,2.084563537064963,0.24450552227619188,0.5095728957234132,True,3b188221263ad4673846ce5170fa622b5395e51a4aaa750114e1793d3986975b,55416c987a2d25f9177dd974307ae595761c1db31ecaa9d7561fb6c42d4d5e7c,00d1e59ce78baffbf9d24361ac8ba16a1d577b22cb193e15596627259190ed07,0c06b88fd09cd514745b699e6b6a7e12901db8d3247e42b582feaf1f7e91c04a,1eafe424a4c718d6a3b18cff938036f958858c70b344740788993b119bfbb04b,9c2f903993167fc2a228b3cfe60a23fe33f57f252bae6299458338cb8eb967ad,3f630dfcc8a1c2a19b093e7fe0f4bdc7f830fef42266fcf1156112f0eb959046,11f4fe862570895441036964a9b308e92c2ee6ba8a87b5da9009ffd5208a4bda,2c6d6a597c6b1b321c4f632291c22dfe5788a058fe82fd65114a5a59d5d0be83,3a365f5dd3e9d410585a34695bb444d67b220c4b40a9348288a540078bc27f75
spatial,M1,False,2022-05-30,landsat-9,1055,67,1.306249325721794,1.6438195007982728,-0.8759192564501953,0.8139298112635467,True,3b188221263ad4673846ce5170fa622b5395e51a4aaa750114e1793d3986975b,55416c987a2d25f9177dd974307ae595761c1db31ecaa9d7561fb6c42d4d5e7c,00d1e59ce78baffbf9d24361ac8ba16a1d577b22cb193e15596627259190ed07,0c06b88fd09cd514745b699e6b6a7e12901db8d3247e42b582feaf1f7e91c04a,1eafe424a4c718d6a3b18cff938036f958858c70b344740788993b119bfbb04b,9c2f903993167fc2a228b3cfe60a23fe33f57f252bae6299458338cb8eb967ad,3f630dfcc8a1c2a19b093e7fe0f4bdc7f830fef42266fcf1156112f0eb959046,11f4fe862570895441036964a9b308e92c2ee6ba8a87b5da9009ffd5208a4bda,2c6d6a597c6b1b321c4f632291c22dfe5788a058fe82fd65114a5a59d5d0be83,3a365f5dd3e9d410585a34695bb444d67b220c4b40a9348288a540078bc27f75
spatial,M1,False,2022-06-07,landsat-8,967,61,1.213486359200953,1.5979397430829472,0.873630059611407,0.7951352791055366,True,3b188221263ad4673846ce5170fa622b5395e51a4aaa750114e1793d3986975b,55416c987a2d25f9177dd974307ae595761c1db31ecaa9d7561fb6c42d4d5e7c,00d1e59ce78baffbf9d24361ac8ba16a1d577b22cb193e15596627259190ed07,0c06b88fd09cd514745b699e6b6a7e12901db8d3247e42b582feaf1f7e91c04a,1eafe424a4c718d6a3b18cff938036f958858c70b344740788993b119bfbb04b,9c2f903993167fc2a228b3cfe60a23fe33f57f252bae6299458338cb8eb967ad,3f630dfcc8a1c2a19b093e7fe0f4bdc7f830fef42266fcf1156112f0eb959046,11f4fe862570895441036964a9b308e92c2ee6ba8a87b5da9009ffd5208a4bda,2c6d6a597c6b1b321c4f632291c22dfe5788a058fe82fd65114a5a59d5d0be83,3a365f5dd3e9d410585a34695bb444d67b220c4b40a9348288a540078bc27f75
spatial,M1,False,2022-06-15,landsat-9,1067,69,1.278237947028357,1.6098633753027636,0.8517418525549929,0.8104891471821647,True,3b188221263ad4673846ce5170fa622b5395e51a4aaa750114e1793d3986975b,55416c987a2d25f9177dd974307ae595761c1db31ecaa9d7561fb6c42d4d5e7c,00d1e59ce78baffbf9d24361ac8ba16a1d577b22cb193e15596627259190ed07,0c06b88fd09cd514745b699e6b6a7e12901db8d3247e42b582feaf1f7e91c04a,1eafe424a4c718d6a3b18cff938036f958858c70b344740788993b119bfbb04b,9c2f903993167fc2a228b3cfe60a23fe33f57f252bae6299458338cb8eb967ad,3f630dfcc8a1c2a19b093e7fe0f4bdc7f830fef42266fcf1156112f0eb959046,11f4fe862570895441036964a9b308e92c2ee6ba8a87b5da9009ffd5208a4bda,2c6d6a597c6b1b321c4f632291c22dfe5788a058fe82fd65114a5a59d5d0be83,3a365f5dd3e9d410585a34695bb444d67b220c4b40a9348288a540078bc27f75
spatial,M1,False,2022-06-23,landsat-8,1059,69,1.3764360311395605,1.7119494120644048,-0.566732259083371,0.8972846306622144,True,3b188221263ad4673846ce5170fa622b5395e51a4aaa750114e1793d3986975b,55416c987a2d25f9177dd974307ae595761c1db31ecaa9d7561fb6c42d4d5e7c,00d1e59ce78baffbf9d24361ac8ba16a1d577b22cb193e15596627259190ed07,0c06b88fd09cd514745b699e6b6a7e12901db8d3247e42b582feaf1f7e91c04a,1eafe424a4c718d6a3b18cff938036f958858c70b344740788993b119bfbb04b,9c2f903993167fc2a228b3cfe60a23fe33f57f252bae6299458338cb8eb967ad,3f630dfcc8a1c2a19b093e7fe0f4bdc7f830fef42266fcf1156112f0eb959046,11f4fe862570895441036964a9b308e92c2ee6ba8a87b5da9009ffd5208a4bda,2c6d6a597c6b1b321c4f632291c22dfe5788a058fe82fd65114a5a59d5d0be83,3a365f5dd3e9d410585a34695bb444d67b220c4b40a9348288a540078bc27f75
spatial,M1,False,2022-07-01,landsat-9,1072,70,1.0478914336489873,1.3286844318143134,0.38655321176774726,0.8104456304164243,True,3b188221263ad4673846ce5170fa622b5395e51a4aaa750114e1793d3986975b,55416c987a2d25f9177dd974307ae595761c1db31ecaa9d7561fb6c42d4d5e7c,00d1e59ce78baffbf9d24361ac8ba16a1d577b22cb193e15596627259190ed07,0c06b88fd09cd514745b699e6b6a7e12901db8d3247e42b582feaf1f7e91c04a,1eafe424a4c718d6a3b18cff938036f958858c70b344740788993b119bfbb04b,9c2f903993167fc2a228b3cfe60a23fe33f57f252bae6299458338cb8eb967ad,3f630dfcc8a1c2a19b093e7fe0f4bdc7f830fef42266fcf1156112f0eb959046,11f4fe862570895441036964a9b308e92c2ee6ba8a87b5da9009ffd5208a4bda,2c6d6a597c6b1b321c4f632291c22dfe5788a058fe82fd65114a5a59d5d0be83,3a365f5dd3e9d410585a34695bb444d67b220c4b40a9348288a540078bc27f75
spatial,M1,False,2022-07-09,landsat-8,1050,67,1.4466606772696904,1.886775219126056,-0.09899091134239987,0.8625927360061706,True,3b188221263ad4673846ce5170fa622b5395e51a4aaa750114e1793d3986975b,55416c987a2d25f9177dd974307ae595761c1db31ecaa9d7561fb6c42d4d5e7c,00d1e59ce78baffbf9d24361ac8ba16a1d577b22cb193e15596627259190ed07,0c06b88fd09cd514745b699e6b6a7e12901db8d3247e42b582feaf1f7e91c04a,1eafe424a4c718d6a3b18cff938036f958858c70b344740788993b119bfbb04b,9c2f903993167fc2a228b3cfe60a23fe33f57f252bae6299458338cb8eb967ad,3f630dfcc8a1c2a19b093e7fe0f4bdc7f830fef42266fcf1156112f0eb959046,11f4fe862570895441036964a9b308e92c2ee6ba8a87b5da9009ffd5208a4bda,2c6d6a597c6b1b321c4f632291c22dfe5788a058fe82fd65114a5a59d5d0be83,3a365f5dd3e9d410585a34695bb444d67b220c4b40a9348288a540078bc27f75
spatial,M1,False,2022-07-17,landsat-9,1008,69,4.325005700338362,4.744409885163486,-4.296616058146778,0.7424457118733715,True,3b188221263ad4673846ce5170fa622b5395e51a4aaa750114e1793d3986975b,55416c987a2d25f9177dd974307ae595761c1db31ecaa9d7561fb6c42d4d5e7c,00d1e59ce78baffbf9d24361ac8ba16a1d577b22cb193e15596627259190ed07,0c06b88fd09cd514745b699e6b6a7e12901db8d3247e42b582feaf1f7e91c04a,1eafe424a4c718d6a3b18cff938036f958858c70b344740788993b119bfbb04b,9c2f903993167fc2a228b3cfe60a23fe33f57f252bae6299458338cb8eb967ad,3f630dfcc8a1c2a19b093e7fe0f4bdc7f830fef42266fcf1156112f0eb959046,11f4fe862570895441036964a9b308e92c2ee6ba8a87b5da9009ffd5208a4bda,2c6d6a597c6b1b321c4f632291c22dfe5788a058fe82fd65114a5a59d5d0be83,3a365f5dd3e9d410585a34695bb444d67b220c4b40a9348288a540078bc27f75
spatial,M1,False,2022-07-25,landsat-8,1054,68,0.905535016014481,1.209042974657239,0.27385623878496135,0.8638013388678206,True,3b188221263ad4673846ce5170fa622b5395e51a4aaa750114e1793d3986975b,55416c987a2d25f9177dd974307ae595761c1db31ecaa9d7561fb6c42d4d5e7c,00d1e59ce78baffbf9d24361ac8ba16a1d577b22cb193e15596627259190ed07,0c06b88fd09cd514745b699e6b6a7e12901db8d3247e42b582feaf1f7e91c04a,1eafe424a4c718d6a3b18cff938036f958858c70b344740788993b119bfbb04b,9c2f903993167fc2a228b3cfe60a23fe33f57f252bae6299458338cb8eb967ad,3f630dfcc8a1c2a19b093e7fe0f4bdc7f830fef42266fcf1156112f0eb959046,11f4fe862570895441036964a9b308e92c2ee6ba8a87b5da9009ffd5208a4bda,2c6d6a597c6b1b321c4f632291c22dfe5788a058fe82fd65114a5a59d5d0be83,3a365f5dd3e9d410585a34695bb444d67b220c4b40a9348288a540078bc27f75
spatial,M1,False,2022-08-02,landsat-9,1026,67,1.698962082191858,2.0313882134144556,1.3617522344691793,0.9079519389986862,True,3b188221263ad4673846ce5170fa622b5395e51a4aaa750114e1793d3986975b,55416c987a2d25f9177dd974307ae595761c1db31ecaa9d7561fb6c42d4d5e7c,00d1e59ce78baffbf9d24361ac8ba16a1d577b22cb193e15596627259190ed07,0c06b88fd09cd514745b699e6b6a7e12901db8d3247e42b582feaf1f7e91c04a,1eafe424a4c718d6a3b18cff938036f958858c70b344740788993b119bfbb04b,9c2f903993167fc2a228b3cfe60a23fe33f57f252bae6299458338cb8eb967ad,3f630dfcc8a1c2a19b093e7fe0f4bdc7f830fef42266fcf1156112f0eb959046,11f4fe862570895441036964a9b308e92c2ee6ba8a87b5da9009ffd5208a4bda,2c6d6a597c6b1b321c4f632291c22dfe5788a058fe82fd65114a5a59d5d0be83,3a365f5dd3e9d410585a34695bb444d67b220c4b40a9348288a540078bc27f75
spatial,M1,False,2022-08-18,landsat-9,1034,66,1.3907601624588246,1.7537596509611821,-0.5116057168722996,0.9229318170930358,True,3b188221263ad4673846ce5170fa622b5395e51a4aaa750114e1793d3986975b,55416c987a2d25f9177dd974307ae595761c1db31ecaa9d7561fb6c42d4d5e7c,00d1e59ce78baffbf9d24361ac8ba16a1d577b22cb193e15596627259190ed07,0c06b88fd09cd514745b699e6b6a7e12901db8d3247e42b582feaf1f7e91c04a,1eafe424a4c718d6a3b18cff938036f958858c70b344740788993b119bfbb04b,9c2f903993167fc2a228b3cfe60a23fe33f57f252bae6299458338cb8eb967ad,3f630dfcc8a1c2a19b093e7fe0f4bdc7f830fef42266fcf1156112f0eb959046,11f4fe862570895441036964a9b308e92c2ee6ba8a87b5da9009ffd5208a4bda,2c6d6a597c6b1b321c4f632291c22dfe5788a058fe82fd65114a5a59d5d0be83,3a365f5dd3e9d410585a34695bb444d67b220c4b40a9348288a540078bc27f75
spatial,M1,False,2022-08-26,landsat-8,1058,69,1.5626136691047197,1.9242332580754324,-0.7339338374123232,0.8400087613317767,True,3b188221263ad4673846ce5170fa622b5395e51a4aaa750114e1793d3986975b,55416c987a2d25f9177dd974307ae595761c1db31ecaa9d7561fb6c42d4d5e7c,00d1e59ce78baffbf9d24361ac8ba16a1d577b22cb193e15596627259190ed07,0c06b88fd09cd514745b699e6b6a7e12901db8d3247e42b582feaf1f7e91c04a,1eafe424a4c718d6a3b18cff938036f958858c70b344740788993b119bfbb04b,9c2f903993167fc2a228b3cfe60a23fe33f57f252bae6299458338cb8eb967ad,3f630dfcc8a1c2a19b093e7fe0f4bdc7f830fef42266fcf1156112f0eb959046,11f4fe862570895441036964a9b308e92c2ee6ba8a87b5da9009ffd5208a4bda,2c6d6a597c6b1b321c4f632291c22dfe5788a058fe82fd65114a5a59d5d0be83,3a365f5dd3e9d410585a34695bb444d67b220c4b40a9348288a540078bc27f75
spatial,M1,False,2022-09-03,landsat-9,1085,71,3.706991506227124,3.9893060462462286,-3.6933521043962942,0.7983446817112169,True,3b188221263ad4673846ce5170fa622b5395e51a4aaa750114e1793d3986975b,55416c987a2d25f9177dd974307ae595761c1db31ecaa9d7561fb6c42d4d5e7c,00d1e59ce78baffbf9d24361ac8ba16a1d577b22cb193e15596627259190ed07,0c06b88fd09cd514745b699e6b6a7e12901db8d3247e42b582feaf1f7e91c04a,1eafe424a4c718d6a3b18cff938036f958858c70b344740788993b119bfbb04b,9c2f903993167fc2a228b3cfe60a23fe33f57f252bae6299458338cb8eb967ad,3f630dfcc8a1c2a19b093e7fe0f4bdc7f830fef42266fcf1156112f0eb959046,11f4fe862570895441036964a9b308e92c2ee6ba8a87b5da9009ffd5208a4bda,2c6d6a597c6b1b321c4f632291c22dfe5788a058fe82fd65114a5a59d5d0be83,3a365f5dd3e9d410585a34695bb444d67b220c4b40a9348288a540078bc27f75
spatial,M1,False,2022-09-27,landsat-8,1081,71,1.1797842607790998,1.5786455590576167,-0.4228763718024981,0.8278020854764212,True,3b188221263ad4673846ce5170fa622b5395e51a4aaa750114e1793d3986975b,55416c987a2d25f9177dd974307ae595761c1db31ecaa9d7561fb6c42d4d5e7c,00d1e59ce78baffbf9d24361ac8ba16a1d577b22cb193e15596627259190ed07,0c06b88fd09cd514745b699e6b6a7e12901db8d3247e42b582feaf1f7e91c04a,1eafe424a4c718d6a3b18cff938036f958858c70b344740788993b119bfbb04b,9c2f903993167fc2a228b3cfe60a23fe33f57f252bae6299458338cb8eb967ad,3f630dfcc8a1c2a19b093e7fe0f4bdc7f830fef42266fcf1156112f0eb959046,11f4fe862570895441036964a9b308e92c2ee6ba8a87b5da9009ffd5208a4bda,2c6d6a597c6b1b321c4f632291c22dfe5788a058fe82fd65114a5a59d5d0be83,3a365f5dd3e9d410585a34695bb444d67b220c4b40a9348288a540078bc27f75
spatial,M1,False,2022-10-05,landsat-9,921,59,0.8808274014604234,1.0811370358444465,0.43098902814137985,0.8540994010539292,True,3b188221263ad4673846ce5170fa622b5395e51a4aaa750114e1793d3986975b,55416c987a2d25f9177dd974307ae595761c1db31ecaa9d7561fb6c42d4d5e7c,00d1e59ce78baffbf9d24361ac8ba16a1d577b22cb193e15596627259190ed07,0c06b88fd09cd514745b699e6b6a7e12901db8d3247e42b582feaf1f7e91c04a,1eafe424a4c718d6a3b18cff938036f958858c70b344740788993b119bfbb04b,9c2f903993167fc2a228b3cfe60a23fe33f57f252bae6299458338cb8eb967ad,3f630dfcc8a1c2a19b093e7fe0f4bdc7f830fef42266fcf1156112f0eb959046,11f4fe862570895441036964a9b308e92c2ee6ba8a87b5da9009ffd5208a4bda,2c6d6a597c6b1b321c4f632291c22dfe5788a058fe82fd65114a5a59d5d0be83,3a365f5dd3e9d410585a34695bb444d67b220c4b40a9348288a540078bc27f75
spatial,M1,False,2022-10-21,landsat-9,701,63,1.1461454771380677,1.4945390110432595,1.0589650226907399,0.7686175290636206,True,3b188221263ad4673846ce5170fa622b5395e51a4aaa750114e1793d3986975b,55416c987a2d25f9177dd974307ae595761c1db31ecaa9d7561fb6c42d4d5e7c,00d1e59ce78baffbf9d24361ac8ba16a1d577b22cb193e15596627259190ed07,0c06b88fd09cd514745b699e6b6a7e12901db8d3247e42b582feaf1f7e91c04a,1eafe424a4c718d6a3b18cff938036f958858c70b344740788993b119bfbb04b,9c2f903993167fc2a228b3cfe60a23fe33f57f252bae6299458338cb8eb967ad,3f630dfcc8a1c2a19b093e7fe0f4bdc7f830fef42266fcf1156112f0eb959046,11f4fe862570895441036964a9b308e92c2ee6ba8a87b5da9009ffd5208a4bda,2c6d6a597c6b1b321c4f632291c22dfe5788a058fe82fd65114a5a59d5d0be83,3a365f5dd3e9d410585a34695bb444d67b220c4b40a9348288a540078bc27f75
spatial,M1,False,2022-10-29,landsat-8,969,67,0.783049525584238,1.0527296313909902,-0.06539732424805465,0.6878471608159754,True,3b188221263ad4673846ce5170fa622b5395e51a4aaa750114e1793d3986975b,55416c987a2d25f9177dd974307ae595761c1db31ecaa9d7561fb6c42d4d5e7c,00d1e59ce78baffbf9d24361ac8ba16a1d577b22cb193e15596627259190ed07,0c06b88fd09cd514745b699e6b6a7e12901db8d3247e42b582feaf1f7e91c04a,1eafe424a4c718d6a3b18cff938036f958858c70b344740788993b119bfbb04b,9c2f903993167fc2a228b3cfe60a23fe33f57f252bae6299458338cb8eb967ad,3f630dfcc8a1c2a19b093e7fe0f4bdc7f830fef42266fcf1156112f0eb959046,11f4fe862570895441036964a9b308e92c2ee6ba8a87b5da9009ffd5208a4bda,2c6d6a597c6b1b321c4f632291c22dfe5788a058fe82fd65114a5a59d5d0be83,3a365f5dd3e9d410585a34695bb444d67b220c4b40a9348288a540078bc27f75
spatial,M1,False,2023-05-17,landsat-9,788,52,1.6215551032699873,1.8639075371610534,1.3219442690727063,0.7977222791938805,True,3b188221263ad4673846ce5170fa622b5395e51a4aaa750114e1793d3986975b,55416c987a2d25f9177dd974307ae595761c1db31ecaa9d7561fb6c42d4d5e7c,00d1e59ce78baffbf9d24361ac8ba16a1d577b22cb193e15596627259190ed07,0c06b88fd09cd514745b699e6b6a7e12901db8d3247e42b582feaf1f7e91c04a,1eafe424a4c718d6a3b18cff938036f958858c70b344740788993b119bfbb04b,9c2f903993167fc2a228b3cfe60a23fe33f57f252bae6299458338cb8eb967ad,3f630dfcc8a1c2a19b093e7fe0f4bdc7f830fef42266fcf1156112f0eb959046,11f4fe862570895441036964a9b308e92c2ee6ba8a87b5da9009ffd5208a4bda,2c6d6a597c6b1b321c4f632291c22dfe5788a058fe82fd65114a5a59d5d0be83,3a365f5dd3e9d410585a34695bb444d67b220c4b40a9348288a540078bc27f75
spatial,M1,False,2023-06-26,landsat-8,1038,62,1.6545251504221858,2.0340027658531157,-1.3186352989661485,0.7795654365827,True,3b188221263ad4673846ce5170fa622b5395e51a4aaa750114e1793d3986975b,55416c987a2d25f9177dd974307ae595761c1db31ecaa9d7561fb6c42d4d5e7c,00d1e59ce78baffbf9d24361ac8ba16a1d577b22cb193e15596627259190ed07,0c06b88fd09cd514745b699e6b6a7e12901db8d3247e42b582feaf1f7e91c04a,1eafe424a4c718d6a3b18cff938036f958858c70b344740788993b119bfbb04b,9c2f903993167fc2a228b3cfe60a23fe33f57f252bae6299458338cb8eb967ad,3f630dfcc8a1c2a19b093e7fe0f4bdc7f830fef42266fcf1156112f0eb959046,11f4fe862570895441036964a9b308e92c2ee6ba8a87b5da9009ffd5208a4bda,2c6d6a597c6b1b321c4f632291c22dfe5788a058fe82fd65114a5a59d5d0be83,3a365f5dd3e9d410585a34695bb444d67b220c4b40a9348288a540078bc27f75
spatial,M1,False,2023-07-04,landsat-9,1059,66,2.989197573942034,3.529540404536817,2.9212764945841543,0.5977002233982797,True,3b188221263ad4673846ce5170fa622b5395e51a4aaa750114e1793d3986975b,55416c987a2d25f9177dd974307ae595761c1db31ecaa9d7561fb6c42d4d5e7c,00d1e59ce78baffbf9d24361ac8ba16a1d577b22cb193e15596627259190ed07,0c06b88fd09cd514745b699e6b6a7e12901db8d3247e42b582feaf1f7e91c04a,1eafe424a4c718d6a3b18cff938036f958858c70b344740788993b119bfbb04b,9c2f903993167fc2a228b3cfe60a23fe33f57f252bae6299458338cb8eb967ad,3f630dfcc8a1c2a19b093e7fe0f4bdc7f830fef42266fcf1156112f0eb959046,11f4fe862570895441036964a9b308e92c2ee6ba8a87b5da9009ffd5208a4bda,2c6d6a597c6b1b321c4f632291c22dfe5788a058fe82fd65114a5a59d5d0be83,3a365f5dd3e9d410585a34695bb444d67b220c4b40a9348288a540078bc27f75
spatial,M1,False,2023-07-12,landsat-8,1060,69,2.693218364116136,3.0656997945321764,-2.6545175076597736,0.8122733291054245,True,3b188221263ad4673846ce5170fa622b5395e51a4aaa750114e1793d3986975b,55416c987a2d25f9177dd974307ae595761c1db31ecaa9d7561fb6c42d4d5e7c,00d1e59ce78baffbf9d24361ac8ba16a1d577b22cb193e15596627259190ed07,0c06b88fd09cd514745b699e6b6a7e12901db8d3247e42b582feaf1f7e91c04a,1eafe424a4c718d6a3b18cff938036f958858c70b344740788993b119bfbb04b,9c2f903993167fc2a228b3cfe60a23fe33f57f252bae6299458338cb8eb967ad,3f630dfcc8a1c2a19b093e7fe0f4bdc7f830fef42266fcf1156112f0eb959046,11f4fe862570895441036964a9b308e92c2ee6ba8a87b5da9009ffd5208a4bda,2c6d6a597c6b1b321c4f632291c22dfe5788a058fe82fd65114a5a59d5d0be83,3a365f5dd3e9d410585a34695bb444d67b220c4b40a9348288a540078bc27f75
spatial,M1,False,2023-07-20,landsat-9,1072,69,1.3630495167117649,1.7600328602572832,-0.2792900747092191,0.9014403592975548,True,3b188221263ad4673846ce5170fa622b5395e51a4aaa750114e1793d3986975b,55416c987a2d25f9177dd974307ae595761c1db31ecaa9d7561fb6c42d4d5e7c,00d1e59ce78baffbf9d24361ac8ba16a1d577b22cb193e15596627259190ed07,0c06b88fd09cd514745b699e6b6a7e12901db8d3247e42b582feaf1f7e91c04a,1eafe424a4c718d6a3b18cff938036f958858c70b344740788993b119bfbb04b,9c2f903993167fc2a228b3cfe60a23fe33f57f252bae6299458338cb8eb967ad,3f630dfcc8a1c2a19b093e7fe0f4bdc7f830fef42266fcf1156112f0eb959046,11f4fe862570895441036964a9b308e92c2ee6ba8a87b5da9009ffd5208a4bda,2c6d6a597c6b1b321c4f632291c22dfe5788a058fe82fd65114a5a59d5d0be83,3a365f5dd3e9d410585a34695bb444d67b220c4b40a9348288a540078bc27f75
spatial,M1,False,2023-07-28,landsat-8,983,66,2.6814463901135124,3.0126257620372336,2.656181315139497,0.8704672325853069,True,3b188221263ad4673846ce5170fa622b5395e51a4aaa750114e1793d3986975b,55416c987a2d25f9177dd974307ae595761c1db31ecaa9d7561fb6c42d4d5e7c,00d1e59ce78baffbf9d24361ac8ba16a1d577b22cb193e15596627259190ed07,0c06b88fd09cd514745b699e6b6a7e12901db8d3247e42b582feaf1f7e91c04a,1eafe424a4c718d6a3b18cff938036f958858c70b344740788993b119bfbb04b,9c2f903993167fc2a228b3cfe60a23fe33f57f252bae6299458338cb8eb967ad,3f630dfcc8a1c2a19b093e7fe0f4bdc7f830fef42266fcf1156112f0eb959046,11f4fe862570895441036964a9b308e92c2ee6ba8a87b5da9009ffd5208a4bda,2c6d6a597c6b1b321c4f632291c22dfe5788a058fe82fd65114a5a59d5d0be83,3a365f5dd3e9d410585a34695bb444d67b220c4b40a9348288a540078bc27f75
spatial,M1,False,2023-08-05,landsat-9,1076,69,1.9517734264489108,2.4072591731947326,-1.2714683837585303,0.766716704011123,True,3b188221263ad4673846ce5170fa622b5395e51a4aaa750114e1793d3986975b,55416c987a2d25f9177dd974307ae595761c1db31ecaa9d7561fb6c42d4d5e7c,00d1e59ce78baffbf9d24361ac8ba16a1d577b22cb193e15596627259190ed07,0c06b88fd09cd514745b699e6b6a7e12901db8d3247e42b582feaf1f7e91c04a,1eafe424a4c718d6a3b18cff938036f958858c70b344740788993b119bfbb04b,9c2f903993167fc2a228b3cfe60a23fe33f57f252bae6299458338cb8eb967ad,3f630dfcc8a1c2a19b093e7fe0f4bdc7f830fef42266fcf1156112f0eb959046,11f4fe862570895441036964a9b308e92c2ee6ba8a87b5da9009ffd5208a4bda,2c6d6a597c6b1b321c4f632291c22dfe5788a058fe82fd65114a5a59d5d0be83,3a365f5dd3e9d410585a34695bb444d67b220c4b40a9348288a540078bc27f75
spatial,M1,False,2023-08-13,landsat-8,1063,68,0.7604133138104636,1.0045812325088108,-0.04318588147066813,0.9015487098093683,True,3b188221263ad4673846ce5170fa622b5395e51a4aaa750114e1793d3986975b,55416c987a2d25f9177dd974307ae595761c1db31ecaa9d7561fb6c42d4d5e7c,00d1e59ce78baffbf9d24361ac8ba16a1d577b22cb193e15596627259190ed07,0c06b88fd09cd514745b699e6b6a7e12901db8d3247e42b582feaf1f7e91c04a,1eafe424a4c718d6a3b18cff938036f958858c70b344740788993b119bfbb04b,9c2f903993167fc2a228b3cfe60a23fe33f57f252bae6299458338cb8eb967ad,3f630dfcc8a1c2a19b093e7fe0f4bdc7f830fef42266fcf1156112f0eb959046,11f4fe862570895441036964a9b308e92c2ee6ba8a87b5da9009ffd5208a4bda,2c6d6a597c6b1b321c4f632291c22dfe5788a058fe82fd65114a5a59d5d0be83,3a365f5dd3e9d410585a34695bb444d67b220c4b40a9348288a540078bc27f75
spatial,M1,False,2023-08-29,landsat-8,1088,71,2.1080992775123484,2.476881767769864,1.962692994775395,0.8527123382834302,True,3b188221263ad4673846ce5170fa622b5395e51a4aaa750114e1793d3986975b,55416c987a2d25f9177dd974307ae595761c1db31ecaa9d7561fb6c42d4d5e7c,00d1e59ce78baffbf9d24361ac8ba16a1d577b22cb193e15596627259190ed07,0c06b88fd09cd514745b699e6b6a7e12901db8d3247e42b582feaf1f7e91c04a,1eafe424a4c718d6a3b18cff938036f958858c70b344740788993b119bfbb04b,9c2f903993167fc2a228b3cfe60a23fe33f57f252bae6299458338cb8eb967ad,3f630dfcc8a1c2a19b093e7fe0f4bdc7f830fef42266fcf1156112f0eb959046,11f4fe862570895441036964a9b308e92c2ee6ba8a87b5da9009ffd5208a4bda,2c6d6a597c6b1b321c4f632291c22dfe5788a058fe82fd65114a5a59d5d0be83,3a365f5dd3e9d410585a34695bb444d67b220c4b40a9348288a540078bc27f75
spatial,M1,False,2023-09-14,landsat-8,634,53,0.9892030255247634,1.2812663564673386,0.07706084413081149,0.6647156015590402,True,3b188221263ad4673846ce5170fa622b5395e51a4aaa750114e1793d3986975b,55416c987a2d25f9177dd974307ae595761c1db31ecaa9d7561fb6c42d4d5e7c,00d1e59ce78baffbf9d24361ac8ba16a1d577b22cb193e15596627259190ed07,0c06b88fd09cd514745b699e6b6a7e12901db8d3247e42b582feaf1f7e91c04a,1eafe424a4c718d6a3b18cff938036f958858c70b344740788993b119bfbb04b,9c2f903993167fc2a228b3cfe60a23fe33f57f252bae6299458338cb8eb967ad,3f630dfcc8a1c2a19b093e7fe0f4bdc7f830fef42266fcf1156112f0eb959046,11f4fe862570895441036964a9b308e92c2ee6ba8a87b5da9009ffd5208a4bda,2c6d6a597c6b1b321c4f632291c22dfe5788a058fe82fd65114a5a59d5d0be83,3a365f5dd3e9d410585a34695bb444d67b220c4b40a9348288a540078bc27f75
spatial,M1,False,2023-09-22,landsat-9,707,54,1.5071203064056675,1.886466947127938,-0.5025647637706069,0.6979412502638027,True,3b188221263ad4673846ce5170fa622b5395e51a4aaa750114e1793d3986975b,55416c987a2d25f9177dd974307ae595761c1db31ecaa9d7561fb6c42d4d5e7c,00d1e59ce78baffbf9d24361ac8ba16a1d577b22cb193e15596627259190ed07,0c06b88fd09cd514745b699e6b6a7e12901db8d3247e42b582feaf1f7e91c04a,1eafe424a4c718d6a3b18cff938036f958858c70b344740788993b119bfbb04b,9c2f903993167fc2a228b3cfe60a23fe33f57f252bae6299458338cb8eb967ad,3f630dfcc8a1c2a19b093e7fe0f4bdc7f830fef42266fcf1156112f0eb959046,11f4fe862570895441036964a9b308e92c2ee6ba8a87b5da9009ffd5208a4bda,2c6d6a597c6b1b321c4f632291c22dfe5788a058fe82fd65114a5a59d5d0be83,3a365f5dd3e9d410585a34695bb444d67b220c4b40a9348288a540078bc27f75
spatial,M1,False,2023-10-08,landsat-9,952,61,0.8542282500725216,1.088489187617365,-0.27036596950300645,0.9165791649276639,True,3b188221263ad4673846ce5170fa622b5395e51a4aaa750114e1793d3986975b,55416c987a2d25f9177dd974307ae595761c1db31ecaa9d7561fb6c42d4d5e7c,00d1e59ce78baffbf9d24361ac8ba16a1d577b22cb193e15596627259190ed07,0c06b88fd09cd514745b699e6b6a7e12901db8d3247e42b582feaf1f7e91c04a,1eafe424a4c718d6a3b18cff938036f958858c70b344740788993b119bfbb04b,9c2f903993167fc2a228b3cfe60a23fe33f57f252bae6299458338cb8eb967ad,3f630dfcc8a1c2a19b093e7fe0f4bdc7f830fef42266fcf1156112f0eb959046,11f4fe862570895441036964a9b308e92c2ee6ba8a87b5da9009ffd5208a4bda,2c6d6a597c6b1b321c4f632291c22dfe5788a058fe82fd65114a5a59d5d0be83,3a365f5dd3e9d410585a34695bb444d67b220c4b40a9348288a540078bc27f75
spatial,M1,False,2023-10-16,landsat-8,936,62,0.9243713823307417,1.2005852675220494,0.5180117126771147,0.8472611047014031,True,3b188221263ad4673846ce5170fa622b5395e51a4aaa750114e1793d3986975b,55416c987a2d25f9177dd974307ae595761c1db31ecaa9d7561fb6c42d4d5e7c,00d1e59ce78baffbf9d24361ac8ba16a1d577b22cb193e15596627259190ed07,0c06b88fd09cd514745b699e6b6a7e12901db8d3247e42b582feaf1f7e91c04a,1eafe424a4c718d6a3b18cff938036f958858c70b344740788993b119bfbb04b,9c2f903993167fc2a228b3cfe60a23fe33f57f252bae6299458338cb8eb967ad,3f630dfcc8a1c2a19b093e7fe0f4bdc7f830fef42266fcf1156112f0eb959046,11f4fe862570895441036964a9b308e92c2ee6ba8a87b5da9009ffd5208a4bda,2c6d6a597c6b1b321c4f632291c22dfe5788a058fe82fd65114a5a59d5d0be83,3a365f5dd3e9d410585a34695bb444d67b220c4b40a9348288a540078bc27f75
spatial,M1,False,2023-10-24,landsat-9,699,51,1.2681771980079672,1.606634485906465,-1.0939925260487824,0.7587686717412623,True,3b188221263ad4673846ce5170fa622b5395e51a4aaa750114e1793d3986975b,55416c987a2d25f9177dd974307ae595761c1db31ecaa9d7561fb6c42d4d5e7c,00d1e59ce78baffbf9d24361ac8ba16a1d577b22cb193e15596627259190ed07,0c06b88fd09cd514745b699e6b6a7e12901db8d3247e42b582feaf1f7e91c04a,1eafe424a4c718d6a3b18cff938036f958858c70b344740788993b119bfbb04b,9c2f903993167fc2a228b3cfe60a23fe33f57f252bae6299458338cb8eb967ad,3f630dfcc8a1c2a19b093e7fe0f4bdc7f830fef42266fcf1156112f0eb959046,11f4fe862570895441036964a9b308e92c2ee6ba8a87b5da9009ffd5208a4bda,2c6d6a597c6b1b321c4f632291c22dfe5788a058fe82fd65114a5a59d5d0be83,3a365f5dd3e9d410585a34695bb444d67b220c4b40a9348288a540078bc27f75
spatial,M1,False,2024-05-11,landsat-8,861,55,1.2780703977902865,1.644532721892891,0.08757269276337573,0.619998134036846,True,3b188221263ad4673846ce5170fa622b5395e51a4aaa750114e1793d3986975b,55416c987a2d25f9177dd974307ae595761c1db31ecaa9d7561fb6c42d4d5e7c,00d1e59ce78baffbf9d24361ac8ba16a1d577b22cb193e15596627259190ed07,0c06b88fd09cd514745b699e6b6a7e12901db8d3247e42b582feaf1f7e91c04a,1eafe424a4c718d6a3b18cff938036f958858c70b344740788993b119bfbb04b,9c2f903993167fc2a228b3cfe60a23fe33f57f252bae6299458338cb8eb967ad,3f630dfcc8a1c2a19b093e7fe0f4bdc7f830fef42266fcf1156112f0eb959046,11f4fe862570895441036964a9b308e92c2ee6ba8a87b5da9009ffd5208a4bda,2c6d6a597c6b1b321c4f632291c22dfe5788a058fe82fd65114a5a59d5d0be83,3a365f5dd3e9d410585a34695bb444d67b220c4b40a9348288a540078bc27f75
spatial,M1,False,2024-05-27,landsat-8,680,46,1.502413453681179,1.8120221807779044,0.7180906186600642,0.4727691131444773,True,3b188221263ad4673846ce5170fa622b5395e51a4aaa750114e1793d3986975b,55416c987a2d25f9177dd974307ae595761c1db31ecaa9d7561fb6c42d4d5e7c,00d1e59ce78baffbf9d24361ac8ba16a1d577b22cb193e15596627259190ed07,0c06b88fd09cd514745b699e6b6a7e12901db8d3247e42b582feaf1f7e91c04a,1eafe424a4c718d6a3b18cff938036f958858c70b344740788993b119bfbb04b,9c2f903993167fc2a228b3cfe60a23fe33f57f252bae6299458338cb8eb967ad,3f630dfcc8a1c2a19b093e7fe0f4bdc7f830fef42266fcf1156112f0eb959046,11f4fe862570895441036964a9b308e92c2ee6ba8a87b5da9009ffd5208a4bda,2c6d6a597c6b1b321c4f632291c22dfe5788a058fe82fd65114a5a59d5d0be83,3a365f5dd3e9d410585a34695bb444d67b220c4b40a9348288a540078bc27f75
spatial,M1,False,2024-06-20,landsat-9,1050,65,1.1442949979701453,1.37789316920698,-0.7012651258962322,0.8456499475471403,True,3b188221263ad4673846ce5170fa622b5395e51a4aaa750114e1793d3986975b,55416c987a2d25f9177dd974307ae595761c1db31ecaa9d7561fb6c42d4d5e7c,00d1e59ce78baffbf9d24361ac8ba16a1d577b22cb193e15596627259190ed07,0c06b88fd09cd514745b699e6b6a7e12901db8d3247e42b582feaf1f7e91c04a,1eafe424a4c718d6a3b18cff938036f958858c70b344740788993b119bfbb04b,9c2f903993167fc2a228b3cfe60a23fe33f57f252bae6299458338cb8eb967ad,3f630dfcc8a1c2a19b093e7fe0f4bdc7f830fef42266fcf1156112f0eb959046,11f4fe862570895441036964a9b308e92c2ee6ba8a87b5da9009ffd5208a4bda,2c6d6a597c6b1b321c4f632291c22dfe5788a058fe82fd65114a5a59d5d0be83,3a365f5dd3e9d410585a34695bb444d67b220c4b40a9348288a540078bc27f75
spatial,M1,False,2024-06-28,landsat-8,1060,69,1.3323104989939472,1.64074230379346,-0.0728360801894528,0.7735069062843458,True,3b188221263ad4673846ce5170fa622b5395e51a4aaa750114e1793d3986975b,55416c987a2d25f9177dd974307ae595761c1db31ecaa9d7561fb6c42d4d5e7c,00d1e59ce78baffbf9d24361ac8ba16a1d577b22cb193e15596627259190ed07,0c06b88fd09cd514745b699e6b6a7e12901db8d3247e42b582feaf1f7e91c04a,1eafe424a4c718d6a3b18cff938036f958858c70b344740788993b119bfbb04b,9c2f903993167fc2a228b3cfe60a23fe33f57f252bae6299458338cb8eb967ad,3f630dfcc8a1c2a19b093e7fe0f4bdc7f830fef42266fcf1156112f0eb959046,11f4fe862570895441036964a9b308e92c2ee6ba8a87b5da9009ffd5208a4bda,2c6d6a597c6b1b321c4f632291c22dfe5788a058fe82fd65114a5a59d5d0be83,3a365f5dd3e9d410585a34695bb444d67b220c4b40a9348288a540078bc27f75
spatial,M1,False,2024-07-14,landsat-8,592,47,2.8197974126284095,3.166469923347765,2.773952391226735,0.8263325316136133,True,3b188221263ad4673846ce5170fa622b5395e51a4aaa750114e1793d3986975b,55416c987a2d25f9177dd974307ae595761c1db31ecaa9d7561fb6c42d4d5e7c,00d1e59ce78baffbf9d24361ac8ba16a1d577b22cb193e15596627259190ed07,0c06b88fd09cd514745b699e6b6a7e12901db8d3247e42b582feaf1f7e91c04a,1eafe424a4c718d6a3b18cff938036f958858c70b344740788993b119bfbb04b,9c2f903993167fc2a228b3cfe60a23fe33f57f252bae6299458338cb8eb967ad,3f630dfcc8a1c2a19b093e7fe0f4bdc7f830fef42266fcf1156112f0eb959046,11f4fe862570895441036964a9b308e92c2ee6ba8a87b5da9009ffd5208a4bda,2c6d6a597c6b1b321c4f632291c22dfe5788a058fe82fd65114a5a59d5d0be83,3a365f5dd3e9d410585a34695bb444d67b220c4b40a9348288a540078bc27f75
spatial,M1,False,2024-07-22,landsat-9,976,67,1.6498493584786507,2.104604182208335,-0.39991754934194174,0.803594340250733,True,3b188221263ad4673846ce5170fa622b5395e51a4aaa750114e1793d3986975b,55416c987a2d25f9177dd974307ae595761c1db31ecaa9d7561fb6c42d4d5e7c,00d1e59ce78baffbf9d24361ac8ba16a1d577b22cb193e15596627259190ed07,0c06b88fd09cd514745b699e6b6a7e12901db8d3247e42b582feaf1f7e91c04a,1eafe424a4c718d6a3b18cff938036f958858c70b344740788993b119bfbb04b,9c2f903993167fc2a228b3cfe60a23fe33f57f252bae6299458338cb8eb967ad,3f630dfcc8a1c2a19b093e7fe0f4bdc7f830fef42266fcf1156112f0eb959046,11f4fe862570895441036964a9b308e92c2ee6ba8a87b5da9009ffd5208a4bda,2c6d6a597c6b1b321c4f632291c22dfe5788a058fe82fd65114a5a59d5d0be83,3a365f5dd3e9d410585a34695bb444d67b220c4b40a9348288a540078bc27f75
spatial,M1,False,2024-07-30,landsat-8,1064,69,1.2619985749673428,1.5814042116153855,0.2263807848760742,0.888762296532116,True,3b188221263ad4673846ce5170fa622b5395e51a4aaa750114e1793d3986975b,55416c987a2d25f9177dd974307ae595761c1db31ecaa9d7561fb6c42d4d5e7c,00d1e59ce78baffbf9d24361ac8ba16a1d577b22cb193e15596627259190ed07,0c06b88fd09cd514745b699e6b6a7e12901db8d3247e42b582feaf1f7e91c04a,1eafe424a4c718d6a3b18cff938036f958858c70b344740788993b119bfbb04b,9c2f903993167fc2a228b3cfe60a23fe33f57f252bae6299458338cb8eb967ad,3f630dfcc8a1c2a19b093e7fe0f4bdc7f830fef42266fcf1156112f0eb959046,11f4fe862570895441036964a9b308e92c2ee6ba8a87b5da9009ffd5208a4bda,2c6d6a597c6b1b321c4f632291c22dfe5788a058fe82fd65114a5a59d5d0be83,3a365f5dd3e9d410585a34695bb444d67b220c4b40a9348288a540078bc27f75
spatial,M1,False,2024-08-07,landsat-9,849,67,3.3415167026230246,3.828777155715951,3.326759908479826,0.7932912918246052,True,3b188221263ad4673846ce5170fa622b5395e51a4aaa750114e1793d3986975b,55416c987a2d25f9177dd974307ae595761c1db31ecaa9d7561fb6c42d4d5e7c,00d1e59ce78baffbf9d24361ac8ba16a1d577b22cb193e15596627259190ed07,0c06b88fd09cd514745b699e6b6a7e12901db8d3247e42b582feaf1f7e91c04a,1eafe424a4c718d6a3b18cff938036f958858c70b344740788993b119bfbb04b,9c2f903993167fc2a228b3cfe60a23fe33f57f252bae6299458338cb8eb967ad,3f630dfcc8a1c2a19b093e7fe0f4bdc7f830fef42266fcf1156112f0eb959046,11f4fe862570895441036964a9b308e92c2ee6ba8a87b5da9009ffd5208a4bda,2c6d6a597c6b1b321c4f632291c22dfe5788a058fe82fd65114a5a59d5d0be83,3a365f5dd3e9d410585a34695bb444d67b220c4b40a9348288a540078bc27f75
spatial,M1,False,2024-08-15,landsat-8,1083,71,1.3581551249783588,1.740107713702338,0.5766847152941208,0.8540025532363644,True,3b188221263ad4673846ce5170fa622b5395e51a4aaa750114e1793d3986975b,55416c987a2d25f9177dd974307ae595761c1db31ecaa9d7561fb6c42d4d5e7c,00d1e59ce78baffbf9d24361ac8ba16a1d577b22cb193e15596627259190ed07,0c06b88fd09cd514745b699e6b6a7e12901db8d3247e42b582feaf1f7e91c04a,1eafe424a4c718d6a3b18cff938036f958858c70b344740788993b119bfbb04b,9c2f903993167fc2a228b3cfe60a23fe33f57f252bae6299458338cb8eb967ad,3f630dfcc8a1c2a19b093e7fe0f4bdc7f830fef42266fcf1156112f0eb959046,11f4fe862570895441036964a9b308e92c2ee6ba8a87b5da9009ffd5208a4bda,2c6d6a597c6b1b321c4f632291c22dfe5788a058fe82fd65114a5a59d5d0be83,3a365f5dd3e9d410585a34695bb444d67b220c4b40a9348288a540078bc27f75
spatial,M1,False,2024-08-23,landsat-9,1041,70,1.3924552918877546,1.654047799874714,0.861406734770275,0.6894328003757153,True,3b188221263ad4673846ce5170fa622b5395e51a4aaa750114e1793d3986975b,55416c987a2d25f9177dd974307ae595761c1db31ecaa9d7561fb6c42d4d5e7c,00d1e59ce78baffbf9d24361ac8ba16a1d577b22cb193e15596627259190ed07,0c06b88fd09cd514745b699e6b6a7e12901db8d3247e42b582feaf1f7e91c04a,1eafe424a4c718d6a3b18cff938036f958858c70b344740788993b119bfbb04b,9c2f903993167fc2a228b3cfe60a23fe33f57f252bae6299458338cb8eb967ad,3f630dfcc8a1c2a19b093e7fe0f4bdc7f830fef42266fcf1156112f0eb959046,11f4fe862570895441036964a9b308e92c2ee6ba8a87b5da9009ffd5208a4bda,2c6d6a597c6b1b321c4f632291c22dfe5788a058fe82fd65114a5a59d5d0be83,3a365f5dd3e9d410585a34695bb444d67b220c4b40a9348288a540078bc27f75
spatial,M1,False,2024-08-31,landsat-8,1048,66,1.3146458001781054,1.6676859172876293,-0.9739971589079502,0.8308655546800469,True,3b188221263ad4673846ce5170fa622b5395e51a4aaa750114e1793d3986975b,55416c987a2d25f9177dd974307ae595761c1db31ecaa9d7561fb6c42d4d5e7c,00d1e59ce78baffbf9d24361ac8ba16a1d577b22cb193e15596627259190ed07,0c06b88fd09cd514745b699e6b6a7e12901db8d3247e42b582feaf1f7e91c04a,1eafe424a4c718d6a3b18cff938036f958858c70b344740788993b119bfbb04b,9c2f903993167fc2a228b3cfe60a23fe33f57f252bae6299458338cb8eb967ad,3f630dfcc8a1c2a19b093e7fe0f4bdc7f830fef42266fcf1156112f0eb959046,11f4fe862570895441036964a9b308e92c2ee6ba8a87b5da9009ffd5208a4bda,2c6d6a597c6b1b321c4f632291c22dfe5788a058fe82fd65114a5a59d5d0be83,3a365f5dd3e9d410585a34695bb444d67b220c4b40a9348288a540078bc27f75
spatial,M1,False,2024-09-08,landsat-9,1087,71,3.744665361603268,4.108839861257841,-3.732218419098055,0.7222306314436796,True,3b188221263ad4673846ce5170fa622b5395e51a4aaa750114e1793d3986975b,55416c987a2d25f9177dd974307ae595761c1db31ecaa9d7561fb6c42d4d5e7c,00d1e59ce78baffbf9d24361ac8ba16a1d577b22cb193e15596627259190ed07,0c06b88fd09cd514745b699e6b6a7e12901db8d3247e42b582feaf1f7e91c04a,1eafe424a4c718d6a3b18cff938036f958858c70b344740788993b119bfbb04b,9c2f903993167fc2a228b3cfe60a23fe33f57f252bae6299458338cb8eb967ad,3f630dfcc8a1c2a19b093e7fe0f4bdc7f830fef42266fcf1156112f0eb959046,11f4fe862570895441036964a9b308e92c2ee6ba8a87b5da9009ffd5208a4bda,2c6d6a597c6b1b321c4f632291c22dfe5788a058fe82fd65114a5a59d5d0be83,3a365f5dd3e9d410585a34695bb444d67b220c4b40a9348288a540078bc27f75
spatial,M1,False,2024-09-24,landsat-9,641,50,3.240290708908712,3.552190671583281,3.1423801757336376,0.8953314671271606,True,3b188221263ad4673846ce5170fa622b5395e51a4aaa750114e1793d3986975b,55416c987a2d25f9177dd974307ae595761c1db31ecaa9d7561fb6c42d4d5e7c,00d1e59ce78baffbf9d24361ac8ba16a1d577b22cb193e15596627259190ed07,0c06b88fd09cd514745b699e6b6a7e12901db8d3247e42b582feaf1f7e91c04a,1eafe424a4c718d6a3b18cff938036f958858c70b344740788993b119bfbb04b,9c2f903993167fc2a228b3cfe60a23fe33f57f252bae6299458338cb8eb967ad,3f630dfcc8a1c2a19b093e7fe0f4bdc7f830fef42266fcf1156112f0eb959046,11f4fe862570895441036964a9b308e92c2ee6ba8a87b5da9009ffd5208a4bda,2c6d6a597c6b1b321c4f632291c22dfe5788a058fe82fd65114a5a59d5d0be83,3a365f5dd3e9d410585a34695bb444d67b220c4b40a9348288a540078bc27f75
spatial,M1,False,2024-10-02,landsat-8,1001,63,1.4574215572746907,1.8079083295085425,0.061827919889349194,0.9209155484766445,True,3b188221263ad4673846ce5170fa622b5395e51a4aaa750114e1793d3986975b,55416c987a2d25f9177dd974307ae595761c1db31ecaa9d7561fb6c42d4d5e7c,00d1e59ce78baffbf9d24361ac8ba16a1d577b22cb193e15596627259190ed07,0c06b88fd09cd514745b699e6b6a7e12901db8d3247e42b582feaf1f7e91c04a,1eafe424a4c718d6a3b18cff938036f958858c70b344740788993b119bfbb04b,9c2f903993167fc2a228b3cfe60a23fe33f57f252bae6299458338cb8eb967ad,3f630dfcc8a1c2a19b093e7fe0f4bdc7f830fef42266fcf1156112f0eb959046,11f4fe862570895441036964a9b308e92c2ee6ba8a87b5da9009ffd5208a4bda,2c6d6a597c6b1b321c4f632291c22dfe5788a058fe82fd65114a5a59d5d0be83,3a365f5dd3e9d410585a34695bb444d67b220c4b40a9348288a540078bc27f75
spatial,M1,False,2024-10-10,landsat-9,870,58,0.9210855768704265,1.1203967900830056,0.3385133325261125,0.8426209587565523,True,3b188221263ad4673846ce5170fa622b5395e51a4aaa750114e1793d3986975b,55416c987a2d25f9177dd974307ae595761c1db31ecaa9d7561fb6c42d4d5e7c,00d1e59ce78baffbf9d24361ac8ba16a1d577b22cb193e15596627259190ed07,0c06b88fd09cd514745b699e6b6a7e12901db8d3247e42b582feaf1f7e91c04a,1eafe424a4c718d6a3b18cff938036f958858c70b344740788993b119bfbb04b,9c2f903993167fc2a228b3cfe60a23fe33f57f252bae6299458338cb8eb967ad,3f630dfcc8a1c2a19b093e7fe0f4bdc7f830fef42266fcf1156112f0eb959046,11f4fe862570895441036964a9b308e92c2ee6ba8a87b5da9009ffd5208a4bda,2c6d6a597c6b1b321c4f632291c22dfe5788a058fe82fd65114a5a59d5d0be83,3a365f5dd3e9d410585a34695bb444d67b220c4b40a9348288a540078bc27f75
spatial,M1,False,2024-10-18,landsat-8,1091,71,1.5285892281144684,1.832691259600349,0.19256252418953324,0.6224753950248814,True,3b188221263ad4673846ce5170fa622b5395e51a4aaa750114e1793d3986975b,55416c987a2d25f9177dd974307ae595761c1db31ecaa9d7561fb6c42d4d5e7c,00d1e59ce78baffbf9d24361ac8ba16a1d577b22cb193e15596627259190ed07,0c06b88fd09cd514745b699e6b6a7e12901db8d3247e42b582feaf1f7e91c04a,1eafe424a4c718d6a3b18cff938036f958858c70b344740788993b119bfbb04b,9c2f903993167fc2a228b3cfe60a23fe33f57f252bae6299458338cb8eb967ad,3f630dfcc8a1c2a19b093e7fe0f4bdc7f830fef42266fcf1156112f0eb959046,11f4fe862570895441036964a9b308e92c2ee6ba8a87b5da9009ffd5208a4bda,2c6d6a597c6b1b321c4f632291c22dfe5788a058fe82fd65114a5a59d5d0be83,3a365f5dd3e9d410585a34695bb444d67b220c4b40a9348288a540078bc27f75
spatial,M2,False,2020-05-16,landsat-8,1061,69,1.1239947181237042,1.526707100709631,-0.22808794950258446,0.8321428145508711,True,3b188221263ad4673846ce5170fa622b5395e51a4aaa750114e1793d3986975b,55416c987a2d25f9177dd974307ae595761c1db31ecaa9d7561fb6c42d4d5e7c,00d1e59ce78baffbf9d24361ac8ba16a1d577b22cb193e15596627259190ed07,0c06b88fd09cd514745b699e6b6a7e12901db8d3247e42b582feaf1f7e91c04a,1eafe424a4c718d6a3b18cff938036f958858c70b344740788993b119bfbb04b,9c2f903993167fc2a228b3cfe60a23fe33f57f252bae6299458338cb8eb967ad,3f630dfcc8a1c2a19b093e7fe0f4bdc7f830fef42266fcf1156112f0eb959046,11f4fe862570895441036964a9b308e92c2ee6ba8a87b5da9009ffd5208a4bda,2c6d6a597c6b1b321c4f632291c22dfe5788a058fe82fd65114a5a59d5d0be83,3a365f5dd3e9d410585a34695bb444d67b220c4b40a9348288a540078bc27f75
spatial,M2,False,2020-07-03,landsat-8,1073,70,0.8264562513699293,1.1365115109778172,-0.0834019113148022,0.9210912995868685,True,3b188221263ad4673846ce5170fa622b5395e51a4aaa750114e1793d3986975b,55416c987a2d25f9177dd974307ae595761c1db31ecaa9d7561fb6c42d4d5e7c,00d1e59ce78baffbf9d24361ac8ba16a1d577b22cb193e15596627259190ed07,0c06b88fd09cd514745b699e6b6a7e12901db8d3247e42b582feaf1f7e91c04a,1eafe424a4c718d6a3b18cff938036f958858c70b344740788993b119bfbb04b,9c2f903993167fc2a228b3cfe60a23fe33f57f252bae6299458338cb8eb967ad,3f630dfcc8a1c2a19b093e7fe0f4bdc7f830fef42266fcf1156112f0eb959046,11f4fe862570895441036964a9b308e92c2ee6ba8a87b5da9009ffd5208a4bda,2c6d6a597c6b1b321c4f632291c22dfe5788a058fe82fd65114a5a59d5d0be83,3a365f5dd3e9d410585a34695bb444d67b220c4b40a9348288a540078bc27f75
spatial,M2,False,2020-07-19,landsat-8,1050,68,0.8969608670981654,1.2064092937091844,0.049778527088080816,0.9270255481959919,True,3b188221263ad4673846ce5170fa622b5395e51a4aaa750114e1793d3986975b,55416c987a2d25f9177dd974307ae595761c1db31ecaa9d7561fb6c42d4d5e7c,00d1e59ce78baffbf9d24361ac8ba16a1d577b22cb193e15596627259190ed07,0c06b88fd09cd514745b699e6b6a7e12901db8d3247e42b582feaf1f7e91c04a,1eafe424a4c718d6a3b18cff938036f958858c70b344740788993b119bfbb04b,9c2f903993167fc2a228b3cfe60a23fe33f57f252bae6299458338cb8eb967ad,3f630dfcc8a1c2a19b093e7fe0f4bdc7f830fef42266fcf1156112f0eb959046,11f4fe862570895441036964a9b308e92c2ee6ba8a87b5da9009ffd5208a4bda,2c6d6a597c6b1b321c4f632291c22dfe5788a058fe82fd65114a5a59d5d0be83,3a365f5dd3e9d410585a34695bb444d67b220c4b40a9348288a540078bc27f75
spatial,M2,False,2020-08-20,landsat-8,1080,71,0.7676969427308166,1.0724741636716888,-0.02306996396645023,0.8697979025494191,True,3b188221263ad4673846ce5170fa622b5395e51a4aaa750114e1793d3986975b,55416c987a2d25f9177dd974307ae595761c1db31ecaa9d7561fb6c42d4d5e7c,00d1e59ce78baffbf9d24361ac8ba16a1d577b22cb193e15596627259190ed07,0c06b88fd09cd514745b699e6b6a7e12901db8d3247e42b582feaf1f7e91c04a,1eafe424a4c718d6a3b18cff938036f958858c70b344740788993b119bfbb04b,9c2f903993167fc2a228b3cfe60a23fe33f57f252bae6299458338cb8eb967ad,3f630dfcc8a1c2a19b093e7fe0f4bdc7f830fef42266fcf1156112f0eb959046,11f4fe862570895441036964a9b308e92c2ee6ba8a87b5da9009ffd5208a4bda,2c6d6a597c6b1b321c4f632291c22dfe5788a058fe82fd65114a5a59d5d0be83,3a365f5dd3e9d410585a34695bb444d67b220c4b40a9348288a540078bc27f75
spatial,M2,False,2020-09-05,landsat-8,1086,71,1.2426207176792172,1.7388445170722568,-0.41737102202045534,0.8890313213117266,True,3b188221263ad4673846ce5170fa622b5395e51a4aaa750114e1793d3986975b,55416c987a2d25f9177dd974307ae595761c1db31ecaa9d7561fb6c42d4d5e7c,00d1e59ce78baffbf9d24361ac8ba16a1d577b22cb193e15596627259190ed07,0c06b88fd09cd514745b699e6b6a7e12901db8d3247e42b582feaf1f7e91c04a,1eafe424a4c718d6a3b18cff938036f958858c70b344740788993b119bfbb04b,9c2f903993167fc2a228b3cfe60a23fe33f57f252bae6299458338cb8eb967ad,3f630dfcc8a1c2a19b093e7fe0f4bdc7f830fef42266fcf1156112f0eb959046,11f4fe862570895441036964a9b308e92c2ee6ba8a87b5da9009ffd5208a4bda,2c6d6a597c6b1b321c4f632291c22dfe5788a058fe82fd65114a5a59d5d0be83,3a365f5dd3e9d410585a34695bb444d67b220c4b40a9348288a540078bc27f75
spatial,M2,False,2020-09-21,landsat-8,1007,65,0.5917477917221773,0.7831931486709014,-0.07084990102763747,0.8851878763670558,True,3b188221263ad4673846ce5170fa622b5395e51a4aaa750114e1793d3986975b,55416c987a2d25f9177dd974307ae595761c1db31ecaa9d7561fb6c42d4d5e7c,00d1e59ce78baffbf9d24361ac8ba16a1d577b22cb193e15596627259190ed07,0c06b88fd09cd514745b699e6b6a7e12901db8d3247e42b582feaf1f7e91c04a,1eafe424a4c718d6a3b18cff938036f958858c70b344740788993b119bfbb04b,9c2f903993167fc2a228b3cfe60a23fe33f57f252bae6299458338cb8eb967ad,3f630dfcc8a1c2a19b093e7fe0f4bdc7f830fef42266fcf1156112f0eb959046,11f4fe862570895441036964a9b308e92c2ee6ba8a87b5da9009ffd5208a4bda,2c6d6a597c6b1b321c4f632291c22dfe5788a058fe82fd65114a5a59d5d0be83,3a365f5dd3e9d410585a34695bb444d67b220c4b40a9348288a540078bc27f75
spatial,M2,False,2020-10-07,landsat-8,967,66,0.6278003697814619,0.8215988362446072,0.08471571099939643,0.9166393646993917,True,3b188221263ad4673846ce5170fa622b5395e51a4aaa750114e1793d3986975b,55416c987a2d25f9177dd974307ae595761c1db31ecaa9d7561fb6c42d4d5e7c,00d1e59ce78baffbf9d24361ac8ba16a1d577b22cb193e15596627259190ed07,0c06b88fd09cd514745b699e6b6a7e12901db8d3247e42b582feaf1f7e91c04a,1eafe424a4c718d6a3b18cff938036f958858c70b344740788993b119bfbb04b,9c2f903993167fc2a228b3cfe60a23fe33f57f252bae6299458338cb8eb967ad,3f630dfcc8a1c2a19b093e7fe0f4bdc7f830fef42266fcf1156112f0eb959046,11f4fe862570895441036964a9b308e92c2ee6ba8a87b5da9009ffd5208a4bda,2c6d6a597c6b1b321c4f632291c22dfe5788a058fe82fd65114a5a59d5d0be83,3a365f5dd3e9d410585a34695bb444d67b220c4b40a9348288a540078bc27f75
spatial,M2,False,2021-05-03,landsat-8,1019,64,1.010118805068096,1.3177374237570938,-0.1648530872797914,0.8486736847478233,True,3b188221263ad4673846ce5170fa622b5395e51a4aaa750114e1793d3986975b,55416c987a2d25f9177dd974307ae595761c1db31ecaa9d7561fb6c42d4d5e7c,00d1e59ce78baffbf9d24361ac8ba16a1d577b22cb193e15596627259190ed07,0c06b88fd09cd514745b699e6b6a7e12901db8d3247e42b582feaf1f7e91c04a,1eafe424a4c718d6a3b18cff938036f958858c70b344740788993b119bfbb04b,9c2f903993167fc2a228b3cfe60a23fe33f57f252bae6299458338cb8eb967ad,3f630dfcc8a1c2a19b093e7fe0f4bdc7f830fef42266fcf1156112f0eb959046,11f4fe862570895441036964a9b308e92c2ee6ba8a87b5da9009ffd5208a4bda,2c6d6a597c6b1b321c4f632291c22dfe5788a058fe82fd65114a5a59d5d0be83,3a365f5dd3e9d410585a34695bb444d67b220c4b40a9348288a540078bc27f75
spatial,M2,False,2021-06-04,landsat-8,953,61,0.7794194934239925,1.0404851178491163,0.1334773159531846,0.8895533804932676,True,3b188221263ad4673846ce5170fa622b5395e51a4aaa750114e1793d3986975b,55416c987a2d25f9177dd974307ae595761c1db31ecaa9d7561fb6c42d4d5e7c,00d1e59ce78baffbf9d24361ac8ba16a1d577b22cb193e15596627259190ed07,0c06b88fd09cd514745b699e6b6a7e12901db8d3247e42b582feaf1f7e91c04a,1eafe424a4c718d6a3b18cff938036f958858c70b344740788993b119bfbb04b,9c2f903993167fc2a228b3cfe60a23fe33f57f252bae6299458338cb8eb967ad,3f630dfcc8a1c2a19b093e7fe0f4bdc7f830fef42266fcf1156112f0eb959046,11f4fe862570895441036964a9b308e92c2ee6ba8a87b5da9009ffd5208a4bda,2c6d6a597c6b1b321c4f632291c22dfe5788a058fe82fd65114a5a59d5d0be83,3a365f5dd3e9d410585a34695bb444d67b220c4b40a9348288a540078bc27f75
spatial,M2,False,2021-06-20,landsat-8,993,62,0.9549868102047706,1.3403365282285962,0.05702162637698147,0.8809108788656328,True,3b188221263ad4673846ce5170fa622b5395e51a4aaa750114e1793d3986975b,55416c987a2d25f9177dd974307ae595761c1db31ecaa9d7561fb6c42d4d5e7c,00d1e59ce78baffbf9d24361ac8ba16a1d577b22cb193e15596627259190ed07,0c06b88fd09cd514745b699e6b6a7e12901db8d3247e42b582feaf1f7e91c04a,1eafe424a4c718d6a3b18cff938036f958858c70b344740788993b119bfbb04b,9c2f903993167fc2a228b3cfe60a23fe33f57f252bae6299458338cb8eb967ad,3f630dfcc8a1c2a19b093e7fe0f4bdc7f830fef42266fcf1156112f0eb959046,11f4fe862570895441036964a9b308e92c2ee6ba8a87b5da9009ffd5208a4bda,2c6d6a597c6b1b321c4f632291c22dfe5788a058fe82fd65114a5a59d5d0be83,3a365f5dd3e9d410585a34695bb444d67b220c4b40a9348288a540078bc27f75
spatial,M2,False,2021-07-06,landsat-8,1068,66,0.7828538589377263,1.0732508976146726,0.06442916743410056,0.8657966499479467,True,3b188221263ad4673846ce5170fa622b5395e51a4aaa750114e1793d3986975b,55416c987a2d25f9177dd974307ae595761c1db31ecaa9d7561fb6c42d4d5e7c,00d1e59ce78baffbf9d24361ac8ba16a1d577b22cb193e15596627259190ed07,0c06b88fd09cd514745b699e6b6a7e12901db8d3247e42b582feaf1f7e91c04a,1eafe424a4c718d6a3b18cff938036f958858c70b344740788993b119bfbb04b,9c2f903993167fc2a228b3cfe60a23fe33f57f252bae6299458338cb8eb967ad,3f630dfcc8a1c2a19b093e7fe0f4bdc7f830fef42266fcf1156112f0eb959046,11f4fe862570895441036964a9b308e92c2ee6ba8a87b5da9009ffd5208a4bda,2c6d6a597c6b1b321c4f632291c22dfe5788a058fe82fd65114a5a59d5d0be83,3a365f5dd3e9d410585a34695bb444d67b220c4b40a9348288a540078bc27f75
spatial,M2,False,2021-08-07,landsat-8,1064,69,0.7435799549437883,1.0259448137231948,0.09800842794252752,0.877555774683392,True,3b188221263ad4673846ce5170fa622b5395e51a4aaa750114e1793d3986975b,55416c987a2d25f9177dd974307ae595761c1db31ecaa9d7561fb6c42d4d5e7c,00d1e59ce78baffbf9d24361ac8ba16a1d577b22cb193e15596627259190ed07,0c06b88fd09cd514745b699e6b6a7e12901db8d3247e42b582feaf1f7e91c04a,1eafe424a4c718d6a3b18cff938036f958858c70b344740788993b119bfbb04b,9c2f903993167fc2a228b3cfe60a23fe33f57f252bae6299458338cb8eb967ad,3f630dfcc8a1c2a19b093e7fe0f4bdc7f830fef42266fcf1156112f0eb959046,11f4fe862570895441036964a9b308e92c2ee6ba8a87b5da9009ffd5208a4bda,2c6d6a597c6b1b321c4f632291c22dfe5788a058fe82fd65114a5a59d5d0be83,3a365f5dd3e9d410585a34695bb444d67b220c4b40a9348288a540078bc27f75
spatial,M2,False,2021-09-08,landsat-8,1020,65,0.8386175695633515,1.0977524872080502,0.36213010417410735,0.8575095386874165,True,3b188221263ad4673846ce5170fa622b5395e51a4aaa750114e1793d3986975b,55416c987a2d25f9177dd974307ae595761c1db31ecaa9d7561fb6c42d4d5e7c,00d1e59ce78baffbf9d24361ac8ba16a1d577b22cb193e15596627259190ed07,0c06b88fd09cd514745b699e6b6a7e12901db8d3247e42b582feaf1f7e91c04a,1eafe424a4c718d6a3b18cff938036f958858c70b344740788993b119bfbb04b,9c2f903993167fc2a228b3cfe60a23fe33f57f252bae6299458338cb8eb967ad,3f630dfcc8a1c2a19b093e7fe0f4bdc7f830fef42266fcf1156112f0eb959046,11f4fe862570895441036964a9b308e92c2ee6ba8a87b5da9009ffd5208a4bda,2c6d6a597c6b1b321c4f632291c22dfe5788a058fe82fd65114a5a59d5d0be83,3a365f5dd3e9d410585a34695bb444d67b220c4b40a9348288a540078bc27f75
spatial,M2,False,2021-09-24,landsat-8,822,59,0.5618934415166018,0.7381607038788742,0.022496430428472144,0.857887180217957,True,3b188221263ad4673846ce5170fa622b5395e51a4aaa750114e1793d3986975b,55416c987a2d25f9177dd974307ae595761c1db31ecaa9d7561fb6c42d4d5e7c,00d1e59ce78baffbf9d24361ac8ba16a1d577b22cb193e15596627259190ed07,0c06b88fd09cd514745b699e6b6a7e12901db8d3247e42b582feaf1f7e91c04a,1eafe424a4c718d6a3b18cff938036f958858c70b344740788993b119bfbb04b,9c2f903993167fc2a228b3cfe60a23fe33f57f252bae6299458338cb8eb967ad,3f630dfcc8a1c2a19b093e7fe0f4bdc7f830fef42266fcf1156112f0eb959046,11f4fe862570895441036964a9b308e92c2ee6ba8a87b5da9009ffd5208a4bda,2c6d6a597c6b1b321c4f632291c22dfe5788a058fe82fd65114a5a59d5d0be83,3a365f5dd3e9d410585a34695bb444d67b220c4b40a9348288a540078bc27f75
spatial,M2,False,2021-10-10,landsat-8,905,65,0.550594447409725,0.7222896083733817,-0.0878600017695499,0.8306798887620743,True,3b188221263ad4673846ce5170fa622b5395e51a4aaa750114e1793d3986975b,55416c987a2d25f9177dd974307ae595761c1db31ecaa9d7561fb6c42d4d5e7c,00d1e59ce78baffbf9d24361ac8ba16a1d577b22cb193e15596627259190ed07,0c06b88fd09cd514745b699e6b6a7e12901db8d3247e42b582feaf1f7e91c04a,1eafe424a4c718d6a3b18cff938036f958858c70b344740788993b119bfbb04b,9c2f903993167fc2a228b3cfe60a23fe33f57f252bae6299458338cb8eb967ad,3f630dfcc8a1c2a19b093e7fe0f4bdc7f830fef42266fcf1156112f0eb959046,11f4fe862570895441036964a9b308e92c2ee6ba8a87b5da9009ffd5208a4bda,2c6d6a597c6b1b321c4f632291c22dfe5788a058fe82fd65114a5a59d5d0be83,3a365f5dd3e9d410585a34695bb444d67b220c4b40a9348288a540078bc27f75
spatial,M2,False,2021-10-26,landsat-8,1094,71,0.6132817020917722,0.8213567305102808,0.06728161018551286,0.8810977124348367,True,3b188221263ad4673846ce5170fa622b5395e51a4aaa750114e1793d3986975b,55416c987a2d25f9177dd974307ae595761c1db31ecaa9d7561fb6c42d4d5e7c,00d1e59ce78baffbf9d24361ac8ba16a1d577b22cb193e15596627259190ed07,0c06b88fd09cd514745b699e6b6a7e12901db8d3247e42b582feaf1f7e91c04a,1eafe424a4c718d6a3b18cff938036f958858c70b344740788993b119bfbb04b,9c2f903993167fc2a228b3cfe60a23fe33f57f252bae6299458338cb8eb967ad,3f630dfcc8a1c2a19b093e7fe0f4bdc7f830fef42266fcf1156112f0eb959046,11f4fe862570895441036964a9b308e92c2ee6ba8a87b5da9009ffd5208a4bda,2c6d6a597c6b1b321c4f632291c22dfe5788a058fe82fd65114a5a59d5d0be83,3a365f5dd3e9d410585a34695bb444d67b220c4b40a9348288a540078bc27f75
spatial,M2,False,2022-05-06,landsat-8,978,62,0.8212970002442772,1.071445648883199,0.13610469617800217,0.8960182288028748,True,3b188221263ad4673846ce5170fa622b5395e51a4aaa750114e1793d3986975b,55416c987a2d25f9177dd974307ae595761c1db31ecaa9d7561fb6c42d4d5e7c,00d1e59ce78baffbf9d24361ac8ba16a1d577b22cb193e15596627259190ed07,0c06b88fd09cd514745b699e6b6a7e12901db8d3247e42b582feaf1f7e91c04a,1eafe424a4c718d6a3b18cff938036f958858c70b344740788993b119bfbb04b,9c2f903993167fc2a228b3cfe60a23fe33f57f252bae6299458338cb8eb967ad,3f630dfcc8a1c2a19b093e7fe0f4bdc7f830fef42266fcf1156112f0eb959046,11f4fe862570895441036964a9b308e92c2ee6ba8a87b5da9009ffd5208a4bda,2c6d6a597c6b1b321c4f632291c22dfe5788a058fe82fd65114a5a59d5d0be83,3a365f5dd3e9d410585a34695bb444d67b220c4b40a9348288a540078bc27f75
spatial,M2,False,2022-05-14,landsat-9,989,69,1.3574614907616849,1.9397889048509378,0.0682308090118511,0.8221810508728333,True,3b188221263ad4673846ce5170fa622b5395e51a4aaa750114e1793d3986975b,55416c987a2d25f9177dd974307ae595761c1db31ecaa9d7561fb6c42d4d5e7c,00d1e59ce78baffbf9d24361ac8ba16a1d577b22cb193e15596627259190ed07,0c06b88fd09cd514745b699e6b6a7e12901db8d3247e42b582feaf1f7e91c04a,1eafe424a4c718d6a3b18cff938036f958858c70b344740788993b119bfbb04b,9c2f903993167fc2a228b3cfe60a23fe33f57f252bae6299458338cb8eb967ad,3f630dfcc8a1c2a19b093e7fe0f4bdc7f830fef42266fcf1156112f0eb959046,11f4fe862570895441036964a9b308e92c2ee6ba8a87b5da9009ffd5208a4bda,2c6d6a597c6b1b321c4f632291c22dfe5788a058fe82fd65114a5a59d5d0be83,3a365f5dd3e9d410585a34695bb444d67b220c4b40a9348288a540078bc27f75
spatial,M2,False,2022-05-22,landsat-8,818,58,0.7043011984431059,0.9659891397961838,-0.047330101490210004,0.9061751525956605,True,3b188221263ad4673846ce5170fa622b5395e51a4aaa750114e1793d3986975b,55416c987a2d25f9177dd974307ae595761c1db31ecaa9d7561fb6c42d4d5e7c,00d1e59ce78baffbf9d24361ac8ba16a1d577b22cb193e15596627259190ed07,0c06b88fd09cd514745b699e6b6a7e12901db8d3247e42b582feaf1f7e91c04a,1eafe424a4c718d6a3b18cff938036f958858c70b344740788993b119bfbb04b,9c2f903993167fc2a228b3cfe60a23fe33f57f252bae6299458338cb8eb967ad,3f630dfcc8a1c2a19b093e7fe0f4bdc7f830fef42266fcf1156112f0eb959046,11f4fe862570895441036964a9b308e92c2ee6ba8a87b5da9009ffd5208a4bda,2c6d6a597c6b1b321c4f632291c22dfe5788a058fe82fd65114a5a59d5d0be83,3a365f5dd3e9d410585a34695bb444d67b220c4b40a9348288a540078bc27f75
spatial,M2,False,2022-05-30,landsat-9,1055,67,0.8211043719988197,1.0981165438129459,-0.1800847115095282,0.8900605484302007,True,3b188221263ad4673846ce5170fa622b5395e51a4aaa750114e1793d3986975b,55416c987a2d25f9177dd974307ae595761c1db31ecaa9d7561fb6c42d4d5e7c,00d1e59ce78baffbf9d24361ac8ba16a1d577b22cb193e15596627259190ed07,0c06b88fd09cd514745b699e6b6a7e12901db8d3247e42b582feaf1f7e91c04a,1eafe424a4c718d6a3b18cff938036f958858c70b344740788993b119bfbb04b,9c2f903993167fc2a228b3cfe60a23fe33f57f252bae6299458338cb8eb967ad,3f630dfcc8a1c2a19b093e7fe0f4bdc7f830fef42266fcf1156112f0eb959046,11f4fe862570895441036964a9b308e92c2ee6ba8a87b5da9009ffd5208a4bda,2c6d6a597c6b1b321c4f632291c22dfe5788a058fe82fd65114a5a59d5d0be83,3a365f5dd3e9d410585a34695bb444d67b220c4b40a9348288a540078bc27f75
spatial,M2,False,2022-06-07,landsat-8,967,61,0.8405007692977614,1.1305398116828906,-0.07775101879155602,0.8651119966216599,True,3b188221263ad4673846ce5170fa622b5395e51a4aaa750114e1793d3986975b,55416c987a2d25f9177dd974307ae595761c1db31ecaa9d7561fb6c42d4d5e7c,00d1e59ce78baffbf9d24361ac8ba16a1d577b22cb193e15596627259190ed07,0c06b88fd09cd514745b699e6b6a7e12901db8d3247e42b582feaf1f7e91c04a,1eafe424a4c718d6a3b18cff938036f958858c70b344740788993b119bfbb04b,9c2f903993167fc2a228b3cfe60a23fe33f57f252bae6299458338cb8eb967ad,3f630dfcc8a1c2a19b093e7fe0f4bdc7f830fef42266fcf1156112f0eb959046,11f4fe862570895441036964a9b308e92c2ee6ba8a87b5da9009ffd5208a4bda,2c6d6a597c6b1b321c4f632291c22dfe5788a058fe82fd65114a5a59d5d0be83,3a365f5dd3e9d410585a34695bb444d67b220c4b40a9348288a540078bc27f75
spatial,M2,False,2022-06-15,landsat-9,1067,69,0.7901897858287665,1.0734027522315828,-0.005040828665932509,0.8949049062826429,True,3b188221263ad4673846ce5170fa622b5395e51a4aaa750114e1793d3986975b,55416c987a2d25f9177dd974307ae595761c1db31ecaa9d7561fb6c42d4d5e7c,00d1e59ce78baffbf9d24361ac8ba16a1d577b22cb193e15596627259190ed07,0c06b88fd09cd514745b699e6b6a7e12901db8d3247e42b582feaf1f7e91c04a,1eafe424a4c718d6a3b18cff938036f958858c70b344740788993b119bfbb04b,9c2f903993167fc2a228b3cfe60a23fe33f57f252bae6299458338cb8eb967ad,3f630dfcc8a1c2a19b093e7fe0f4bdc7f830fef42266fcf1156112f0eb959046,11f4fe862570895441036964a9b308e92c2ee6ba8a87b5da9009ffd5208a4bda,2c6d6a597c6b1b321c4f632291c22dfe5788a058fe82fd65114a5a59d5d0be83,3a365f5dd3e9d410585a34695bb444d67b220c4b40a9348288a540078bc27f75
spatial,M2,False,2022-06-23,landsat-8,1059,69,0.9390384632796619,1.3408711706152479,-0.12900475905738654,0.910430202758846,True,3b188221263ad4673846ce5170fa622b5395e51a4aaa750114e1793d3986975b,55416c987a2d25f9177dd974307ae595761c1db31ecaa9d7561fb6c42d4d5e7c,00d1e59ce78baffbf9d24361ac8ba16a1d577b22cb193e15596627259190ed07,0c06b88fd09cd514745b699e6b6a7e12901db8d3247e42b582feaf1f7e91c04a,1eafe424a4c718d6a3b18cff938036f958858c70b344740788993b119bfbb04b,9c2f903993167fc2a228b3cfe60a23fe33f57f252bae6299458338cb8eb967ad,3f630dfcc8a1c2a19b093e7fe0f4bdc7f830fef42266fcf1156112f0eb959046,11f4fe862570895441036964a9b308e92c2ee6ba8a87b5da9009ffd5208a4bda,2c6d6a597c6b1b321c4f632291c22dfe5788a058fe82fd65114a5a59d5d0be83,3a365f5dd3e9d410585a34695bb444d67b220c4b40a9348288a540078bc27f75
spatial,M2,False,2022-07-01,landsat-9,1072,70,0.7549101908629036,1.0229323956160652,-0.07030692778237338,0.8810713333719921,True,3b188221263ad4673846ce5170fa622b5395e51a4aaa750114e1793d3986975b,55416c987a2d25f9177dd974307ae595761c1db31ecaa9d7561fb6c42d4d5e7c,00d1e59ce78baffbf9d24361ac8ba16a1d577b22cb193e15596627259190ed07,0c06b88fd09cd514745b699e6b6a7e12901db8d3247e42b582feaf1f7e91c04a,1eafe424a4c718d6a3b18cff938036f958858c70b344740788993b119bfbb04b,9c2f903993167fc2a228b3cfe60a23fe33f57f252bae6299458338cb8eb967ad,3f630dfcc8a1c2a19b093e7fe0f4bdc7f830fef42266fcf1156112f0eb959046,11f4fe862570895441036964a9b308e92c2ee6ba8a87b5da9009ffd5208a4bda,2c6d6a597c6b1b321c4f632291c22dfe5788a058fe82fd65114a5a59d5d0be83,3a365f5dd3e9d410585a34695bb444d67b220c4b40a9348288a540078bc27f75
spatial,M2,False,2022-07-09,landsat-8,1050,67,0.8573859447633378,1.1477413385769923,-0.051714544934951576,0.9304668613173791,True,3b188221263ad4673846ce5170fa622b5395e51a4aaa750114e1793d3986975b,55416c987a2d25f9177dd974307ae595761c1db31ecaa9d7561fb6c42d4d5e7c,00d1e59ce78baffbf9d24361ac8ba16a1d577b22cb193e15596627259190ed07,0c06b88fd09cd514745b699e6b6a7e12901db8d3247e42b582feaf1f7e91c04a,1eafe424a4c718d6a3b18cff938036f958858c70b344740788993b119bfbb04b,9c2f903993167fc2a228b3cfe60a23fe33f57f252bae6299458338cb8eb967ad,3f630dfcc8a1c2a19b093e7fe0f4bdc7f830fef42266fcf1156112f0eb959046,11f4fe862570895441036964a9b308e92c2ee6ba8a87b5da9009ffd5208a4bda,2c6d6a597c6b1b321c4f632291c22dfe5788a058fe82fd65114a5a59d5d0be83,3a365f5dd3e9d410585a34695bb444d67b220c4b40a9348288a540078bc27f75
spatial,M2,False,2022-07-17,landsat-9,1008,69,1.237418130579085,1.5803872242605235,-0.4797398577071023,0.7958798797503979,True,3b188221263ad4673846ce5170fa622b5395e51a4aaa750114e1793d3986975b,55416c987a2d25f9177dd974307ae595761c1db31ecaa9d7561fb6c42d4d5e7c,00d1e59ce78baffbf9d24361ac8ba16a1d577b22cb193e15596627259190ed07,0c06b88fd09cd514745b699e6b6a7e12901db8d3247e42b582feaf1f7e91c04a,1eafe424a4c718d6a3b18cff938036f958858c70b344740788993b119bfbb04b,9c2f903993167fc2a228b3cfe60a23fe33f57f252bae6299458338cb8eb967ad,3f630dfcc8a1c2a19b093e7fe0f4bdc7f830fef42266fcf1156112f0eb959046,11f4fe862570895441036964a9b308e92c2ee6ba8a87b5da9009ffd5208a4bda,2c6d6a597c6b1b321c4f632291c22dfe5788a058fe82fd65114a5a59d5d0be83,3a365f5dd3e9d410585a34695bb444d67b220c4b40a9348288a540078bc27f75
spatial,M2,False,2022-07-25,landsat-8,1054,68,0.6978925096395973,0.9486283488090329,0.08076435368189991,0.8952918984595964,True,3b188221263ad4673846ce5170fa622b5395e51a4aaa750114e1793d3986975b,55416c987a2d25f9177dd974307ae595761c1db31ecaa9d7561fb6c42d4d5e7c,00d1e59ce78baffbf9d24361ac8ba16a1d577b22cb193e15596627259190ed07,0c06b88fd09cd514745b699e6b6a7e12901db8d3247e42b582feaf1f7e91c04a,1eafe424a4c718d6a3b18cff938036f958858c70b344740788993b119bfbb04b,9c2f903993167fc2a228b3cfe60a23fe33f57f252bae6299458338cb8eb967ad,3f630dfcc8a1c2a19b093e7fe0f4bdc7f830fef42266fcf1156112f0eb959046,11f4fe862570895441036964a9b308e92c2ee6ba8a87b5da9009ffd5208a4bda,2c6d6a597c6b1b321c4f632291c22dfe5788a058fe82fd65114a5a59d5d0be83,3a365f5dd3e9d410585a34695bb444d67b220c4b40a9348288a540078bc27f75
spatial,M2,False,2022-08-02,landsat-9,1026,67,0.742036931128532,0.9976105612913971,-0.10254138719417104,0.9298920473866444,True,3b188221263ad4673846ce5170fa622b5395e51a4aaa750114e1793d3986975b,55416c987a2d25f9177dd974307ae595761c1db31ecaa9d7561fb6c42d4d5e7c,00d1e59ce78baffbf9d24361ac8ba16a1d577b22cb193e15596627259190ed07,0c06b88fd09cd514745b699e6b6a7e12901db8d3247e42b582feaf1f7e91c04a,1eafe424a4c718d6a3b18cff938036f958858c70b344740788993b119bfbb04b,9c2f903993167fc2a228b3cfe60a23fe33f57f252bae6299458338cb8eb967ad,3f630dfcc8a1c2a19b093e7fe0f4bdc7f830fef42266fcf1156112f0eb959046,11f4fe862570895441036964a9b308e92c2ee6ba8a87b5da9009ffd5208a4bda,2c6d6a597c6b1b321c4f632291c22dfe5788a058fe82fd65114a5a59d5d0be83,3a365f5dd3e9d410585a34695bb444d67b220c4b40a9348288a540078bc27f75
spatial,M2,False,2022-08-18,landsat-9,1034,66,0.8115776969489105,1.0919750177252323,-0.06793237137621623,0.9452830061392093,True,3b188221263ad4673846ce5170fa622b5395e51a4aaa750114e1793d3986975b,55416c987a2d25f9177dd974307ae595761c1db31ecaa9d7561fb6c42d4d5e7c,00d1e59ce78baffbf9d24361ac8ba16a1d577b22cb193e15596627259190ed07,0c06b88fd09cd514745b699e6b6a7e12901db8d3247e42b582feaf1f7e91c04a,1eafe424a4c718d6a3b18cff938036f958858c70b344740788993b119bfbb04b,9c2f903993167fc2a228b3cfe60a23fe33f57f252bae6299458338cb8eb967ad,3f630dfcc8a1c2a19b093e7fe0f4bdc7f830fef42266fcf1156112f0eb959046,11f4fe862570895441036964a9b308e92c2ee6ba8a87b5da9009ffd5208a4bda,2c6d6a597c6b1b321c4f632291c22dfe5788a058fe82fd65114a5a59d5d0be83,3a365f5dd3e9d410585a34695bb444d67b220c4b40a9348288a540078bc27f75
spatial,M2,False,2022-08-26,landsat-8,1058,69,0.8548949285136778,1.1202754072978853,-0.12126432505827223,0.9166340377160989,True,3b188221263ad4673846ce5170fa622b5395e51a4aaa750114e1793d3986975b,55416c987a2d25f9177dd974307ae595761c1db31ecaa9d7561fb6c42d4d5e7c,00d1e59ce78baffbf9d24361ac8ba16a1d577b22cb193e15596627259190ed07,0c06b88fd09cd514745b699e6b6a7e12901db8d3247e42b582feaf1f7e91c04a,1eafe424a4c718d6a3b18cff938036f958858c70b344740788993b119bfbb04b,9c2f903993167fc2a228b3cfe60a23fe33f57f252bae6299458338cb8eb967ad,3f630dfcc8a1c2a19b093e7fe0f4bdc7f830fef42266fcf1156112f0eb959046,11f4fe862570895441036964a9b308e92c2ee6ba8a87b5da9009ffd5208a4bda,2c6d6a597c6b1b321c4f632291c22dfe5788a058fe82fd65114a5a59d5d0be83,3a365f5dd3e9d410585a34695bb444d67b220c4b40a9348288a540078bc27f75
spatial,M2,False,2022-09-03,landsat-9,1085,71,0.941656724679042,1.2744948024016043,-0.06677270675119153,0.8495730253049099,True,3b188221263ad4673846ce5170fa622b5395e51a4aaa750114e1793d3986975b,55416c987a2d25f9177dd974307ae595761c1db31ecaa9d7561fb6c42d4d5e7c,00d1e59ce78baffbf9d24361ac8ba16a1d577b22cb193e15596627259190ed07,0c06b88fd09cd514745b699e6b6a7e12901db8d3247e42b582feaf1f7e91c04a,1eafe424a4c718d6a3b18cff938036f958858c70b344740788993b119bfbb04b,9c2f903993167fc2a228b3cfe60a23fe33f57f252bae6299458338cb8eb967ad,3f630dfcc8a1c2a19b093e7fe0f4bdc7f830fef42266fcf1156112f0eb959046,11f4fe862570895441036964a9b308e92c2ee6ba8a87b5da9009ffd5208a4bda,2c6d6a597c6b1b321c4f632291c22dfe5788a058fe82fd65114a5a59d5d0be83,3a365f5dd3e9d410585a34695bb444d67b220c4b40a9348288a540078bc27f75
spatial,M2,False,2022-09-27,landsat-8,1081,71,0.95646431233808,1.3902343068452832,-0.14810520005413902,0.8690471355865962,True,3b188221263ad4673846ce5170fa622b5395e51a4aaa750114e1793d3986975b,55416c987a2d25f9177dd974307ae595761c1db31ecaa9d7561fb6c42d4d5e7c,00d1e59ce78baffbf9d24361ac8ba16a1d577b22cb193e15596627259190ed07,0c06b88fd09cd514745b699e6b6a7e12901db8d3247e42b582feaf1f7e91c04a,1eafe424a4c718d6a3b18cff938036f958858c70b344740788993b119bfbb04b,9c2f903993167fc2a228b3cfe60a23fe33f57f252bae6299458338cb8eb967ad,3f630dfcc8a1c2a19b093e7fe0f4bdc7f830fef42266fcf1156112f0eb959046,11f4fe862570895441036964a9b308e92c2ee6ba8a87b5da9009ffd5208a4bda,2c6d6a597c6b1b321c4f632291c22dfe5788a058fe82fd65114a5a59d5d0be83,3a365f5dd3e9d410585a34695bb444d67b220c4b40a9348288a540078bc27f75
spatial,M2,False,2022-10-05,landsat-9,921,59,0.6151135289607819,0.7910361539083577,-0.04419101500715599,0.8952964245434023,True,3b188221263ad4673846ce5170fa622b5395e51a4aaa750114e1793d3986975b,55416c987a2d25f9177dd974307ae595761c1db31ecaa9d7561fb6c42d4d5e7c,00d1e59ce78baffbf9d24361ac8ba16a1d577b22cb193e15596627259190ed07,0c06b88fd09cd514745b699e6b6a7e12901db8d3247e42b582feaf1f7e91c04a,1eafe424a4c718d6a3b18cff938036f958858c70b344740788993b119bfbb04b,9c2f903993167fc2a228b3cfe60a23fe33f57f252bae6299458338cb8eb967ad,3f630dfcc8a1c2a19b093e7fe0f4bdc7f830fef42266fcf1156112f0eb959046,11f4fe862570895441036964a9b308e92c2ee6ba8a87b5da9009ffd5208a4bda,2c6d6a597c6b1b321c4f632291c22dfe5788a058fe82fd65114a5a59d5d0be83,3a365f5dd3e9d410585a34695bb444d67b220c4b40a9348288a540078bc27f75
spatial,M2,False,2022-10-21,landsat-9,701,63,0.48457084668969075,0.8566603645705149,0.06396920623194537,0.8297942926024893,True,3b188221263ad4673846ce5170fa622b5395e51a4aaa750114e1793d3986975b,55416c987a2d25f9177dd974307ae595761c1db31ecaa9d7561fb6c42d4d5e7c,00d1e59ce78baffbf9d24361ac8ba16a1d577b22cb193e15596627259190ed07,0c06b88fd09cd514745b699e6b6a7e12901db8d3247e42b582feaf1f7e91c04a,1eafe424a4c718d6a3b18cff938036f958858c70b344740788993b119bfbb04b,9c2f903993167fc2a228b3cfe60a23fe33f57f252bae6299458338cb8eb967ad,3f630dfcc8a1c2a19b093e7fe0f4bdc7f830fef42266fcf1156112f0eb959046,11f4fe862570895441036964a9b308e92c2ee6ba8a87b5da9009ffd5208a4bda,2c6d6a597c6b1b321c4f632291c22dfe5788a058fe82fd65114a5a59d5d0be83,3a365f5dd3e9d410585a34695bb444d67b220c4b40a9348288a540078bc27f75
spatial,M2,False,2022-10-29,landsat-8,969,67,0.5886954273818702,0.7842512398600854,0.04544983161504469,0.7806585288193365,True,3b188221263ad4673846ce5170fa622b5395e51a4aaa750114e1793d3986975b,55416c987a2d25f9177dd974307ae595761c1db31ecaa9d7561fb6c42d4d5e7c,00d1e59ce78baffbf9d24361ac8ba16a1d577b22cb193e15596627259190ed07,0c06b88fd09cd514745b699e6b6a7e12901db8d3247e42b582feaf1f7e91c04a,1eafe424a4c718d6a3b18cff938036f958858c70b344740788993b119bfbb04b,9c2f903993167fc2a228b3cfe60a23fe33f57f252bae6299458338cb8eb967ad,3f630dfcc8a1c2a19b093e7fe0f4bdc7f830fef42266fcf1156112f0eb959046,11f4fe862570895441036964a9b308e92c2ee6ba8a87b5da9009ffd5208a4bda,2c6d6a597c6b1b321c4f632291c22dfe5788a058fe82fd65114a5a59d5d0be83,3a365f5dd3e9d410585a34695bb444d67b220c4b40a9348288a540078bc27f75
spatial,M2,False,2023-05-17,landsat-9,788,52,0.7912297412753359,1.0626241664598677,0.1989374799730171,0.866337028668845,True,3b188221263ad4673846ce5170fa622b5395e51a4aaa750114e1793d3986975b,55416c987a2d25f9177dd974307ae595761c1db31ecaa9d7561fb6c42d4d5e7c,00d1e59ce78baffbf9d24361ac8ba16a1d577b22cb193e15596627259190ed07,0c06b88fd09cd514745b699e6b6a7e12901db8d3247e42b582feaf1f7e91c04a,1eafe424a4c718d6a3b18cff938036f958858c70b344740788993b119bfbb04b,9c2f903993167fc2a228b3cfe60a23fe33f57f252bae6299458338cb8eb967ad,3f630dfcc8a1c2a19b093e7fe0f4bdc7f830fef42266fcf1156112f0eb959046,11f4fe862570895441036964a9b308e92c2ee6ba8a87b5da9009ffd5208a4bda,2c6d6a597c6b1b321c4f632291c22dfe5788a058fe82fd65114a5a59d5d0be83,3a365f5dd3e9d410585a34695bb444d67b220c4b40a9348288a540078bc27f75
spatial,M2,False,2023-06-26,landsat-8,1038,62,0.8200967493462245,1.0901733386574648,-0.07951040324712037,0.8987422886707785,True,3b188221263ad4673846ce5170fa622b5395e51a4aaa750114e1793d3986975b,55416c987a2d25f9177dd974307ae595761c1db31ecaa9d7561fb6c42d4d5e7c,00d1e59ce78baffbf9d24361ac8ba16a1d577b22cb193e15596627259190ed07,0c06b88fd09cd514745b699e6b6a7e12901db8d3247e42b582feaf1f7e91c04a,1eafe424a4c718d6a3b18cff938036f958858c70b344740788993b119bfbb04b,9c2f903993167fc2a228b3cfe60a23fe33f57f252bae6299458338cb8eb967ad,3f630dfcc8a1c2a19b093e7fe0f4bdc7f830fef42266fcf1156112f0eb959046,11f4fe862570895441036964a9b308e92c2ee6ba8a87b5da9009ffd5208a4bda,2c6d6a597c6b1b321c4f632291c22dfe5788a058fe82fd65114a5a59d5d0be83,3a365f5dd3e9d410585a34695bb444d67b220c4b40a9348288a540078bc27f75
spatial,M2,False,2023-07-04,landsat-9,1059,66,0.8329895235872714,1.1439268869152923,0.3391591280527291,0.8570325797711724,True,3b188221263ad4673846ce5170fa622b5395e51a4aaa750114e1793d3986975b,55416c987a2d25f9177dd974307ae595761c1db31ecaa9d7561fb6c42d4d5e7c,00d1e59ce78baffbf9d24361ac8ba16a1d577b22cb193e15596627259190ed07,0c06b88fd09cd514745b699e6b6a7e12901db8d3247e42b582feaf1f7e91c04a,1eafe424a4c718d6a3b18cff938036f958858c70b344740788993b119bfbb04b,9c2f903993167fc2a228b3cfe60a23fe33f57f252bae6299458338cb8eb967ad,3f630dfcc8a1c2a19b093e7fe0f4bdc7f830fef42266fcf1156112f0eb959046,11f4fe862570895441036964a9b308e92c2ee6ba8a87b5da9009ffd5208a4bda,2c6d6a597c6b1b321c4f632291c22dfe5788a058fe82fd65114a5a59d5d0be83,3a365f5dd3e9d410585a34695bb444d67b220c4b40a9348288a540078bc27f75
spatial,M2,False,2023-07-12,landsat-8,1060,69,0.950741942641829,1.3335244105267055,-0.32110799188494626,0.8646236357146793,True,3b188221263ad4673846ce5170fa622b5395e51a4aaa750114e1793d3986975b,55416c987a2d25f9177dd974307ae595761c1db31ecaa9d7561fb6c42d4d5e7c,00d1e59ce78baffbf9d24361ac8ba16a1d577b22cb193e15596627259190ed07,0c06b88fd09cd514745b699e6b6a7e12901db8d3247e42b582feaf1f7e91c04a,1eafe424a4c718d6a3b18cff938036f958858c70b344740788993b119bfbb04b,9c2f903993167fc2a228b3cfe60a23fe33f57f252bae6299458338cb8eb967ad,3f630dfcc8a1c2a19b093e7fe0f4bdc7f830fef42266fcf1156112f0eb959046,11f4fe862570895441036964a9b308e92c2ee6ba8a87b5da9009ffd5208a4bda,2c6d6a597c6b1b321c4f632291c22dfe5788a058fe82fd65114a5a59d5d0be83,3a365f5dd3e9d410585a34695bb444d67b220c4b40a9348288a540078bc27f75
spatial,M2,False,2023-07-20,landsat-9,1072,69,0.8842307022238926,1.1879550902437932,-0.11202344125797399,0.9354728795051563,True,3b188221263ad4673846ce5170fa622b5395e51a4aaa750114e1793d3986975b,55416c987a2d25f9177dd974307ae595761c1db31ecaa9d7561fb6c42d4d5e7c,00d1e59ce78baffbf9d24361ac8ba16a1d577b22cb193e15596627259190ed07,0c06b88fd09cd514745b699e6b6a7e12901db8d3247e42b582feaf1f7e91c04a,1eafe424a4c718d6a3b18cff938036f958858c70b344740788993b119bfbb04b,9c2f903993167fc2a228b3cfe60a23fe33f57f252bae6299458338cb8eb967ad,3f630dfcc8a1c2a19b093e7fe0f4bdc7f830fef42266fcf1156112f0eb959046,11f4fe862570895441036964a9b308e92c2ee6ba8a87b5da9009ffd5208a4bda,2c6d6a597c6b1b321c4f632291c22dfe5788a058fe82fd65114a5a59d5d0be83,3a365f5dd3e9d410585a34695bb444d67b220c4b40a9348288a540078bc27f75
spatial,M2,False,2023-07-28,landsat-8,983,66,1.002205379548639,1.3195427044933408,0.19292468320094142,0.8704394137693185,True,3b188221263ad4673846ce5170fa622b5395e51a4aaa750114e1793d3986975b,55416c987a2d25f9177dd974307ae595761c1db31ecaa9d7561fb6c42d4d5e7c,00d1e59ce78baffbf9d24361ac8ba16a1d577b22cb193e15596627259190ed07,0c06b88fd09cd514745b699e6b6a7e12901db8d3247e42b582feaf1f7e91c04a,1eafe424a4c718d6a3b18cff938036f958858c70b344740788993b119bfbb04b,9c2f903993167fc2a228b3cfe60a23fe33f57f252bae6299458338cb8eb967ad,3f630dfcc8a1c2a19b093e7fe0f4bdc7f830fef42266fcf1156112f0eb959046,11f4fe862570895441036964a9b308e92c2ee6ba8a87b5da9009ffd5208a4bda,2c6d6a597c6b1b321c4f632291c22dfe5788a058fe82fd65114a5a59d5d0be83,3a365f5dd3e9d410585a34695bb444d67b220c4b40a9348288a540078bc27f75
spatial,M2,False,2023-08-05,landsat-9,1076,69,1.1154338021159949,1.4832984738251764,-0.28328939591017493,0.8792156439400749,True,3b188221263ad4673846ce5170fa622b5395e51a4aaa750114e1793d3986975b,55416c987a2d25f9177dd974307ae595761c1db31ecaa9d7561fb6c42d4d5e7c,00d1e59ce78baffbf9d24361ac8ba16a1d577b22cb193e15596627259190ed07,0c06b88fd09cd514745b699e6b6a7e12901db8d3247e42b582feaf1f7e91c04a,1eafe424a4c718d6a3b18cff938036f958858c70b344740788993b119bfbb04b,9c2f903993167fc2a228b3cfe60a23fe33f57f252bae6299458338cb8eb967ad,3f630dfcc8a1c2a19b093e7fe0f4bdc7f830fef42266fcf1156112f0eb959046,11f4fe862570895441036964a9b308e92c2ee6ba8a87b5da9009ffd5208a4bda,2c6d6a597c6b1b321c4f632291c22dfe5788a058fe82fd65114a5a59d5d0be83,3a365f5dd3e9d410585a34695bb444d67b220c4b40a9348288a540078bc27f75
spatial,M2,False,2023-08-13,landsat-8,1063,68,0.7990999206448992,1.04383669547524,-0.15385184884344383,0.8938047211862531,True,3b188221263ad4673846ce5170fa622b5395e51a4aaa750114e1793d3986975b,55416c987a2d25f9177dd974307ae595761c1db31ecaa9d7561fb6c42d4d5e7c,00d1e59ce78baffbf9d24361ac8ba16a1d577b22cb193e15596627259190ed07,0c06b88fd09cd514745b699e6b6a7e12901db8d3247e42b582feaf1f7e91c04a,1eafe424a4c718d6a3b18cff938036f958858c70b344740788993b119bfbb04b,9c2f903993167fc2a228b3cfe60a23fe33f57f252bae6299458338cb8eb967ad,3f630dfcc8a1c2a19b093e7fe0f4bdc7f830fef42266fcf1156112f0eb959046,11f4fe862570895441036964a9b308e92c2ee6ba8a87b5da9009ffd5208a4bda,2c6d6a597c6b1b321c4f632291c22dfe5788a058fe82fd65114a5a59d5d0be83,3a365f5dd3e9d410585a34695bb444d67b220c4b40a9348288a540078bc27f75
spatial,M2,False,2023-08-29,landsat-8,1088,71,0.905207560514171,1.2407792585051176,0.13894230376561403,0.8945318656495314,True,3b188221263ad4673846ce5170fa622b5395e51a4aaa750114e1793d3986975b,55416c987a2d25f9177dd974307ae595761c1db31ecaa9d7561fb6c42d4d5e7c,00d1e59ce78baffbf9d24361ac8ba16a1d577b22cb193e15596627259190ed07,0c06b88fd09cd514745b699e6b6a7e12901db8d3247e42b582feaf1f7e91c04a,1eafe424a4c718d6a3b18cff938036f958858c70b344740788993b119bfbb04b,9c2f903993167fc2a228b3cfe60a23fe33f57f252bae6299458338cb8eb967ad,3f630dfcc8a1c2a19b093e7fe0f4bdc7f830fef42266fcf1156112f0eb959046,11f4fe862570895441036964a9b308e92c2ee6ba8a87b5da9009ffd5208a4bda,2c6d6a597c6b1b321c4f632291c22dfe5788a058fe82fd65114a5a59d5d0be83,3a365f5dd3e9d410585a34695bb444d67b220c4b40a9348288a540078bc27f75
spatial,M2,False,2023-09-14,landsat-8,634,53,0.6844664814118411,0.9147089576660753,0.0014435692668834231,0.8209560845308157,True,3b188221263ad4673846ce5170fa622b5395e51a4aaa750114e1793d3986975b,55416c987a2d25f9177dd974307ae595761c1db31ecaa9d7561fb6c42d4d5e7c,00d1e59ce78baffbf9d24361ac8ba16a1d577b22cb193e15596627259190ed07,0c06b88fd09cd514745b699e6b6a7e12901db8d3247e42b582feaf1f7e91c04a,1eafe424a4c718d6a3b18cff938036f958858c70b344740788993b119bfbb04b,9c2f903993167fc2a228b3cfe60a23fe33f57f252bae6299458338cb8eb967ad,3f630dfcc8a1c2a19b093e7fe0f4bdc7f830fef42266fcf1156112f0eb959046,11f4fe862570895441036964a9b308e92c2ee6ba8a87b5da9009ffd5208a4bda,2c6d6a597c6b1b321c4f632291c22dfe5788a058fe82fd65114a5a59d5d0be83,3a365f5dd3e9d410585a34695bb444d67b220c4b40a9348288a540078bc27f75
spatial,M2,False,2023-09-22,landsat-9,707,54,1.292768445461909,1.70211657688289,0.4298266418450774,0.7848389267121103,True,3b188221263ad4673846ce5170fa622b5395e51a4aaa750114e1793d3986975b,55416c987a2d25f9177dd974307ae595761c1db31ecaa9d7561fb6c42d4d5e7c,00d1e59ce78baffbf9d24361ac8ba16a1d577b22cb193e15596627259190ed07,0c06b88fd09cd514745b699e6b6a7e12901db8d3247e42b582feaf1f7e91c04a,1eafe424a4c718d6a3b18cff938036f958858c70b344740788993b119bfbb04b,9c2f903993167fc2a228b3cfe60a23fe33f57f252bae6299458338cb8eb967ad,3f630dfcc8a1c2a19b093e7fe0f4bdc7f830fef42266fcf1156112f0eb959046,11f4fe862570895441036964a9b308e92c2ee6ba8a87b5da9009ffd5208a4bda,2c6d6a597c6b1b321c4f632291c22dfe5788a058fe82fd65114a5a59d5d0be83,3a365f5dd3e9d410585a34695bb444d67b220c4b40a9348288a540078bc27f75
spatial,M2,False,2023-10-08,landsat-9,952,61,0.7274110342643135,0.9622772592207244,-0.10254939920661105,0.9144265571240989,True,3b188221263ad4673846ce5170fa622b5395e51a4aaa750114e1793d3986975b,55416c987a2d25f9177dd974307ae595761c1db31ecaa9d7561fb6c42d4d5e7c,00d1e59ce78baffbf9d24361ac8ba16a1d577b22cb193e15596627259190ed07,0c06b88fd09cd514745b699e6b6a7e12901db8d3247e42b582feaf1f7e91c04a,1eafe424a4c718d6a3b18cff938036f958858c70b344740788993b119bfbb04b,9c2f903993167fc2a228b3cfe60a23fe33f57f252bae6299458338cb8eb967ad,3f630dfcc8a1c2a19b093e7fe0f4bdc7f830fef42266fcf1156112f0eb959046,11f4fe862570895441036964a9b308e92c2ee6ba8a87b5da9009ffd5208a4bda,2c6d6a597c6b1b321c4f632291c22dfe5788a058fe82fd65114a5a59d5d0be83,3a365f5dd3e9d410585a34695bb444d67b220c4b40a9348288a540078bc27f75
spatial,M2,False,2023-10-16,landsat-8,936,62,0.5908333215526375,0.7748460237673128,-0.06638237963477177,0.8768626783110807,True,3b188221263ad4673846ce5170fa622b5395e51a4aaa750114e1793d3986975b,55416c987a2d25f9177dd974307ae595761c1db31ecaa9d7561fb6c42d4d5e7c,00d1e59ce78baffbf9d24361ac8ba16a1d577b22cb193e15596627259190ed07,0c06b88fd09cd514745b699e6b6a7e12901db8d3247e42b582feaf1f7e91c04a,1eafe424a4c718d6a3b18cff938036f958858c70b344740788993b119bfbb04b,9c2f903993167fc2a228b3cfe60a23fe33f57f252bae6299458338cb8eb967ad,3f630dfcc8a1c2a19b093e7fe0f4bdc7f830fef42266fcf1156112f0eb959046,11f4fe862570895441036964a9b308e92c2ee6ba8a87b5da9009ffd5208a4bda,2c6d6a597c6b1b321c4f632291c22dfe5788a058fe82fd65114a5a59d5d0be83,3a365f5dd3e9d410585a34695bb444d67b220c4b40a9348288a540078bc27f75
spatial,M2,False,2023-10-24,landsat-9,699,51,0.5665820178225784,0.7489514146116228,-0.002170996065860093,0.8570705750807731,True,3b188221263ad4673846ce5170fa622b5395e51a4aaa750114e1793d3986975b,55416c987a2d25f9177dd974307ae595761c1db31ecaa9d7561fb6c42d4d5e7c,00d1e59ce78baffbf9d24361ac8ba16a1d577b22cb193e15596627259190ed07,0c06b88fd09cd514745b699e6b6a7e12901db8d3247e42b582feaf1f7e91c04a,1eafe424a4c718d6a3b18cff938036f958858c70b344740788993b119bfbb04b,9c2f903993167fc2a228b3cfe60a23fe33f57f252bae6299458338cb8eb967ad,3f630dfcc8a1c2a19b093e7fe0f4bdc7f830fef42266fcf1156112f0eb959046,11f4fe862570895441036964a9b308e92c2ee6ba8a87b5da9009ffd5208a4bda,2c6d6a597c6b1b321c4f632291c22dfe5788a058fe82fd65114a5a59d5d0be83,3a365f5dd3e9d410585a34695bb444d67b220c4b40a9348288a540078bc27f75
spatial,M2,False,2024-05-11,landsat-8,861,55,0.722986790221171,0.9465898787025466,-0.04355505487202009,0.900730635050343,True,3b188221263ad4673846ce5170fa622b5395e51a4aaa750114e1793d3986975b,55416c987a2d25f9177dd974307ae595761c1db31ecaa9d7561fb6c42d4d5e7c,00d1e59ce78baffbf9d24361ac8ba16a1d577b22cb193e15596627259190ed07,0c06b88fd09cd514745b699e6b6a7e12901db8d3247e42b582feaf1f7e91c04a,1eafe424a4c718d6a3b18cff938036f958858c70b344740788993b119bfbb04b,9c2f903993167fc2a228b3cfe60a23fe33f57f252bae6299458338cb8eb967ad,3f630dfcc8a1c2a19b093e7fe0f4bdc7f830fef42266fcf1156112f0eb959046,11f4fe862570895441036964a9b308e92c2ee6ba8a87b5da9009ffd5208a4bda,2c6d6a597c6b1b321c4f632291c22dfe5788a058fe82fd65114a5a59d5d0be83,3a365f5dd3e9d410585a34695bb444d67b220c4b40a9348288a540078bc27f75
spatial,M2,False,2024-05-27,landsat-8,680,46,0.7089422239121186,0.9254383996500072,0.0515796217603434,0.8012111741859111,True,3b188221263ad4673846ce5170fa622b5395e51a4aaa750114e1793d3986975b,55416c987a2d25f9177dd974307ae595761c1db31ecaa9d7561fb6c42d4d5e7c,00d1e59ce78baffbf9d24361ac8ba16a1d577b22cb193e15596627259190ed07,0c06b88fd09cd514745b699e6b6a7e12901db8d3247e42b582feaf1f7e91c04a,1eafe424a4c718d6a3b18cff938036f958858c70b344740788993b119bfbb04b,9c2f903993167fc2a228b3cfe60a23fe33f57f252bae6299458338cb8eb967ad,3f630dfcc8a1c2a19b093e7fe0f4bdc7f830fef42266fcf1156112f0eb959046,11f4fe862570895441036964a9b308e92c2ee6ba8a87b5da9009ffd5208a4bda,2c6d6a597c6b1b321c4f632291c22dfe5788a058fe82fd65114a5a59d5d0be83,3a365f5dd3e9d410585a34695bb444d67b220c4b40a9348288a540078bc27f75
spatial,M2,False,2024-06-20,landsat-9,1050,65,0.7522044080467563,1.0426648290485327,-0.03427218504891648,0.8877573027406341,True,3b188221263ad4673846ce5170fa622b5395e51a4aaa750114e1793d3986975b,55416c987a2d25f9177dd974307ae595761c1db31ecaa9d7561fb6c42d4d5e7c,00d1e59ce78baffbf9d24361ac8ba16a1d577b22cb193e15596627259190ed07,0c06b88fd09cd514745b699e6b6a7e12901db8d3247e42b582feaf1f7e91c04a,1eafe424a4c718d6a3b18cff938036f958858c70b344740788993b119bfbb04b,9c2f903993167fc2a228b3cfe60a23fe33f57f252bae6299458338cb8eb967ad,3f630dfcc8a1c2a19b093e7fe0f4bdc7f830fef42266fcf1156112f0eb959046,11f4fe862570895441036964a9b308e92c2ee6ba8a87b5da9009ffd5208a4bda,2c6d6a597c6b1b321c4f632291c22dfe5788a058fe82fd65114a5a59d5d0be83,3a365f5dd3e9d410585a34695bb444d67b220c4b40a9348288a540078bc27f75
spatial,M2,False,2024-06-28,landsat-8,1060,69,0.822599591308721,1.0899057253113773,-0.057490512682526446,0.9055024209287822,True,3b188221263ad4673846ce5170fa622b5395e51a4aaa750114e1793d3986975b,55416c987a2d25f9177dd974307ae595761c1db31ecaa9d7561fb6c42d4d5e7c,00d1e59ce78baffbf9d24361ac8ba16a1d577b22cb193e15596627259190ed07,0c06b88fd09cd514745b699e6b6a7e12901db8d3247e42b582feaf1f7e91c04a,1eafe424a4c718d6a3b18cff938036f958858c70b344740788993b119bfbb04b,9c2f903993167fc2a228b3cfe60a23fe33f57f252bae6299458338cb8eb967ad,3f630dfcc8a1c2a19b093e7fe0f4bdc7f830fef42266fcf1156112f0eb959046,11f4fe862570895441036964a9b308e92c2ee6ba8a87b5da9009ffd5208a4bda,2c6d6a597c6b1b321c4f632291c22dfe5788a058fe82fd65114a5a59d5d0be83,3a365f5dd3e9d410585a34695bb444d67b220c4b40a9348288a540078bc27f75
spatial,M2,False,2024-07-14,landsat-8,592,47,1.0324398829557846,1.3595640895797119,0.3936740559246538,0.8655107124003848,True,3b188221263ad4673846ce5170fa622b5395e51a4aaa750114e1793d3986975b,55416c987a2d25f9177dd974307ae595761c1db31ecaa9d7561fb6c42d4d5e7c,00d1e59ce78baffbf9d24361ac8ba16a1d577b22cb193e15596627259190ed07,0c06b88fd09cd514745b699e6b6a7e12901db8d3247e42b582feaf1f7e91c04a,1eafe424a4c718d6a3b18cff938036f958858c70b344740788993b119bfbb04b,9c2f903993167fc2a228b3cfe60a23fe33f57f252bae6299458338cb8eb967ad,3f630dfcc8a1c2a19b093e7fe0f4bdc7f830fef42266fcf1156112f0eb959046,11f4fe862570895441036964a9b308e92c2ee6ba8a87b5da9009ffd5208a4bda,2c6d6a597c6b1b321c4f632291c22dfe5788a058fe82fd65114a5a59d5d0be83,3a365f5dd3e9d410585a34695bb444d67b220c4b40a9348288a540078bc27f75
spatial,M2,False,2024-07-22,landsat-9,976,67,1.1802523198254469,1.67619447994279,0.0021506606466845184,0.8485672068445818,True,3b188221263ad4673846ce5170fa622b5395e51a4aaa750114e1793d3986975b,55416c987a2d25f9177dd974307ae595761c1db31ecaa9d7561fb6c42d4d5e7c,00d1e59ce78baffbf9d24361ac8ba16a1d577b22cb193e15596627259190ed07,0c06b88fd09cd514745b699e6b6a7e12901db8d3247e42b582feaf1f7e91c04a,1eafe424a4c718d6a3b18cff938036f958858c70b344740788993b119bfbb04b,9c2f903993167fc2a228b3cfe60a23fe33f57f252bae6299458338cb8eb967ad,3f630dfcc8a1c2a19b093e7fe0f4bdc7f830fef42266fcf1156112f0eb959046,11f4fe862570895441036964a9b308e92c2ee6ba8a87b5da9009ffd5208a4bda,2c6d6a597c6b1b321c4f632291c22dfe5788a058fe82fd65114a5a59d5d0be83,3a365f5dd3e9d410585a34695bb444d67b220c4b40a9348288a540078bc27f75
spatial,M2,False,2024-07-30,landsat-8,1064,69,0.8259685338297927,1.0814673129591263,0.05610057592420821,0.9332284914174683,True,3b188221263ad4673846ce5170fa622b5395e51a4aaa750114e1793d3986975b,55416c987a2d25f9177dd974307ae595761c1db31ecaa9d7561fb6c42d4d5e7c,00d1e59ce78baffbf9d24361ac8ba16a1d577b22cb193e15596627259190ed07,0c06b88fd09cd514745b699e6b6a7e12901db8d3247e42b582feaf1f7e91c04a,1eafe424a4c718d6a3b18cff938036f958858c70b344740788993b119bfbb04b,9c2f903993167fc2a228b3cfe60a23fe33f57f252bae6299458338cb8eb967ad,3f630dfcc8a1c2a19b093e7fe0f4bdc7f830fef42266fcf1156112f0eb959046,11f4fe862570895441036964a9b308e92c2ee6ba8a87b5da9009ffd5208a4bda,2c6d6a597c6b1b321c4f632291c22dfe5788a058fe82fd65114a5a59d5d0be83,3a365f5dd3e9d410585a34695bb444d67b220c4b40a9348288a540078bc27f75
spatial,M2,False,2024-08-07,landsat-9,849,67,1.4494692608546547,2.079029707692887,0.7837481344182476,0.7841866231667981,True,3b188221263ad4673846ce5170fa622b5395e51a4aaa750114e1793d3986975b,55416c987a2d25f9177dd974307ae595761c1db31ecaa9d7561fb6c42d4d5e7c,00d1e59ce78baffbf9d24361ac8ba16a1d577b22cb193e15596627259190ed07,0c06b88fd09cd514745b699e6b6a7e12901db8d3247e42b582feaf1f7e91c04a,1eafe424a4c718d6a3b18cff938036f958858c70b344740788993b119bfbb04b,9c2f903993167fc2a228b3cfe60a23fe33f57f252bae6299458338cb8eb967ad,3f630dfcc8a1c2a19b093e7fe0f4bdc7f830fef42266fcf1156112f0eb959046,11f4fe862570895441036964a9b308e92c2ee6ba8a87b5da9009ffd5208a4bda,2c6d6a597c6b1b321c4f632291c22dfe5788a058fe82fd65114a5a59d5d0be83,3a365f5dd3e9d410585a34695bb444d67b220c4b40a9348288a540078bc27f75
spatial,M2,False,2024-08-15,landsat-8,1083,71,0.9739460967766508,1.2527979861848904,-0.024018913181398642,0.9023381816999168,True,3b188221263ad4673846ce5170fa622b5395e51a4aaa750114e1793d3986975b,55416c987a2d25f9177dd974307ae595761c1db31ecaa9d7561fb6c42d4d5e7c,00d1e59ce78baffbf9d24361ac8ba16a1d577b22cb193e15596627259190ed07,0c06b88fd09cd514745b699e6b6a7e12901db8d3247e42b582feaf1f7e91c04a,1eafe424a4c718d6a3b18cff938036f958858c70b344740788993b119bfbb04b,9c2f903993167fc2a228b3cfe60a23fe33f57f252bae6299458338cb8eb967ad,3f630dfcc8a1c2a19b093e7fe0f4bdc7f830fef42266fcf1156112f0eb959046,11f4fe862570895441036964a9b308e92c2ee6ba8a87b5da9009ffd5208a4bda,2c6d6a597c6b1b321c4f632291c22dfe5788a058fe82fd65114a5a59d5d0be83,3a365f5dd3e9d410585a34695bb444d67b220c4b40a9348288a540078bc27f75
spatial,M2,False,2024-08-23,landsat-9,1041,70,0.9486095135814819,1.2670456691921712,0.39122083516218237,0.8307487737696835,True,3b188221263ad4673846ce5170fa622b5395e51a4aaa750114e1793d3986975b,55416c987a2d25f9177dd974307ae595761c1db31ecaa9d7561fb6c42d4d5e7c,00d1e59ce78baffbf9d24361ac8ba16a1d577b22cb193e15596627259190ed07,0c06b88fd09cd514745b699e6b6a7e12901db8d3247e42b582feaf1f7e91c04a,1eafe424a4c718d6a3b18cff938036f958858c70b344740788993b119bfbb04b,9c2f903993167fc2a228b3cfe60a23fe33f57f252bae6299458338cb8eb967ad,3f630dfcc8a1c2a19b093e7fe0f4bdc7f830fef42266fcf1156112f0eb959046,11f4fe862570895441036964a9b308e92c2ee6ba8a87b5da9009ffd5208a4bda,2c6d6a597c6b1b321c4f632291c22dfe5788a058fe82fd65114a5a59d5d0be83,3a365f5dd3e9d410585a34695bb444d67b220c4b40a9348288a540078bc27f75
spatial,M2,False,2024-08-31,landsat-8,1048,66,0.9090222875789595,1.180081484238481,-0.029907292665060033,0.8842339731018822,True,3b188221263ad4673846ce5170fa622b5395e51a4aaa750114e1793d3986975b,55416c987a2d25f9177dd974307ae595761c1db31ecaa9d7561fb6c42d4d5e7c,00d1e59ce78baffbf9d24361ac8ba16a1d577b22cb193e15596627259190ed07,0c06b88fd09cd514745b699e6b6a7e12901db8d3247e42b582feaf1f7e91c04a,1eafe424a4c718d6a3b18cff938036f958858c70b344740788993b119bfbb04b,9c2f903993167fc2a228b3cfe60a23fe33f57f252bae6299458338cb8eb967ad,3f630dfcc8a1c2a19b093e7fe0f4bdc7f830fef42266fcf1156112f0eb959046,11f4fe862570895441036964a9b308e92c2ee6ba8a87b5da9009ffd5208a4bda,2c6d6a597c6b1b321c4f632291c22dfe5788a058fe82fd65114a5a59d5d0be83,3a365f5dd3e9d410585a34695bb444d67b220c4b40a9348288a540078bc27f75
spatial,M2,False,2024-09-08,landsat-9,1087,71,0.9823745308451831,1.3578942614835139,-0.1130459629729812,0.8073351783946762,True,3b188221263ad4673846ce5170fa622b5395e51a4aaa750114e1793d3986975b,55416c987a2d25f9177dd974307ae595761c1db31ecaa9d7561fb6c42d4d5e7c,00d1e59ce78baffbf9d24361ac8ba16a1d577b22cb193e15596627259190ed07,0c06b88fd09cd514745b699e6b6a7e12901db8d3247e42b582feaf1f7e91c04a,1eafe424a4c718d6a3b18cff938036f958858c70b344740788993b119bfbb04b,9c2f903993167fc2a228b3cfe60a23fe33f57f252bae6299458338cb8eb967ad,3f630dfcc8a1c2a19b093e7fe0f4bdc7f830fef42266fcf1156112f0eb959046,11f4fe862570895441036964a9b308e92c2ee6ba8a87b5da9009ffd5208a4bda,2c6d6a597c6b1b321c4f632291c22dfe5788a058fe82fd65114a5a59d5d0be83,3a365f5dd3e9d410585a34695bb444d67b220c4b40a9348288a540078bc27f75
spatial,M2,False,2024-09-24,landsat-9,641,50,0.7575980866355068,1.1383841362528533,0.2151057236816667,0.8674147097861457,True,3b188221263ad4673846ce5170fa622b5395e51a4aaa750114e1793d3986975b,55416c987a2d25f9177dd974307ae595761c1db31ecaa9d7561fb6c42d4d5e7c,00d1e59ce78baffbf9d24361ac8ba16a1d577b22cb193e15596627259190ed07,0c06b88fd09cd514745b699e6b6a7e12901db8d3247e42b582feaf1f7e91c04a,1eafe424a4c718d6a3b18cff938036f958858c70b344740788993b119bfbb04b,9c2f903993167fc2a228b3cfe60a23fe33f57f252bae6299458338cb8eb967ad,3f630dfcc8a1c2a19b093e7fe0f4bdc7f830fef42266fcf1156112f0eb959046,11f4fe862570895441036964a9b308e92c2ee6ba8a87b5da9009ffd5208a4bda,2c6d6a597c6b1b321c4f632291c22dfe5788a058fe82fd65114a5a59d5d0be83,3a365f5dd3e9d410585a34695bb444d67b220c4b40a9348288a540078bc27f75
spatial,M2,False,2024-10-02,landsat-8,1001,63,0.7605393297950644,1.016291006368965,-0.19998343963028642,0.9438550060702443,True,3b188221263ad4673846ce5170fa622b5395e51a4aaa750114e1793d3986975b,55416c987a2d25f9177dd974307ae595761c1db31ecaa9d7561fb6c42d4d5e7c,00d1e59ce78baffbf9d24361ac8ba16a1d577b22cb193e15596627259190ed07,0c06b88fd09cd514745b699e6b6a7e12901db8d3247e42b582feaf1f7e91c04a,1eafe424a4c718d6a3b18cff938036f958858c70b344740788993b119bfbb04b,9c2f903993167fc2a228b3cfe60a23fe33f57f252bae6299458338cb8eb967ad,3f630dfcc8a1c2a19b093e7fe0f4bdc7f830fef42266fcf1156112f0eb959046,11f4fe862570895441036964a9b308e92c2ee6ba8a87b5da9009ffd5208a4bda,2c6d6a597c6b1b321c4f632291c22dfe5788a058fe82fd65114a5a59d5d0be83,3a365f5dd3e9d410585a34695bb444d67b220c4b40a9348288a540078bc27f75
spatial,M2,False,2024-10-10,landsat-9,870,58,0.5571698826967075,0.7459659456454388,0.10934910769786553,0.8745060980757017,True,3b188221263ad4673846ce5170fa622b5395e51a4aaa750114e1793d3986975b,55416c987a2d25f9177dd974307ae595761c1db31ecaa9d7561fb6c42d4d5e7c,00d1e59ce78baffbf9d24361ac8ba16a1d577b22cb193e15596627259190ed07,0c06b88fd09cd514745b699e6b6a7e12901db8d3247e42b582feaf1f7e91c04a,1eafe424a4c718d6a3b18cff938036f958858c70b344740788993b119bfbb04b,9c2f903993167fc2a228b3cfe60a23fe33f57f252bae6299458338cb8eb967ad,3f630dfcc8a1c2a19b093e7fe0f4bdc7f830fef42266fcf1156112f0eb959046,11f4fe862570895441036964a9b308e92c2ee6ba8a87b5da9009ffd5208a4bda,2c6d6a597c6b1b321c4f632291c22dfe5788a058fe82fd65114a5a59d5d0be83,3a365f5dd3e9d410585a34695bb444d67b220c4b40a9348288a540078bc27f75
spatial,M2,False,2024-10-18,landsat-8,1091,71,0.674083206466651,0.8955270425043939,0.0409005984715218,0.905394727492895,True,3b188221263ad4673846ce5170fa622b5395e51a4aaa750114e1793d3986975b,55416c987a2d25f9177dd974307ae595761c1db31ecaa9d7561fb6c42d4d5e7c,00d1e59ce78baffbf9d24361ac8ba16a1d577b22cb193e15596627259190ed07,0c06b88fd09cd514745b699e6b6a7e12901db8d3247e42b582feaf1f7e91c04a,1eafe424a4c718d6a3b18cff938036f958858c70b344740788993b119bfbb04b,9c2f903993167fc2a228b3cfe60a23fe33f57f252bae6299458338cb8eb967ad,3f630dfcc8a1c2a19b093e7fe0f4bdc7f830fef42266fcf1156112f0eb959046,11f4fe862570895441036964a9b308e92c2ee6ba8a87b5da9009ffd5208a4bda,2c6d6a597c6b1b321c4f632291c22dfe5788a058fe82fd65114a5a59d5d0be83,3a365f5dd3e9d410585a34695bb444d67b220c4b40a9348288a540078bc27f75
joint,B0,False,2020-05-16,landsat-8,1061,69,4.156721555070369,4.701527186396,-3.520078119582901,-0.4362019505345697,True,3b188221263ad4673846ce5170fa622b5395e51a4aaa750114e1793d3986975b,55416c987a2d25f9177dd974307ae595761c1db31ecaa9d7561fb6c42d4d5e7c,00d1e59ce78baffbf9d24361ac8ba16a1d577b22cb193e15596627259190ed07,0c06b88fd09cd514745b699e6b6a7e12901db8d3247e42b582feaf1f7e91c04a,1eafe424a4c718d6a3b18cff938036f958858c70b344740788993b119bfbb04b,9c2f903993167fc2a228b3cfe60a23fe33f57f252bae6299458338cb8eb967ad,3f630dfcc8a1c2a19b093e7fe0f4bdc7f830fef42266fcf1156112f0eb959046,11f4fe862570895441036964a9b308e92c2ee6ba8a87b5da9009ffd5208a4bda,2c6d6a597c6b1b321c4f632291c22dfe5788a058fe82fd65114a5a59d5d0be83,3a365f5dd3e9d410585a34695bb444d67b220c4b40a9348288a540078bc27f75
joint,B0,False,2020-07-03,landsat-8,1073,70,2.4292371482403747,3.244398612723596,1.2289441474720788,-0.6906928016567012,True,3b188221263ad4673846ce5170fa622b5395e51a4aaa750114e1793d3986975b,55416c987a2d25f9177dd974307ae595761c1db31ecaa9d7561fb6c42d4d5e7c,00d1e59ce78baffbf9d24361ac8ba16a1d577b22cb193e15596627259190ed07,0c06b88fd09cd514745b699e6b6a7e12901db8d3247e42b582feaf1f7e91c04a,1eafe424a4c718d6a3b18cff938036f958858c70b344740788993b119bfbb04b,9c2f903993167fc2a228b3cfe60a23fe33f57f252bae6299458338cb8eb967ad,3f630dfcc8a1c2a19b093e7fe0f4bdc7f830fef42266fcf1156112f0eb959046,11f4fe862570895441036964a9b308e92c2ee6ba8a87b5da9009ffd5208a4bda,2c6d6a597c6b1b321c4f632291c22dfe5788a058fe82fd65114a5a59d5d0be83,3a365f5dd3e9d410585a34695bb444d67b220c4b40a9348288a540078bc27f75
joint,B0,False,2020-07-19,landsat-8,1050,68,2.771403421008747,3.553192385781508,0.020409562644899563,-0.767573396786607,True,3b188221263ad4673846ce5170fa622b5395e51a4aaa750114e1793d3986975b,55416c987a2d25f9177dd974307ae595761c1db31ecaa9d7561fb6c42d4d5e7c,00d1e59ce78baffbf9d24361ac8ba16a1d577b22cb193e15596627259190ed07,0c06b88fd09cd514745b699e6b6a7e12901db8d3247e42b582feaf1f7e91c04a,1eafe424a4c718d6a3b18cff938036f958858c70b344740788993b119bfbb04b,9c2f903993167fc2a228b3cfe60a23fe33f57f252bae6299458338cb8eb967ad,3f630dfcc8a1c2a19b093e7fe0f4bdc7f830fef42266fcf1156112f0eb959046,11f4fe862570895441036964a9b308e92c2ee6ba8a87b5da9009ffd5208a4bda,2c6d6a597c6b1b321c4f632291c22dfe5788a058fe82fd65114a5a59d5d0be83,3a365f5dd3e9d410585a34695bb444d67b220c4b40a9348288a540078bc27f75
joint,B0,False,2020-08-20,landsat-8,1080,71,3.8193755423092846,4.232576439625473,-3.416479787477939,-0.6291872226609659,True,3b188221263ad4673846ce5170fa622b5395e51a4aaa750114e1793d3986975b,55416c987a2d25f9177dd974307ae595761c1db31ecaa9d7561fb6c42d4d5e7c,00d1e59ce78baffbf9d24361ac8ba16a1d577b22cb193e15596627259190ed07,0c06b88fd09cd514745b699e6b6a7e12901db8d3247e42b582feaf1f7e91c04a,1eafe424a4c718d6a3b18cff938036f958858c70b344740788993b119bfbb04b,9c2f903993167fc2a228b3cfe60a23fe33f57f252bae6299458338cb8eb967ad,3f630dfcc8a1c2a19b093e7fe0f4bdc7f830fef42266fcf1156112f0eb959046,11f4fe862570895441036964a9b308e92c2ee6ba8a87b5da9009ffd5208a4bda,2c6d6a597c6b1b321c4f632291c22dfe5788a058fe82fd65114a5a59d5d0be83,3a365f5dd3e9d410585a34695bb444d67b220c4b40a9348288a540078bc27f75
joint,B0,False,2020-09-05,landsat-8,1086,71,7.786210594126854,8.442884327908383,-7.6972256151381115,-0.6842781557368434,True,3b188221263ad4673846ce5170fa622b5395e51a4aaa750114e1793d3986975b,55416c987a2d25f9177dd974307ae595761c1db31ecaa9d7561fb6c42d4d5e7c,00d1e59ce78baffbf9d24361ac8ba16a1d577b22cb193e15596627259190ed07,0c06b88fd09cd514745b699e6b6a7e12901db8d3247e42b582feaf1f7e91c04a,1eafe424a4c718d6a3b18cff938036f958858c70b344740788993b119bfbb04b,9c2f903993167fc2a228b3cfe60a23fe33f57f252bae6299458338cb8eb967ad,3f630dfcc8a1c2a19b093e7fe0f4bdc7f830fef42266fcf1156112f0eb959046,11f4fe862570895441036964a9b308e92c2ee6ba8a87b5da9009ffd5208a4bda,2c6d6a597c6b1b321c4f632291c22dfe5788a058fe82fd65114a5a59d5d0be83,3a365f5dd3e9d410585a34695bb444d67b220c4b40a9348288a540078bc27f75
joint,B0,False,2020-09-21,landsat-8,1007,65,1.8534286479517665,2.489280747170879,1.6056334571073603,-0.5495495237894166,True,3b188221263ad4673846ce5170fa622b5395e51a4aaa750114e1793d3986975b,55416c987a2d25f9177dd974307ae595761c1db31ecaa9d7561fb6c42d4d5e7c,00d1e59ce78baffbf9d24361ac8ba16a1d577b22cb193e15596627259190ed07,0c06b88fd09cd514745b699e6b6a7e12901db8d3247e42b582feaf1f7e91c04a,1eafe424a4c718d6a3b18cff938036f958858c70b344740788993b119bfbb04b,9c2f903993167fc2a228b3cfe60a23fe33f57f252bae6299458338cb8eb967ad,3f630dfcc8a1c2a19b093e7fe0f4bdc7f830fef42266fcf1156112f0eb959046,11f4fe862570895441036964a9b308e92c2ee6ba8a87b5da9009ffd5208a4bda,2c6d6a597c6b1b321c4f632291c22dfe5788a058fe82fd65114a5a59d5d0be83,3a365f5dd3e9d410585a34695bb444d67b220c4b40a9348288a540078bc27f75
joint,B0,False,2020-10-07,landsat-8,967,66,1.9375976993938686,2.3740900755372656,-0.9817676169399184,-0.7297634057496025,True,3b188221263ad4673846ce5170fa622b5395e51a4aaa750114e1793d3986975b,55416c987a2d25f9177dd974307ae595761c1db31ecaa9d7561fb6c42d4d5e7c,00d1e59ce78baffbf9d24361ac8ba16a1d577b22cb193e15596627259190ed07,0c06b88fd09cd514745b699e6b6a7e12901db8d3247e42b582feaf1f7e91c04a,1eafe424a4c718d6a3b18cff938036f958858c70b344740788993b119bfbb04b,9c2f903993167fc2a228b3cfe60a23fe33f57f252bae6299458338cb8eb967ad,3f630dfcc8a1c2a19b093e7fe0f4bdc7f830fef42266fcf1156112f0eb959046,11f4fe862570895441036964a9b308e92c2ee6ba8a87b5da9009ffd5208a4bda,2c6d6a597c6b1b321c4f632291c22dfe5788a058fe82fd65114a5a59d5d0be83,3a365f5dd3e9d410585a34695bb444d67b220c4b40a9348288a540078bc27f75
joint,B0,False,2021-05-03,landsat-8,1019,64,2.606953825718778,3.0952870741902854,-1.7332416606254677,-0.7123933706823125,True,3b188221263ad4673846ce5170fa622b5395e51a4aaa750114e1793d3986975b,55416c987a2d25f9177dd974307ae595761c1db31ecaa9d7561fb6c42d4d5e7c,00d1e59ce78baffbf9d24361ac8ba16a1d577b22cb193e15596627259190ed07,0c06b88fd09cd514745b699e6b6a7e12901db8d3247e42b582feaf1f7e91c04a,1eafe424a4c718d6a3b18cff938036f958858c70b344740788993b119bfbb04b,9c2f903993167fc2a228b3cfe60a23fe33f57f252bae6299458338cb8eb967ad,3f630dfcc8a1c2a19b093e7fe0f4bdc7f830fef42266fcf1156112f0eb959046,11f4fe862570895441036964a9b308e92c2ee6ba8a87b5da9009ffd5208a4bda,2c6d6a597c6b1b321c4f632291c22dfe5788a058fe82fd65114a5a59d5d0be83,3a365f5dd3e9d410585a34695bb444d67b220c4b40a9348288a540078bc27f75
joint,B0,False,2021-06-04,landsat-8,953,61,2.0620322611636026,2.745914585739481,1.1633588803836998,-0.7330454798821432,True,3b188221263ad4673846ce5170fa622b5395e51a4aaa750114e1793d3986975b,55416c987a2d25f9177dd974307ae595761c1db31ecaa9d7561fb6c42d4d5e7c,00d1e59ce78baffbf9d24361ac8ba16a1d577b22cb193e15596627259190ed07,0c06b88fd09cd514745b699e6b6a7e12901db8d3247e42b582feaf1f7e91c04a,1eafe424a4c718d6a3b18cff938036f958858c70b344740788993b119bfbb04b,9c2f903993167fc2a228b3cfe60a23fe33f57f252bae6299458338cb8eb967ad,3f630dfcc8a1c2a19b093e7fe0f4bdc7f830fef42266fcf1156112f0eb959046,11f4fe862570895441036964a9b308e92c2ee6ba8a87b5da9009ffd5208a4bda,2c6d6a597c6b1b321c4f632291c22dfe5788a058fe82fd65114a5a59d5d0be83,3a365f5dd3e9d410585a34695bb444d67b220c4b40a9348288a540078bc27f75
joint,B0,False,2021-06-20,landsat-8,993,62,2.260330853232481,3.2064199612446673,1.2117639065930879,-0.7626562980195492,True,3b188221263ad4673846ce5170fa622b5395e51a4aaa750114e1793d3986975b,55416c987a2d25f9177dd974307ae595761c1db31ecaa9d7561fb6c42d4d5e7c,00d1e59ce78baffbf9d24361ac8ba16a1d577b22cb193e15596627259190ed07,0c06b88fd09cd514745b699e6b6a7e12901db8d3247e42b582feaf1f7e91c04a,1eafe424a4c718d6a3b18cff938036f958858c70b344740788993b119bfbb04b,9c2f903993167fc2a228b3cfe60a23fe33f57f252bae6299458338cb8eb967ad,3f630dfcc8a1c2a19b093e7fe0f4bdc7f830fef42266fcf1156112f0eb959046,11f4fe862570895441036964a9b308e92c2ee6ba8a87b5da9009ffd5208a4bda,2c6d6a597c6b1b321c4f632291c22dfe5788a058fe82fd65114a5a59d5d0be83,3a365f5dd3e9d410585a34695bb444d67b220c4b40a9348288a540078bc27f75
joint,B0,False,2021-07-06,landsat-8,1068,66,2.178519937558951,3.162996203487112,1.5888614382892359,-0.6886352801330323,True,3b188221263ad4673846ce5170fa622b5395e51a4aaa750114e1793d3986975b,55416c987a2d25f9177dd974307ae595761c1db31ecaa9d7561fb6c42d4d5e7c,00d1e59ce78baffbf9d24361ac8ba16a1d577b22cb193e15596627259190ed07,0c06b88fd09cd514745b699e6b6a7e12901db8d3247e42b582feaf1f7e91c04a,1eafe424a4c718d6a3b18cff938036f958858c70b344740788993b119bfbb04b,9c2f903993167fc2a228b3cfe60a23fe33f57f252bae6299458338cb8eb967ad,3f630dfcc8a1c2a19b093e7fe0f4bdc7f830fef42266fcf1156112f0eb959046,11f4fe862570895441036964a9b308e92c2ee6ba8a87b5da9009ffd5208a4bda,2c6d6a597c6b1b321c4f632291c22dfe5788a058fe82fd65114a5a59d5d0be83,3a365f5dd3e9d410585a34695bb444d67b220c4b40a9348288a540078bc27f75
joint,B0,False,2021-08-07,landsat-8,1064,69,2.6248862733743046,3.588779636033133,2.469040068680201,-0.7060096041506982,True,3b188221263ad4673846ce5170fa622b5395e51a4aaa750114e1793d3986975b,55416c987a2d25f9177dd974307ae595761c1db31ecaa9d7561fb6c42d4d5e7c,00d1e59ce78baffbf9d24361ac8ba16a1d577b22cb193e15596627259190ed07,0c06b88fd09cd514745b699e6b6a7e12901db8d3247e42b582feaf1f7e91c04a,1eafe424a4c718d6a3b18cff938036f958858c70b344740788993b119bfbb04b,9c2f903993167fc2a228b3cfe60a23fe33f57f252bae6299458338cb8eb967ad,3f630dfcc8a1c2a19b093e7fe0f4bdc7f830fef42266fcf1156112f0eb959046,11f4fe862570895441036964a9b308e92c2ee6ba8a87b5da9009ffd5208a4bda,2c6d6a597c6b1b321c4f632291c22dfe5788a058fe82fd65114a5a59d5d0be83,3a365f5dd3e9d410585a34695bb444d67b220c4b40a9348288a540078bc27f75
joint,B0,False,2021-09-08,landsat-8,1020,65,2.705649374671922,3.4258016852512636,2.6142065597149347,-0.7958365492599223,True,3b188221263ad4673846ce5170fa622b5395e51a4aaa750114e1793d3986975b,55416c987a2d25f9177dd974307ae595761c1db31ecaa9d7561fb6c42d4d5e7c,00d1e59ce78baffbf9d24361ac8ba16a1d577b22cb193e15596627259190ed07,0c06b88fd09cd514745b699e6b6a7e12901db8d3247e42b582feaf1f7e91c04a,1eafe424a4c718d6a3b18cff938036f958858c70b344740788993b119bfbb04b,9c2f903993167fc2a228b3cfe60a23fe33f57f252bae6299458338cb8eb967ad,3f630dfcc8a1c2a19b093e7fe0f4bdc7f830fef42266fcf1156112f0eb959046,11f4fe862570895441036964a9b308e92c2ee6ba8a87b5da9009ffd5208a4bda,2c6d6a597c6b1b321c4f632291c22dfe5788a058fe82fd65114a5a59d5d0be83,3a365f5dd3e9d410585a34695bb444d67b220c4b40a9348288a540078bc27f75
joint,B0,False,2021-09-24,landsat-8,822,59,2.3833174085734976,2.8393837252804173,2.370581555186996,-0.6744308096561061,True,3b188221263ad4673846ce5170fa622b5395e51a4aaa750114e1793d3986975b,55416c987a2d25f9177dd974307ae595761c1db31ecaa9d7561fb6c42d4d5e7c,00d1e59ce78baffbf9d24361ac8ba16a1d577b22cb193e15596627259190ed07,0c06b88fd09cd514745b699e6b6a7e12901db8d3247e42b582feaf1f7e91c04a,1eafe424a4c718d6a3b18cff938036f958858c70b344740788993b119bfbb04b,9c2f903993167fc2a228b3cfe60a23fe33f57f252bae6299458338cb8eb967ad,3f630dfcc8a1c2a19b093e7fe0f4bdc7f830fef42266fcf1156112f0eb959046,11f4fe862570895441036964a9b308e92c2ee6ba8a87b5da9009ffd5208a4bda,2c6d6a597c6b1b321c4f632291c22dfe5788a058fe82fd65114a5a59d5d0be83,3a365f5dd3e9d410585a34695bb444d67b220c4b40a9348288a540078bc27f75
joint,B0,False,2021-10-10,landsat-8,905,65,1.6552349607228038,2.201684326003574,1.553452471838129,-0.5794310842007747,True,3b188221263ad4673846ce5170fa622b5395e51a4aaa750114e1793d3986975b,55416c987a2d25f9177dd974307ae595761c1db31ecaa9d7561fb6c42d4d5e7c,00d1e59ce78baffbf9d24361ac8ba16a1d577b22cb193e15596627259190ed07,0c06b88fd09cd514745b699e6b6a7e12901db8d3247e42b582feaf1f7e91c04a,1eafe424a4c718d6a3b18cff938036f958858c70b344740788993b119bfbb04b,9c2f903993167fc2a228b3cfe60a23fe33f57f252bae6299458338cb8eb967ad,3f630dfcc8a1c2a19b093e7fe0f4bdc7f830fef42266fcf1156112f0eb959046,11f4fe862570895441036964a9b308e92c2ee6ba8a87b5da9009ffd5208a4bda,2c6d6a597c6b1b321c4f632291c22dfe5788a058fe82fd65114a5a59d5d0be83,3a365f5dd3e9d410585a34695bb444d67b220c4b40a9348288a540078bc27f75
joint,B0,False,2021-10-26,landsat-8,1094,71,7.61860650185064,7.819897502568288,7.61860650185064,-0.11598546750491537,True,3b188221263ad4673846ce5170fa622b5395e51a4aaa750114e1793d3986975b,55416c987a2d25f9177dd974307ae595761c1db31ecaa9d7561fb6c42d4d5e7c,00d1e59ce78baffbf9d24361ac8ba16a1d577b22cb193e15596627259190ed07,0c06b88fd09cd514745b699e6b6a7e12901db8d3247e42b582feaf1f7e91c04a,1eafe424a4c718d6a3b18cff938036f958858c70b344740788993b119bfbb04b,9c2f903993167fc2a228b3cfe60a23fe33f57f252bae6299458338cb8eb967ad,3f630dfcc8a1c2a19b093e7fe0f4bdc7f830fef42266fcf1156112f0eb959046,11f4fe862570895441036964a9b308e92c2ee6ba8a87b5da9009ffd5208a4bda,2c6d6a597c6b1b321c4f632291c22dfe5788a058fe82fd65114a5a59d5d0be83,3a365f5dd3e9d410585a34695bb444d67b220c4b40a9348288a540078bc27f75
joint,B0,False,2022-05-06,landsat-8,978,62,3.3727566000954994,3.9384810486309405,-3.0215298587649344,-0.6399691253519968,True,3b188221263ad4673846ce5170fa622b5395e51a4aaa750114e1793d3986975b,55416c987a2d25f9177dd974307ae595761c1db31ecaa9d7561fb6c42d4d5e7c,00d1e59ce78baffbf9d24361ac8ba16a1d577b22cb193e15596627259190ed07,0c06b88fd09cd514745b699e6b6a7e12901db8d3247e42b582feaf1f7e91c04a,1eafe424a4c718d6a3b18cff938036f958858c70b344740788993b119bfbb04b,9c2f903993167fc2a228b3cfe60a23fe33f57f252bae6299458338cb8eb967ad,3f630dfcc8a1c2a19b093e7fe0f4bdc7f830fef42266fcf1156112f0eb959046,11f4fe862570895441036964a9b308e92c2ee6ba8a87b5da9009ffd5208a4bda,2c6d6a597c6b1b321c4f632291c22dfe5788a058fe82fd65114a5a59d5d0be83,3a365f5dd3e9d410585a34695bb444d67b220c4b40a9348288a540078bc27f75
joint,B0,False,2022-05-14,landsat-9,989,69,7.754385883720122,8.349809573683876,-7.727078925576939,-0.2753046099851483,True,3b188221263ad4673846ce5170fa622b5395e51a4aaa750114e1793d3986975b,55416c987a2d25f9177dd974307ae595761c1db31ecaa9d7561fb6c42d4d5e7c,00d1e59ce78baffbf9d24361ac8ba16a1d577b22cb193e15596627259190ed07,0c06b88fd09cd514745b699e6b6a7e12901db8d3247e42b582feaf1f7e91c04a,1eafe424a4c718d6a3b18cff938036f958858c70b344740788993b119bfbb04b,9c2f903993167fc2a228b3cfe60a23fe33f57f252bae6299458338cb8eb967ad,3f630dfcc8a1c2a19b093e7fe0f4bdc7f830fef42266fcf1156112f0eb959046,11f4fe862570895441036964a9b308e92c2ee6ba8a87b5da9009ffd5208a4bda,2c6d6a597c6b1b321c4f632291c22dfe5788a058fe82fd65114a5a59d5d0be83,3a365f5dd3e9d410585a34695bb444d67b220c4b40a9348288a540078bc27f75
joint,B0,False,2022-05-22,landsat-8,818,58,2.4638152743543595,2.9486440837448638,1.586568409827496,-0.7862470281990466,True,3b188221263ad4673846ce5170fa622b5395e51a4aaa750114e1793d3986975b,55416c987a2d25f9177dd974307ae595761c1db31ecaa9d7561fb6c42d4d5e7c,00d1e59ce78baffbf9d24361ac8ba16a1d577b22cb193e15596627259190ed07,0c06b88fd09cd514745b699e6b6a7e12901db8d3247e42b582feaf1f7e91c04a,1eafe424a4c718d6a3b18cff938036f958858c70b344740788993b119bfbb04b,9c2f903993167fc2a228b3cfe60a23fe33f57f252bae6299458338cb8eb967ad,3f630dfcc8a1c2a19b093e7fe0f4bdc7f830fef42266fcf1156112f0eb959046,11f4fe862570895441036964a9b308e92c2ee6ba8a87b5da9009ffd5208a4bda,2c6d6a597c6b1b321c4f632291c22dfe5788a058fe82fd65114a5a59d5d0be83,3a365f5dd3e9d410585a34695bb444d67b220c4b40a9348288a540078bc27f75
joint,B0,False,2022-05-30,landsat-9,1055,67,1.9822998138446961,2.577078254789552,0.18208001868862025,-0.7504079757337782,True,3b188221263ad4673846ce5170fa622b5395e51a4aaa750114e1793d3986975b,55416c987a2d25f9177dd974307ae595761c1db31ecaa9d7561fb6c42d4d5e7c,00d1e59ce78baffbf9d24361ac8ba16a1d577b22cb193e15596627259190ed07,0c06b88fd09cd514745b699e6b6a7e12901db8d3247e42b582feaf1f7e91c04a,1eafe424a4c718d6a3b18cff938036f958858c70b344740788993b119bfbb04b,9c2f903993167fc2a228b3cfe60a23fe33f57f252bae6299458338cb8eb967ad,3f630dfcc8a1c2a19b093e7fe0f4bdc7f830fef42266fcf1156112f0eb959046,11f4fe862570895441036964a9b308e92c2ee6ba8a87b5da9009ffd5208a4bda,2c6d6a597c6b1b321c4f632291c22dfe5788a058fe82fd65114a5a59d5d0be83,3a365f5dd3e9d410585a34695bb444d67b220c4b40a9348288a540078bc27f75
joint,B0,False,2022-06-07,landsat-8,967,61,2.1107792807141013,2.634532209171722,-0.444153703845206,-0.6578139929675451,True,3b188221263ad4673846ce5170fa622b5395e51a4aaa750114e1793d3986975b,55416c987a2d25f9177dd974307ae595761c1db31ecaa9d7561fb6c42d4d5e7c,00d1e59ce78baffbf9d24361ac8ba16a1d577b22cb193e15596627259190ed07,0c06b88fd09cd514745b699e6b6a7e12901db8d3247e42b582feaf1f7e91c04a,1eafe424a4c718d6a3b18cff938036f958858c70b344740788993b119bfbb04b,9c2f903993167fc2a228b3cfe60a23fe33f57f252bae6299458338cb8eb967ad,3f630dfcc8a1c2a19b093e7fe0f4bdc7f830fef42266fcf1156112f0eb959046,11f4fe862570895441036964a9b308e92c2ee6ba8a87b5da9009ffd5208a4bda,2c6d6a597c6b1b321c4f632291c22dfe5788a058fe82fd65114a5a59d5d0be83,3a365f5dd3e9d410585a34695bb444d67b220c4b40a9348288a540078bc27f75
joint,B0,False,2022-06-15,landsat-9,1067,69,2.1956902610271665,2.80918415524136,-0.01644043092333459,-0.7518646028410962,True,3b188221263ad4673846ce5170fa622b5395e51a4aaa750114e1793d3986975b,55416c987a2d25f9177dd974307ae595761c1db31ecaa9d7561fb6c42d4d5e7c,00d1e59ce78baffbf9d24361ac8ba16a1d577b22cb193e15596627259190ed07,0c06b88fd09cd514745b699e6b6a7e12901db8d3247e42b582feaf1f7e91c04a,1eafe424a4c718d6a3b18cff938036f958858c70b344740788993b119bfbb04b,9c2f903993167fc2a228b3cfe60a23fe33f57f252bae6299458338cb8eb967ad,3f630dfcc8a1c2a19b093e7fe0f4bdc7f830fef42266fcf1156112f0eb959046,11f4fe862570895441036964a9b308e92c2ee6ba8a87b5da9009ffd5208a4bda,2c6d6a597c6b1b321c4f632291c22dfe5788a058fe82fd65114a5a59d5d0be83,3a365f5dd3e9d410585a34695bb444d67b220c4b40a9348288a540078bc27f75
joint,B0,False,2022-06-23,landsat-8,1059,69,3.1874340773569667,3.893886824395622,-1.388059349748692,-0.7815790897581716,True,3b188221263ad4673846ce5170fa622b5395e51a4aaa750114e1793d3986975b,55416c987a2d25f9177dd974307ae595761c1db31ecaa9d7561fb6c42d4d5e7c,00d1e59ce78baffbf9d24361ac8ba16a1d577b22cb193e15596627259190ed07,0c06b88fd09cd514745b699e6b6a7e12901db8d3247e42b582feaf1f7e91c04a,1eafe424a4c718d6a3b18cff938036f958858c70b344740788993b119bfbb04b,9c2f903993167fc2a228b3cfe60a23fe33f57f252bae6299458338cb8eb967ad,3f630dfcc8a1c2a19b093e7fe0f4bdc7f830fef42266fcf1156112f0eb959046,11f4fe862570895441036964a9b308e92c2ee6ba8a87b5da9009ffd5208a4bda,2c6d6a597c6b1b321c4f632291c22dfe5788a058fe82fd65114a5a59d5d0be83,3a365f5dd3e9d410585a34695bb444d67b220c4b40a9348288a540078bc27f75
joint,B0,False,2022-07-01,landsat-9,1072,70,2.0593797108375544,2.6409805269479927,-0.11108932671138588,-0.7133220146886916,True,3b188221263ad4673846ce5170fa622b5395e51a4aaa750114e1793d3986975b,55416c987a2d25f9177dd974307ae595761c1db31ecaa9d7561fb6c42d4d5e7c,00d1e59ce78baffbf9d24361ac8ba16a1d577b22cb193e15596627259190ed07,0c06b88fd09cd514745b699e6b6a7e12901db8d3247e42b582feaf1f7e91c04a,1eafe424a4c718d6a3b18cff938036f958858c70b344740788993b119bfbb04b,9c2f903993167fc2a228b3cfe60a23fe33f57f252bae6299458338cb8eb967ad,3f630dfcc8a1c2a19b093e7fe0f4bdc7f830fef42266fcf1156112f0eb959046,11f4fe862570895441036964a9b308e92c2ee6ba8a87b5da9009ffd5208a4bda,2c6d6a597c6b1b321c4f632291c22dfe5788a058fe82fd65114a5a59d5d0be83,3a365f5dd3e9d410585a34695bb444d67b220c4b40a9348288a540078bc27f75
joint,B0,False,2022-07-09,landsat-8,1050,67,2.7133409356876106,3.459049469398606,-0.020414382420835757,-0.7604815513261675,True,3b188221263ad4673846ce5170fa622b5395e51a4aaa750114e1793d3986975b,55416c987a2d25f9177dd974307ae595761c1db31ecaa9d7561fb6c42d4d5e7c,00d1e59ce78baffbf9d24361ac8ba16a1d577b22cb193e15596627259190ed07,0c06b88fd09cd514745b699e6b6a7e12901db8d3247e42b582feaf1f7e91c04a,1eafe424a4c718d6a3b18cff938036f958858c70b344740788993b119bfbb04b,9c2f903993167fc2a228b3cfe60a23fe33f57f252bae6299458338cb8eb967ad,3f630dfcc8a1c2a19b093e7fe0f4bdc7f830fef42266fcf1156112f0eb959046,11f4fe862570895441036964a9b308e92c2ee6ba8a87b5da9009ffd5208a4bda,2c6d6a597c6b1b321c4f632291c22dfe5788a058fe82fd65114a5a59d5d0be83,3a365f5dd3e9d410585a34695bb444d67b220c4b40a9348288a540078bc27f75
joint,B0,False,2022-07-17,landsat-9,1008,69,6.014084835654105,6.47655404407463,-5.892518014391289,-0.6251844778198625,True,3b188221263ad4673846ce5170fa622b5395e51a4aaa750114e1793d3986975b,55416c987a2d25f9177dd974307ae595761c1db31ecaa9d7561fb6c42d4d5e7c,00d1e59ce78baffbf9d24361ac8ba16a1d577b22cb193e15596627259190ed07,0c06b88fd09cd514745b699e6b6a7e12901db8d3247e42b582feaf1f7e91c04a,1eafe424a4c718d6a3b18cff938036f958858c70b344740788993b119bfbb04b,9c2f903993167fc2a228b3cfe60a23fe33f57f252bae6299458338cb8eb967ad,3f630dfcc8a1c2a19b093e7fe0f4bdc7f830fef42266fcf1156112f0eb959046,11f4fe862570895441036964a9b308e92c2ee6ba8a87b5da9009ffd5208a4bda,2c6d6a597c6b1b321c4f632291c22dfe5788a058fe82fd65114a5a59d5d0be83,3a365f5dd3e9d410585a34695bb444d67b220c4b40a9348288a540078bc27f75
joint,B0,False,2022-07-25,landsat-8,1054,68,2.027957409645058,2.860820536910471,1.2439823703689892,-0.7271025193080202,True,3b188221263ad4673846ce5170fa622b5395e51a4aaa750114e1793d3986975b,55416c987a2d25f9177dd974307ae595761c1db31ecaa9d7561fb6c42d4d5e7c,00d1e59ce78baffbf9d24361ac8ba16a1d577b22cb193e15596627259190ed07,0c06b88fd09cd514745b699e6b6a7e12901db8d3247e42b582feaf1f7e91c04a,1eafe424a4c718d6a3b18cff938036f958858c70b344740788993b119bfbb04b,9c2f903993167fc2a228b3cfe60a23fe33f57f252bae6299458338cb8eb967ad,3f630dfcc8a1c2a19b093e7fe0f4bdc7f830fef42266fcf1156112f0eb959046,11f4fe862570895441036964a9b308e92c2ee6ba8a87b5da9009ffd5208a4bda,2c6d6a597c6b1b321c4f632291c22dfe5788a058fe82fd65114a5a59d5d0be83,3a365f5dd3e9d410585a34695bb444d67b220c4b40a9348288a540078bc27f75
joint,B0,False,2022-08-02,landsat-9,1026,67,2.588376167464597,3.2526630527294422,-0.16085672728936812,-0.7630501586491797,True,3b188221263ad4673846ce5170fa622b5395e51a4aaa750114e1793d3986975b,55416c987a2d25f9177dd974307ae595761c1db31ecaa9d7561fb6c42d4d5e7c,00d1e59ce78baffbf9d24361ac8ba16a1d577b22cb193e15596627259190ed07,0c06b88fd09cd514745b699e6b6a7e12901db8d3247e42b582feaf1f7e91c04a,1eafe424a4c718d6a3b18cff938036f958858c70b344740788993b119bfbb04b,9c2f903993167fc2a228b3cfe60a23fe33f57f252bae6299458338cb8eb967ad,3f630dfcc8a1c2a19b093e7fe0f4bdc7f830fef42266fcf1156112f0eb959046,11f4fe862570895441036964a9b308e92c2ee6ba8a87b5da9009ffd5208a4bda,2c6d6a597c6b1b321c4f632291c22dfe5788a058fe82fd65114a5a59d5d0be83,3a365f5dd3e9d410585a34695bb444d67b220c4b40a9348288a540078bc27f75
joint,B0,False,2022-08-18,landsat-9,1034,66,3.191899555358202,3.8724104316399086,-1.5570617704443064,-0.7338063415518442,True,3b188221263ad4673846ce5170fa622b5395e51a4aaa750114e1793d3986975b,55416c987a2d25f9177dd974307ae595761c1db31ecaa9d7561fb6c42d4d5e7c,00d1e59ce78baffbf9d24361ac8ba16a1d577b22cb193e15596627259190ed07,0c06b88fd09cd514745b699e6b6a7e12901db8d3247e42b582feaf1f7e91c04a,1eafe424a4c718d6a3b18cff938036f958858c70b344740788993b119bfbb04b,9c2f903993167fc2a228b3cfe60a23fe33f57f252bae6299458338cb8eb967ad,3f630dfcc8a1c2a19b093e7fe0f4bdc7f830fef42266fcf1156112f0eb959046,11f4fe862570895441036964a9b308e92c2ee6ba8a87b5da9009ffd5208a4bda,2c6d6a597c6b1b321c4f632291c22dfe5788a058fe82fd65114a5a59d5d0be83,3a365f5dd3e9d410585a34695bb444d67b220c4b40a9348288a540078bc27f75
joint,B0,False,2022-08-26,landsat-8,1058,69,3.349872067947319,3.9516101957752037,-2.3730496756537254,-0.7826003496700502,True,3b188221263ad4673846ce5170fa622b5395e51a4aaa750114e1793d3986975b,55416c987a2d25f9177dd974307ae595761c1db31ecaa9d7561fb6c42d4d5e7c,00d1e59ce78baffbf9d24361ac8ba16a1d577b22cb193e15596627259190ed07,0c06b88fd09cd514745b699e6b6a7e12901db8d3247e42b582feaf1f7e91c04a,1eafe424a4c718d6a3b18cff938036f958858c70b344740788993b119bfbb04b,9c2f903993167fc2a228b3cfe60a23fe33f57f252bae6299458338cb8eb967ad,3f630dfcc8a1c2a19b093e7fe0f4bdc7f830fef42266fcf1156112f0eb959046,11f4fe862570895441036964a9b308e92c2ee6ba8a87b5da9009ffd5208a4bda,2c6d6a597c6b1b321c4f632291c22dfe5788a058fe82fd65114a5a59d5d0be83,3a365f5dd3e9d410585a34695bb444d67b220c4b40a9348288a540078bc27f75
joint,B0,False,2022-09-03,landsat-9,1085,71,9.357841625500509,9.741873156532874,-9.352980864769876,-0.7617390124119628,True,3b188221263ad4673846ce5170fa622b5395e51a4aaa750114e1793d3986975b,55416c987a2d25f9177dd974307ae595761c1db31ecaa9d7561fb6c42d4d5e7c,00d1e59ce78baffbf9d24361ac8ba16a1d577b22cb193e15596627259190ed07,0c06b88fd09cd514745b699e6b6a7e12901db8d3247e42b582feaf1f7e91c04a,1eafe424a4c718d6a3b18cff938036f958858c70b344740788993b119bfbb04b,9c2f903993167fc2a228b3cfe60a23fe33f57f252bae6299458338cb8eb967ad,3f630dfcc8a1c2a19b093e7fe0f4bdc7f830fef42266fcf1156112f0eb959046,11f4fe862570895441036964a9b308e92c2ee6ba8a87b5da9009ffd5208a4bda,2c6d6a597c6b1b321c4f632291c22dfe5788a058fe82fd65114a5a59d5d0be83,3a365f5dd3e9d410585a34695bb444d67b220c4b40a9348288a540078bc27f75
joint,B0,False,2022-09-27,landsat-8,1081,71,5.907838111457184,6.48097898705042,-5.865224387423173,-0.7063785933538694,True,3b188221263ad4673846ce5170fa622b5395e51a4aaa750114e1793d3986975b,55416c987a2d25f9177dd974307ae595761c1db31ecaa9d7561fb6c42d4d5e7c,00d1e59ce78baffbf9d24361ac8ba16a1d577b22cb193e15596627259190ed07,0c06b88fd09cd514745b699e6b6a7e12901db8d3247e42b582feaf1f7e91c04a,1eafe424a4c718d6a3b18cff938036f958858c70b344740788993b119bfbb04b,9c2f903993167fc2a228b3cfe60a23fe33f57f252bae6299458338cb8eb967ad,3f630dfcc8a1c2a19b093e7fe0f4bdc7f830fef42266fcf1156112f0eb959046,11f4fe862570895441036964a9b308e92c2ee6ba8a87b5da9009ffd5208a4bda,2c6d6a597c6b1b321c4f632291c22dfe5788a058fe82fd65114a5a59d5d0be83,3a365f5dd3e9d410585a34695bb444d67b220c4b40a9348288a540078bc27f75
joint,B0,False,2022-10-05,landsat-9,921,59,1.897338643489932,2.2155262209242355,-1.1587495400708245,-0.7402900902264145,True,3b188221263ad4673846ce5170fa622b5395e51a4aaa750114e1793d3986975b,55416c987a2d25f9177dd974307ae595761c1db31ecaa9d7561fb6c42d4d5e7c,00d1e59ce78baffbf9d24361ac8ba16a1d577b22cb193e15596627259190ed07,0c06b88fd09cd514745b699e6b6a7e12901db8d3247e42b582feaf1f7e91c04a,1eafe424a4c718d6a3b18cff938036f958858c70b344740788993b119bfbb04b,9c2f903993167fc2a228b3cfe60a23fe33f57f252bae6299458338cb8eb967ad,3f630dfcc8a1c2a19b093e7fe0f4bdc7f830fef42266fcf1156112f0eb959046,11f4fe862570895441036964a9b308e92c2ee6ba8a87b5da9009ffd5208a4bda,2c6d6a597c6b1b321c4f632291c22dfe5788a058fe82fd65114a5a59d5d0be83,3a365f5dd3e9d410585a34695bb444d67b220c4b40a9348288a540078bc27f75
joint,B0,False,2022-10-21,landsat-9,701,63,1.6242715652137019,1.8607128499406884,-1.2939045107958922,-0.5898150637165372,True,3b188221263ad4673846ce5170fa622b5395e51a4aaa750114e1793d3986975b,55416c987a2d25f9177dd974307ae595761c1db31ecaa9d7561fb6c42d4d5e7c,00d1e59ce78baffbf9d24361ac8ba16a1d577b22cb193e15596627259190ed07,0c06b88fd09cd514745b699e6b6a7e12901db8d3247e42b582feaf1f7e91c04a,1eafe424a4c718d6a3b18cff938036f958858c70b344740788993b119bfbb04b,9c2f903993167fc2a228b3cfe60a23fe33f57f252bae6299458338cb8eb967ad,3f630dfcc8a1c2a19b093e7fe0f4bdc7f830fef42266fcf1156112f0eb959046,11f4fe862570895441036964a9b308e92c2ee6ba8a87b5da9009ffd5208a4bda,2c6d6a597c6b1b321c4f632291c22dfe5788a058fe82fd65114a5a59d5d0be83,3a365f5dd3e9d410585a34695bb444d67b220c4b40a9348288a540078bc27f75
joint,B0,False,2022-10-29,landsat-8,969,67,1.1158492257491126,1.5541612574518386,0.635941808134951,-0.5345536348311128,True,3b188221263ad4673846ce5170fa622b5395e51a4aaa750114e1793d3986975b,55416c987a2d25f9177dd974307ae595761c1db31ecaa9d7561fb6c42d4d5e7c,00d1e59ce78baffbf9d24361ac8ba16a1d577b22cb193e15596627259190ed07,0c06b88fd09cd514745b699e6b6a7e12901db8d3247e42b582feaf1f7e91c04a,1eafe424a4c718d6a3b18cff938036f958858c70b344740788993b119bfbb04b,9c2f903993167fc2a228b3cfe60a23fe33f57f252bae6299458338cb8eb967ad,3f630dfcc8a1c2a19b093e7fe0f4bdc7f830fef42266fcf1156112f0eb959046,11f4fe862570895441036964a9b308e92c2ee6ba8a87b5da9009ffd5208a4bda,2c6d6a597c6b1b321c4f632291c22dfe5788a058fe82fd65114a5a59d5d0be83,3a365f5dd3e9d410585a34695bb444d67b220c4b40a9348288a540078bc27f75
joint,B0,False,2023-05-17,landsat-9,788,52,1.6713513756899814,2.1742081588148245,0.3626160684911444,-0.6083333172520905,True,3b188221263ad4673846ce5170fa622b5395e51a4aaa750114e1793d3986975b,55416c987a2d25f9177dd974307ae595761c1db31ecaa9d7561fb6c42d4d5e7c,00d1e59ce78baffbf9d24361ac8ba16a1d577b22cb193e15596627259190ed07,0c06b88fd09cd514745b699e6b6a7e12901db8d3247e42b582feaf1f7e91c04a,1eafe424a4c718d6a3b18cff938036f958858c70b344740788993b119bfbb04b,9c2f903993167fc2a228b3cfe60a23fe33f57f252bae6299458338cb8eb967ad,3f630dfcc8a1c2a19b093e7fe0f4bdc7f830fef42266fcf1156112f0eb959046,11f4fe862570895441036964a9b308e92c2ee6ba8a87b5da9009ffd5208a4bda,2c6d6a597c6b1b321c4f632291c22dfe5788a058fe82fd65114a5a59d5d0be83,3a365f5dd3e9d410585a34695bb444d67b220c4b40a9348288a540078bc27f75
joint,B0,False,2023-06-26,landsat-8,1038,62,2.8575469879711513,3.7607878532069767,2.552554464253521,-0.7291356890981272,True,3b188221263ad4673846ce5170fa622b5395e51a4aaa750114e1793d3986975b,55416c987a2d25f9177dd974307ae595761c1db31ecaa9d7561fb6c42d4d5e7c,00d1e59ce78baffbf9d24361ac8ba16a1d577b22cb193e15596627259190ed07,0c06b88fd09cd514745b699e6b6a7e12901db8d3247e42b582feaf1f7e91c04a,1eafe424a4c718d6a3b18cff938036f958858c70b344740788993b119bfbb04b,9c2f903993167fc2a228b3cfe60a23fe33f57f252bae6299458338cb8eb967ad,3f630dfcc8a1c2a19b093e7fe0f4bdc7f830fef42266fcf1156112f0eb959046,11f4fe862570895441036964a9b308e92c2ee6ba8a87b5da9009ffd5208a4bda,2c6d6a597c6b1b321c4f632291c22dfe5788a058fe82fd65114a5a59d5d0be83,3a365f5dd3e9d410585a34695bb444d67b220c4b40a9348288a540078bc27f75
joint,B0,False,2023-07-04,landsat-9,1059,66,4.6967987330240515,5.376819059842862,4.6967987330240515,-0.5782778194574291,True,3b188221263ad4673846ce5170fa622b5395e51a4aaa750114e1793d3986975b,55416c987a2d25f9177dd974307ae595761c1db31ecaa9d7561fb6c42d4d5e7c,00d1e59ce78baffbf9d24361ac8ba16a1d577b22cb193e15596627259190ed07,0c06b88fd09cd514745b699e6b6a7e12901db8d3247e42b582feaf1f7e91c04a,1eafe424a4c718d6a3b18cff938036f958858c70b344740788993b119bfbb04b,9c2f903993167fc2a228b3cfe60a23fe33f57f252bae6299458338cb8eb967ad,3f630dfcc8a1c2a19b093e7fe0f4bdc7f830fef42266fcf1156112f0eb959046,11f4fe862570895441036964a9b308e92c2ee6ba8a87b5da9009ffd5208a4bda,2c6d6a597c6b1b321c4f632291c22dfe5788a058fe82fd65114a5a59d5d0be83,3a365f5dd3e9d410585a34695bb444d67b220c4b40a9348288a540078bc27f75
joint,B0,False,2023-07-12,landsat-8,1060,69,3.1961314369935185,3.6347802970948426,-2.0947807111993497,-0.7021628330250008,True,3b188221263ad4673846ce5170fa622b5395e51a4aaa750114e1793d3986975b,55416c987a2d25f9177dd974307ae595761c1db31ecaa9d7561fb6c42d4d5e7c,00d1e59ce78baffbf9d24361ac8ba16a1d577b22cb193e15596627259190ed07,0c06b88fd09cd514745b699e6b6a7e12901db8d3247e42b582feaf1f7e91c04a,1eafe424a4c718d6a3b18cff938036f958858c70b344740788993b119bfbb04b,9c2f903993167fc2a228b3cfe60a23fe33f57f252bae6299458338cb8eb967ad,3f630dfcc8a1c2a19b093e7fe0f4bdc7f830fef42266fcf1156112f0eb959046,11f4fe862570895441036964a9b308e92c2ee6ba8a87b5da9009ffd5208a4bda,2c6d6a597c6b1b321c4f632291c22dfe5788a058fe82fd65114a5a59d5d0be83,3a365f5dd3e9d410585a34695bb444d67b220c4b40a9348288a540078bc27f75
joint,B0,False,2023-07-20,landsat-9,1072,69,3.3351029650590314,4.058185934477042,-1.5889950602267775,-0.7972300564929335,True,3b188221263ad4673846ce5170fa622b5395e51a4aaa750114e1793d3986975b,55416c987a2d25f9177dd974307ae595761c1db31ecaa9d7561fb6c42d4d5e7c,00d1e59ce78baffbf9d24361ac8ba16a1d577b22cb193e15596627259190ed07,0c06b88fd09cd514745b699e6b6a7e12901db8d3247e42b582feaf1f7e91c04a,1eafe424a4c718d6a3b18cff938036f958858c70b344740788993b119bfbb04b,9c2f903993167fc2a228b3cfe60a23fe33f57f252bae6299458338cb8eb967ad,3f630dfcc8a1c2a19b093e7fe0f4bdc7f830fef42266fcf1156112f0eb959046,11f4fe862570895441036964a9b308e92c2ee6ba8a87b5da9009ffd5208a4bda,2c6d6a597c6b1b321c4f632291c22dfe5788a058fe82fd65114a5a59d5d0be83,3a365f5dd3e9d410585a34695bb444d67b220c4b40a9348288a540078bc27f75
joint,B0,False,2023-07-28,landsat-8,983,66,2.193399139349897,3.0025541869648005,0.7564619592895642,-0.7154077756923549,True,3b188221263ad4673846ce5170fa622b5395e51a4aaa750114e1793d3986975b,55416c987a2d25f9177dd974307ae595761c1db31ecaa9d7561fb6c42d4d5e7c,00d1e59ce78baffbf9d24361ac8ba16a1d577b22cb193e15596627259190ed07,0c06b88fd09cd514745b699e6b6a7e12901db8d3247e42b582feaf1f7e91c04a,1eafe424a4c718d6a3b18cff938036f958858c70b344740788993b119bfbb04b,9c2f903993167fc2a228b3cfe60a23fe33f57f252bae6299458338cb8eb967ad,3f630dfcc8a1c2a19b093e7fe0f4bdc7f830fef42266fcf1156112f0eb959046,11f4fe862570895441036964a9b308e92c2ee6ba8a87b5da9009ffd5208a4bda,2c6d6a597c6b1b321c4f632291c22dfe5788a058fe82fd65114a5a59d5d0be83,3a365f5dd3e9d410585a34695bb444d67b220c4b40a9348288a540078bc27f75
joint,B0,False,2023-08-05,landsat-9,1076,69,2.7521311836078994,3.6461185036840726,1.0115527166904483,-0.8193123525903748,True,3b188221263ad4673846ce5170fa622b5395e51a4aaa750114e1793d3986975b,55416c987a2d25f9177dd974307ae595761c1db31ecaa9d7561fb6c42d4d5e7c,00d1e59ce78baffbf9d24361ac8ba16a1d577b22cb193e15596627259190ed07,0c06b88fd09cd514745b699e6b6a7e12901db8d3247e42b582feaf1f7e91c04a,1eafe424a4c718d6a3b18cff938036f958858c70b344740788993b119bfbb04b,9c2f903993167fc2a228b3cfe60a23fe33f57f252bae6299458338cb8eb967ad,3f630dfcc8a1c2a19b093e7fe0f4bdc7f830fef42266fcf1156112f0eb959046,11f4fe862570895441036964a9b308e92c2ee6ba8a87b5da9009ffd5208a4bda,2c6d6a597c6b1b321c4f632291c22dfe5788a058fe82fd65114a5a59d5d0be83,3a365f5dd3e9d410585a34695bb444d67b220c4b40a9348288a540078bc27f75
joint,B0,False,2023-08-13,landsat-8,1063,68,2.2045410673657417,3.041478530364276,1.4160059652801285,-0.7213336089147108,True,3b188221263ad4673846ce5170fa622b5395e51a4aaa750114e1793d3986975b,55416c987a2d25f9177dd974307ae595761c1db31ecaa9d7561fb6c42d4d5e7c,00d1e59ce78baffbf9d24361ac8ba16a1d577b22cb193e15596627259190ed07,0c06b88fd09cd514745b699e6b6a7e12901db8d3247e42b582feaf1f7e91c04a,1eafe424a4c718d6a3b18cff938036f958858c70b344740788993b119bfbb04b,9c2f903993167fc2a228b3cfe60a23fe33f57f252bae6299458338cb8eb967ad,3f630dfcc8a1c2a19b093e7fe0f4bdc7f830fef42266fcf1156112f0eb959046,11f4fe862570895441036964a9b308e92c2ee6ba8a87b5da9009ffd5208a4bda,2c6d6a597c6b1b321c4f632291c22dfe5788a058fe82fd65114a5a59d5d0be83,3a365f5dd3e9d410585a34695bb444d67b220c4b40a9348288a540078bc27f75
joint,B0,False,2023-08-29,landsat-8,1088,71,3.304877393633837,3.762371840858822,-2.3134747474600914,-0.7533440573878674,True,3b188221263ad4673846ce5170fa622b5395e51a4aaa750114e1793d3986975b,55416c987a2d25f9177dd974307ae595761c1db31ecaa9d7561fb6c42d4d5e7c,00d1e59ce78baffbf9d24361ac8ba16a1d577b22cb193e15596627259190ed07,0c06b88fd09cd514745b699e6b6a7e12901db8d3247e42b582feaf1f7e91c04a,1eafe424a4c718d6a3b18cff938036f958858c70b344740788993b119bfbb04b,9c2f903993167fc2a228b3cfe60a23fe33f57f252bae6299458338cb8eb967ad,3f630dfcc8a1c2a19b093e7fe0f4bdc7f830fef42266fcf1156112f0eb959046,11f4fe862570895441036964a9b308e92c2ee6ba8a87b5da9009ffd5208a4bda,2c6d6a597c6b1b321c4f632291c22dfe5788a058fe82fd65114a5a59d5d0be83,3a365f5dd3e9d410585a34695bb444d67b220c4b40a9348288a540078bc27f75
joint,B0,False,2023-09-14,landsat-8,634,53,2.9076480665554096,3.439743037622513,2.8948204346304824,-0.2794070299782886,True,3b188221263ad4673846ce5170fa622b5395e51a4aaa750114e1793d3986975b,55416c987a2d25f9177dd974307ae595761c1db31ecaa9d7561fb6c42d4d5e7c,00d1e59ce78baffbf9d24361ac8ba16a1d577b22cb193e15596627259190ed07,0c06b88fd09cd514745b699e6b6a7e12901db8d3247e42b582feaf1f7e91c04a,1eafe424a4c718d6a3b18cff938036f958858c70b344740788993b119bfbb04b,9c2f903993167fc2a228b3cfe60a23fe33f57f252bae6299458338cb8eb967ad,3f630dfcc8a1c2a19b093e7fe0f4bdc7f830fef42266fcf1156112f0eb959046,11f4fe862570895441036964a9b308e92c2ee6ba8a87b5da9009ffd5208a4bda,2c6d6a597c6b1b321c4f632291c22dfe5788a058fe82fd65114a5a59d5d0be83,3a365f5dd3e9d410585a34695bb444d67b220c4b40a9348288a540078bc27f75
joint,B0,False,2023-09-22,landsat-9,707,54,5.776769388677683,6.393998068134679,5.776769388677683,-0.39889765725004706,True,3b188221263ad4673846ce5170fa622b5395e51a4aaa750114e1793d3986975b,55416c987a2d25f9177dd974307ae595761c1db31ecaa9d7561fb6c42d4d5e7c,00d1e59ce78baffbf9d24361ac8ba16a1d577b22cb193e15596627259190ed07,0c06b88fd09cd514745b699e6b6a7e12901db8d3247e42b582feaf1f7e91c04a,1eafe424a4c718d6a3b18cff938036f958858c70b344740788993b119bfbb04b,9c2f903993167fc2a228b3cfe60a23fe33f57f252bae6299458338cb8eb967ad,3f630dfcc8a1c2a19b093e7fe0f4bdc7f830fef42266fcf1156112f0eb959046,11f4fe862570895441036964a9b308e92c2ee6ba8a87b5da9009ffd5208a4bda,2c6d6a597c6b1b321c4f632291c22dfe5788a058fe82fd65114a5a59d5d0be83,3a365f5dd3e9d410585a34695bb444d67b220c4b40a9348288a540078bc27f75
joint,B0,False,2023-10-08,landsat-9,952,61,2.9966156296327564,3.4617943209999837,-2.5747116748945733,-0.6909239592216053,True,3b188221263ad4673846ce5170fa622b5395e51a4aaa750114e1793d3986975b,55416c987a2d25f9177dd974307ae595761c1db31ecaa9d7561fb6c42d4d5e7c,00d1e59ce78baffbf9d24361ac8ba16a1d577b22cb193e15596627259190ed07,0c06b88fd09cd514745b699e6b6a7e12901db8d3247e42b582feaf1f7e91c04a,1eafe424a4c718d6a3b18cff938036f958858c70b344740788993b119bfbb04b,9c2f903993167fc2a228b3cfe60a23fe33f57f252bae6299458338cb8eb967ad,3f630dfcc8a1c2a19b093e7fe0f4bdc7f830fef42266fcf1156112f0eb959046,11f4fe862570895441036964a9b308e92c2ee6ba8a87b5da9009ffd5208a4bda,2c6d6a597c6b1b321c4f632291c22dfe5788a058fe82fd65114a5a59d5d0be83,3a365f5dd3e9d410585a34695bb444d67b220c4b40a9348288a540078bc27f75
joint,B0,False,2023-10-16,landsat-8,936,62,1.8244024203030131,2.1152800500545164,-1.1337494460820066,-0.6499869410152278,True,3b188221263ad4673846ce5170fa622b5395e51a4aaa750114e1793d3986975b,55416c987a2d25f9177dd974307ae595761c1db31ecaa9d7561fb6c42d4d5e7c,00d1e59ce78baffbf9d24361ac8ba16a1d577b22cb193e15596627259190ed07,0c06b88fd09cd514745b699e6b6a7e12901db8d3247e42b582feaf1f7e91c04a,1eafe424a4c718d6a3b18cff938036f958858c70b344740788993b119bfbb04b,9c2f903993167fc2a228b3cfe60a23fe33f57f252bae6299458338cb8eb967ad,3f630dfcc8a1c2a19b093e7fe0f4bdc7f830fef42266fcf1156112f0eb959046,11f4fe862570895441036964a9b308e92c2ee6ba8a87b5da9009ffd5208a4bda,2c6d6a597c6b1b321c4f632291c22dfe5788a058fe82fd65114a5a59d5d0be83,3a365f5dd3e9d410585a34695bb444d67b220c4b40a9348288a540078bc27f75
joint,B0,False,2023-10-24,landsat-9,699,51,1.9095373270031102,2.410335478899087,1.7875371609009645,-0.2091203560255089,True,3b188221263ad4673846ce5170fa622b5395e51a4aaa750114e1793d3986975b,55416c987a2d25f9177dd974307ae595761c1db31ecaa9d7561fb6c42d4d5e7c,00d1e59ce78baffbf9d24361ac8ba16a1d577b22cb193e15596627259190ed07,0c06b88fd09cd514745b699e6b6a7e12901db8d3247e42b582feaf1f7e91c04a,1eafe424a4c718d6a3b18cff938036f958858c70b344740788993b119bfbb04b,9c2f903993167fc2a228b3cfe60a23fe33f57f252bae6299458338cb8eb967ad,3f630dfcc8a1c2a19b093e7fe0f4bdc7f830fef42266fcf1156112f0eb959046,11f4fe862570895441036964a9b308e92c2ee6ba8a87b5da9009ffd5208a4bda,2c6d6a597c6b1b321c4f632291c22dfe5788a058fe82fd65114a5a59d5d0be83,3a365f5dd3e9d410585a34695bb444d67b220c4b40a9348288a540078bc27f75
joint,B0,False,2024-05-11,landsat-8,861,55,1.7676567756001977,2.266819936489665,0.4644345685900975,-0.6337403048470666,True,3b188221263ad4673846ce5170fa622b5395e51a4aaa750114e1793d3986975b,55416c987a2d25f9177dd974307ae595761c1db31ecaa9d7561fb6c42d4d5e7c,00d1e59ce78baffbf9d24361ac8ba16a1d577b22cb193e15596627259190ed07,0c06b88fd09cd514745b699e6b6a7e12901db8d3247e42b582feaf1f7e91c04a,1eafe424a4c718d6a3b18cff938036f958858c70b344740788993b119bfbb04b,9c2f903993167fc2a228b3cfe60a23fe33f57f252bae6299458338cb8eb967ad,3f630dfcc8a1c2a19b093e7fe0f4bdc7f830fef42266fcf1156112f0eb959046,11f4fe862570895441036964a9b308e92c2ee6ba8a87b5da9009ffd5208a4bda,2c6d6a597c6b1b321c4f632291c22dfe5788a058fe82fd65114a5a59d5d0be83,3a365f5dd3e9d410585a34695bb444d67b220c4b40a9348288a540078bc27f75
joint,B0,False,2024-05-27,landsat-8,680,46,3.539367662809467,3.9849384859030725,3.534692706023116,-0.5038962612018866,True,3b188221263ad4673846ce5170fa622b5395e51a4aaa750114e1793d3986975b,55416c987a2d25f9177dd974307ae595761c1db31ecaa9d7561fb6c42d4d5e7c,00d1e59ce78baffbf9d24361ac8ba16a1d577b22cb193e15596627259190ed07,0c06b88fd09cd514745b699e6b6a7e12901db8d3247e42b582feaf1f7e91c04a,1eafe424a4c718d6a3b18cff938036f958858c70b344740788993b119bfbb04b,9c2f903993167fc2a228b3cfe60a23fe33f57f252bae6299458338cb8eb967ad,3f630dfcc8a1c2a19b093e7fe0f4bdc7f830fef42266fcf1156112f0eb959046,11f4fe862570895441036964a9b308e92c2ee6ba8a87b5da9009ffd5208a4bda,2c6d6a597c6b1b321c4f632291c22dfe5788a058fe82fd65114a5a59d5d0be83,3a365f5dd3e9d410585a34695bb444d67b220c4b40a9348288a540078bc27f75
joint,B0,False,2024-06-20,landsat-9,1050,65,2.574910277282664,3.569334669298371,2.37801269915746,-0.6747582087442929,True,3b188221263ad4673846ce5170fa622b5395e51a4aaa750114e1793d3986975b,55416c987a2d25f9177dd974307ae595761c1db31ecaa9d7561fb6c42d4d5e7c,00d1e59ce78baffbf9d24361ac8ba16a1d577b22cb193e15596627259190ed07,0c06b88fd09cd514745b699e6b6a7e12901db8d3247e42b582feaf1f7e91c04a,1eafe424a4c718d6a3b18cff938036f958858c70b344740788993b119bfbb04b,9c2f903993167fc2a228b3cfe60a23fe33f57f252bae6299458338cb8eb967ad,3f630dfcc8a1c2a19b093e7fe0f4bdc7f830fef42266fcf1156112f0eb959046,11f4fe862570895441036964a9b308e92c2ee6ba8a87b5da9009ffd5208a4bda,2c6d6a597c6b1b321c4f632291c22dfe5788a058fe82fd65114a5a59d5d0be83,3a365f5dd3e9d410585a34695bb444d67b220c4b40a9348288a540078bc27f75
joint,B0,False,2024-06-28,landsat-8,1060,69,2.40868064621208,3.3777594782418587,1.2296608504314939,-0.4708679804290139,True,3b188221263ad4673846ce5170fa622b5395e51a4aaa750114e1793d3986975b,55416c987a2d25f9177dd974307ae595761c1db31ecaa9d7561fb6c42d4d5e7c,00d1e59ce78baffbf9d24361ac8ba16a1d577b22cb193e15596627259190ed07,0c06b88fd09cd514745b699e6b6a7e12901db8d3247e42b582feaf1f7e91c04a,1eafe424a4c718d6a3b18cff938036f958858c70b344740788993b119bfbb04b,9c2f903993167fc2a228b3cfe60a23fe33f57f252bae6299458338cb8eb967ad,3f630dfcc8a1c2a19b093e7fe0f4bdc7f830fef42266fcf1156112f0eb959046,11f4fe862570895441036964a9b308e92c2ee6ba8a87b5da9009ffd5208a4bda,2c6d6a597c6b1b321c4f632291c22dfe5788a058fe82fd65114a5a59d5d0be83,3a365f5dd3e9d410585a34695bb444d67b220c4b40a9348288a540078bc27f75
joint,B0,False,2024-07-14,landsat-8,592,47,3.4425205288258227,4.162238034274766,3.222740871642796,-0.7386485010834205,True,3b188221263ad4673846ce5170fa622b5395e51a4aaa750114e1793d3986975b,55416c987a2d25f9177dd974307ae595761c1db31ecaa9d7561fb6c42d4d5e7c,00d1e59ce78baffbf9d24361ac8ba16a1d577b22cb193e15596627259190ed07,0c06b88fd09cd514745b699e6b6a7e12901db8d3247e42b582feaf1f7e91c04a,1eafe424a4c718d6a3b18cff938036f958858c70b344740788993b119bfbb04b,9c2f903993167fc2a228b3cfe60a23fe33f57f252bae6299458338cb8eb967ad,3f630dfcc8a1c2a19b093e7fe0f4bdc7f830fef42266fcf1156112f0eb959046,11f4fe862570895441036964a9b308e92c2ee6ba8a87b5da9009ffd5208a4bda,2c6d6a597c6b1b321c4f632291c22dfe5788a058fe82fd65114a5a59d5d0be83,3a365f5dd3e9d410585a34695bb444d67b220c4b40a9348288a540078bc27f75
joint,B0,False,2024-07-22,landsat-9,976,67,2.8721514278892695,3.6259809630637463,-0.6368491026149676,-0.6609057394814299,True,3b188221263ad4673846ce5170fa622b5395e51a4aaa750114e1793d3986975b,55416c987a2d25f9177dd974307ae595761c1db31ecaa9d7561fb6c42d4d5e7c,00d1e59ce78baffbf9d24361ac8ba16a1d577b22cb193e15596627259190ed07,0c06b88fd09cd514745b699e6b6a7e12901db8d3247e42b582feaf1f7e91c04a,1eafe424a4c718d6a3b18cff938036f958858c70b344740788993b119bfbb04b,9c2f903993167fc2a228b3cfe60a23fe33f57f252bae6299458338cb8eb967ad,3f630dfcc8a1c2a19b093e7fe0f4bdc7f830fef42266fcf1156112f0eb959046,11f4fe862570895441036964a9b308e92c2ee6ba8a87b5da9009ffd5208a4bda,2c6d6a597c6b1b321c4f632291c22dfe5788a058fe82fd65114a5a59d5d0be83,3a365f5dd3e9d410585a34695bb444d67b220c4b40a9348288a540078bc27f75
joint,B0,False,2024-07-30,landsat-8,1064,69,3.4064538381973644,4.336107664191986,2.7888362190791383,-0.7970774456752768,True,3b188221263ad4673846ce5170fa622b5395e51a4aaa750114e1793d3986975b,55416c987a2d25f9177dd974307ae595761c1db31ecaa9d7561fb6c42d4d5e7c,00d1e59ce78baffbf9d24361ac8ba16a1d577b22cb193e15596627259190ed07,0c06b88fd09cd514745b699e6b6a7e12901db8d3247e42b582feaf1f7e91c04a,1eafe424a4c718d6a3b18cff938036f958858c70b344740788993b119bfbb04b,9c2f903993167fc2a228b3cfe60a23fe33f57f252bae6299458338cb8eb967ad,3f630dfcc8a1c2a19b093e7fe0f4bdc7f830fef42266fcf1156112f0eb959046,11f4fe862570895441036964a9b308e92c2ee6ba8a87b5da9009ffd5208a4bda,2c6d6a597c6b1b321c4f632291c22dfe5788a058fe82fd65114a5a59d5d0be83,3a365f5dd3e9d410585a34695bb444d67b220c4b40a9348288a540078bc27f75
joint,B0,False,2024-08-07,landsat-9,849,67,2.8093732364384647,3.73127767553705,1.9813396394535547,-0.6856075756677591,True,3b188221263ad4673846ce5170fa622b5395e51a4aaa750114e1793d3986975b,55416c987a2d25f9177dd974307ae595761c1db31ecaa9d7561fb6c42d4d5e7c,00d1e59ce78baffbf9d24361ac8ba16a1d577b22cb193e15596627259190ed07,0c06b88fd09cd514745b699e6b6a7e12901db8d3247e42b582feaf1f7e91c04a,1eafe424a4c718d6a3b18cff938036f958858c70b344740788993b119bfbb04b,9c2f903993167fc2a228b3cfe60a23fe33f57f252bae6299458338cb8eb967ad,3f630dfcc8a1c2a19b093e7fe0f4bdc7f830fef42266fcf1156112f0eb959046,11f4fe862570895441036964a9b308e92c2ee6ba8a87b5da9009ffd5208a4bda,2c6d6a597c6b1b321c4f632291c22dfe5788a058fe82fd65114a5a59d5d0be83,3a365f5dd3e9d410585a34695bb444d67b220c4b40a9348288a540078bc27f75
joint,B0,False,2024-08-15,landsat-8,1083,71,2.585798449015644,3.4057442494022854,1.0365784011633958,-0.8042207139767041,True,3b188221263ad4673846ce5170fa622b5395e51a4aaa750114e1793d3986975b,55416c987a2d25f9177dd974307ae595761c1db31ecaa9d7561fb6c42d4d5e7c,00d1e59ce78baffbf9d24361ac8ba16a1d577b22cb193e15596627259190ed07,0c06b88fd09cd514745b699e6b6a7e12901db8d3247e42b582feaf1f7e91c04a,1eafe424a4c718d6a3b18cff938036f958858c70b344740788993b119bfbb04b,9c2f903993167fc2a228b3cfe60a23fe33f57f252bae6299458338cb8eb967ad,3f630dfcc8a1c2a19b093e7fe0f4bdc7f830fef42266fcf1156112f0eb959046,11f4fe862570895441036964a9b308e92c2ee6ba8a87b5da9009ffd5208a4bda,2c6d6a597c6b1b321c4f632291c22dfe5788a058fe82fd65114a5a59d5d0be83,3a365f5dd3e9d410585a34695bb444d67b220c4b40a9348288a540078bc27f75
joint,B0,False,2024-08-23,landsat-9,1041,70,4.107980263268024,4.757542593551664,4.1015829429493476,-0.4287954739309577,True,3b188221263ad4673846ce5170fa622b5395e51a4aaa750114e1793d3986975b,55416c987a2d25f9177dd974307ae595761c1db31ecaa9d7561fb6c42d4d5e7c,00d1e59ce78baffbf9d24361ac8ba16a1d577b22cb193e15596627259190ed07,0c06b88fd09cd514745b699e6b6a7e12901db8d3247e42b582feaf1f7e91c04a,1eafe424a4c718d6a3b18cff938036f958858c70b344740788993b119bfbb04b,9c2f903993167fc2a228b3cfe60a23fe33f57f252bae6299458338cb8eb967ad,3f630dfcc8a1c2a19b093e7fe0f4bdc7f830fef42266fcf1156112f0eb959046,11f4fe862570895441036964a9b308e92c2ee6ba8a87b5da9009ffd5208a4bda,2c6d6a597c6b1b321c4f632291c22dfe5788a058fe82fd65114a5a59d5d0be83,3a365f5dd3e9d410585a34695bb444d67b220c4b40a9348288a540078bc27f75
joint,B0,False,2024-08-31,landsat-8,1048,66,2.266247641735938,2.9701140771845274,1.0109948504285164,-0.7781774938882666,True,3b188221263ad4673846ce5170fa622b5395e51a4aaa750114e1793d3986975b,55416c987a2d25f9177dd974307ae595761c1db31ecaa9d7561fb6c42d4d5e7c,00d1e59ce78baffbf9d24361ac8ba16a1d577b22cb193e15596627259190ed07,0c06b88fd09cd514745b699e6b6a7e12901db8d3247e42b582feaf1f7e91c04a,1eafe424a4c718d6a3b18cff938036f958858c70b344740788993b119bfbb04b,9c2f903993167fc2a228b3cfe60a23fe33f57f252bae6299458338cb8eb967ad,3f630dfcc8a1c2a19b093e7fe0f4bdc7f830fef42266fcf1156112f0eb959046,11f4fe862570895441036964a9b308e92c2ee6ba8a87b5da9009ffd5208a4bda,2c6d6a597c6b1b321c4f632291c22dfe5788a058fe82fd65114a5a59d5d0be83,3a365f5dd3e9d410585a34695bb444d67b220c4b40a9348288a540078bc27f75
joint,B0,False,2024-09-08,landsat-9,1087,71,8.473845988407101,8.83811294876611,-8.46522385428067,-0.70295961812209,True,3b188221263ad4673846ce5170fa622b5395e51a4aaa750114e1793d3986975b,55416c987a2d25f9177dd974307ae595761c1db31ecaa9d7561fb6c42d4d5e7c,00d1e59ce78baffbf9d24361ac8ba16a1d577b22cb193e15596627259190ed07,0c06b88fd09cd514745b699e6b6a7e12901db8d3247e42b582feaf1f7e91c04a,1eafe424a4c718d6a3b18cff938036f958858c70b344740788993b119bfbb04b,9c2f903993167fc2a228b3cfe60a23fe33f57f252bae6299458338cb8eb967ad,3f630dfcc8a1c2a19b093e7fe0f4bdc7f830fef42266fcf1156112f0eb959046,11f4fe862570895441036964a9b308e92c2ee6ba8a87b5da9009ffd5208a4bda,2c6d6a597c6b1b321c4f632291c22dfe5788a058fe82fd65114a5a59d5d0be83,3a365f5dd3e9d410585a34695bb444d67b220c4b40a9348288a540078bc27f75
joint,B0,False,2024-09-24,landsat-9,641,50,2.1767448959384006,2.6926222066577847,1.9354193738107837,-0.6032576477441634,True,3b188221263ad4673846ce5170fa622b5395e51a4aaa750114e1793d3986975b,55416c987a2d25f9177dd974307ae595761c1db31ecaa9d7561fb6c42d4d5e7c,00d1e59ce78baffbf9d24361ac8ba16a1d577b22cb193e15596627259190ed07,0c06b88fd09cd514745b699e6b6a7e12901db8d3247e42b582feaf1f7e91c04a,1eafe424a4c718d6a3b18cff938036f958858c70b344740788993b119bfbb04b,9c2f903993167fc2a228b3cfe60a23fe33f57f252bae6299458338cb8eb967ad,3f630dfcc8a1c2a19b093e7fe0f4bdc7f830fef42266fcf1156112f0eb959046,11f4fe862570895441036964a9b308e92c2ee6ba8a87b5da9009ffd5208a4bda,2c6d6a597c6b1b321c4f632291c22dfe5788a058fe82fd65114a5a59d5d0be83,3a365f5dd3e9d410585a34695bb444d67b220c4b40a9348288a540078bc27f75
joint,B0,False,2024-10-02,landsat-8,1001,63,3.5320334441903976,4.2354839030313824,-2.9403992746810004,-0.6706747873155082,True,3b188221263ad4673846ce5170fa622b5395e51a4aaa750114e1793d3986975b,55416c987a2d25f9177dd974307ae595761c1db31ecaa9d7561fb6c42d4d5e7c,00d1e59ce78baffbf9d24361ac8ba16a1d577b22cb193e15596627259190ed07,0c06b88fd09cd514745b699e6b6a7e12901db8d3247e42b582feaf1f7e91c04a,1eafe424a4c718d6a3b18cff938036f958858c70b344740788993b119bfbb04b,9c2f903993167fc2a228b3cfe60a23fe33f57f252bae6299458338cb8eb967ad,3f630dfcc8a1c2a19b093e7fe0f4bdc7f830fef42266fcf1156112f0eb959046,11f4fe862570895441036964a9b308e92c2ee6ba8a87b5da9009ffd5208a4bda,2c6d6a597c6b1b321c4f632291c22dfe5788a058fe82fd65114a5a59d5d0be83,3a365f5dd3e9d410585a34695bb444d67b220c4b40a9348288a540078bc27f75
joint,B0,False,2024-10-10,landsat-9,870,58,1.3187124010848044,1.7196830728669155,0.5214992896313667,-0.6935675351788197,True,3b188221263ad4673846ce5170fa622b5395e51a4aaa750114e1793d3986975b,55416c987a2d25f9177dd974307ae595761c1db31ecaa9d7561fb6c42d4d5e7c,00d1e59ce78baffbf9d24361ac8ba16a1d577b22cb193e15596627259190ed07,0c06b88fd09cd514745b699e6b6a7e12901db8d3247e42b582feaf1f7e91c04a,1eafe424a4c718d6a3b18cff938036f958858c70b344740788993b119bfbb04b,9c2f903993167fc2a228b3cfe60a23fe33f57f252bae6299458338cb8eb967ad,3f630dfcc8a1c2a19b093e7fe0f4bdc7f830fef42266fcf1156112f0eb959046,11f4fe862570895441036964a9b308e92c2ee6ba8a87b5da9009ffd5208a4bda,2c6d6a597c6b1b321c4f632291c22dfe5788a058fe82fd65114a5a59d5d0be83,3a365f5dd3e9d410585a34695bb444d67b220c4b40a9348288a540078bc27f75
joint,B0,False,2024-10-18,landsat-8,1091,71,3.2093773784571966,3.859969486803346,3.1791341770348676,-0.03670650400335498,True,3b188221263ad4673846ce5170fa622b5395e51a4aaa750114e1793d3986975b,55416c987a2d25f9177dd974307ae595761c1db31ecaa9d7561fb6c42d4d5e7c,00d1e59ce78baffbf9d24361ac8ba16a1d577b22cb193e15596627259190ed07,0c06b88fd09cd514745b699e6b6a7e12901db8d3247e42b582feaf1f7e91c04a,1eafe424a4c718d6a3b18cff938036f958858c70b344740788993b119bfbb04b,9c2f903993167fc2a228b3cfe60a23fe33f57f252bae6299458338cb8eb967ad,3f630dfcc8a1c2a19b093e7fe0f4bdc7f830fef42266fcf1156112f0eb959046,11f4fe862570895441036964a9b308e92c2ee6ba8a87b5da9009ffd5208a4bda,2c6d6a597c6b1b321c4f632291c22dfe5788a058fe82fd65114a5a59d5d0be83,3a365f5dd3e9d410585a34695bb444d67b220c4b40a9348288a540078bc27f75
joint,B1,True,2020-05-16,landsat-8,1061,69,3.1255883634628665,3.6781651885612274,-2.183945835055888,0.2576231463738942,True,3b188221263ad4673846ce5170fa622b5395e51a4aaa750114e1793d3986975b,55416c987a2d25f9177dd974307ae595761c1db31ecaa9d7561fb6c42d4d5e7c,00d1e59ce78baffbf9d24361ac8ba16a1d577b22cb193e15596627259190ed07,0c06b88fd09cd514745b699e6b6a7e12901db8d3247e42b582feaf1f7e91c04a,1eafe424a4c718d6a3b18cff938036f958858c70b344740788993b119bfbb04b,9c2f903993167fc2a228b3cfe60a23fe33f57f252bae6299458338cb8eb967ad,3f630dfcc8a1c2a19b093e7fe0f4bdc7f830fef42266fcf1156112f0eb959046,11f4fe862570895441036964a9b308e92c2ee6ba8a87b5da9009ffd5208a4bda,2c6d6a597c6b1b321c4f632291c22dfe5788a058fe82fd65114a5a59d5d0be83,3a365f5dd3e9d410585a34695bb444d67b220c4b40a9348288a540078bc27f75
joint,B1,True,2020-07-03,landsat-8,1073,70,2.284884912254415,2.783090809200306,-0.7442180640854695,0.4922491846201759,True,3b188221263ad4673846ce5170fa622b5395e51a4aaa750114e1793d3986975b,55416c987a2d25f9177dd974307ae595761c1db31ecaa9d7561fb6c42d4d5e7c,00d1e59ce78baffbf9d24361ac8ba16a1d577b22cb193e15596627259190ed07,0c06b88fd09cd514745b699e6b6a7e12901db8d3247e42b582feaf1f7e91c04a,1eafe424a4c718d6a3b18cff938036f958858c70b344740788993b119bfbb04b,9c2f903993167fc2a228b3cfe60a23fe33f57f252bae6299458338cb8eb967ad,3f630dfcc8a1c2a19b093e7fe0f4bdc7f830fef42266fcf1156112f0eb959046,11f4fe862570895441036964a9b308e92c2ee6ba8a87b5da9009ffd5208a4bda,2c6d6a597c6b1b321c4f632291c22dfe5788a058fe82fd65114a5a59d5d0be83,3a365f5dd3e9d410585a34695bb444d67b220c4b40a9348288a540078bc27f75
joint,B1,True,2020-07-19,landsat-8,1050,68,3.1558720223545187,3.6185683740836367,-2.1086674617990937,0.6086658959359997,True,3b188221263ad4673846ce5170fa622b5395e51a4aaa750114e1793d3986975b,55416c987a2d25f9177dd974307ae595761c1db31ecaa9d7561fb6c42d4d5e7c,00d1e59ce78baffbf9d24361ac8ba16a1d577b22cb193e15596627259190ed07,0c06b88fd09cd514745b699e6b6a7e12901db8d3247e42b582feaf1f7e91c04a,1eafe424a4c718d6a3b18cff938036f958858c70b344740788993b119bfbb04b,9c2f903993167fc2a228b3cfe60a23fe33f57f252bae6299458338cb8eb967ad,3f630dfcc8a1c2a19b093e7fe0f4bdc7f830fef42266fcf1156112f0eb959046,11f4fe862570895441036964a9b308e92c2ee6ba8a87b5da9009ffd5208a4bda,2c6d6a597c6b1b321c4f632291c22dfe5788a058fe82fd65114a5a59d5d0be83,3a365f5dd3e9d410585a34695bb444d67b220c4b40a9348288a540078bc27f75
joint,B1,True,2020-08-20,landsat-8,1080,71,2.0589452645085715,2.647085990566962,0.5707161419942522,0.12841455870276072,True,3b188221263ad4673846ce5170fa622b5395e51a4aaa750114e1793d3986975b,55416c987a2d25f9177dd974307ae595761c1db31ecaa9d7561fb6c42d4d5e7c,00d1e59ce78baffbf9d24361ac8ba16a1d577b22cb193e15596627259190ed07,0c06b88fd09cd514745b699e6b6a7e12901db8d3247e42b582feaf1f7e91c04a,1eafe424a4c718d6a3b18cff938036f958858c70b344740788993b119bfbb04b,9c2f903993167fc2a228b3cfe60a23fe33f57f252bae6299458338cb8eb967ad,3f630dfcc8a1c2a19b093e7fe0f4bdc7f830fef42266fcf1156112f0eb959046,11f4fe862570895441036964a9b308e92c2ee6ba8a87b5da9009ffd5208a4bda,2c6d6a597c6b1b321c4f632291c22dfe5788a058fe82fd65114a5a59d5d0be83,3a365f5dd3e9d410585a34695bb444d67b220c4b40a9348288a540078bc27f75
joint,B1,True,2020-09-05,landsat-8,1086,71,4.42823478073709,4.955912118617735,-4.282488195228862,0.7510591783183492,True,3b188221263ad4673846ce5170fa622b5395e51a4aaa750114e1793d3986975b,55416c987a2d25f9177dd974307ae595761c1db31ecaa9d7561fb6c42d4d5e7c,00d1e59ce78baffbf9d24361ac8ba16a1d577b22cb193e15596627259190ed07,0c06b88fd09cd514745b699e6b6a7e12901db8d3247e42b582feaf1f7e91c04a,1eafe424a4c718d6a3b18cff938036f958858c70b344740788993b119bfbb04b,9c2f903993167fc2a228b3cfe60a23fe33f57f252bae6299458338cb8eb967ad,3f630dfcc8a1c2a19b093e7fe0f4bdc7f830fef42266fcf1156112f0eb959046,11f4fe862570895441036964a9b308e92c2ee6ba8a87b5da9009ffd5208a4bda,2c6d6a597c6b1b321c4f632291c22dfe5788a058fe82fd65114a5a59d5d0be83,3a365f5dd3e9d410585a34695bb444d67b220c4b40a9348288a540078bc27f75
joint,B1,True,2020-09-21,landsat-8,1007,65,1.885535043670568,2.3442266530394034,0.5551912149971784,-0.0543101403184756,True,3b188221263ad4673846ce5170fa622b5395e51a4aaa750114e1793d3986975b,55416c987a2d25f9177dd974307ae595761c1db31ecaa9d7561fb6c42d4d5e7c,00d1e59ce78baffbf9d24361ac8ba16a1d577b22cb193e15596627259190ed07,0c06b88fd09cd514745b699e6b6a7e12901db8d3247e42b582feaf1f7e91c04a,1eafe424a4c718d6a3b18cff938036f958858c70b344740788993b119bfbb04b,9c2f903993167fc2a228b3cfe60a23fe33f57f252bae6299458338cb8eb967ad,3f630dfcc8a1c2a19b093e7fe0f4bdc7f830fef42266fcf1156112f0eb959046,11f4fe862570895441036964a9b308e92c2ee6ba8a87b5da9009ffd5208a4bda,2c6d6a597c6b1b321c4f632291c22dfe5788a058fe82fd65114a5a59d5d0be83,3a365f5dd3e9d410585a34695bb444d67b220c4b40a9348288a540078bc27f75
joint,B1,True,2020-10-07,landsat-8,967,66,2.0915353442407016,2.679028077726323,1.8888734292218803,0.4929508569325813,True,3b188221263ad4673846ce5170fa622b5395e51a4aaa750114e1793d3986975b,55416c987a2d25f9177dd974307ae595761c1db31ecaa9d7561fb6c42d4d5e7c,00d1e59ce78baffbf9d24361ac8ba16a1d577b22cb193e15596627259190ed07,0c06b88fd09cd514745b699e6b6a7e12901db8d3247e42b582feaf1f7e91c04a,1eafe424a4c718d6a3b18cff938036f958858c70b344740788993b119bfbb04b,9c2f903993167fc2a228b3cfe60a23fe33f57f252bae6299458338cb8eb967ad,3f630dfcc8a1c2a19b093e7fe0f4bdc7f830fef42266fcf1156112f0eb959046,11f4fe862570895441036964a9b308e92c2ee6ba8a87b5da9009ffd5208a4bda,2c6d6a597c6b1b321c4f632291c22dfe5788a058fe82fd65114a5a59d5d0be83,3a365f5dd3e9d410585a34695bb444d67b220c4b40a9348288a540078bc27f75
joint,B1,True,2021-05-03,landsat-8,1019,64,3.421204456033558,4.042903859558703,-3.018478511916233,-0.24470812790544968,True,3b188221263ad4673846ce5170fa622b5395e51a4aaa750114e1793d3986975b,55416c987a2d25f9177dd974307ae595761c1db31ecaa9d7561fb6c42d4d5e7c,00d1e59ce78baffbf9d24361ac8ba16a1d577b22cb193e15596627259190ed07,0c06b88fd09cd514745b699e6b6a7e12901db8d3247e42b582feaf1f7e91c04a,1eafe424a4c718d6a3b18cff938036f958858c70b344740788993b119bfbb04b,9c2f903993167fc2a228b3cfe60a23fe33f57f252bae6299458338cb8eb967ad,3f630dfcc8a1c2a19b093e7fe0f4bdc7f830fef42266fcf1156112f0eb959046,11f4fe862570895441036964a9b308e92c2ee6ba8a87b5da9009ffd5208a4bda,2c6d6a597c6b1b321c4f632291c22dfe5788a058fe82fd65114a5a59d5d0be83,3a365f5dd3e9d410585a34695bb444d67b220c4b40a9348288a540078bc27f75
joint,B1,True,2021-06-04,landsat-8,953,61,1.8495261221263113,2.66249231596636,1.3859412026642994,0.47883993024623367,True,3b188221263ad4673846ce5170fa622b5395e51a4aaa750114e1793d3986975b,55416c987a2d25f9177dd974307ae595761c1db31ecaa9d7561fb6c42d4d5e7c,00d1e59ce78baffbf9d24361ac8ba16a1d577b22cb193e15596627259190ed07,0c06b88fd09cd514745b699e6b6a7e12901db8d3247e42b582feaf1f7e91c04a,1eafe424a4c718d6a3b18cff938036f958858c70b344740788993b119bfbb04b,9c2f903993167fc2a228b3cfe60a23fe33f57f252bae6299458338cb8eb967ad,3f630dfcc8a1c2a19b093e7fe0f4bdc7f830fef42266fcf1156112f0eb959046,11f4fe862570895441036964a9b308e92c2ee6ba8a87b5da9009ffd5208a4bda,2c6d6a597c6b1b321c4f632291c22dfe5788a058fe82fd65114a5a59d5d0be83,3a365f5dd3e9d410585a34695bb444d67b220c4b40a9348288a540078bc27f75
joint,B1,True,2021-06-20,landsat-8,993,62,2.1813540621239187,2.7659633855500103,-0.4545586475541855,0.47367869615700353,True,3b188221263ad4673846ce5170fa622b5395e51a4aaa750114e1793d3986975b,55416c987a2d25f9177dd974307ae595761c1db31ecaa9d7561fb6c42d4d5e7c,00d1e59ce78baffbf9d24361ac8ba16a1d577b22cb193e15596627259190ed07,0c06b88fd09cd514745b699e6b6a7e12901db8d3247e42b582feaf1f7e91c04a,1eafe424a4c718d6a3b18cff938036f958858c70b344740788993b119bfbb04b,9c2f903993167fc2a228b3cfe60a23fe33f57f252bae6299458338cb8eb967ad,3f630dfcc8a1c2a19b093e7fe0f4bdc7f830fef42266fcf1156112f0eb959046,11f4fe862570895441036964a9b308e92c2ee6ba8a87b5da9009ffd5208a4bda,2c6d6a597c6b1b321c4f632291c22dfe5788a058fe82fd65114a5a59d5d0be83,3a365f5dd3e9d410585a34695bb444d67b220c4b40a9348288a540078bc27f75
joint,B1,True,2021-07-06,landsat-8,1068,66,1.994739532577269,2.4979339957773763,-0.33735854118575725,0.34966519809809177,True,3b188221263ad4673846ce5170fa622b5395e51a4aaa750114e1793d3986975b,55416c987a2d25f9177dd974307ae595761c1db31ecaa9d7561fb6c42d4d5e7c,00d1e59ce78baffbf9d24361ac8ba16a1d577b22cb193e15596627259190ed07,0c06b88fd09cd514745b699e6b6a7e12901db8d3247e42b582feaf1f7e91c04a,1eafe424a4c718d6a3b18cff938036f958858c70b344740788993b119bfbb04b,9c2f903993167fc2a228b3cfe60a23fe33f57f252bae6299458338cb8eb967ad,3f630dfcc8a1c2a19b093e7fe0f4bdc7f830fef42266fcf1156112f0eb959046,11f4fe862570895441036964a9b308e92c2ee6ba8a87b5da9009ffd5208a4bda,2c6d6a597c6b1b321c4f632291c22dfe5788a058fe82fd65114a5a59d5d0be83,3a365f5dd3e9d410585a34695bb444d67b220c4b40a9348288a540078bc27f75
joint,B1,True,2021-08-07,landsat-8,1064,69,2.0062811343992735,2.4676543698269633,-0.38004487948773846,0.2320706664450455,True,3b188221263ad4673846ce5170fa622b5395e51a4aaa750114e1793d3986975b,55416c987a2d25f9177dd974307ae595761c1db31ecaa9d7561fb6c42d4d5e7c,00d1e59ce78baffbf9d24361ac8ba16a1d577b22cb193e15596627259190ed07,0c06b88fd09cd514745b699e6b6a7e12901db8d3247e42b582feaf1f7e91c04a,1eafe424a4c718d6a3b18cff938036f958858c70b344740788993b119bfbb04b,9c2f903993167fc2a228b3cfe60a23fe33f57f252bae6299458338cb8eb967ad,3f630dfcc8a1c2a19b093e7fe0f4bdc7f830fef42266fcf1156112f0eb959046,11f4fe862570895441036964a9b308e92c2ee6ba8a87b5da9009ffd5208a4bda,2c6d6a597c6b1b321c4f632291c22dfe5788a058fe82fd65114a5a59d5d0be83,3a365f5dd3e9d410585a34695bb444d67b220c4b40a9348288a540078bc27f75
joint,B1,True,2021-09-08,landsat-8,1020,65,2.7353414930804907,3.3790028247485253,2.706329733068164,0.3830801610764214,True,3b188221263ad4673846ce5170fa622b5395e51a4aaa750114e1793d3986975b,55416c987a2d25f9177dd974307ae595761c1db31ecaa9d7561fb6c42d4d5e7c,00d1e59ce78baffbf9d24361ac8ba16a1d577b22cb193e15596627259190ed07,0c06b88fd09cd514745b699e6b6a7e12901db8d3247e42b582feaf1f7e91c04a,1eafe424a4c718d6a3b18cff938036f958858c70b344740788993b119bfbb04b,9c2f903993167fc2a228b3cfe60a23fe33f57f252bae6299458338cb8eb967ad,3f630dfcc8a1c2a19b093e7fe0f4bdc7f830fef42266fcf1156112f0eb959046,11f4fe862570895441036964a9b308e92c2ee6ba8a87b5da9009ffd5208a4bda,2c6d6a597c6b1b321c4f632291c22dfe5788a058fe82fd65114a5a59d5d0be83,3a365f5dd3e9d410585a34695bb444d67b220c4b40a9348288a540078bc27f75
joint,B1,True,2021-09-24,landsat-8,822,59,1.577961483887344,1.9193914987974596,0.5431835180148384,0.13377712225833754,True,3b188221263ad4673846ce5170fa622b5395e51a4aaa750114e1793d3986975b,55416c987a2d25f9177dd974307ae595761c1db31ecaa9d7561fb6c42d4d5e7c,00d1e59ce78baffbf9d24361ac8ba16a1d577b22cb193e15596627259190ed07,0c06b88fd09cd514745b699e6b6a7e12901db8d3247e42b582feaf1f7e91c04a,1eafe424a4c718d6a3b18cff938036f958858c70b344740788993b119bfbb04b,9c2f903993167fc2a228b3cfe60a23fe33f57f252bae6299458338cb8eb967ad,3f630dfcc8a1c2a19b093e7fe0f4bdc7f830fef42266fcf1156112f0eb959046,11f4fe862570895441036964a9b308e92c2ee6ba8a87b5da9009ffd5208a4bda,2c6d6a597c6b1b321c4f632291c22dfe5788a058fe82fd65114a5a59d5d0be83,3a365f5dd3e9d410585a34695bb444d67b220c4b40a9348288a540078bc27f75
joint,B1,True,2021-10-10,landsat-8,905,65,4.863695030285547,5.126150457625711,-4.8542414540274175,0.015817624716664876,True,3b188221263ad4673846ce5170fa622b5395e51a4aaa750114e1793d3986975b,55416c987a2d25f9177dd974307ae595761c1db31ecaa9d7561fb6c42d4d5e7c,00d1e59ce78baffbf9d24361ac8ba16a1d577b22cb193e15596627259190ed07,0c06b88fd09cd514745b699e6b6a7e12901db8d3247e42b582feaf1f7e91c04a,1eafe424a4c718d6a3b18cff938036f958858c70b344740788993b119bfbb04b,9c2f903993167fc2a228b3cfe60a23fe33f57f252bae6299458338cb8eb967ad,3f630dfcc8a1c2a19b093e7fe0f4bdc7f830fef42266fcf1156112f0eb959046,11f4fe862570895441036964a9b308e92c2ee6ba8a87b5da9009ffd5208a4bda,2c6d6a597c6b1b321c4f632291c22dfe5788a058fe82fd65114a5a59d5d0be83,3a365f5dd3e9d410585a34695bb444d67b220c4b40a9348288a540078bc27f75
joint,B1,True,2021-10-26,landsat-8,1094,71,4.100202421640214,5.05956220979668,-2.868078234022013,-0.04838348142495767,True,3b188221263ad4673846ce5170fa622b5395e51a4aaa750114e1793d3986975b,55416c987a2d25f9177dd974307ae595761c1db31ecaa9d7561fb6c42d4d5e7c,00d1e59ce78baffbf9d24361ac8ba16a1d577b22cb193e15596627259190ed07,0c06b88fd09cd514745b699e6b6a7e12901db8d3247e42b582feaf1f7e91c04a,1eafe424a4c718d6a3b18cff938036f958858c70b344740788993b119bfbb04b,9c2f903993167fc2a228b3cfe60a23fe33f57f252bae6299458338cb8eb967ad,3f630dfcc8a1c2a19b093e7fe0f4bdc7f830fef42266fcf1156112f0eb959046,11f4fe862570895441036964a9b308e92c2ee6ba8a87b5da9009ffd5208a4bda,2c6d6a597c6b1b321c4f632291c22dfe5788a058fe82fd65114a5a59d5d0be83,3a365f5dd3e9d410585a34695bb444d67b220c4b40a9348288a540078bc27f75
joint,B1,True,2022-05-06,landsat-8,978,62,1.7502279037180053,2.2979672971856075,0.8488963275522594,0.5610675348271184,True,3b188221263ad4673846ce5170fa622b5395e51a4aaa750114e1793d3986975b,55416c987a2d25f9177dd974307ae595761c1db31ecaa9d7561fb6c42d4d5e7c,00d1e59ce78baffbf9d24361ac8ba16a1d577b22cb193e15596627259190ed07,0c06b88fd09cd514745b699e6b6a7e12901db8d3247e42b582feaf1f7e91c04a,1eafe424a4c718d6a3b18cff938036f958858c70b344740788993b119bfbb04b,9c2f903993167fc2a228b3cfe60a23fe33f57f252bae6299458338cb8eb967ad,3f630dfcc8a1c2a19b093e7fe0f4bdc7f830fef42266fcf1156112f0eb959046,11f4fe862570895441036964a9b308e92c2ee6ba8a87b5da9009ffd5208a4bda,2c6d6a597c6b1b321c4f632291c22dfe5788a058fe82fd65114a5a59d5d0be83,3a365f5dd3e9d410585a34695bb444d67b220c4b40a9348288a540078bc27f75
joint,B1,True,2022-05-14,landsat-9,989,69,2.876223528787611,3.42517255860213,-0.45744586679923394,-0.0323403074426326,True,3b188221263ad4673846ce5170fa622b5395e51a4aaa750114e1793d3986975b,55416c987a2d25f9177dd974307ae595761c1db31ecaa9d7561fb6c42d4d5e7c,00d1e59ce78baffbf9d24361ac8ba16a1d577b22cb193e15596627259190ed07,0c06b88fd09cd514745b699e6b6a7e12901db8d3247e42b582feaf1f7e91c04a,1eafe424a4c718d6a3b18cff938036f958858c70b344740788993b119bfbb04b,9c2f903993167fc2a228b3cfe60a23fe33f57f252bae6299458338cb8eb967ad,3f630dfcc8a1c2a19b093e7fe0f4bdc7f830fef42266fcf1156112f0eb959046,11f4fe862570895441036964a9b308e92c2ee6ba8a87b5da9009ffd5208a4bda,2c6d6a597c6b1b321c4f632291c22dfe5788a058fe82fd65114a5a59d5d0be83,3a365f5dd3e9d410585a34695bb444d67b220c4b40a9348288a540078bc27f75
joint,B1,True,2022-05-22,landsat-8,818,58,2.366206006087722,2.8393175155281933,1.3807249577534442,-0.3135130677132097,True,3b188221263ad4673846ce5170fa622b5395e51a4aaa750114e1793d3986975b,55416c987a2d25f9177dd974307ae595761c1db31ecaa9d7561fb6c42d4d5e7c,00d1e59ce78baffbf9d24361ac8ba16a1d577b22cb193e15596627259190ed07,0c06b88fd09cd514745b699e6b6a7e12901db8d3247e42b582feaf1f7e91c04a,1eafe424a4c718d6a3b18cff938036f958858c70b344740788993b119bfbb04b,9c2f903993167fc2a228b3cfe60a23fe33f57f252bae6299458338cb8eb967ad,3f630dfcc8a1c2a19b093e7fe0f4bdc7f830fef42266fcf1156112f0eb959046,11f4fe862570895441036964a9b308e92c2ee6ba8a87b5da9009ffd5208a4bda,2c6d6a597c6b1b321c4f632291c22dfe5788a058fe82fd65114a5a59d5d0be83,3a365f5dd3e9d410585a34695bb444d67b220c4b40a9348288a540078bc27f75
joint,B1,True,2022-05-30,landsat-9,1055,67,1.853229190376128,2.409405630412886,0.18825349126185126,0.35875747096531674,True,3b188221263ad4673846ce5170fa622b5395e51a4aaa750114e1793d3986975b,55416c987a2d25f9177dd974307ae595761c1db31ecaa9d7561fb6c42d4d5e7c,00d1e59ce78baffbf9d24361ac8ba16a1d577b22cb193e15596627259190ed07,0c06b88fd09cd514745b699e6b6a7e12901db8d3247e42b582feaf1f7e91c04a,1eafe424a4c718d6a3b18cff938036f958858c70b344740788993b119bfbb04b,9c2f903993167fc2a228b3cfe60a23fe33f57f252bae6299458338cb8eb967ad,3f630dfcc8a1c2a19b093e7fe0f4bdc7f830fef42266fcf1156112f0eb959046,11f4fe862570895441036964a9b308e92c2ee6ba8a87b5da9009ffd5208a4bda,2c6d6a597c6b1b321c4f632291c22dfe5788a058fe82fd65114a5a59d5d0be83,3a365f5dd3e9d410585a34695bb444d67b220c4b40a9348288a540078bc27f75
joint,B1,True,2022-06-07,landsat-8,967,61,1.9468647591801989,2.762928097615535,1.313553664678686,0.20293248487533572,True,3b188221263ad4673846ce5170fa622b5395e51a4aaa750114e1793d3986975b,55416c987a2d25f9177dd974307ae595761c1db31ecaa9d7561fb6c42d4d5e7c,00d1e59ce78baffbf9d24361ac8ba16a1d577b22cb193e15596627259190ed07,0c06b88fd09cd514745b699e6b6a7e12901db8d3247e42b582feaf1f7e91c04a,1eafe424a4c718d6a3b18cff938036f958858c70b344740788993b119bfbb04b,9c2f903993167fc2a228b3cfe60a23fe33f57f252bae6299458338cb8eb967ad,3f630dfcc8a1c2a19b093e7fe0f4bdc7f830fef42266fcf1156112f0eb959046,11f4fe862570895441036964a9b308e92c2ee6ba8a87b5da9009ffd5208a4bda,2c6d6a597c6b1b321c4f632291c22dfe5788a058fe82fd65114a5a59d5d0be83,3a365f5dd3e9d410585a34695bb444d67b220c4b40a9348288a540078bc27f75
joint,B1,True,2022-06-15,landsat-9,1067,69,1.991175152874793,2.7399748530808097,1.1255675161691707,0.3941225642433226,True,3b188221263ad4673846ce5170fa622b5395e51a4aaa750114e1793d3986975b,55416c987a2d25f9177dd974307ae595761c1db31ecaa9d7561fb6c42d4d5e7c,00d1e59ce78baffbf9d24361ac8ba16a1d577b22cb193e15596627259190ed07,0c06b88fd09cd514745b699e6b6a7e12901db8d3247e42b582feaf1f7e91c04a,1eafe424a4c718d6a3b18cff938036f958858c70b344740788993b119bfbb04b,9c2f903993167fc2a228b3cfe60a23fe33f57f252bae6299458338cb8eb967ad,3f630dfcc8a1c2a19b093e7fe0f4bdc7f830fef42266fcf1156112f0eb959046,11f4fe862570895441036964a9b308e92c2ee6ba8a87b5da9009ffd5208a4bda,2c6d6a597c6b1b321c4f632291c22dfe5788a058fe82fd65114a5a59d5d0be83,3a365f5dd3e9d410585a34695bb444d67b220c4b40a9348288a540078bc27f75
joint,B1,True,2022-06-23,landsat-8,1059,69,2.230892934401994,2.7032011416960082,-0.41590157885788326,0.6964153152352659,True,3b188221263ad4673846ce5170fa622b5395e51a4aaa750114e1793d3986975b,55416c987a2d25f9177dd974307ae595761c1db31ecaa9d7561fb6c42d4d5e7c,00d1e59ce78baffbf9d24361ac8ba16a1d577b22cb193e15596627259190ed07,0c06b88fd09cd514745b699e6b6a7e12901db8d3247e42b582feaf1f7e91c04a,1eafe424a4c718d6a3b18cff938036f958858c70b344740788993b119bfbb04b,9c2f903993167fc2a228b3cfe60a23fe33f57f252bae6299458338cb8eb967ad,3f630dfcc8a1c2a19b093e7fe0f4bdc7f830fef42266fcf1156112f0eb959046,11f4fe862570895441036964a9b308e92c2ee6ba8a87b5da9009ffd5208a4bda,2c6d6a597c6b1b321c4f632291c22dfe5788a058fe82fd65114a5a59d5d0be83,3a365f5dd3e9d410585a34695bb444d67b220c4b40a9348288a540078bc27f75
joint,B1,True,2022-07-01,landsat-9,1072,70,1.8416816080440879,2.497126482637898,0.2213423548903323,0.30436728981659367,True,3b188221263ad4673846ce5170fa622b5395e51a4aaa750114e1793d3986975b,55416c987a2d25f9177dd974307ae595761c1db31ecaa9d7561fb6c42d4d5e7c,00d1e59ce78baffbf9d24361ac8ba16a1d577b22cb193e15596627259190ed07,0c06b88fd09cd514745b699e6b6a7e12901db8d3247e42b582feaf1f7e91c04a,1eafe424a4c718d6a3b18cff938036f958858c70b344740788993b119bfbb04b,9c2f903993167fc2a228b3cfe60a23fe33f57f252bae6299458338cb8eb967ad,3f630dfcc8a1c2a19b093e7fe0f4bdc7f830fef42266fcf1156112f0eb959046,11f4fe862570895441036964a9b308e92c2ee6ba8a87b5da9009ffd5208a4bda,2c6d6a597c6b1b321c4f632291c22dfe5788a058fe82fd65114a5a59d5d0be83,3a365f5dd3e9d410585a34695bb444d67b220c4b40a9348288a540078bc27f75
joint,B1,True,2022-07-09,landsat-8,1050,67,2.375980709881271,2.9036144676746702,-0.7459596382497445,0.6813860890430639,True,3b188221263ad4673846ce5170fa622b5395e51a4aaa750114e1793d3986975b,55416c987a2d25f9177dd974307ae595761c1db31ecaa9d7561fb6c42d4d5e7c,00d1e59ce78baffbf9d24361ac8ba16a1d577b22cb193e15596627259190ed07,0c06b88fd09cd514745b699e6b6a7e12901db8d3247e42b582feaf1f7e91c04a,1eafe424a4c718d6a3b18cff938036f958858c70b344740788993b119bfbb04b,9c2f903993167fc2a228b3cfe60a23fe33f57f252bae6299458338cb8eb967ad,3f630dfcc8a1c2a19b093e7fe0f4bdc7f830fef42266fcf1156112f0eb959046,11f4fe862570895441036964a9b308e92c2ee6ba8a87b5da9009ffd5208a4bda,2c6d6a597c6b1b321c4f632291c22dfe5788a058fe82fd65114a5a59d5d0be83,3a365f5dd3e9d410585a34695bb444d67b220c4b40a9348288a540078bc27f75
joint,B1,True,2022-07-17,landsat-9,1008,69,5.266507270830191,5.773745449917951,-5.154389406512029,0.40544933468314304,True,3b188221263ad4673846ce5170fa622b5395e51a4aaa750114e1793d3986975b,55416c987a2d25f9177dd974307ae595761c1db31ecaa9d7561fb6c42d4d5e7c,00d1e59ce78baffbf9d24361ac8ba16a1d577b22cb193e15596627259190ed07,0c06b88fd09cd514745b699e6b6a7e12901db8d3247e42b582feaf1f7e91c04a,1eafe424a4c718d6a3b18cff938036f958858c70b344740788993b119bfbb04b,9c2f903993167fc2a228b3cfe60a23fe33f57f252bae6299458338cb8eb967ad,3f630dfcc8a1c2a19b093e7fe0f4bdc7f830fef42266fcf1156112f0eb959046,11f4fe862570895441036964a9b308e92c2ee6ba8a87b5da9009ffd5208a4bda,2c6d6a597c6b1b321c4f632291c22dfe5788a058fe82fd65114a5a59d5d0be83,3a365f5dd3e9d410585a34695bb444d67b220c4b40a9348288a540078bc27f75
joint,B1,True,2022-07-25,landsat-8,1054,68,1.8498221227798077,2.3628667750389067,-0.05218011314451002,0.3457329818281557,True,3b188221263ad4673846ce5170fa622b5395e51a4aaa750114e1793d3986975b,55416c987a2d25f9177dd974307ae595761c1db31ecaa9d7561fb6c42d4d5e7c,00d1e59ce78baffbf9d24361ac8ba16a1d577b22cb193e15596627259190ed07,0c06b88fd09cd514745b699e6b6a7e12901db8d3247e42b582feaf1f7e91c04a,1eafe424a4c718d6a3b18cff938036f958858c70b344740788993b119bfbb04b,9c2f903993167fc2a228b3cfe60a23fe33f57f252bae6299458338cb8eb967ad,3f630dfcc8a1c2a19b093e7fe0f4bdc7f830fef42266fcf1156112f0eb959046,11f4fe862570895441036964a9b308e92c2ee6ba8a87b5da9009ffd5208a4bda,2c6d6a597c6b1b321c4f632291c22dfe5788a058fe82fd65114a5a59d5d0be83,3a365f5dd3e9d410585a34695bb444d67b220c4b40a9348288a540078bc27f75
joint,B1,True,2022-08-02,landsat-9,1026,67,1.887773785597188,2.4608682061026537,0.23601124135098692,0.712097985461281,True,3b188221263ad4673846ce5170fa622b5395e51a4aaa750114e1793d3986975b,55416c987a2d25f9177dd974307ae595761c1db31ecaa9d7561fb6c42d4d5e7c,00d1e59ce78baffbf9d24361ac8ba16a1d577b22cb193e15596627259190ed07,0c06b88fd09cd514745b699e6b6a7e12901db8d3247e42b582feaf1f7e91c04a,1eafe424a4c718d6a3b18cff938036f958858c70b344740788993b119bfbb04b,9c2f903993167fc2a228b3cfe60a23fe33f57f252bae6299458338cb8eb967ad,3f630dfcc8a1c2a19b093e7fe0f4bdc7f830fef42266fcf1156112f0eb959046,11f4fe862570895441036964a9b308e92c2ee6ba8a87b5da9009ffd5208a4bda,2c6d6a597c6b1b321c4f632291c22dfe5788a058fe82fd65114a5a59d5d0be83,3a365f5dd3e9d410585a34695bb444d67b220c4b40a9348288a540078bc27f75
joint,B1,True,2022-08-18,landsat-9,1034,66,2.545961975203554,2.946286338716852,-1.2223552924665118,0.734481804543619,True,3b188221263ad4673846ce5170fa622b5395e51a4aaa750114e1793d3986975b,55416c987a2d25f9177dd974307ae595761c1db31ecaa9d7561fb6c42d4d5e7c,00d1e59ce78baffbf9d24361ac8ba16a1d577b22cb193e15596627259190ed07,0c06b88fd09cd514745b699e6b6a7e12901db8d3247e42b582feaf1f7e91c04a,1eafe424a4c718d6a3b18cff938036f958858c70b344740788993b119bfbb04b,9c2f903993167fc2a228b3cfe60a23fe33f57f252bae6299458338cb8eb967ad,3f630dfcc8a1c2a19b093e7fe0f4bdc7f830fef42266fcf1156112f0eb959046,11f4fe862570895441036964a9b308e92c2ee6ba8a87b5da9009ffd5208a4bda,2c6d6a597c6b1b321c4f632291c22dfe5788a058fe82fd65114a5a59d5d0be83,3a365f5dd3e9d410585a34695bb444d67b220c4b40a9348288a540078bc27f75
joint,B1,True,2022-08-26,landsat-8,1058,69,2.725910092764609,3.2039053445062793,-1.5120261412942058,0.5255276361603615,True,3b188221263ad4673846ce5170fa622b5395e51a4aaa750114e1793d3986975b,55416c987a2d25f9177dd974307ae595761c1db31ecaa9d7561fb6c42d4d5e7c,00d1e59ce78baffbf9d24361ac8ba16a1d577b22cb193e15596627259190ed07,0c06b88fd09cd514745b699e6b6a7e12901db8d3247e42b582feaf1f7e91c04a,1eafe424a4c718d6a3b18cff938036f958858c70b344740788993b119bfbb04b,9c2f903993167fc2a228b3cfe60a23fe33f57f252bae6299458338cb8eb967ad,3f630dfcc8a1c2a19b093e7fe0f4bdc7f830fef42266fcf1156112f0eb959046,11f4fe862570895441036964a9b308e92c2ee6ba8a87b5da9009ffd5208a4bda,2c6d6a597c6b1b321c4f632291c22dfe5788a058fe82fd65114a5a59d5d0be83,3a365f5dd3e9d410585a34695bb444d67b220c4b40a9348288a540078bc27f75
joint,B1,True,2022-09-03,landsat-9,1085,71,5.102332766314781,5.562826779343919,-4.980657907791787,0.39913434312242513,True,3b188221263ad4673846ce5170fa622b5395e51a4aaa750114e1793d3986975b,55416c987a2d25f9177dd974307ae595761c1db31ecaa9d7561fb6c42d4d5e7c,00d1e59ce78baffbf9d24361ac8ba16a1d577b22cb193e15596627259190ed07,0c06b88fd09cd514745b699e6b6a7e12901db8d3247e42b582feaf1f7e91c04a,1eafe424a4c718d6a3b18cff938036f958858c70b344740788993b119bfbb04b,9c2f903993167fc2a228b3cfe60a23fe33f57f252bae6299458338cb8eb967ad,3f630dfcc8a1c2a19b093e7fe0f4bdc7f830fef42266fcf1156112f0eb959046,11f4fe862570895441036964a9b308e92c2ee6ba8a87b5da9009ffd5208a4bda,2c6d6a597c6b1b321c4f632291c22dfe5788a058fe82fd65114a5a59d5d0be83,3a365f5dd3e9d410585a34695bb444d67b220c4b40a9348288a540078bc27f75
joint,B1,True,2022-09-27,landsat-8,1081,71,2.5417284595962566,2.980989164896305,-2.013432843513719,0.6405936981959639,True,3b188221263ad4673846ce5170fa622b5395e51a4aaa750114e1793d3986975b,55416c987a2d25f9177dd974307ae595761c1db31ecaa9d7561fb6c42d4d5e7c,00d1e59ce78baffbf9d24361ac8ba16a1d577b22cb193e15596627259190ed07,0c06b88fd09cd514745b699e6b6a7e12901db8d3247e42b582feaf1f7e91c04a,1eafe424a4c718d6a3b18cff938036f958858c70b344740788993b119bfbb04b,9c2f903993167fc2a228b3cfe60a23fe33f57f252bae6299458338cb8eb967ad,3f630dfcc8a1c2a19b093e7fe0f4bdc7f830fef42266fcf1156112f0eb959046,11f4fe862570895441036964a9b308e92c2ee6ba8a87b5da9009ffd5208a4bda,2c6d6a597c6b1b321c4f632291c22dfe5788a058fe82fd65114a5a59d5d0be83,3a365f5dd3e9d410585a34695bb444d67b220c4b40a9348288a540078bc27f75
joint,B1,True,2022-10-05,landsat-9,921,59,1.293223061634405,1.6739996170508926,0.27076865747211776,0.47831225719406356,True,3b188221263ad4673846ce5170fa622b5395e51a4aaa750114e1793d3986975b,55416c987a2d25f9177dd974307ae595761c1db31ecaa9d7561fb6c42d4d5e7c,00d1e59ce78baffbf9d24361ac8ba16a1d577b22cb193e15596627259190ed07,0c06b88fd09cd514745b699e6b6a7e12901db8d3247e42b582feaf1f7e91c04a,1eafe424a4c718d6a3b18cff938036f958858c70b344740788993b119bfbb04b,9c2f903993167fc2a228b3cfe60a23fe33f57f252bae6299458338cb8eb967ad,3f630dfcc8a1c2a19b093e7fe0f4bdc7f830fef42266fcf1156112f0eb959046,11f4fe862570895441036964a9b308e92c2ee6ba8a87b5da9009ffd5208a4bda,2c6d6a597c6b1b321c4f632291c22dfe5788a058fe82fd65114a5a59d5d0be83,3a365f5dd3e9d410585a34695bb444d67b220c4b40a9348288a540078bc27f75
joint,B1,True,2022-10-21,landsat-9,701,63,2.7087977730573005,3.064791487673924,2.70527720466751,-0.13414608359193184,True,3b188221263ad4673846ce5170fa622b5395e51a4aaa750114e1793d3986975b,55416c987a2d25f9177dd974307ae595761c1db31ecaa9d7561fb6c42d4d5e7c,00d1e59ce78baffbf9d24361ac8ba16a1d577b22cb193e15596627259190ed07,0c06b88fd09cd514745b699e6b6a7e12901db8d3247e42b582feaf1f7e91c04a,1eafe424a4c718d6a3b18cff938036f958858c70b344740788993b119bfbb04b,9c2f903993167fc2a228b3cfe60a23fe33f57f252bae6299458338cb8eb967ad,3f630dfcc8a1c2a19b093e7fe0f4bdc7f830fef42266fcf1156112f0eb959046,11f4fe862570895441036964a9b308e92c2ee6ba8a87b5da9009ffd5208a4bda,2c6d6a597c6b1b321c4f632291c22dfe5788a058fe82fd65114a5a59d5d0be83,3a365f5dd3e9d410585a34695bb444d67b220c4b40a9348288a540078bc27f75
joint,B1,True,2022-10-29,landsat-8,969,67,1.2223359559243792,1.6097368145894644,0.7081017370363185,0.00421970457366296,True,3b188221263ad4673846ce5170fa622b5395e51a4aaa750114e1793d3986975b,55416c987a2d25f9177dd974307ae595761c1db31ecaa9d7561fb6c42d4d5e7c,00d1e59ce78baffbf9d24361ac8ba16a1d577b22cb193e15596627259190ed07,0c06b88fd09cd514745b699e6b6a7e12901db8d3247e42b582feaf1f7e91c04a,1eafe424a4c718d6a3b18cff938036f958858c70b344740788993b119bfbb04b,9c2f903993167fc2a228b3cfe60a23fe33f57f252bae6299458338cb8eb967ad,3f630dfcc8a1c2a19b093e7fe0f4bdc7f830fef42266fcf1156112f0eb959046,11f4fe862570895441036964a9b308e92c2ee6ba8a87b5da9009ffd5208a4bda,2c6d6a597c6b1b321c4f632291c22dfe5788a058fe82fd65114a5a59d5d0be83,3a365f5dd3e9d410585a34695bb444d67b220c4b40a9348288a540078bc27f75
joint,B1,True,2023-05-17,landsat-9,788,52,2.0281247041392323,2.7104278367488868,1.8385097491676108,0.4412337086923733,True,3b188221263ad4673846ce5170fa622b5395e51a4aaa750114e1793d3986975b,55416c987a2d25f9177dd974307ae595761c1db31ecaa9d7561fb6c42d4d5e7c,00d1e59ce78baffbf9d24361ac8ba16a1d577b22cb193e15596627259190ed07,0c06b88fd09cd514745b699e6b6a7e12901db8d3247e42b582feaf1f7e91c04a,1eafe424a4c718d6a3b18cff938036f958858c70b344740788993b119bfbb04b,9c2f903993167fc2a228b3cfe60a23fe33f57f252bae6299458338cb8eb967ad,3f630dfcc8a1c2a19b093e7fe0f4bdc7f830fef42266fcf1156112f0eb959046,11f4fe862570895441036964a9b308e92c2ee6ba8a87b5da9009ffd5208a4bda,2c6d6a597c6b1b321c4f632291c22dfe5788a058fe82fd65114a5a59d5d0be83,3a365f5dd3e9d410585a34695bb444d67b220c4b40a9348288a540078bc27f75
joint,B1,True,2023-06-26,landsat-8,1038,62,2.433829457578866,2.9022828486553527,-1.3316373421011252,0.3110616301387497,True,3b188221263ad4673846ce5170fa622b5395e51a4aaa750114e1793d3986975b,55416c987a2d25f9177dd974307ae595761c1db31ecaa9d7561fb6c42d4d5e7c,00d1e59ce78baffbf9d24361ac8ba16a1d577b22cb193e15596627259190ed07,0c06b88fd09cd514745b699e6b6a7e12901db8d3247e42b582feaf1f7e91c04a,1eafe424a4c718d6a3b18cff938036f958858c70b344740788993b119bfbb04b,9c2f903993167fc2a228b3cfe60a23fe33f57f252bae6299458338cb8eb967ad,3f630dfcc8a1c2a19b093e7fe0f4bdc7f830fef42266fcf1156112f0eb959046,11f4fe862570895441036964a9b308e92c2ee6ba8a87b5da9009ffd5208a4bda,2c6d6a597c6b1b321c4f632291c22dfe5788a058fe82fd65114a5a59d5d0be83,3a365f5dd3e9d410585a34695bb444d67b220c4b40a9348288a540078bc27f75
joint,B1,True,2023-07-04,landsat-9,1059,66,3.8534953624023998,4.6620515529784265,3.373008141425099,0.022183779648349007,True,3b188221263ad4673846ce5170fa622b5395e51a4aaa750114e1793d3986975b,55416c987a2d25f9177dd974307ae595761c1db31ecaa9d7561fb6c42d4d5e7c,00d1e59ce78baffbf9d24361ac8ba16a1d577b22cb193e15596627259190ed07,0c06b88fd09cd514745b699e6b6a7e12901db8d3247e42b582feaf1f7e91c04a,1eafe424a4c718d6a3b18cff938036f958858c70b344740788993b119bfbb04b,9c2f903993167fc2a228b3cfe60a23fe33f57f252bae6299458338cb8eb967ad,3f630dfcc8a1c2a19b093e7fe0f4bdc7f830fef42266fcf1156112f0eb959046,11f4fe862570895441036964a9b308e92c2ee6ba8a87b5da9009ffd5208a4bda,2c6d6a597c6b1b321c4f632291c22dfe5788a058fe82fd65114a5a59d5d0be83,3a365f5dd3e9d410585a34695bb444d67b220c4b40a9348288a540078bc27f75
joint,B1,True,2023-07-12,landsat-8,1060,69,3.138705784508923,3.6895646829555617,-2.3502242884838593,0.33276251824951963,True,3b188221263ad4673846ce5170fa622b5395e51a4aaa750114e1793d3986975b,55416c987a2d25f9177dd974307ae595761c1db31ecaa9d7561fb6c42d4d5e7c,00d1e59ce78baffbf9d24361ac8ba16a1d577b22cb193e15596627259190ed07,0c06b88fd09cd514745b699e6b6a7e12901db8d3247e42b582feaf1f7e91c04a,1eafe424a4c718d6a3b18cff938036f958858c70b344740788993b119bfbb04b,9c2f903993167fc2a228b3cfe60a23fe33f57f252bae6299458338cb8eb967ad,3f630dfcc8a1c2a19b093e7fe0f4bdc7f830fef42266fcf1156112f0eb959046,11f4fe862570895441036964a9b308e92c2ee6ba8a87b5da9009ffd5208a4bda,2c6d6a597c6b1b321c4f632291c22dfe5788a058fe82fd65114a5a59d5d0be83,3a365f5dd3e9d410585a34695bb444d67b220c4b40a9348288a540078bc27f75
joint,B1,True,2023-07-20,landsat-9,1072,69,2.190778182403692,2.82598658959336,0.16970828349918773,0.7094543880245243,True,3b188221263ad4673846ce5170fa622b5395e51a4aaa750114e1793d3986975b,55416c987a2d25f9177dd974307ae595761c1db31ecaa9d7561fb6c42d4d5e7c,00d1e59ce78baffbf9d24361ac8ba16a1d577b22cb193e15596627259190ed07,0c06b88fd09cd514745b699e6b6a7e12901db8d3247e42b582feaf1f7e91c04a,1eafe424a4c718d6a3b18cff938036f958858c70b344740788993b119bfbb04b,9c2f903993167fc2a228b3cfe60a23fe33f57f252bae6299458338cb8eb967ad,3f630dfcc8a1c2a19b093e7fe0f4bdc7f830fef42266fcf1156112f0eb959046,11f4fe862570895441036964a9b308e92c2ee6ba8a87b5da9009ffd5208a4bda,2c6d6a597c6b1b321c4f632291c22dfe5788a058fe82fd65114a5a59d5d0be83,3a365f5dd3e9d410585a34695bb444d67b220c4b40a9348288a540078bc27f75
joint,B1,True,2023-07-28,landsat-8,983,66,3.0308057953081238,3.9224937667454163,2.9393031375550063,0.49055036042174077,True,3b188221263ad4673846ce5170fa622b5395e51a4aaa750114e1793d3986975b,55416c987a2d25f9177dd974307ae595761c1db31ecaa9d7561fb6c42d4d5e7c,00d1e59ce78baffbf9d24361ac8ba16a1d577b22cb193e15596627259190ed07,0c06b88fd09cd514745b699e6b6a7e12901db8d3247e42b582feaf1f7e91c04a,1eafe424a4c718d6a3b18cff938036f958858c70b344740788993b119bfbb04b,9c2f903993167fc2a228b3cfe60a23fe33f57f252bae6299458338cb8eb967ad,3f630dfcc8a1c2a19b093e7fe0f4bdc7f830fef42266fcf1156112f0eb959046,11f4fe862570895441036964a9b308e92c2ee6ba8a87b5da9009ffd5208a4bda,2c6d6a597c6b1b321c4f632291c22dfe5788a058fe82fd65114a5a59d5d0be83,3a365f5dd3e9d410585a34695bb444d67b220c4b40a9348288a540078bc27f75
joint,B1,True,2023-08-05,landsat-9,1076,69,3.019448893549971,3.568420673237836,-1.5124215730751938,0.3815224467257455,True,3b188221263ad4673846ce5170fa622b5395e51a4aaa750114e1793d3986975b,55416c987a2d25f9177dd974307ae595761c1db31ecaa9d7561fb6c42d4d5e7c,00d1e59ce78baffbf9d24361ac8ba16a1d577b22cb193e15596627259190ed07,0c06b88fd09cd514745b699e6b6a7e12901db8d3247e42b582feaf1f7e91c04a,1eafe424a4c718d6a3b18cff938036f958858c70b344740788993b119bfbb04b,9c2f903993167fc2a228b3cfe60a23fe33f57f252bae6299458338cb8eb967ad,3f630dfcc8a1c2a19b093e7fe0f4bdc7f830fef42266fcf1156112f0eb959046,11f4fe862570895441036964a9b308e92c2ee6ba8a87b5da9009ffd5208a4bda,2c6d6a597c6b1b321c4f632291c22dfe5788a058fe82fd65114a5a59d5d0be83,3a365f5dd3e9d410585a34695bb444d67b220c4b40a9348288a540078bc27f75
joint,B1,True,2023-08-13,landsat-8,1063,68,1.7519784440089987,2.376094302625246,0.4498836232964356,0.5202417030798643,True,3b188221263ad4673846ce5170fa622b5395e51a4aaa750114e1793d3986975b,55416c987a2d25f9177dd974307ae595761c1db31ecaa9d7561fb6c42d4d5e7c,00d1e59ce78baffbf9d24361ac8ba16a1d577b22cb193e15596627259190ed07,0c06b88fd09cd514745b699e6b6a7e12901db8d3247e42b582feaf1f7e91c04a,1eafe424a4c718d6a3b18cff938036f958858c70b344740788993b119bfbb04b,9c2f903993167fc2a228b3cfe60a23fe33f57f252bae6299458338cb8eb967ad,3f630dfcc8a1c2a19b093e7fe0f4bdc7f830fef42266fcf1156112f0eb959046,11f4fe862570895441036964a9b308e92c2ee6ba8a87b5da9009ffd5208a4bda,2c6d6a597c6b1b321c4f632291c22dfe5788a058fe82fd65114a5a59d5d0be83,3a365f5dd3e9d410585a34695bb444d67b220c4b40a9348288a540078bc27f75
joint,B1,True,2023-08-29,landsat-8,1088,71,3.0872390625085493,3.9820995432826733,2.7713392937261365,0.3762922897283989,True,3b188221263ad4673846ce5170fa622b5395e51a4aaa750114e1793d3986975b,55416c987a2d25f9177dd974307ae595761c1db31ecaa9d7561fb6c42d4d5e7c,00d1e59ce78baffbf9d24361ac8ba16a1d577b22cb193e15596627259190ed07,0c06b88fd09cd514745b699e6b6a7e12901db8d3247e42b582feaf1f7e91c04a,1eafe424a4c718d6a3b18cff938036f958858c70b344740788993b119bfbb04b,9c2f903993167fc2a228b3cfe60a23fe33f57f252bae6299458338cb8eb967ad,3f630dfcc8a1c2a19b093e7fe0f4bdc7f830fef42266fcf1156112f0eb959046,11f4fe862570895441036964a9b308e92c2ee6ba8a87b5da9009ffd5208a4bda,2c6d6a597c6b1b321c4f632291c22dfe5788a058fe82fd65114a5a59d5d0be83,3a365f5dd3e9d410585a34695bb444d67b220c4b40a9348288a540078bc27f75
joint,B1,True,2023-09-14,landsat-8,634,53,1.4079336503637985,1.8633835476175922,0.1594019225613369,-0.010233933463401849,True,3b188221263ad4673846ce5170fa622b5395e51a4aaa750114e1793d3986975b,55416c987a2d25f9177dd974307ae595761c1db31ecaa9d7561fb6c42d4d5e7c,00d1e59ce78baffbf9d24361ac8ba16a1d577b22cb193e15596627259190ed07,0c06b88fd09cd514745b699e6b6a7e12901db8d3247e42b582feaf1f7e91c04a,1eafe424a4c718d6a3b18cff938036f958858c70b344740788993b119bfbb04b,9c2f903993167fc2a228b3cfe60a23fe33f57f252bae6299458338cb8eb967ad,3f630dfcc8a1c2a19b093e7fe0f4bdc7f830fef42266fcf1156112f0eb959046,11f4fe862570895441036964a9b308e92c2ee6ba8a87b5da9009ffd5208a4bda,2c6d6a597c6b1b321c4f632291c22dfe5788a058fe82fd65114a5a59d5d0be83,3a365f5dd3e9d410585a34695bb444d67b220c4b40a9348288a540078bc27f75
joint,B1,True,2023-09-22,landsat-9,707,54,2.077936292530837,2.6197222167908842,-0.024662942213622443,0.15148226713008553,True,3b188221263ad4673846ce5170fa622b5395e51a4aaa750114e1793d3986975b,55416c987a2d25f9177dd974307ae595761c1db31ecaa9d7561fb6c42d4d5e7c,00d1e59ce78baffbf9d24361ac8ba16a1d577b22cb193e15596627259190ed07,0c06b88fd09cd514745b699e6b6a7e12901db8d3247e42b582feaf1f7e91c04a,1eafe424a4c718d6a3b18cff938036f958858c70b344740788993b119bfbb04b,9c2f903993167fc2a228b3cfe60a23fe33f57f252bae6299458338cb8eb967ad,3f630dfcc8a1c2a19b093e7fe0f4bdc7f830fef42266fcf1156112f0eb959046,11f4fe862570895441036964a9b308e92c2ee6ba8a87b5da9009ffd5208a4bda,2c6d6a597c6b1b321c4f632291c22dfe5788a058fe82fd65114a5a59d5d0be83,3a365f5dd3e9d410585a34695bb444d67b220c4b40a9348288a540078bc27f75
joint,B1,True,2023-10-08,landsat-9,952,61,1.8618602350083602,2.4038415103961204,1.434362164572567,0.6419680545681542,True,3b188221263ad4673846ce5170fa622b5395e51a4aaa750114e1793d3986975b,55416c987a2d25f9177dd974307ae595761c1db31ecaa9d7561fb6c42d4d5e7c,00d1e59ce78baffbf9d24361ac8ba16a1d577b22cb193e15596627259190ed07,0c06b88fd09cd514745b699e6b6a7e12901db8d3247e42b582feaf1f7e91c04a,1eafe424a4c718d6a3b18cff938036f958858c70b344740788993b119bfbb04b,9c2f903993167fc2a228b3cfe60a23fe33f57f252bae6299458338cb8eb967ad,3f630dfcc8a1c2a19b093e7fe0f4bdc7f830fef42266fcf1156112f0eb959046,11f4fe862570895441036964a9b308e92c2ee6ba8a87b5da9009ffd5208a4bda,2c6d6a597c6b1b321c4f632291c22dfe5788a058fe82fd65114a5a59d5d0be83,3a365f5dd3e9d410585a34695bb444d67b220c4b40a9348288a540078bc27f75
joint,B1,True,2023-10-16,landsat-8,936,62,2.0795254376278463,2.6281272993955564,1.8271879348038587,0.3354378011208828,True,3b188221263ad4673846ce5170fa622b5395e51a4aaa750114e1793d3986975b,55416c987a2d25f9177dd974307ae595761c1db31ecaa9d7561fb6c42d4d5e7c,00d1e59ce78baffbf9d24361ac8ba16a1d577b22cb193e15596627259190ed07,0c06b88fd09cd514745b699e6b6a7e12901db8d3247e42b582feaf1f7e91c04a,1eafe424a4c718d6a3b18cff938036f958858c70b344740788993b119bfbb04b,9c2f903993167fc2a228b3cfe60a23fe33f57f252bae6299458338cb8eb967ad,3f630dfcc8a1c2a19b093e7fe0f4bdc7f830fef42266fcf1156112f0eb959046,11f4fe862570895441036964a9b308e92c2ee6ba8a87b5da9009ffd5208a4bda,2c6d6a597c6b1b321c4f632291c22dfe5788a058fe82fd65114a5a59d5d0be83,3a365f5dd3e9d410585a34695bb444d67b220c4b40a9348288a540078bc27f75
joint,B1,True,2023-10-24,landsat-9,699,51,1.1948772586085046,1.4892429517257861,-0.5351760059335513,0.40316722159729074,True,3b188221263ad4673846ce5170fa622b5395e51a4aaa750114e1793d3986975b,55416c987a2d25f9177dd974307ae595761c1db31ecaa9d7561fb6c42d4d5e7c,00d1e59ce78baffbf9d24361ac8ba16a1d577b22cb193e15596627259190ed07,0c06b88fd09cd514745b699e6b6a7e12901db8d3247e42b582feaf1f7e91c04a,1eafe424a4c718d6a3b18cff938036f958858c70b344740788993b119bfbb04b,9c2f903993167fc2a228b3cfe60a23fe33f57f252bae6299458338cb8eb967ad,3f630dfcc8a1c2a19b093e7fe0f4bdc7f830fef42266fcf1156112f0eb959046,11f4fe862570895441036964a9b308e92c2ee6ba8a87b5da9009ffd5208a4bda,2c6d6a597c6b1b321c4f632291c22dfe5788a058fe82fd65114a5a59d5d0be83,3a365f5dd3e9d410585a34695bb444d67b220c4b40a9348288a540078bc27f75
joint,B1,True,2024-05-11,landsat-8,861,55,1.6247238120639402,2.132587112694336,0.15097685573197533,0.3501672281438112,True,3b188221263ad4673846ce5170fa622b5395e51a4aaa750114e1793d3986975b,55416c987a2d25f9177dd974307ae595761c1db31ecaa9d7561fb6c42d4d5e7c,00d1e59ce78baffbf9d24361ac8ba16a1d577b22cb193e15596627259190ed07,0c06b88fd09cd514745b699e6b6a7e12901db8d3247e42b582feaf1f7e91c04a,1eafe424a4c718d6a3b18cff938036f958858c70b344740788993b119bfbb04b,9c2f903993167fc2a228b3cfe60a23fe33f57f252bae6299458338cb8eb967ad,3f630dfcc8a1c2a19b093e7fe0f4bdc7f830fef42266fcf1156112f0eb959046,11f4fe862570895441036964a9b308e92c2ee6ba8a87b5da9009ffd5208a4bda,2c6d6a597c6b1b321c4f632291c22dfe5788a058fe82fd65114a5a59d5d0be83,3a365f5dd3e9d410585a34695bb444d67b220c4b40a9348288a540078bc27f75
joint,B1,True,2024-05-27,landsat-8,680,46,1.4673992084043248,1.9904289954326075,0.425924009996753,-0.09433193022134759,True,3b188221263ad4673846ce5170fa622b5395e51a4aaa750114e1793d3986975b,55416c987a2d25f9177dd974307ae595761c1db31ecaa9d7561fb6c42d4d5e7c,00d1e59ce78baffbf9d24361ac8ba16a1d577b22cb193e15596627259190ed07,0c06b88fd09cd514745b699e6b6a7e12901db8d3247e42b582feaf1f7e91c04a,1eafe424a4c718d6a3b18cff938036f958858c70b344740788993b119bfbb04b,9c2f903993167fc2a228b3cfe60a23fe33f57f252bae6299458338cb8eb967ad,3f630dfcc8a1c2a19b093e7fe0f4bdc7f830fef42266fcf1156112f0eb959046,11f4fe862570895441036964a9b308e92c2ee6ba8a87b5da9009ffd5208a4bda,2c6d6a597c6b1b321c4f632291c22dfe5788a058fe82fd65114a5a59d5d0be83,3a365f5dd3e9d410585a34695bb444d67b220c4b40a9348288a540078bc27f75
joint,B1,True,2024-06-20,landsat-9,1050,65,2.2703358714026076,2.7678734014688997,-0.91843962612193,0.2268919134907979,True,3b188221263ad4673846ce5170fa622b5395e51a4aaa750114e1793d3986975b,55416c987a2d25f9177dd974307ae595761c1db31ecaa9d7561fb6c42d4d5e7c,00d1e59ce78baffbf9d24361ac8ba16a1d577b22cb193e15596627259190ed07,0c06b88fd09cd514745b699e6b6a7e12901db8d3247e42b582feaf1f7e91c04a,1eafe424a4c718d6a3b18cff938036f958858c70b344740788993b119bfbb04b,9c2f903993167fc2a228b3cfe60a23fe33f57f252bae6299458338cb8eb967ad,3f630dfcc8a1c2a19b093e7fe0f4bdc7f830fef42266fcf1156112f0eb959046,11f4fe862570895441036964a9b308e92c2ee6ba8a87b5da9009ffd5208a4bda,2c6d6a597c6b1b321c4f632291c22dfe5788a058fe82fd65114a5a59d5d0be83,3a365f5dd3e9d410585a34695bb444d67b220c4b40a9348288a540078bc27f75
joint,B1,True,2024-06-28,landsat-8,1060,69,2.4284372067793107,3.135554932240781,-0.37878179407938517,0.04361049646498297,True,3b188221263ad4673846ce5170fa622b5395e51a4aaa750114e1793d3986975b,55416c987a2d25f9177dd974307ae595761c1db31ecaa9d7561fb6c42d4d5e7c,00d1e59ce78baffbf9d24361ac8ba16a1d577b22cb193e15596627259190ed07,0c06b88fd09cd514745b699e6b6a7e12901db8d3247e42b582feaf1f7e91c04a,1eafe424a4c718d6a3b18cff938036f958858c70b344740788993b119bfbb04b,9c2f903993167fc2a228b3cfe60a23fe33f57f252bae6299458338cb8eb967ad,3f630dfcc8a1c2a19b093e7fe0f4bdc7f830fef42266fcf1156112f0eb959046,11f4fe862570895441036964a9b308e92c2ee6ba8a87b5da9009ffd5208a4bda,2c6d6a597c6b1b321c4f632291c22dfe5788a058fe82fd65114a5a59d5d0be83,3a365f5dd3e9d410585a34695bb444d67b220c4b40a9348288a540078bc27f75
joint,B1,True,2024-07-14,landsat-8,592,47,3.0500111862177066,3.573464198055802,2.9554839748145705,0.6038402536986893,True,3b188221263ad4673846ce5170fa622b5395e51a4aaa750114e1793d3986975b,55416c987a2d25f9177dd974307ae595761c1db31ecaa9d7561fb6c42d4d5e7c,00d1e59ce78baffbf9d24361ac8ba16a1d577b22cb193e15596627259190ed07,0c06b88fd09cd514745b699e6b6a7e12901db8d3247e42b582feaf1f7e91c04a,1eafe424a4c718d6a3b18cff938036f958858c70b344740788993b119bfbb04b,9c2f903993167fc2a228b3cfe60a23fe33f57f252bae6299458338cb8eb967ad,3f630dfcc8a1c2a19b093e7fe0f4bdc7f830fef42266fcf1156112f0eb959046,11f4fe862570895441036964a9b308e92c2ee6ba8a87b5da9009ffd5208a4bda,2c6d6a597c6b1b321c4f632291c22dfe5788a058fe82fd65114a5a59d5d0be83,3a365f5dd3e9d410585a34695bb444d67b220c4b40a9348288a540078bc27f75
joint,B1,True,2024-07-22,landsat-9,976,67,2.254899998975934,2.856047725132783,0.10065132059019317,0.6546696616211848,True,3b188221263ad4673846ce5170fa622b5395e51a4aaa750114e1793d3986975b,55416c987a2d25f9177dd974307ae595761c1db31ecaa9d7561fb6c42d4d5e7c,00d1e59ce78baffbf9d24361ac8ba16a1d577b22cb193e15596627259190ed07,0c06b88fd09cd514745b699e6b6a7e12901db8d3247e42b582feaf1f7e91c04a,1eafe424a4c718d6a3b18cff938036f958858c70b344740788993b119bfbb04b,9c2f903993167fc2a228b3cfe60a23fe33f57f252bae6299458338cb8eb967ad,3f630dfcc8a1c2a19b093e7fe0f4bdc7f830fef42266fcf1156112f0eb959046,11f4fe862570895441036964a9b308e92c2ee6ba8a87b5da9009ffd5208a4bda,2c6d6a597c6b1b321c4f632291c22dfe5788a058fe82fd65114a5a59d5d0be83,3a365f5dd3e9d410585a34695bb444d67b220c4b40a9348288a540078bc27f75
joint,B1,True,2024-07-30,landsat-8,1064,69,2.0770197510923087,2.812521770963456,0.8821601936426892,0.637542716702658,True,3b188221263ad4673846ce5170fa622b5395e51a4aaa750114e1793d3986975b,55416c987a2d25f9177dd974307ae595761c1db31ecaa9d7561fb6c42d4d5e7c,00d1e59ce78baffbf9d24361ac8ba16a1d577b22cb193e15596627259190ed07,0c06b88fd09cd514745b699e6b6a7e12901db8d3247e42b582feaf1f7e91c04a,1eafe424a4c718d6a3b18cff938036f958858c70b344740788993b119bfbb04b,9c2f903993167fc2a228b3cfe60a23fe33f57f252bae6299458338cb8eb967ad,3f630dfcc8a1c2a19b093e7fe0f4bdc7f830fef42266fcf1156112f0eb959046,11f4fe862570895441036964a9b308e92c2ee6ba8a87b5da9009ffd5208a4bda,2c6d6a597c6b1b321c4f632291c22dfe5788a058fe82fd65114a5a59d5d0be83,3a365f5dd3e9d410585a34695bb444d67b220c4b40a9348288a540078bc27f75
joint,B1,True,2024-08-07,landsat-9,849,67,3.836862827241896,4.724157746394221,3.8104851277095753,0.47177507433955934,True,3b188221263ad4673846ce5170fa622b5395e51a4aaa750114e1793d3986975b,55416c987a2d25f9177dd974307ae595761c1db31ecaa9d7561fb6c42d4d5e7c,00d1e59ce78baffbf9d24361ac8ba16a1d577b22cb193e15596627259190ed07,0c06b88fd09cd514745b699e6b6a7e12901db8d3247e42b582feaf1f7e91c04a,1eafe424a4c718d6a3b18cff938036f958858c70b344740788993b119bfbb04b,9c2f903993167fc2a228b3cfe60a23fe33f57f252bae6299458338cb8eb967ad,3f630dfcc8a1c2a19b093e7fe0f4bdc7f830fef42266fcf1156112f0eb959046,11f4fe862570895441036964a9b308e92c2ee6ba8a87b5da9009ffd5208a4bda,2c6d6a597c6b1b321c4f632291c22dfe5788a058fe82fd65114a5a59d5d0be83,3a365f5dd3e9d410585a34695bb444d67b220c4b40a9348288a540078bc27f75
joint,B1,True,2024-08-15,landsat-8,1083,71,2.1647803233604637,2.960839052133451,1.2999940887627526,0.5947189735496496,True,3b188221263ad4673846ce5170fa622b5395e51a4aaa750114e1793d3986975b,55416c987a2d25f9177dd974307ae595761c1db31ecaa9d7561fb6c42d4d5e7c,00d1e59ce78baffbf9d24361ac8ba16a1d577b22cb193e15596627259190ed07,0c06b88fd09cd514745b699e6b6a7e12901db8d3247e42b582feaf1f7e91c04a,1eafe424a4c718d6a3b18cff938036f958858c70b344740788993b119bfbb04b,9c2f903993167fc2a228b3cfe60a23fe33f57f252bae6299458338cb8eb967ad,3f630dfcc8a1c2a19b093e7fe0f4bdc7f830fef42266fcf1156112f0eb959046,11f4fe862570895441036964a9b308e92c2ee6ba8a87b5da9009ffd5208a4bda,2c6d6a597c6b1b321c4f632291c22dfe5788a058fe82fd65114a5a59d5d0be83,3a365f5dd3e9d410585a34695bb444d67b220c4b40a9348288a540078bc27f75
joint,B1,True,2024-08-23,landsat-9,1041,70,2.2279590905083495,2.9228693733081195,1.575394720028343,-0.14841751107719314,True,3b188221263ad4673846ce5170fa622b5395e51a4aaa750114e1793d3986975b,55416c987a2d25f9177dd974307ae595761c1db31ecaa9d7561fb6c42d4d5e7c,00d1e59ce78baffbf9d24361ac8ba16a1d577b22cb193e15596627259190ed07,0c06b88fd09cd514745b699e6b6a7e12901db8d3247e42b582feaf1f7e91c04a,1eafe424a4c718d6a3b18cff938036f958858c70b344740788993b119bfbb04b,9c2f903993167fc2a228b3cfe60a23fe33f57f252bae6299458338cb8eb967ad,3f630dfcc8a1c2a19b093e7fe0f4bdc7f830fef42266fcf1156112f0eb959046,11f4fe862570895441036964a9b308e92c2ee6ba8a87b5da9009ffd5208a4bda,2c6d6a597c6b1b321c4f632291c22dfe5788a058fe82fd65114a5a59d5d0be83,3a365f5dd3e9d410585a34695bb444d67b220c4b40a9348288a540078bc27f75
joint,B1,True,2024-08-31,landsat-8,1048,66,1.885104088756662,2.4028394119463656,-0.02753603200237518,0.5314314271884528,True,3b188221263ad4673846ce5170fa622b5395e51a4aaa750114e1793d3986975b,55416c987a2d25f9177dd974307ae595761c1db31ecaa9d7561fb6c42d4d5e7c,00d1e59ce78baffbf9d24361ac8ba16a1d577b22cb193e15596627259190ed07,0c06b88fd09cd514745b699e6b6a7e12901db8d3247e42b582feaf1f7e91c04a,1eafe424a4c718d6a3b18cff938036f958858c70b344740788993b119bfbb04b,9c2f903993167fc2a228b3cfe60a23fe33f57f252bae6299458338cb8eb967ad,3f630dfcc8a1c2a19b093e7fe0f4bdc7f830fef42266fcf1156112f0eb959046,11f4fe862570895441036964a9b308e92c2ee6ba8a87b5da9009ffd5208a4bda,2c6d6a597c6b1b321c4f632291c22dfe5788a058fe82fd65114a5a59d5d0be83,3a365f5dd3e9d410585a34695bb444d67b220c4b40a9348288a540078bc27f75
joint,B1,True,2024-09-08,landsat-9,1087,71,4.185383066243281,4.844818721762771,-4.023512835239981,0.26928146469714653,True,3b188221263ad4673846ce5170fa622b5395e51a4aaa750114e1793d3986975b,55416c987a2d25f9177dd974307ae595761c1db31ecaa9d7561fb6c42d4d5e7c,00d1e59ce78baffbf9d24361ac8ba16a1d577b22cb193e15596627259190ed07,0c06b88fd09cd514745b699e6b6a7e12901db8d3247e42b582feaf1f7e91c04a,1eafe424a4c718d6a3b18cff938036f958858c70b344740788993b119bfbb04b,9c2f903993167fc2a228b3cfe60a23fe33f57f252bae6299458338cb8eb967ad,3f630dfcc8a1c2a19b093e7fe0f4bdc7f830fef42266fcf1156112f0eb959046,11f4fe862570895441036964a9b308e92c2ee6ba8a87b5da9009ffd5208a4bda,2c6d6a597c6b1b321c4f632291c22dfe5788a058fe82fd65114a5a59d5d0be83,3a365f5dd3e9d410585a34695bb444d67b220c4b40a9348288a540078bc27f75
joint,B1,True,2024-09-24,landsat-9,641,50,5.111097144895808,5.571565310135567,5.0612780098006525,0.7116842340716402,True,3b188221263ad4673846ce5170fa622b5395e51a4aaa750114e1793d3986975b,55416c987a2d25f9177dd974307ae595761c1db31ecaa9d7561fb6c42d4d5e7c,00d1e59ce78baffbf9d24361ac8ba16a1d577b22cb193e15596627259190ed07,0c06b88fd09cd514745b699e6b6a7e12901db8d3247e42b582feaf1f7e91c04a,1eafe424a4c718d6a3b18cff938036f958858c70b344740788993b119bfbb04b,9c2f903993167fc2a228b3cfe60a23fe33f57f252bae6299458338cb8eb967ad,3f630dfcc8a1c2a19b093e7fe0f4bdc7f830fef42266fcf1156112f0eb959046,11f4fe862570895441036964a9b308e92c2ee6ba8a87b5da9009ffd5208a4bda,2c6d6a597c6b1b321c4f632291c22dfe5788a058fe82fd65114a5a59d5d0be83,3a365f5dd3e9d410585a34695bb444d67b220c4b40a9348288a540078bc27f75
joint,B1,True,2024-10-02,landsat-8,1001,63,2.068091985277035,2.5324597853615107,0.6815058471472154,0.7157923010501372,True,3b188221263ad4673846ce5170fa622b5395e51a4aaa750114e1793d3986975b,55416c987a2d25f9177dd974307ae595761c1db31ecaa9d7561fb6c42d4d5e7c,00d1e59ce78baffbf9d24361ac8ba16a1d577b22cb193e15596627259190ed07,0c06b88fd09cd514745b699e6b6a7e12901db8d3247e42b582feaf1f7e91c04a,1eafe424a4c718d6a3b18cff938036f958858c70b344740788993b119bfbb04b,9c2f903993167fc2a228b3cfe60a23fe33f57f252bae6299458338cb8eb967ad,3f630dfcc8a1c2a19b093e7fe0f4bdc7f830fef42266fcf1156112f0eb959046,11f4fe862570895441036964a9b308e92c2ee6ba8a87b5da9009ffd5208a4bda,2c6d6a597c6b1b321c4f632291c22dfe5788a058fe82fd65114a5a59d5d0be83,3a365f5dd3e9d410585a34695bb444d67b220c4b40a9348288a540078bc27f75
joint,B1,True,2024-10-10,landsat-9,870,58,1.4267581035828811,1.790513306638852,0.39747735283567753,0.5205349637426643,True,3b188221263ad4673846ce5170fa622b5395e51a4aaa750114e1793d3986975b,55416c987a2d25f9177dd974307ae595761c1db31ecaa9d7561fb6c42d4d5e7c,00d1e59ce78baffbf9d24361ac8ba16a1d577b22cb193e15596627259190ed07,0c06b88fd09cd514745b699e6b6a7e12901db8d3247e42b582feaf1f7e91c04a,1eafe424a4c718d6a3b18cff938036f958858c70b344740788993b119bfbb04b,9c2f903993167fc2a228b3cfe60a23fe33f57f252bae6299458338cb8eb967ad,3f630dfcc8a1c2a19b093e7fe0f4bdc7f830fef42266fcf1156112f0eb959046,11f4fe862570895441036964a9b308e92c2ee6ba8a87b5da9009ffd5208a4bda,2c6d6a597c6b1b321c4f632291c22dfe5788a058fe82fd65114a5a59d5d0be83,3a365f5dd3e9d410585a34695bb444d67b220c4b40a9348288a540078bc27f75
joint,B1,True,2024-10-18,landsat-8,1091,71,2.1760126885363897,2.518483091564879,0.7581195360930473,0.02458302315867526,True,3b188221263ad4673846ce5170fa622b5395e51a4aaa750114e1793d3986975b,55416c987a2d25f9177dd974307ae595761c1db31ecaa9d7561fb6c42d4d5e7c,00d1e59ce78baffbf9d24361ac8ba16a1d577b22cb193e15596627259190ed07,0c06b88fd09cd514745b699e6b6a7e12901db8d3247e42b582feaf1f7e91c04a,1eafe424a4c718d6a3b18cff938036f958858c70b344740788993b119bfbb04b,9c2f903993167fc2a228b3cfe60a23fe33f57f252bae6299458338cb8eb967ad,3f630dfcc8a1c2a19b093e7fe0f4bdc7f830fef42266fcf1156112f0eb959046,11f4fe862570895441036964a9b308e92c2ee6ba8a87b5da9009ffd5208a4bda,2c6d6a597c6b1b321c4f632291c22dfe5788a058fe82fd65114a5a59d5d0be83,3a365f5dd3e9d410585a34695bb444d67b220c4b40a9348288a540078bc27f75
joint,B2,False,2020-05-16,landsat-8,1061,69,3.965149981033847,4.424644387764542,-3.8117874278255357,0.520529490207428,True,3b188221263ad4673846ce5170fa622b5395e51a4aaa750114e1793d3986975b,55416c987a2d25f9177dd974307ae595761c1db31ecaa9d7561fb6c42d4d5e7c,00d1e59ce78baffbf9d24361ac8ba16a1d577b22cb193e15596627259190ed07,0c06b88fd09cd514745b699e6b6a7e12901db8d3247e42b582feaf1f7e91c04a,1eafe424a4c718d6a3b18cff938036f958858c70b344740788993b119bfbb04b,9c2f903993167fc2a228b3cfe60a23fe33f57f252bae6299458338cb8eb967ad,3f630dfcc8a1c2a19b093e7fe0f4bdc7f830fef42266fcf1156112f0eb959046,11f4fe862570895441036964a9b308e92c2ee6ba8a87b5da9009ffd5208a4bda,2c6d6a597c6b1b321c4f632291c22dfe5788a058fe82fd65114a5a59d5d0be83,3a365f5dd3e9d410585a34695bb444d67b220c4b40a9348288a540078bc27f75
joint,B2,False,2020-07-03,landsat-8,1073,70,1.581304497841709,2.042321921452989,1.093381799741385,0.8368590898923302,True,3b188221263ad4673846ce5170fa622b5395e51a4aaa750114e1793d3986975b,55416c987a2d25f9177dd974307ae595761c1db31ecaa9d7561fb6c42d4d5e7c,00d1e59ce78baffbf9d24361ac8ba16a1d577b22cb193e15596627259190ed07,0c06b88fd09cd514745b699e6b6a7e12901db8d3247e42b582feaf1f7e91c04a,1eafe424a4c718d6a3b18cff938036f958858c70b344740788993b119bfbb04b,9c2f903993167fc2a228b3cfe60a23fe33f57f252bae6299458338cb8eb967ad,3f630dfcc8a1c2a19b093e7fe0f4bdc7f830fef42266fcf1156112f0eb959046,11f4fe862570895441036964a9b308e92c2ee6ba8a87b5da9009ffd5208a4bda,2c6d6a597c6b1b321c4f632291c22dfe5788a058fe82fd65114a5a59d5d0be83,3a365f5dd3e9d410585a34695bb444d67b220c4b40a9348288a540078bc27f75
joint,B2,False,2020-07-19,landsat-8,1050,68,1.7900774638441237,2.245974167236267,-0.01707143535370852,0.8069440116397217,True,3b188221263ad4673846ce5170fa622b5395e51a4aaa750114e1793d3986975b,55416c987a2d25f9177dd974307ae595761c1db31ecaa9d7561fb6c42d4d5e7c,00d1e59ce78baffbf9d24361ac8ba16a1d577b22cb193e15596627259190ed07,0c06b88fd09cd514745b699e6b6a7e12901db8d3247e42b582feaf1f7e91c04a,1eafe424a4c718d6a3b18cff938036f958858c70b344740788993b119bfbb04b,9c2f903993167fc2a228b3cfe60a23fe33f57f252bae6299458338cb8eb967ad,3f630dfcc8a1c2a19b093e7fe0f4bdc7f830fef42266fcf1156112f0eb959046,11f4fe862570895441036964a9b308e92c2ee6ba8a87b5da9009ffd5208a4bda,2c6d6a597c6b1b321c4f632291c22dfe5788a058fe82fd65114a5a59d5d0be83,3a365f5dd3e9d410585a34695bb444d67b220c4b40a9348288a540078bc27f75
joint,B2,False,2020-08-20,landsat-8,1080,71,3.564643198984884,3.8474105036750683,-3.555075545721315,0.7299583709557337,True,3b188221263ad4673846ce5170fa622b5395e51a4aaa750114e1793d3986975b,55416c987a2d25f9177dd974307ae595761c1db31ecaa9d7561fb6c42d4d5e7c,00d1e59ce78baffbf9d24361ac8ba16a1d577b22cb193e15596627259190ed07,0c06b88fd09cd514745b699e6b6a7e12901db8d3247e42b582feaf1f7e91c04a,1eafe424a4c718d6a3b18cff938036f958858c70b344740788993b119bfbb04b,9c2f903993167fc2a228b3cfe60a23fe33f57f252bae6299458338cb8eb967ad,3f630dfcc8a1c2a19b093e7fe0f4bdc7f830fef42266fcf1156112f0eb959046,11f4fe862570895441036964a9b308e92c2ee6ba8a87b5da9009ffd5208a4bda,2c6d6a597c6b1b321c4f632291c22dfe5788a058fe82fd65114a5a59d5d0be83,3a365f5dd3e9d410585a34695bb444d67b220c4b40a9348288a540078bc27f75
joint,B2,False,2020-09-05,landsat-8,1086,71,7.8936140861456305,8.286377292264808,-7.892748308760477,0.7869522109090146,True,3b188221263ad4673846ce5170fa622b5395e51a4aaa750114e1793d3986975b,55416c987a2d25f9177dd974307ae595761c1db31ecaa9d7561fb6c42d4d5e7c,00d1e59ce78baffbf9d24361ac8ba16a1d577b22cb193e15596627259190ed07,0c06b88fd09cd514745b699e6b6a7e12901db8d3247e42b582feaf1f7e91c04a,1eafe424a4c718d6a3b18cff938036f958858c70b344740788993b119bfbb04b,9c2f903993167fc2a228b3cfe60a23fe33f57f252bae6299458338cb8eb967ad,3f630dfcc8a1c2a19b093e7fe0f4bdc7f830fef42266fcf1156112f0eb959046,11f4fe862570895441036964a9b308e92c2ee6ba8a87b5da9009ffd5208a4bda,2c6d6a597c6b1b321c4f632291c22dfe5788a058fe82fd65114a5a59d5d0be83,3a365f5dd3e9d410585a34695bb444d67b220c4b40a9348288a540078bc27f75
joint,B2,False,2020-09-21,landsat-8,1007,65,1.8806313512593447,2.1771899152393774,1.6266506312700293,0.5593755494563972,True,3b188221263ad4673846ce5170fa622b5395e51a4aaa750114e1793d3986975b,55416c987a2d25f9177dd974307ae595761c1db31ecaa9d7561fb6c42d4d5e7c,00d1e59ce78baffbf9d24361ac8ba16a1d577b22cb193e15596627259190ed07,0c06b88fd09cd514745b699e6b6a7e12901db8d3247e42b582feaf1f7e91c04a,1eafe424a4c718d6a3b18cff938036f958858c70b344740788993b119bfbb04b,9c2f903993167fc2a228b3cfe60a23fe33f57f252bae6299458338cb8eb967ad,3f630dfcc8a1c2a19b093e7fe0f4bdc7f830fef42266fcf1156112f0eb959046,11f4fe862570895441036964a9b308e92c2ee6ba8a87b5da9009ffd5208a4bda,2c6d6a597c6b1b321c4f632291c22dfe5788a058fe82fd65114a5a59d5d0be83,3a365f5dd3e9d410585a34695bb444d67b220c4b40a9348288a540078bc27f75
joint,B2,False,2020-10-07,landsat-8,967,66,1.4207636328729478,1.7466673748782648,-1.0326112808191306,0.7549330189062197,True,3b188221263ad4673846ce5170fa622b5395e51a4aaa750114e1793d3986975b,55416c987a2d25f9177dd974307ae595761c1db31ecaa9d7561fb6c42d4d5e7c,00d1e59ce78baffbf9d24361ac8ba16a1d577b22cb193e15596627259190ed07,0c06b88fd09cd514745b699e6b6a7e12901db8d3247e42b582feaf1f7e91c04a,1eafe424a4c718d6a3b18cff938036f958858c70b344740788993b119bfbb04b,9c2f903993167fc2a228b3cfe60a23fe33f57f252bae6299458338cb8eb967ad,3f630dfcc8a1c2a19b093e7fe0f4bdc7f830fef42266fcf1156112f0eb959046,11f4fe862570895441036964a9b308e92c2ee6ba8a87b5da9009ffd5208a4bda,2c6d6a597c6b1b321c4f632291c22dfe5788a058fe82fd65114a5a59d5d0be83,3a365f5dd3e9d410585a34695bb444d67b220c4b40a9348288a540078bc27f75
joint,B2,False,2021-05-03,landsat-8,1019,64,2.2252530340432832,2.746347310142853,-1.985322788436568,0.6347980091928189,True,3b188221263ad4673846ce5170fa622b5395e51a4aaa750114e1793d3986975b,55416c987a2d25f9177dd974307ae595761c1db31ecaa9d7561fb6c42d4d5e7c,00d1e59ce78baffbf9d24361ac8ba16a1d577b22cb193e15596627259190ed07,0c06b88fd09cd514745b699e6b6a7e12901db8d3247e42b582feaf1f7e91c04a,1eafe424a4c718d6a3b18cff938036f958858c70b344740788993b119bfbb04b,9c2f903993167fc2a228b3cfe60a23fe33f57f252bae6299458338cb8eb967ad,3f630dfcc8a1c2a19b093e7fe0f4bdc7f830fef42266fcf1156112f0eb959046,11f4fe862570895441036964a9b308e92c2ee6ba8a87b5da9009ffd5208a4bda,2c6d6a597c6b1b321c4f632291c22dfe5788a058fe82fd65114a5a59d5d0be83,3a365f5dd3e9d410585a34695bb444d67b220c4b40a9348288a540078bc27f75
joint,B2,False,2021-06-04,landsat-8,953,61,1.7341829767750754,2.1349866176407084,1.2561428517387234,0.6645664839753275,True,3b188221263ad4673846ce5170fa622b5395e51a4aaa750114e1793d3986975b,55416c987a2d25f9177dd974307ae595761c1db31ecaa9d7561fb6c42d4d5e7c,00d1e59ce78baffbf9d24361ac8ba16a1d577b22cb193e15596627259190ed07,0c06b88fd09cd514745b699e6b6a7e12901db8d3247e42b582feaf1f7e91c04a,1eafe424a4c718d6a3b18cff938036f958858c70b344740788993b119bfbb04b,9c2f903993167fc2a228b3cfe60a23fe33f57f252bae6299458338cb8eb967ad,3f630dfcc8a1c2a19b093e7fe0f4bdc7f830fef42266fcf1156112f0eb959046,11f4fe862570895441036964a9b308e92c2ee6ba8a87b5da9009ffd5208a4bda,2c6d6a597c6b1b321c4f632291c22dfe5788a058fe82fd65114a5a59d5d0be83,3a365f5dd3e9d410585a34695bb444d67b220c4b40a9348288a540078bc27f75
joint,B2,False,2021-06-20,landsat-8,993,62,1.7861220520755954,2.3799921107336997,1.2646177515043358,0.6779499486234121,True,3b188221263ad4673846ce5170fa622b5395e51a4aaa750114e1793d3986975b,55416c987a2d25f9177dd974307ae595761c1db31ecaa9d7561fb6c42d4d5e7c,00d1e59ce78baffbf9d24361ac8ba16a1d577b22cb193e15596627259190ed07,0c06b88fd09cd514745b699e6b6a7e12901db8d3247e42b582feaf1f7e91c04a,1eafe424a4c718d6a3b18cff938036f958858c70b344740788993b119bfbb04b,9c2f903993167fc2a228b3cfe60a23fe33f57f252bae6299458338cb8eb967ad,3f630dfcc8a1c2a19b093e7fe0f4bdc7f830fef42266fcf1156112f0eb959046,11f4fe862570895441036964a9b308e92c2ee6ba8a87b5da9009ffd5208a4bda,2c6d6a597c6b1b321c4f632291c22dfe5788a058fe82fd65114a5a59d5d0be83,3a365f5dd3e9d410585a34695bb444d67b220c4b40a9348288a540078bc27f75
joint,B2,False,2021-07-06,landsat-8,1068,66,1.7159160556052837,2.181130360753146,1.5054712895625222,0.7640484675008907,True,3b188221263ad4673846ce5170fa622b5395e51a4aaa750114e1793d3986975b,55416c987a2d25f9177dd974307ae595761c1db31ecaa9d7561fb6c42d4d5e7c,00d1e59ce78baffbf9d24361ac8ba16a1d577b22cb193e15596627259190ed07,0c06b88fd09cd514745b699e6b6a7e12901db8d3247e42b582feaf1f7e91c04a,1eafe424a4c718d6a3b18cff938036f958858c70b344740788993b119bfbb04b,9c2f903993167fc2a228b3cfe60a23fe33f57f252bae6299458338cb8eb967ad,3f630dfcc8a1c2a19b093e7fe0f4bdc7f830fef42266fcf1156112f0eb959046,11f4fe862570895441036964a9b308e92c2ee6ba8a87b5da9009ffd5208a4bda,2c6d6a597c6b1b321c4f632291c22dfe5788a058fe82fd65114a5a59d5d0be83,3a365f5dd3e9d410585a34695bb444d67b220c4b40a9348288a540078bc27f75
joint,B2,False,2021-08-07,landsat-8,1064,69,2.4697321341469154,2.809677994676928,2.4185379956845834,0.7894576650617715,True,3b188221263ad4673846ce5170fa622b5395e51a4aaa750114e1793d3986975b,55416c987a2d25f9177dd974307ae595761c1db31ecaa9d7561fb6c42d4d5e7c,00d1e59ce78baffbf9d24361ac8ba16a1d577b22cb193e15596627259190ed07,0c06b88fd09cd514745b699e6b6a7e12901db8d3247e42b582feaf1f7e91c04a,1eafe424a4c718d6a3b18cff938036f958858c70b344740788993b119bfbb04b,9c2f903993167fc2a228b3cfe60a23fe33f57f252bae6299458338cb8eb967ad,3f630dfcc8a1c2a19b093e7fe0f4bdc7f830fef42266fcf1156112f0eb959046,11f4fe862570895441036964a9b308e92c2ee6ba8a87b5da9009ffd5208a4bda,2c6d6a597c6b1b321c4f632291c22dfe5788a058fe82fd65114a5a59d5d0be83,3a365f5dd3e9d410585a34695bb444d67b220c4b40a9348288a540078bc27f75
joint,B2,False,2021-09-08,landsat-8,1020,65,2.6778818913773916,3.0158714507106508,2.6292277100712105,0.7294453499845228,True,3b188221263ad4673846ce5170fa622b5395e51a4aaa750114e1793d3986975b,55416c987a2d25f9177dd974307ae595761c1db31ecaa9d7561fb6c42d4d5e7c,00d1e59ce78baffbf9d24361ac8ba16a1d577b22cb193e15596627259190ed07,0c06b88fd09cd514745b699e6b6a7e12901db8d3247e42b582feaf1f7e91c04a,1eafe424a4c718d6a3b18cff938036f958858c70b344740788993b119bfbb04b,9c2f903993167fc2a228b3cfe60a23fe33f57f252bae6299458338cb8eb967ad,3f630dfcc8a1c2a19b093e7fe0f4bdc7f830fef42266fcf1156112f0eb959046,11f4fe862570895441036964a9b308e92c2ee6ba8a87b5da9009ffd5208a4bda,2c6d6a597c6b1b321c4f632291c22dfe5788a058fe82fd65114a5a59d5d0be83,3a365f5dd3e9d410585a34695bb444d67b220c4b40a9348288a540078bc27f75
joint,B2,False,2021-09-24,landsat-8,822,59,2.6488726306395725,2.9250016359137625,2.5911932406081895,0.6096430100260917,True,3b188221263ad4673846ce5170fa622b5395e51a4aaa750114e1793d3986975b,55416c987a2d25f9177dd974307ae595761c1db31ecaa9d7561fb6c42d4d5e7c,00d1e59ce78baffbf9d24361ac8ba16a1d577b22cb193e15596627259190ed07,0c06b88fd09cd514745b699e6b6a7e12901db8d3247e42b582feaf1f7e91c04a,1eafe424a4c718d6a3b18cff938036f958858c70b344740788993b119bfbb04b,9c2f903993167fc2a228b3cfe60a23fe33f57f252bae6299458338cb8eb967ad,3f630dfcc8a1c2a19b093e7fe0f4bdc7f830fef42266fcf1156112f0eb959046,11f4fe862570895441036964a9b308e92c2ee6ba8a87b5da9009ffd5208a4bda,2c6d6a597c6b1b321c4f632291c22dfe5788a058fe82fd65114a5a59d5d0be83,3a365f5dd3e9d410585a34695bb444d67b220c4b40a9348288a540078bc27f75
joint,B2,False,2021-10-10,landsat-8,905,65,1.7639611177365242,2.056588470981012,1.4647393229764374,0.5486674205821608,True,3b188221263ad4673846ce5170fa622b5395e51a4aaa750114e1793d3986975b,55416c987a2d25f9177dd974307ae595761c1db31ecaa9d7561fb6c42d4d5e7c,00d1e59ce78baffbf9d24361ac8ba16a1d577b22cb193e15596627259190ed07,0c06b88fd09cd514745b699e6b6a7e12901db8d3247e42b582feaf1f7e91c04a,1eafe424a4c718d6a3b18cff938036f958858c70b344740788993b119bfbb04b,9c2f903993167fc2a228b3cfe60a23fe33f57f252bae6299458338cb8eb967ad,3f630dfcc8a1c2a19b093e7fe0f4bdc7f830fef42266fcf1156112f0eb959046,11f4fe862570895441036964a9b308e92c2ee6ba8a87b5da9009ffd5208a4bda,2c6d6a597c6b1b321c4f632291c22dfe5788a058fe82fd65114a5a59d5d0be83,3a365f5dd3e9d410585a34695bb444d67b220c4b40a9348288a540078bc27f75
joint,B2,False,2021-10-26,landsat-8,1094,71,7.1064984146503285,7.438145161094285,7.098939189818661,0.12399818041012216,True,3b188221263ad4673846ce5170fa622b5395e51a4aaa750114e1793d3986975b,55416c987a2d25f9177dd974307ae595761c1db31ecaa9d7561fb6c42d4d5e7c,00d1e59ce78baffbf9d24361ac8ba16a1d577b22cb193e15596627259190ed07,0c06b88fd09cd514745b699e6b6a7e12901db8d3247e42b582feaf1f7e91c04a,1eafe424a4c718d6a3b18cff938036f958858c70b344740788993b119bfbb04b,9c2f903993167fc2a228b3cfe60a23fe33f57f252bae6299458338cb8eb967ad,3f630dfcc8a1c2a19b093e7fe0f4bdc7f830fef42266fcf1156112f0eb959046,11f4fe862570895441036964a9b308e92c2ee6ba8a87b5da9009ffd5208a4bda,2c6d6a597c6b1b321c4f632291c22dfe5788a058fe82fd65114a5a59d5d0be83,3a365f5dd3e9d410585a34695bb444d67b220c4b40a9348288a540078bc27f75
joint,B2,False,2022-05-06,landsat-8,978,62,3.178168971582362,3.561066360617181,-3.1558137374574597,0.7499397091233391,True,3b188221263ad4673846ce5170fa622b5395e51a4aaa750114e1793d3986975b,55416c987a2d25f9177dd974307ae595761c1db31ecaa9d7561fb6c42d4d5e7c,00d1e59ce78baffbf9d24361ac8ba16a1d577b22cb193e15596627259190ed07,0c06b88fd09cd514745b699e6b6a7e12901db8d3247e42b582feaf1f7e91c04a,1eafe424a4c718d6a3b18cff938036f958858c70b344740788993b119bfbb04b,9c2f903993167fc2a228b3cfe60a23fe33f57f252bae6299458338cb8eb967ad,3f630dfcc8a1c2a19b093e7fe0f4bdc7f830fef42266fcf1156112f0eb959046,11f4fe862570895441036964a9b308e92c2ee6ba8a87b5da9009ffd5208a4bda,2c6d6a597c6b1b321c4f632291c22dfe5788a058fe82fd65114a5a59d5d0be83,3a365f5dd3e9d410585a34695bb444d67b220c4b40a9348288a540078bc27f75
joint,B2,False,2022-05-14,landsat-9,989,69,8.177930905915145,8.540094938917779,-8.159443806289758,0.5938027666249347,True,3b188221263ad4673846ce5170fa622b5395e51a4aaa750114e1793d3986975b,55416c987a2d25f9177dd974307ae595761c1db31ecaa9d7561fb6c42d4d5e7c,00d1e59ce78baffbf9d24361ac8ba16a1d577b22cb193e15596627259190ed07,0c06b88fd09cd514745b699e6b6a7e12901db8d3247e42b582feaf1f7e91c04a,1eafe424a4c718d6a3b18cff938036f958858c70b344740788993b119bfbb04b,9c2f903993167fc2a228b3cfe60a23fe33f57f252bae6299458338cb8eb967ad,3f630dfcc8a1c2a19b093e7fe0f4bdc7f830fef42266fcf1156112f0eb959046,11f4fe862570895441036964a9b308e92c2ee6ba8a87b5da9009ffd5208a4bda,2c6d6a597c6b1b321c4f632291c22dfe5788a058fe82fd65114a5a59d5d0be83,3a365f5dd3e9d410585a34695bb444d67b220c4b40a9348288a540078bc27f75
joint,B2,False,2022-05-22,landsat-8,818,58,2.0771417666378964,2.499218358191745,1.712317826056272,0.6646288452831309,True,3b188221263ad4673846ce5170fa622b5395e51a4aaa750114e1793d3986975b,55416c987a2d25f9177dd974307ae595761c1db31ecaa9d7561fb6c42d4d5e7c,00d1e59ce78baffbf9d24361ac8ba16a1d577b22cb193e15596627259190ed07,0c06b88fd09cd514745b699e6b6a7e12901db8d3247e42b582feaf1f7e91c04a,1eafe424a4c718d6a3b18cff938036f958858c70b344740788993b119bfbb04b,9c2f903993167fc2a228b3cfe60a23fe33f57f252bae6299458338cb8eb967ad,3f630dfcc8a1c2a19b093e7fe0f4bdc7f830fef42266fcf1156112f0eb959046,11f4fe862570895441036964a9b308e92c2ee6ba8a87b5da9009ffd5208a4bda,2c6d6a597c6b1b321c4f632291c22dfe5788a058fe82fd65114a5a59d5d0be83,3a365f5dd3e9d410585a34695bb444d67b220c4b40a9348288a540078bc27f75
joint,B2,False,2022-05-30,landsat-9,1055,67,1.4044602939904416,1.7350279823555055,-0.009294638508094161,0.6513453403827987,True,3b188221263ad4673846ce5170fa622b5395e51a4aaa750114e1793d3986975b,55416c987a2d25f9177dd974307ae595761c1db31ecaa9d7561fb6c42d4d5e7c,00d1e59ce78baffbf9d24361ac8ba16a1d577b22cb193e15596627259190ed07,0c06b88fd09cd514745b699e6b6a7e12901db8d3247e42b582feaf1f7e91c04a,1eafe424a4c718d6a3b18cff938036f958858c70b344740788993b119bfbb04b,9c2f903993167fc2a228b3cfe60a23fe33f57f252bae6299458338cb8eb967ad,3f630dfcc8a1c2a19b093e7fe0f4bdc7f830fef42266fcf1156112f0eb959046,11f4fe862570895441036964a9b308e92c2ee6ba8a87b5da9009ffd5208a4bda,2c6d6a597c6b1b321c4f632291c22dfe5788a058fe82fd65114a5a59d5d0be83,3a365f5dd3e9d410585a34695bb444d67b220c4b40a9348288a540078bc27f75
joint,B2,False,2022-06-07,landsat-8,967,61,1.408793109691591,1.7096228851166895,-0.4500655665725257,0.6516838893896517,True,3b188221263ad4673846ce5170fa622b5395e51a4aaa750114e1793d3986975b,55416c987a2d25f9177dd974307ae595761c1db31ecaa9d7561fb6c42d4d5e7c,00d1e59ce78baffbf9d24361ac8ba16a1d577b22cb193e15596627259190ed07,0c06b88fd09cd514745b699e6b6a7e12901db8d3247e42b582feaf1f7e91c04a,1eafe424a4c718d6a3b18cff938036f958858c70b344740788993b119bfbb04b,9c2f903993167fc2a228b3cfe60a23fe33f57f252bae6299458338cb8eb967ad,3f630dfcc8a1c2a19b093e7fe0f4bdc7f830fef42266fcf1156112f0eb959046,11f4fe862570895441036964a9b308e92c2ee6ba8a87b5da9009ffd5208a4bda,2c6d6a597c6b1b321c4f632291c22dfe5788a058fe82fd65114a5a59d5d0be83,3a365f5dd3e9d410585a34695bb444d67b220c4b40a9348288a540078bc27f75
joint,B2,False,2022-06-15,landsat-9,1067,69,1.303055247960757,1.5851350008115732,-0.21904369533331114,0.7678434846294773,True,3b188221263ad4673846ce5170fa622b5395e51a4aaa750114e1793d3986975b,55416c987a2d25f9177dd974307ae595761c1db31ecaa9d7561fb6c42d4d5e7c,00d1e59ce78baffbf9d24361ac8ba16a1d577b22cb193e15596627259190ed07,0c06b88fd09cd514745b699e6b6a7e12901db8d3247e42b582feaf1f7e91c04a,1eafe424a4c718d6a3b18cff938036f958858c70b344740788993b119bfbb04b,9c2f903993167fc2a228b3cfe60a23fe33f57f252bae6299458338cb8eb967ad,3f630dfcc8a1c2a19b093e7fe0f4bdc7f830fef42266fcf1156112f0eb959046,11f4fe862570895441036964a9b308e92c2ee6ba8a87b5da9009ffd5208a4bda,2c6d6a597c6b1b321c4f632291c22dfe5788a058fe82fd65114a5a59d5d0be83,3a365f5dd3e9d410585a34695bb444d67b220c4b40a9348288a540078bc27f75
joint,B2,False,2022-06-23,landsat-8,1059,69,2.43799130001494,3.038779014314886,-1.5272221768210605,0.7019385951309263,True,3b188221263ad4673846ce5170fa622b5395e51a4aaa750114e1793d3986975b,55416c987a2d25f9177dd974307ae595761c1db31ecaa9d7561fb6c42d4d5e7c,00d1e59ce78baffbf9d24361ac8ba16a1d577b22cb193e15596627259190ed07,0c06b88fd09cd514745b699e6b6a7e12901db8d3247e42b582feaf1f7e91c04a,1eafe424a4c718d6a3b18cff938036f958858c70b344740788993b119bfbb04b,9c2f903993167fc2a228b3cfe60a23fe33f57f252bae6299458338cb8eb967ad,3f630dfcc8a1c2a19b093e7fe0f4bdc7f830fef42266fcf1156112f0eb959046,11f4fe862570895441036964a9b308e92c2ee6ba8a87b5da9009ffd5208a4bda,2c6d6a597c6b1b321c4f632291c22dfe5788a058fe82fd65114a5a59d5d0be83,3a365f5dd3e9d410585a34695bb444d67b220c4b40a9348288a540078bc27f75
joint,B2,False,2022-07-01,landsat-9,1072,70,1.245190876944634,1.5218082373031783,-0.26727547005124436,0.7199824089733021,True,3b188221263ad4673846ce5170fa622b5395e51a4aaa750114e1793d3986975b,55416c987a2d25f9177dd974307ae595761c1db31ecaa9d7561fb6c42d4d5e7c,00d1e59ce78baffbf9d24361ac8ba16a1d577b22cb193e15596627259190ed07,0c06b88fd09cd514745b699e6b6a7e12901db8d3247e42b582feaf1f7e91c04a,1eafe424a4c718d6a3b18cff938036f958858c70b344740788993b119bfbb04b,9c2f903993167fc2a228b3cfe60a23fe33f57f252bae6299458338cb8eb967ad,3f630dfcc8a1c2a19b093e7fe0f4bdc7f830fef42266fcf1156112f0eb959046,11f4fe862570895441036964a9b308e92c2ee6ba8a87b5da9009ffd5208a4bda,2c6d6a597c6b1b321c4f632291c22dfe5788a058fe82fd65114a5a59d5d0be83,3a365f5dd3e9d410585a34695bb444d67b220c4b40a9348288a540078bc27f75
joint,B2,False,2022-07-09,landsat-8,1050,67,1.8842035087320943,2.3634955567061007,-0.08662742511883152,0.7388723277917085,True,3b188221263ad4673846ce5170fa622b5395e51a4aaa750114e1793d3986975b,55416c987a2d25f9177dd974307ae595761c1db31ecaa9d7561fb6c42d4d5e7c,00d1e59ce78baffbf9d24361ac8ba16a1d577b22cb193e15596627259190ed07,0c06b88fd09cd514745b699e6b6a7e12901db8d3247e42b582feaf1f7e91c04a,1eafe424a4c718d6a3b18cff938036f958858c70b344740788993b119bfbb04b,9c2f903993167fc2a228b3cfe60a23fe33f57f252bae6299458338cb8eb967ad,3f630dfcc8a1c2a19b093e7fe0f4bdc7f830fef42266fcf1156112f0eb959046,11f4fe862570895441036964a9b308e92c2ee6ba8a87b5da9009ffd5208a4bda,2c6d6a597c6b1b321c4f632291c22dfe5788a058fe82fd65114a5a59d5d0be83,3a365f5dd3e9d410585a34695bb444d67b220c4b40a9348288a540078bc27f75
joint,B2,False,2022-07-17,landsat-9,1008,69,6.000423870597652,6.21688008165693,-5.982014672649911,0.7519236913329825,True,3b188221263ad4673846ce5170fa622b5395e51a4aaa750114e1793d3986975b,55416c987a2d25f9177dd974307ae595761c1db31ecaa9d7561fb6c42d4d5e7c,00d1e59ce78baffbf9d24361ac8ba16a1d577b22cb193e15596627259190ed07,0c06b88fd09cd514745b699e6b6a7e12901db8d3247e42b582feaf1f7e91c04a,1eafe424a4c718d6a3b18cff938036f958858c70b344740788993b119bfbb04b,9c2f903993167fc2a228b3cfe60a23fe33f57f252bae6299458338cb8eb967ad,3f630dfcc8a1c2a19b093e7fe0f4bdc7f830fef42266fcf1156112f0eb959046,11f4fe862570895441036964a9b308e92c2ee6ba8a87b5da9009ffd5208a4bda,2c6d6a597c6b1b321c4f632291c22dfe5788a058fe82fd65114a5a59d5d0be83,3a365f5dd3e9d410585a34695bb444d67b220c4b40a9348288a540078bc27f75
joint,B2,False,2022-07-25,landsat-8,1054,68,1.4113939927330064,1.83054957415843,1.1903504013960802,0.7722268629249451,True,3b188221263ad4673846ce5170fa622b5395e51a4aaa750114e1793d3986975b,55416c987a2d25f9177dd974307ae595761c1db31ecaa9d7561fb6c42d4d5e7c,00d1e59ce78baffbf9d24361ac8ba16a1d577b22cb193e15596627259190ed07,0c06b88fd09cd514745b699e6b6a7e12901db8d3247e42b582feaf1f7e91c04a,1eafe424a4c718d6a3b18cff938036f958858c70b344740788993b119bfbb04b,9c2f903993167fc2a228b3cfe60a23fe33f57f252bae6299458338cb8eb967ad,3f630dfcc8a1c2a19b093e7fe0f4bdc7f830fef42266fcf1156112f0eb959046,11f4fe862570895441036964a9b308e92c2ee6ba8a87b5da9009ffd5208a4bda,2c6d6a597c6b1b321c4f632291c22dfe5788a058fe82fd65114a5a59d5d0be83,3a365f5dd3e9d410585a34695bb444d67b220c4b40a9348288a540078bc27f75
joint,B2,False,2022-08-02,landsat-9,1026,67,1.8936903664232356,2.2584529632808965,-0.13387259503982515,0.7353563856074015,True,3b188221263ad4673846ce5170fa622b5395e51a4aaa750114e1793d3986975b,55416c987a2d25f9177dd974307ae595761c1db31ecaa9d7561fb6c42d4d5e7c,00d1e59ce78baffbf9d24361ac8ba16a1d577b22cb193e15596627259190ed07,0c06b88fd09cd514745b699e6b6a7e12901db8d3247e42b582feaf1f7e91c04a,1eafe424a4c718d6a3b18cff938036f958858c70b344740788993b119bfbb04b,9c2f903993167fc2a228b3cfe60a23fe33f57f252bae6299458338cb8eb967ad,3f630dfcc8a1c2a19b093e7fe0f4bdc7f830fef42266fcf1156112f0eb959046,11f4fe862570895441036964a9b308e92c2ee6ba8a87b5da9009ffd5208a4bda,2c6d6a597c6b1b321c4f632291c22dfe5788a058fe82fd65114a5a59d5d0be83,3a365f5dd3e9d410585a34695bb444d67b220c4b40a9348288a540078bc27f75
joint,B2,False,2022-08-18,landsat-9,1034,66,2.3808641911620283,2.9430727000696715,-1.5600753231632005,0.7445403919999477,True,3b188221263ad4673846ce5170fa622b5395e51a4aaa750114e1793d3986975b,55416c987a2d25f9177dd974307ae595761c1db31ecaa9d7561fb6c42d4d5e7c,00d1e59ce78baffbf9d24361ac8ba16a1d577b22cb193e15596627259190ed07,0c06b88fd09cd514745b699e6b6a7e12901db8d3247e42b582feaf1f7e91c04a,1eafe424a4c718d6a3b18cff938036f958858c70b344740788993b119bfbb04b,9c2f903993167fc2a228b3cfe60a23fe33f57f252bae6299458338cb8eb967ad,3f630dfcc8a1c2a19b093e7fe0f4bdc7f830fef42266fcf1156112f0eb959046,11f4fe862570895441036964a9b308e92c2ee6ba8a87b5da9009ffd5208a4bda,2c6d6a597c6b1b321c4f632291c22dfe5788a058fe82fd65114a5a59d5d0be83,3a365f5dd3e9d410585a34695bb444d67b220c4b40a9348288a540078bc27f75
joint,B2,False,2022-08-26,landsat-8,1058,69,2.679799574994155,3.1934486807498073,-2.4489405978326273,0.7266727845147183,True,3b188221263ad4673846ce5170fa622b5395e51a4aaa750114e1793d3986975b,55416c987a2d25f9177dd974307ae595761c1db31ecaa9d7561fb6c42d4d5e7c,00d1e59ce78baffbf9d24361ac8ba16a1d577b22cb193e15596627259190ed07,0c06b88fd09cd514745b699e6b6a7e12901db8d3247e42b582feaf1f7e91c04a,1eafe424a4c718d6a3b18cff938036f958858c70b344740788993b119bfbb04b,9c2f903993167fc2a228b3cfe60a23fe33f57f252bae6299458338cb8eb967ad,3f630dfcc8a1c2a19b093e7fe0f4bdc7f830fef42266fcf1156112f0eb959046,11f4fe862570895441036964a9b308e92c2ee6ba8a87b5da9009ffd5208a4bda,2c6d6a597c6b1b321c4f632291c22dfe5788a058fe82fd65114a5a59d5d0be83,3a365f5dd3e9d410585a34695bb444d67b220c4b40a9348288a540078bc27f75
joint,B2,False,2022-09-03,landsat-9,1085,71,9.537263804942272,9.696352945858058,-9.537263804942272,0.7290828039827092,True,3b188221263ad4673846ce5170fa622b5395e51a4aaa750114e1793d3986975b,55416c987a2d25f9177dd974307ae595761c1db31ecaa9d7561fb6c42d4d5e7c,00d1e59ce78baffbf9d24361ac8ba16a1d577b22cb193e15596627259190ed07,0c06b88fd09cd514745b699e6b6a7e12901db8d3247e42b582feaf1f7e91c04a,1eafe424a4c718d6a3b18cff938036f958858c70b344740788993b119bfbb04b,9c2f903993167fc2a228b3cfe60a23fe33f57f252bae6299458338cb8eb967ad,3f630dfcc8a1c2a19b093e7fe0f4bdc7f830fef42266fcf1156112f0eb959046,11f4fe862570895441036964a9b308e92c2ee6ba8a87b5da9009ffd5208a4bda,2c6d6a597c6b1b321c4f632291c22dfe5788a058fe82fd65114a5a59d5d0be83,3a365f5dd3e9d410585a34695bb444d67b220c4b40a9348288a540078bc27f75
joint,B2,False,2022-09-27,landsat-8,1081,71,6.1326610765247835,6.443977269509624,-6.1326610765247835,0.6911776975715417,True,3b188221263ad4673846ce5170fa622b5395e51a4aaa750114e1793d3986975b,55416c987a2d25f9177dd974307ae595761c1db31ecaa9d7561fb6c42d4d5e7c,00d1e59ce78baffbf9d24361ac8ba16a1d577b22cb193e15596627259190ed07,0c06b88fd09cd514745b699e6b6a7e12901db8d3247e42b582feaf1f7e91c04a,1eafe424a4c718d6a3b18cff938036f958858c70b344740788993b119bfbb04b,9c2f903993167fc2a228b3cfe60a23fe33f57f252bae6299458338cb8eb967ad,3f630dfcc8a1c2a19b093e7fe0f4bdc7f830fef42266fcf1156112f0eb959046,11f4fe862570895441036964a9b308e92c2ee6ba8a87b5da9009ffd5208a4bda,2c6d6a597c6b1b321c4f632291c22dfe5788a058fe82fd65114a5a59d5d0be83,3a365f5dd3e9d410585a34695bb444d67b220c4b40a9348288a540078bc27f75
joint,B2,False,2022-10-05,landsat-9,921,59,1.4230496500828027,1.7394855642151597,-1.0271671078035776,0.6456272774973044,True,3b188221263ad4673846ce5170fa622b5395e51a4aaa750114e1793d3986975b,55416c987a2d25f9177dd974307ae595761c1db31ecaa9d7561fb6c42d4d5e7c,00d1e59ce78baffbf9d24361ac8ba16a1d577b22cb193e15596627259190ed07,0c06b88fd09cd514745b699e6b6a7e12901db8d3247e42b582feaf1f7e91c04a,1eafe424a4c718d6a3b18cff938036f958858c70b344740788993b119bfbb04b,9c2f903993167fc2a228b3cfe60a23fe33f57f252bae6299458338cb8eb967ad,3f630dfcc8a1c2a19b093e7fe0f4bdc7f830fef42266fcf1156112f0eb959046,11f4fe862570895441036964a9b308e92c2ee6ba8a87b5da9009ffd5208a4bda,2c6d6a597c6b1b321c4f632291c22dfe5788a058fe82fd65114a5a59d5d0be83,3a365f5dd3e9d410585a34695bb444d67b220c4b40a9348288a540078bc27f75
joint,B2,False,2022-10-21,landsat-9,701,63,1.4897652241103103,1.9116937579662134,-1.2902362632352733,0.5812287120804553,True,3b188221263ad4673846ce5170fa622b5395e51a4aaa750114e1793d3986975b,55416c987a2d25f9177dd974307ae595761c1db31ecaa9d7561fb6c42d4d5e7c,00d1e59ce78baffbf9d24361ac8ba16a1d577b22cb193e15596627259190ed07,0c06b88fd09cd514745b699e6b6a7e12901db8d3247e42b582feaf1f7e91c04a,1eafe424a4c718d6a3b18cff938036f958858c70b344740788993b119bfbb04b,9c2f903993167fc2a228b3cfe60a23fe33f57f252bae6299458338cb8eb967ad,3f630dfcc8a1c2a19b093e7fe0f4bdc7f830fef42266fcf1156112f0eb959046,11f4fe862570895441036964a9b308e92c2ee6ba8a87b5da9009ffd5208a4bda,2c6d6a597c6b1b321c4f632291c22dfe5788a058fe82fd65114a5a59d5d0be83,3a365f5dd3e9d410585a34695bb444d67b220c4b40a9348288a540078bc27f75
joint,B2,False,2022-10-29,landsat-8,969,67,1.2323071906152643,1.522526326391443,0.39385211940709414,0.5006867429213613,True,3b188221263ad4673846ce5170fa622b5395e51a4aaa750114e1793d3986975b,55416c987a2d25f9177dd974307ae595761c1db31ecaa9d7561fb6c42d4d5e7c,00d1e59ce78baffbf9d24361ac8ba16a1d577b22cb193e15596627259190ed07,0c06b88fd09cd514745b699e6b6a7e12901db8d3247e42b582feaf1f7e91c04a,1eafe424a4c718d6a3b18cff938036f958858c70b344740788993b119bfbb04b,9c2f903993167fc2a228b3cfe60a23fe33f57f252bae6299458338cb8eb967ad,3f630dfcc8a1c2a19b093e7fe0f4bdc7f830fef42266fcf1156112f0eb959046,11f4fe862570895441036964a9b308e92c2ee6ba8a87b5da9009ffd5208a4bda,2c6d6a597c6b1b321c4f632291c22dfe5788a058fe82fd65114a5a59d5d0be83,3a365f5dd3e9d410585a34695bb444d67b220c4b40a9348288a540078bc27f75
joint,B2,False,2023-05-17,landsat-9,788,52,1.2945085130499467,1.7045804420804853,0.7882159884355041,0.6987884275688063,True,3b188221263ad4673846ce5170fa622b5395e51a4aaa750114e1793d3986975b,55416c987a2d25f9177dd974307ae595761c1db31ecaa9d7561fb6c42d4d5e7c,00d1e59ce78baffbf9d24361ac8ba16a1d577b22cb193e15596627259190ed07,0c06b88fd09cd514745b699e6b6a7e12901db8d3247e42b582feaf1f7e91c04a,1eafe424a4c718d6a3b18cff938036f958858c70b344740788993b119bfbb04b,9c2f903993167fc2a228b3cfe60a23fe33f57f252bae6299458338cb8eb967ad,3f630dfcc8a1c2a19b093e7fe0f4bdc7f830fef42266fcf1156112f0eb959046,11f4fe862570895441036964a9b308e92c2ee6ba8a87b5da9009ffd5208a4bda,2c6d6a597c6b1b321c4f632291c22dfe5788a058fe82fd65114a5a59d5d0be83,3a365f5dd3e9d410585a34695bb444d67b220c4b40a9348288a540078bc27f75
joint,B2,False,2023-06-26,landsat-8,1038,62,2.6067959331898316,3.0805447605670597,2.5572527078152874,0.7461285596133479,True,3b188221263ad4673846ce5170fa622b5395e51a4aaa750114e1793d3986975b,55416c987a2d25f9177dd974307ae595761c1db31ecaa9d7561fb6c42d4d5e7c,00d1e59ce78baffbf9d24361ac8ba16a1d577b22cb193e15596627259190ed07,0c06b88fd09cd514745b699e6b6a7e12901db8d3247e42b582feaf1f7e91c04a,1eafe424a4c718d6a3b18cff938036f958858c70b344740788993b119bfbb04b,9c2f903993167fc2a228b3cfe60a23fe33f57f252bae6299458338cb8eb967ad,3f630dfcc8a1c2a19b093e7fe0f4bdc7f830fef42266fcf1156112f0eb959046,11f4fe862570895441036964a9b308e92c2ee6ba8a87b5da9009ffd5208a4bda,2c6d6a597c6b1b321c4f632291c22dfe5788a058fe82fd65114a5a59d5d0be83,3a365f5dd3e9d410585a34695bb444d67b220c4b40a9348288a540078bc27f75
joint,B2,False,2023-07-04,landsat-9,1059,66,4.636591045117869,4.915335912060878,4.636591045117869,0.6299820725999281,True,3b188221263ad4673846ce5170fa622b5395e51a4aaa750114e1793d3986975b,55416c987a2d25f9177dd974307ae595761c1db31ecaa9d7561fb6c42d4d5e7c,00d1e59ce78baffbf9d24361ac8ba16a1d577b22cb193e15596627259190ed07,0c06b88fd09cd514745b699e6b6a7e12901db8d3247e42b582feaf1f7e91c04a,1eafe424a4c718d6a3b18cff938036f958858c70b344740788993b119bfbb04b,9c2f903993167fc2a228b3cfe60a23fe33f57f252bae6299458338cb8eb967ad,3f630dfcc8a1c2a19b093e7fe0f4bdc7f830fef42266fcf1156112f0eb959046,11f4fe862570895441036964a9b308e92c2ee6ba8a87b5da9009ffd5208a4bda,2c6d6a597c6b1b321c4f632291c22dfe5788a058fe82fd65114a5a59d5d0be83,3a365f5dd3e9d410585a34695bb444d67b220c4b40a9348288a540078bc27f75
joint,B2,False,2023-07-12,landsat-8,1060,69,2.4748248626433043,2.8283915226555902,-2.1613923227972247,0.7475347899996759,True,3b188221263ad4673846ce5170fa622b5395e51a4aaa750114e1793d3986975b,55416c987a2d25f9177dd974307ae595761c1db31ecaa9d7561fb6c42d4d5e7c,00d1e59ce78baffbf9d24361ac8ba16a1d577b22cb193e15596627259190ed07,0c06b88fd09cd514745b699e6b6a7e12901db8d3247e42b582feaf1f7e91c04a,1eafe424a4c718d6a3b18cff938036f958858c70b344740788993b119bfbb04b,9c2f903993167fc2a228b3cfe60a23fe33f57f252bae6299458338cb8eb967ad,3f630dfcc8a1c2a19b093e7fe0f4bdc7f830fef42266fcf1156112f0eb959046,11f4fe862570895441036964a9b308e92c2ee6ba8a87b5da9009ffd5208a4bda,2c6d6a597c6b1b321c4f632291c22dfe5788a058fe82fd65114a5a59d5d0be83,3a365f5dd3e9d410585a34695bb444d67b220c4b40a9348288a540078bc27f75
joint,B2,False,2023-07-20,landsat-9,1072,69,2.4654197325543223,2.9844843381130466,-1.674619237155697,0.7814023524035051,True,3b188221263ad4673846ce5170fa622b5395e51a4aaa750114e1793d3986975b,55416c987a2d25f9177dd974307ae595761c1db31ecaa9d7561fb6c42d4d5e7c,00d1e59ce78baffbf9d24361ac8ba16a1d577b22cb193e15596627259190ed07,0c06b88fd09cd514745b699e6b6a7e12901db8d3247e42b582feaf1f7e91c04a,1eafe424a4c718d6a3b18cff938036f958858c70b344740788993b119bfbb04b,9c2f903993167fc2a228b3cfe60a23fe33f57f252bae6299458338cb8eb967ad,3f630dfcc8a1c2a19b093e7fe0f4bdc7f830fef42266fcf1156112f0eb959046,11f4fe862570895441036964a9b308e92c2ee6ba8a87b5da9009ffd5208a4bda,2c6d6a597c6b1b321c4f632291c22dfe5788a058fe82fd65114a5a59d5d0be83,3a365f5dd3e9d410585a34695bb444d67b220c4b40a9348288a540078bc27f75
joint,B2,False,2023-07-28,landsat-8,983,66,1.4247754955222243,1.973735453082387,0.8545147625015509,0.7800938798501309,True,3b188221263ad4673846ce5170fa622b5395e51a4aaa750114e1793d3986975b,55416c987a2d25f9177dd974307ae595761c1db31ecaa9d7561fb6c42d4d5e7c,00d1e59ce78baffbf9d24361ac8ba16a1d577b22cb193e15596627259190ed07,0c06b88fd09cd514745b699e6b6a7e12901db8d3247e42b582feaf1f7e91c04a,1eafe424a4c718d6a3b18cff938036f958858c70b344740788993b119bfbb04b,9c2f903993167fc2a228b3cfe60a23fe33f57f252bae6299458338cb8eb967ad,3f630dfcc8a1c2a19b093e7fe0f4bdc7f830fef42266fcf1156112f0eb959046,11f4fe862570895441036964a9b308e92c2ee6ba8a87b5da9009ffd5208a4bda,2c6d6a597c6b1b321c4f632291c22dfe5788a058fe82fd65114a5a59d5d0be83,3a365f5dd3e9d410585a34695bb444d67b220c4b40a9348288a540078bc27f75
joint,B2,False,2023-08-05,landsat-9,1076,69,1.9453156063758177,2.483475546637699,0.9225461774235747,0.7168692251654385,True,3b188221263ad4673846ce5170fa622b5395e51a4aaa750114e1793d3986975b,55416c987a2d25f9177dd974307ae595761c1db31ecaa9d7561fb6c42d4d5e7c,00d1e59ce78baffbf9d24361ac8ba16a1d577b22cb193e15596627259190ed07,0c06b88fd09cd514745b699e6b6a7e12901db8d3247e42b582feaf1f7e91c04a,1eafe424a4c718d6a3b18cff938036f958858c70b344740788993b119bfbb04b,9c2f903993167fc2a228b3cfe60a23fe33f57f252bae6299458338cb8eb967ad,3f630dfcc8a1c2a19b093e7fe0f4bdc7f830fef42266fcf1156112f0eb959046,11f4fe862570895441036964a9b308e92c2ee6ba8a87b5da9009ffd5208a4bda,2c6d6a597c6b1b321c4f632291c22dfe5788a058fe82fd65114a5a59d5d0be83,3a365f5dd3e9d410585a34695bb444d67b220c4b40a9348288a540078bc27f75
joint,B2,False,2023-08-13,landsat-8,1063,68,1.5216827212891246,1.948123023317018,1.3529355277994608,0.8194215417743738,True,3b188221263ad4673846ce5170fa622b5395e51a4aaa750114e1793d3986975b,55416c987a2d25f9177dd974307ae595761c1db31ecaa9d7561fb6c42d4d5e7c,00d1e59ce78baffbf9d24361ac8ba16a1d577b22cb193e15596627259190ed07,0c06b88fd09cd514745b699e6b6a7e12901db8d3247e42b582feaf1f7e91c04a,1eafe424a4c718d6a3b18cff938036f958858c70b344740788993b119bfbb04b,9c2f903993167fc2a228b3cfe60a23fe33f57f252bae6299458338cb8eb967ad,3f630dfcc8a1c2a19b093e7fe0f4bdc7f830fef42266fcf1156112f0eb959046,11f4fe862570895441036964a9b308e92c2ee6ba8a87b5da9009ffd5208a4bda,2c6d6a597c6b1b321c4f632291c22dfe5788a058fe82fd65114a5a59d5d0be83,3a365f5dd3e9d410585a34695bb444d67b220c4b40a9348288a540078bc27f75
joint,B2,False,2023-08-29,landsat-8,1088,71,2.6546217456652252,3.0264725514937347,-2.4790310950818726,0.7935799133999138,True,3b188221263ad4673846ce5170fa622b5395e51a4aaa750114e1793d3986975b,55416c987a2d25f9177dd974307ae595761c1db31ecaa9d7561fb6c42d4d5e7c,00d1e59ce78baffbf9d24361ac8ba16a1d577b22cb193e15596627259190ed07,0c06b88fd09cd514745b699e6b6a7e12901db8d3247e42b582feaf1f7e91c04a,1eafe424a4c718d6a3b18cff938036f958858c70b344740788993b119bfbb04b,9c2f903993167fc2a228b3cfe60a23fe33f57f252bae6299458338cb8eb967ad,3f630dfcc8a1c2a19b093e7fe0f4bdc7f830fef42266fcf1156112f0eb959046,11f4fe862570895441036964a9b308e92c2ee6ba8a87b5da9009ffd5208a4bda,2c6d6a597c6b1b321c4f632291c22dfe5788a058fe82fd65114a5a59d5d0be83,3a365f5dd3e9d410585a34695bb444d67b220c4b40a9348288a540078bc27f75
joint,B2,False,2023-09-14,landsat-8,634,53,3.5495582383377693,3.889492332372011,3.521063583776835,0.44687271230814357,True,3b188221263ad4673846ce5170fa622b5395e51a4aaa750114e1793d3986975b,55416c987a2d25f9177dd974307ae595761c1db31ecaa9d7561fb6c42d4d5e7c,00d1e59ce78baffbf9d24361ac8ba16a1d577b22cb193e15596627259190ed07,0c06b88fd09cd514745b699e6b6a7e12901db8d3247e42b582feaf1f7e91c04a,1eafe424a4c718d6a3b18cff938036f958858c70b344740788993b119bfbb04b,9c2f903993167fc2a228b3cfe60a23fe33f57f252bae6299458338cb8eb967ad,3f630dfcc8a1c2a19b093e7fe0f4bdc7f830fef42266fcf1156112f0eb959046,11f4fe862570895441036964a9b308e92c2ee6ba8a87b5da9009ffd5208a4bda,2c6d6a597c6b1b321c4f632291c22dfe5788a058fe82fd65114a5a59d5d0be83,3a365f5dd3e9d410585a34695bb444d67b220c4b40a9348288a540078bc27f75
joint,B2,False,2023-09-22,landsat-9,707,54,6.061239491202103,6.409062035263152,6.061239491202103,0.5465541045387109,True,3b188221263ad4673846ce5170fa622b5395e51a4aaa750114e1793d3986975b,55416c987a2d25f9177dd974307ae595761c1db31ecaa9d7561fb6c42d4d5e7c,00d1e59ce78baffbf9d24361ac8ba16a1d577b22cb193e15596627259190ed07,0c06b88fd09cd514745b699e6b6a7e12901db8d3247e42b582feaf1f7e91c04a,1eafe424a4c718d6a3b18cff938036f958858c70b344740788993b119bfbb04b,9c2f903993167fc2a228b3cfe60a23fe33f57f252bae6299458338cb8eb967ad,3f630dfcc8a1c2a19b093e7fe0f4bdc7f830fef42266fcf1156112f0eb959046,11f4fe862570895441036964a9b308e92c2ee6ba8a87b5da9009ffd5208a4bda,2c6d6a597c6b1b321c4f632291c22dfe5788a058fe82fd65114a5a59d5d0be83,3a365f5dd3e9d410585a34695bb444d67b220c4b40a9348288a540078bc27f75
joint,B2,False,2023-10-08,landsat-9,952,61,2.5586982317678073,2.8927427741261016,-2.520207007409167,0.8043308818104832,True,3b188221263ad4673846ce5170fa622b5395e51a4aaa750114e1793d3986975b,55416c987a2d25f9177dd974307ae595761c1db31ecaa9d7561fb6c42d4d5e7c,00d1e59ce78baffbf9d24361ac8ba16a1d577b22cb193e15596627259190ed07,0c06b88fd09cd514745b699e6b6a7e12901db8d3247e42b582feaf1f7e91c04a,1eafe424a4c718d6a3b18cff938036f958858c70b344740788993b119bfbb04b,9c2f903993167fc2a228b3cfe60a23fe33f57f252bae6299458338cb8eb967ad,3f630dfcc8a1c2a19b093e7fe0f4bdc7f830fef42266fcf1156112f0eb959046,11f4fe862570895441036964a9b308e92c2ee6ba8a87b5da9009ffd5208a4bda,2c6d6a597c6b1b321c4f632291c22dfe5788a058fe82fd65114a5a59d5d0be83,3a365f5dd3e9d410585a34695bb444d67b220c4b40a9348288a540078bc27f75
joint,B2,False,2023-10-16,landsat-8,936,62,1.265991818863219,1.5283260049615042,-1.0747158308094145,0.8028526164207915,True,3b188221263ad4673846ce5170fa622b5395e51a4aaa750114e1793d3986975b,55416c987a2d25f9177dd974307ae595761c1db31ecaa9d7561fb6c42d4d5e7c,00d1e59ce78baffbf9d24361ac8ba16a1d577b22cb193e15596627259190ed07,0c06b88fd09cd514745b699e6b6a7e12901db8d3247e42b582feaf1f7e91c04a,1eafe424a4c718d6a3b18cff938036f958858c70b344740788993b119bfbb04b,9c2f903993167fc2a228b3cfe60a23fe33f57f252bae6299458338cb8eb967ad,3f630dfcc8a1c2a19b093e7fe0f4bdc7f830fef42266fcf1156112f0eb959046,11f4fe862570895441036964a9b308e92c2ee6ba8a87b5da9009ffd5208a4bda,2c6d6a597c6b1b321c4f632291c22dfe5788a058fe82fd65114a5a59d5d0be83,3a365f5dd3e9d410585a34695bb444d67b220c4b40a9348288a540078bc27f75
joint,B2,False,2023-10-24,landsat-9,699,51,2.271602982171489,2.6768650758322807,2.125631695169979,0.37689068000759485,True,3b188221263ad4673846ce5170fa622b5395e51a4aaa750114e1793d3986975b,55416c987a2d25f9177dd974307ae595761c1db31ecaa9d7561fb6c42d4d5e7c,00d1e59ce78baffbf9d24361ac8ba16a1d577b22cb193e15596627259190ed07,0c06b88fd09cd514745b699e6b6a7e12901db8d3247e42b582feaf1f7e91c04a,1eafe424a4c718d6a3b18cff938036f958858c70b344740788993b119bfbb04b,9c2f903993167fc2a228b3cfe60a23fe33f57f252bae6299458338cb8eb967ad,3f630dfcc8a1c2a19b093e7fe0f4bdc7f830fef42266fcf1156112f0eb959046,11f4fe862570895441036964a9b308e92c2ee6ba8a87b5da9009ffd5208a4bda,2c6d6a597c6b1b321c4f632291c22dfe5788a058fe82fd65114a5a59d5d0be83,3a365f5dd3e9d410585a34695bb444d67b220c4b40a9348288a540078bc27f75
joint,B2,False,2024-05-11,landsat-8,861,55,1.4264642450622562,1.7910700107314015,0.8091702306303067,0.6863702761931674,True,3b188221263ad4673846ce5170fa622b5395e51a4aaa750114e1793d3986975b,55416c987a2d25f9177dd974307ae595761c1db31ecaa9d7561fb6c42d4d5e7c,00d1e59ce78baffbf9d24361ac8ba16a1d577b22cb193e15596627259190ed07,0c06b88fd09cd514745b699e6b6a7e12901db8d3247e42b582feaf1f7e91c04a,1eafe424a4c718d6a3b18cff938036f958858c70b344740788993b119bfbb04b,9c2f903993167fc2a228b3cfe60a23fe33f57f252bae6299458338cb8eb967ad,3f630dfcc8a1c2a19b093e7fe0f4bdc7f830fef42266fcf1156112f0eb959046,11f4fe862570895441036964a9b308e92c2ee6ba8a87b5da9009ffd5208a4bda,2c6d6a597c6b1b321c4f632291c22dfe5788a058fe82fd65114a5a59d5d0be83,3a365f5dd3e9d410585a34695bb444d67b220c4b40a9348288a540078bc27f75
joint,B2,False,2024-05-27,landsat-8,680,46,4.176933361112361,4.398355211172048,4.176933361112361,0.6123871459347525,True,3b188221263ad4673846ce5170fa622b5395e51a4aaa750114e1793d3986975b,55416c987a2d25f9177dd974307ae595761c1db31ecaa9d7561fb6c42d4d5e7c,00d1e59ce78baffbf9d24361ac8ba16a1d577b22cb193e15596627259190ed07,0c06b88fd09cd514745b699e6b6a7e12901db8d3247e42b582feaf1f7e91c04a,1eafe424a4c718d6a3b18cff938036f958858c70b344740788993b119bfbb04b,9c2f903993167fc2a228b3cfe60a23fe33f57f252bae6299458338cb8eb967ad,3f630dfcc8a1c2a19b093e7fe0f4bdc7f830fef42266fcf1156112f0eb959046,11f4fe862570895441036964a9b308e92c2ee6ba8a87b5da9009ffd5208a4bda,2c6d6a597c6b1b321c4f632291c22dfe5788a058fe82fd65114a5a59d5d0be83,3a365f5dd3e9d410585a34695bb444d67b220c4b40a9348288a540078bc27f75
joint,B2,False,2024-06-20,landsat-9,1050,65,2.374056523998032,2.829965808795801,2.354673383556239,0.7335486771042296,True,3b188221263ad4673846ce5170fa622b5395e51a4aaa750114e1793d3986975b,55416c987a2d25f9177dd974307ae595761c1db31ecaa9d7561fb6c42d4d5e7c,00d1e59ce78baffbf9d24361ac8ba16a1d577b22cb193e15596627259190ed07,0c06b88fd09cd514745b699e6b6a7e12901db8d3247e42b582feaf1f7e91c04a,1eafe424a4c718d6a3b18cff938036f958858c70b344740788993b119bfbb04b,9c2f903993167fc2a228b3cfe60a23fe33f57f252bae6299458338cb8eb967ad,3f630dfcc8a1c2a19b093e7fe0f4bdc7f830fef42266fcf1156112f0eb959046,11f4fe862570895441036964a9b308e92c2ee6ba8a87b5da9009ffd5208a4bda,2c6d6a597c6b1b321c4f632291c22dfe5788a058fe82fd65114a5a59d5d0be83,3a365f5dd3e9d410585a34695bb444d67b220c4b40a9348288a540078bc27f75
joint,B2,False,2024-06-28,landsat-8,1060,69,1.897067934737588,2.3492519617524175,1.1447080054055103,0.6247437736085037,True,3b188221263ad4673846ce5170fa622b5395e51a4aaa750114e1793d3986975b,55416c987a2d25f9177dd974307ae595761c1db31ecaa9d7561fb6c42d4d5e7c,00d1e59ce78baffbf9d24361ac8ba16a1d577b22cb193e15596627259190ed07,0c06b88fd09cd514745b699e6b6a7e12901db8d3247e42b582feaf1f7e91c04a,1eafe424a4c718d6a3b18cff938036f958858c70b344740788993b119bfbb04b,9c2f903993167fc2a228b3cfe60a23fe33f57f252bae6299458338cb8eb967ad,3f630dfcc8a1c2a19b093e7fe0f4bdc7f830fef42266fcf1156112f0eb959046,11f4fe862570895441036964a9b308e92c2ee6ba8a87b5da9009ffd5208a4bda,2c6d6a597c6b1b321c4f632291c22dfe5788a058fe82fd65114a5a59d5d0be83,3a365f5dd3e9d410585a34695bb444d67b220c4b40a9348288a540078bc27f75
joint,B2,False,2024-07-14,landsat-8,592,47,3.3539666874144194,3.790810969755529,3.3176708101085395,0.7165148423067383,True,3b188221263ad4673846ce5170fa622b5395e51a4aaa750114e1793d3986975b,55416c987a2d25f9177dd974307ae595761c1db31ecaa9d7561fb6c42d4d5e7c,00d1e59ce78baffbf9d24361ac8ba16a1d577b22cb193e15596627259190ed07,0c06b88fd09cd514745b699e6b6a7e12901db8d3247e42b582feaf1f7e91c04a,1eafe424a4c718d6a3b18cff938036f958858c70b344740788993b119bfbb04b,9c2f903993167fc2a228b3cfe60a23fe33f57f252bae6299458338cb8eb967ad,3f630dfcc8a1c2a19b093e7fe0f4bdc7f830fef42266fcf1156112f0eb959046,11f4fe862570895441036964a9b308e92c2ee6ba8a87b5da9009ffd5208a4bda,2c6d6a597c6b1b321c4f632291c22dfe5788a058fe82fd65114a5a59d5d0be83,3a365f5dd3e9d410585a34695bb444d67b220c4b40a9348288a540078bc27f75
joint,B2,False,2024-07-22,landsat-9,976,67,2.03957787756437,2.5981700910203895,-0.715703551156295,0.7114855588593327,True,3b188221263ad4673846ce5170fa622b5395e51a4aaa750114e1793d3986975b,55416c987a2d25f9177dd974307ae595761c1db31ecaa9d7561fb6c42d4d5e7c,00d1e59ce78baffbf9d24361ac8ba16a1d577b22cb193e15596627259190ed07,0c06b88fd09cd514745b699e6b6a7e12901db8d3247e42b582feaf1f7e91c04a,1eafe424a4c718d6a3b18cff938036f958858c70b344740788993b119bfbb04b,9c2f903993167fc2a228b3cfe60a23fe33f57f252bae6299458338cb8eb967ad,3f630dfcc8a1c2a19b093e7fe0f4bdc7f830fef42266fcf1156112f0eb959046,11f4fe862570895441036964a9b308e92c2ee6ba8a87b5da9009ffd5208a4bda,2c6d6a597c6b1b321c4f632291c22dfe5788a058fe82fd65114a5a59d5d0be83,3a365f5dd3e9d410585a34695bb444d67b220c4b40a9348288a540078bc27f75
joint,B2,False,2024-07-30,landsat-8,1064,69,2.8766637704332134,3.395745924904299,2.7232103044835925,0.7889995058581389,True,3b188221263ad4673846ce5170fa622b5395e51a4aaa750114e1793d3986975b,55416c987a2d25f9177dd974307ae595761c1db31ecaa9d7561fb6c42d4d5e7c,00d1e59ce78baffbf9d24361ac8ba16a1d577b22cb193e15596627259190ed07,0c06b88fd09cd514745b699e6b6a7e12901db8d3247e42b582feaf1f7e91c04a,1eafe424a4c718d6a3b18cff938036f958858c70b344740788993b119bfbb04b,9c2f903993167fc2a228b3cfe60a23fe33f57f252bae6299458338cb8eb967ad,3f630dfcc8a1c2a19b093e7fe0f4bdc7f830fef42266fcf1156112f0eb959046,11f4fe862570895441036964a9b308e92c2ee6ba8a87b5da9009ffd5208a4bda,2c6d6a597c6b1b321c4f632291c22dfe5788a058fe82fd65114a5a59d5d0be83,3a365f5dd3e9d410585a34695bb444d67b220c4b40a9348288a540078bc27f75
joint,B2,False,2024-08-07,landsat-9,849,67,2.209205972605408,2.924669997664769,1.9523049094466856,0.697059601090178,True,3b188221263ad4673846ce5170fa622b5395e51a4aaa750114e1793d3986975b,55416c987a2d25f9177dd974307ae595761c1db31ecaa9d7561fb6c42d4d5e7c,00d1e59ce78baffbf9d24361ac8ba16a1d577b22cb193e15596627259190ed07,0c06b88fd09cd514745b699e6b6a7e12901db8d3247e42b582feaf1f7e91c04a,1eafe424a4c718d6a3b18cff938036f958858c70b344740788993b119bfbb04b,9c2f903993167fc2a228b3cfe60a23fe33f57f252bae6299458338cb8eb967ad,3f630dfcc8a1c2a19b093e7fe0f4bdc7f830fef42266fcf1156112f0eb959046,11f4fe862570895441036964a9b308e92c2ee6ba8a87b5da9009ffd5208a4bda,2c6d6a597c6b1b321c4f632291c22dfe5788a058fe82fd65114a5a59d5d0be83,3a365f5dd3e9d410585a34695bb444d67b220c4b40a9348288a540078bc27f75
joint,B2,False,2024-08-15,landsat-8,1083,71,1.7363860265272744,2.222974819621574,0.8814513546912961,0.7425818380316622,True,3b188221263ad4673846ce5170fa622b5395e51a4aaa750114e1793d3986975b,55416c987a2d25f9177dd974307ae595761c1db31ecaa9d7561fb6c42d4d5e7c,00d1e59ce78baffbf9d24361ac8ba16a1d577b22cb193e15596627259190ed07,0c06b88fd09cd514745b699e6b6a7e12901db8d3247e42b582feaf1f7e91c04a,1eafe424a4c718d6a3b18cff938036f958858c70b344740788993b119bfbb04b,9c2f903993167fc2a228b3cfe60a23fe33f57f252bae6299458338cb8eb967ad,3f630dfcc8a1c2a19b093e7fe0f4bdc7f830fef42266fcf1156112f0eb959046,11f4fe862570895441036964a9b308e92c2ee6ba8a87b5da9009ffd5208a4bda,2c6d6a597c6b1b321c4f632291c22dfe5788a058fe82fd65114a5a59d5d0be83,3a365f5dd3e9d410585a34695bb444d67b220c4b40a9348288a540078bc27f75
joint,B2,False,2024-08-23,landsat-9,1041,70,4.083597340841452,4.537970669127209,4.075275170485467,0.3868709689068373,True,3b188221263ad4673846ce5170fa622b5395e51a4aaa750114e1793d3986975b,55416c987a2d25f9177dd974307ae595761c1db31ecaa9d7561fb6c42d4d5e7c,00d1e59ce78baffbf9d24361ac8ba16a1d577b22cb193e15596627259190ed07,0c06b88fd09cd514745b699e6b6a7e12901db8d3247e42b582feaf1f7e91c04a,1eafe424a4c718d6a3b18cff938036f958858c70b344740788993b119bfbb04b,9c2f903993167fc2a228b3cfe60a23fe33f57f252bae6299458338cb8eb967ad,3f630dfcc8a1c2a19b093e7fe0f4bdc7f830fef42266fcf1156112f0eb959046,11f4fe862570895441036964a9b308e92c2ee6ba8a87b5da9009ffd5208a4bda,2c6d6a597c6b1b321c4f632291c22dfe5788a058fe82fd65114a5a59d5d0be83,3a365f5dd3e9d410585a34695bb444d67b220c4b40a9348288a540078bc27f75
joint,B2,False,2024-08-31,landsat-8,1048,66,1.4678686339745004,1.860341417141272,0.9535708458094878,0.7913301814382905,True,3b188221263ad4673846ce5170fa622b5395e51a4aaa750114e1793d3986975b,55416c987a2d25f9177dd974307ae595761c1db31ecaa9d7561fb6c42d4d5e7c,00d1e59ce78baffbf9d24361ac8ba16a1d577b22cb193e15596627259190ed07,0c06b88fd09cd514745b699e6b6a7e12901db8d3247e42b582feaf1f7e91c04a,1eafe424a4c718d6a3b18cff938036f958858c70b344740788993b119bfbb04b,9c2f903993167fc2a228b3cfe60a23fe33f57f252bae6299458338cb8eb967ad,3f630dfcc8a1c2a19b093e7fe0f4bdc7f830fef42266fcf1156112f0eb959046,11f4fe862570895441036964a9b308e92c2ee6ba8a87b5da9009ffd5208a4bda,2c6d6a597c6b1b321c4f632291c22dfe5788a058fe82fd65114a5a59d5d0be83,3a365f5dd3e9d410585a34695bb444d67b220c4b40a9348288a540078bc27f75
joint,B2,False,2024-09-08,landsat-9,1087,71,8.68636188044023,8.838016290558407,-8.68636188044023,0.7160227924664602,True,3b188221263ad4673846ce5170fa622b5395e51a4aaa750114e1793d3986975b,55416c987a2d25f9177dd974307ae595761c1db31ecaa9d7561fb6c42d4d5e7c,00d1e59ce78baffbf9d24361ac8ba16a1d577b22cb193e15596627259190ed07,0c06b88fd09cd514745b699e6b6a7e12901db8d3247e42b582feaf1f7e91c04a,1eafe424a4c718d6a3b18cff938036f958858c70b344740788993b119bfbb04b,9c2f903993167fc2a228b3cfe60a23fe33f57f252bae6299458338cb8eb967ad,3f630dfcc8a1c2a19b093e7fe0f4bdc7f830fef42266fcf1156112f0eb959046,11f4fe862570895441036964a9b308e92c2ee6ba8a87b5da9009ffd5208a4bda,2c6d6a597c6b1b321c4f632291c22dfe5788a058fe82fd65114a5a59d5d0be83,3a365f5dd3e9d410585a34695bb444d67b220c4b40a9348288a540078bc27f75
joint,B2,False,2024-09-24,landsat-9,641,50,2.5940766966568094,2.8863902489745974,2.547374837713679,0.7010287410649299,True,3b188221263ad4673846ce5170fa622b5395e51a4aaa750114e1793d3986975b,55416c987a2d25f9177dd974307ae595761c1db31ecaa9d7561fb6c42d4d5e7c,00d1e59ce78baffbf9d24361ac8ba16a1d577b22cb193e15596627259190ed07,0c06b88fd09cd514745b699e6b6a7e12901db8d3247e42b582feaf1f7e91c04a,1eafe424a4c718d6a3b18cff938036f958858c70b344740788993b119bfbb04b,9c2f903993167fc2a228b3cfe60a23fe33f57f252bae6299458338cb8eb967ad,3f630dfcc8a1c2a19b093e7fe0f4bdc7f830fef42266fcf1156112f0eb959046,11f4fe862570895441036964a9b308e92c2ee6ba8a87b5da9009ffd5208a4bda,2c6d6a597c6b1b321c4f632291c22dfe5788a058fe82fd65114a5a59d5d0be83,3a365f5dd3e9d410585a34695bb444d67b220c4b40a9348288a540078bc27f75
joint,B2,False,2024-10-02,landsat-8,1001,63,3.1845314659498314,3.7218836784026523,-3.008250852551563,0.7579228209013034,True,3b188221263ad4673846ce5170fa622b5395e51a4aaa750114e1793d3986975b,55416c987a2d25f9177dd974307ae595761c1db31ecaa9d7561fb6c42d4d5e7c,00d1e59ce78baffbf9d24361ac8ba16a1d577b22cb193e15596627259190ed07,0c06b88fd09cd514745b699e6b6a7e12901db8d3247e42b582feaf1f7e91c04a,1eafe424a4c718d6a3b18cff938036f958858c70b344740788993b119bfbb04b,9c2f903993167fc2a228b3cfe60a23fe33f57f252bae6299458338cb8eb967ad,3f630dfcc8a1c2a19b093e7fe0f4bdc7f830fef42266fcf1156112f0eb959046,11f4fe862570895441036964a9b308e92c2ee6ba8a87b5da9009ffd5208a4bda,2c6d6a597c6b1b321c4f632291c22dfe5788a058fe82fd65114a5a59d5d0be83,3a365f5dd3e9d410585a34695bb444d67b220c4b40a9348288a540078bc27f75
joint,B2,False,2024-10-10,landsat-9,870,58,1.043520744033634,1.3070480825282325,0.753568354439269,0.7491547379274472,True,3b188221263ad4673846ce5170fa622b5395e51a4aaa750114e1793d3986975b,55416c987a2d25f9177dd974307ae595761c1db31ecaa9d7561fb6c42d4d5e7c,00d1e59ce78baffbf9d24361ac8ba16a1d577b22cb193e15596627259190ed07,0c06b88fd09cd514745b699e6b6a7e12901db8d3247e42b582feaf1f7e91c04a,1eafe424a4c718d6a3b18cff938036f958858c70b344740788993b119bfbb04b,9c2f903993167fc2a228b3cfe60a23fe33f57f252bae6299458338cb8eb967ad,3f630dfcc8a1c2a19b093e7fe0f4bdc7f830fef42266fcf1156112f0eb959046,11f4fe862570895441036964a9b308e92c2ee6ba8a87b5da9009ffd5208a4bda,2c6d6a597c6b1b321c4f632291c22dfe5788a058fe82fd65114a5a59d5d0be83,3a365f5dd3e9d410585a34695bb444d67b220c4b40a9348288a540078bc27f75
joint,B2,False,2024-10-18,landsat-8,1091,71,3.0641980485378753,3.9077870516383846,2.7967098599231015,-0.008109701695284566,True,3b188221263ad4673846ce5170fa622b5395e51a4aaa750114e1793d3986975b,55416c987a2d25f9177dd974307ae595761c1db31ecaa9d7561fb6c42d4d5e7c,00d1e59ce78baffbf9d24361ac8ba16a1d577b22cb193e15596627259190ed07,0c06b88fd09cd514745b699e6b6a7e12901db8d3247e42b582feaf1f7e91c04a,1eafe424a4c718d6a3b18cff938036f958858c70b344740788993b119bfbb04b,9c2f903993167fc2a228b3cfe60a23fe33f57f252bae6299458338cb8eb967ad,3f630dfcc8a1c2a19b093e7fe0f4bdc7f830fef42266fcf1156112f0eb959046,11f4fe862570895441036964a9b308e92c2ee6ba8a87b5da9009ffd5208a4bda,2c6d6a597c6b1b321c4f632291c22dfe5788a058fe82fd65114a5a59d5d0be83,3a365f5dd3e9d410585a34695bb444d67b220c4b40a9348288a540078bc27f75
joint,M1,False,2020-05-16,landsat-8,1061,69,2.5195591921121303,2.887796431789224,-2.2450659813619867,0.6899718382095874,True,3b188221263ad4673846ce5170fa622b5395e51a4aaa750114e1793d3986975b,55416c987a2d25f9177dd974307ae595761c1db31ecaa9d7561fb6c42d4d5e7c,00d1e59ce78baffbf9d24361ac8ba16a1d577b22cb193e15596627259190ed07,0c06b88fd09cd514745b699e6b6a7e12901db8d3247e42b582feaf1f7e91c04a,1eafe424a4c718d6a3b18cff938036f958858c70b344740788993b119bfbb04b,9c2f903993167fc2a228b3cfe60a23fe33f57f252bae6299458338cb8eb967ad,3f630dfcc8a1c2a19b093e7fe0f4bdc7f830fef42266fcf1156112f0eb959046,11f4fe862570895441036964a9b308e92c2ee6ba8a87b5da9009ffd5208a4bda,2c6d6a597c6b1b321c4f632291c22dfe5788a058fe82fd65114a5a59d5d0be83,3a365f5dd3e9d410585a34695bb444d67b220c4b40a9348288a540078bc27f75
joint,M1,False,2020-07-03,landsat-8,1073,70,1.711523518138636,2.0478169666689854,-0.9021058648400091,0.7456893794638034,True,3b188221263ad4673846ce5170fa622b5395e51a4aaa750114e1793d3986975b,55416c987a2d25f9177dd974307ae595761c1db31ecaa9d7561fb6c42d4d5e7c,00d1e59ce78baffbf9d24361ac8ba16a1d577b22cb193e15596627259190ed07,0c06b88fd09cd514745b699e6b6a7e12901db8d3247e42b582feaf1f7e91c04a,1eafe424a4c718d6a3b18cff938036f958858c70b344740788993b119bfbb04b,9c2f903993167fc2a228b3cfe60a23fe33f57f252bae6299458338cb8eb967ad,3f630dfcc8a1c2a19b093e7fe0f4bdc7f830fef42266fcf1156112f0eb959046,11f4fe862570895441036964a9b308e92c2ee6ba8a87b5da9009ffd5208a4bda,2c6d6a597c6b1b321c4f632291c22dfe5788a058fe82fd65114a5a59d5d0be83,3a365f5dd3e9d410585a34695bb444d67b220c4b40a9348288a540078bc27f75
joint,M1,False,2020-07-19,landsat-8,1050,68,2.5573085161352327,2.8795880587286,-2.237782764293876,0.8994956977284837,True,3b188221263ad4673846ce5170fa622b5395e51a4aaa750114e1793d3986975b,55416c987a2d25f9177dd974307ae595761c1db31ecaa9d7561fb6c42d4d5e7c,00d1e59ce78baffbf9d24361ac8ba16a1d577b22cb193e15596627259190ed07,0c06b88fd09cd514745b699e6b6a7e12901db8d3247e42b582feaf1f7e91c04a,1eafe424a4c718d6a3b18cff938036f958858c70b344740788993b119bfbb04b,9c2f903993167fc2a228b3cfe60a23fe33f57f252bae6299458338cb8eb967ad,3f630dfcc8a1c2a19b093e7fe0f4bdc7f830fef42266fcf1156112f0eb959046,11f4fe862570895441036964a9b308e92c2ee6ba8a87b5da9009ffd5208a4bda,2c6d6a597c6b1b321c4f632291c22dfe5788a058fe82fd65114a5a59d5d0be83,3a365f5dd3e9d410585a34695bb444d67b220c4b40a9348288a540078bc27f75
joint,M1,False,2020-08-20,landsat-8,1080,71,1.2192035118291409,1.5464231620828255,-0.31176418008978707,0.7179108971680312,True,3b188221263ad4673846ce5170fa622b5395e51a4aaa750114e1793d3986975b,55416c987a2d25f9177dd974307ae595761c1db31ecaa9d7561fb6c42d4d5e7c,00d1e59ce78baffbf9d24361ac8ba16a1d577b22cb193e15596627259190ed07,0c06b88fd09cd514745b699e6b6a7e12901db8d3247e42b582feaf1f7e91c04a,1eafe424a4c718d6a3b18cff938036f958858c70b344740788993b119bfbb04b,9c2f903993167fc2a228b3cfe60a23fe33f57f252bae6299458338cb8eb967ad,3f630dfcc8a1c2a19b093e7fe0f4bdc7f830fef42266fcf1156112f0eb959046,11f4fe862570895441036964a9b308e92c2ee6ba8a87b5da9009ffd5208a4bda,2c6d6a597c6b1b321c4f632291c22dfe5788a058fe82fd65114a5a59d5d0be83,3a365f5dd3e9d410585a34695bb444d67b220c4b40a9348288a540078bc27f75
joint,M1,False,2020-09-05,landsat-8,1086,71,5.031564147739479,5.410919581868134,-5.011595708493335,0.8631554381905999,True,3b188221263ad4673846ce5170fa622b5395e51a4aaa750114e1793d3986975b,55416c987a2d25f9177dd974307ae595761c1db31ecaa9d7561fb6c42d4d5e7c,00d1e59ce78baffbf9d24361ac8ba16a1d577b22cb193e15596627259190ed07,0c06b88fd09cd514745b699e6b6a7e12901db8d3247e42b582feaf1f7e91c04a,1eafe424a4c718d6a3b18cff938036f958858c70b344740788993b119bfbb04b,9c2f903993167fc2a228b3cfe60a23fe33f57f252bae6299458338cb8eb967ad,3f630dfcc8a1c2a19b093e7fe0f4bdc7f830fef42266fcf1156112f0eb959046,11f4fe862570895441036964a9b308e92c2ee6ba8a87b5da9009ffd5208a4bda,2c6d6a597c6b1b321c4f632291c22dfe5788a058fe82fd65114a5a59d5d0be83,3a365f5dd3e9d410585a34695bb444d67b220c4b40a9348288a540078bc27f75
joint,M1,False,2020-09-21,landsat-8,1007,65,1.2748620352637863,1.4991136524977697,0.38745579213423703,0.5801991873082899,True,3b188221263ad4673846ce5170fa622b5395e51a4aaa750114e1793d3986975b,55416c987a2d25f9177dd974307ae595761c1db31ecaa9d7561fb6c42d4d5e7c,00d1e59ce78baffbf9d24361ac8ba16a1d577b22cb193e15596627259190ed07,0c06b88fd09cd514745b699e6b6a7e12901db8d3247e42b582feaf1f7e91c04a,1eafe424a4c718d6a3b18cff938036f958858c70b344740788993b119bfbb04b,9c2f903993167fc2a228b3cfe60a23fe33f57f252bae6299458338cb8eb967ad,3f630dfcc8a1c2a19b093e7fe0f4bdc7f830fef42266fcf1156112f0eb959046,11f4fe862570895441036964a9b308e92c2ee6ba8a87b5da9009ffd5208a4bda,2c6d6a597c6b1b321c4f632291c22dfe5788a058fe82fd65114a5a59d5d0be83,3a365f5dd3e9d410585a34695bb444d67b220c4b40a9348288a540078bc27f75
joint,M1,False,2020-10-07,landsat-8,967,66,1.7229248433351088,2.0861559509744967,1.564745469733905,0.7662478097145373,True,3b188221263ad4673846ce5170fa622b5395e51a4aaa750114e1793d3986975b,55416c987a2d25f9177dd974307ae595761c1db31ecaa9d7561fb6c42d4d5e7c,00d1e59ce78baffbf9d24361ac8ba16a1d577b22cb193e15596627259190ed07,0c06b88fd09cd514745b699e6b6a7e12901db8d3247e42b582feaf1f7e91c04a,1eafe424a4c718d6a3b18cff938036f958858c70b344740788993b119bfbb04b,9c2f903993167fc2a228b3cfe60a23fe33f57f252bae6299458338cb8eb967ad,3f630dfcc8a1c2a19b093e7fe0f4bdc7f830fef42266fcf1156112f0eb959046,11f4fe862570895441036964a9b308e92c2ee6ba8a87b5da9009ffd5208a4bda,2c6d6a597c6b1b321c4f632291c22dfe5788a058fe82fd65114a5a59d5d0be83,3a365f5dd3e9d410585a34695bb444d67b220c4b40a9348288a540078bc27f75
joint,M1,False,2021-05-03,landsat-8,1019,64,3.3544887584535297,4.084440638684696,-3.322059816419707,0.35558326023574005,True,3b188221263ad4673846ce5170fa622b5395e51a4aaa750114e1793d3986975b,55416c987a2d25f9177dd974307ae595761c1db31ecaa9d7561fb6c42d4d5e7c,00d1e59ce78baffbf9d24361ac8ba16a1d577b22cb193e15596627259190ed07,0c06b88fd09cd514745b699e6b6a7e12901db8d3247e42b582feaf1f7e91c04a,1eafe424a4c718d6a3b18cff938036f958858c70b344740788993b119bfbb04b,9c2f903993167fc2a228b3cfe60a23fe33f57f252bae6299458338cb8eb967ad,3f630dfcc8a1c2a19b093e7fe0f4bdc7f830fef42266fcf1156112f0eb959046,11f4fe862570895441036964a9b308e92c2ee6ba8a87b5da9009ffd5208a4bda,2c6d6a597c6b1b321c4f632291c22dfe5788a058fe82fd65114a5a59d5d0be83,3a365f5dd3e9d410585a34695bb444d67b220c4b40a9348288a540078bc27f75
joint,M1,False,2021-06-04,landsat-8,953,61,1.9066726026448684,2.2166602735985528,1.6347741462159182,0.7540101604784476,True,3b188221263ad4673846ce5170fa622b5395e51a4aaa750114e1793d3986975b,55416c987a2d25f9177dd974307ae595761c1db31ecaa9d7561fb6c42d4d5e7c,00d1e59ce78baffbf9d24361ac8ba16a1d577b22cb193e15596627259190ed07,0c06b88fd09cd514745b699e6b6a7e12901db8d3247e42b582feaf1f7e91c04a,1eafe424a4c718d6a3b18cff938036f958858c70b344740788993b119bfbb04b,9c2f903993167fc2a228b3cfe60a23fe33f57f252bae6299458338cb8eb967ad,3f630dfcc8a1c2a19b093e7fe0f4bdc7f830fef42266fcf1156112f0eb959046,11f4fe862570895441036964a9b308e92c2ee6ba8a87b5da9009ffd5208a4bda,2c6d6a597c6b1b321c4f632291c22dfe5788a058fe82fd65114a5a59d5d0be83,3a365f5dd3e9d410585a34695bb444d67b220c4b40a9348288a540078bc27f75
joint,M1,False,2021-06-20,landsat-8,993,62,1.4904545433296055,1.8586544751119494,-0.16494996638309628,0.7682031745451927,True,3b188221263ad4673846ce5170fa622b5395e51a4aaa750114e1793d3986975b,55416c987a2d25f9177dd974307ae595761c1db31ecaa9d7561fb6c42d4d5e7c,00d1e59ce78baffbf9d24361ac8ba16a1d577b22cb193e15596627259190ed07,0c06b88fd09cd514745b699e6b6a7e12901db8d3247e42b582feaf1f7e91c04a,1eafe424a4c718d6a3b18cff938036f958858c70b344740788993b119bfbb04b,9c2f903993167fc2a228b3cfe60a23fe33f57f252bae6299458338cb8eb967ad,3f630dfcc8a1c2a19b093e7fe0f4bdc7f830fef42266fcf1156112f0eb959046,11f4fe862570895441036964a9b308e92c2ee6ba8a87b5da9009ffd5208a4bda,2c6d6a597c6b1b321c4f632291c22dfe5788a058fe82fd65114a5a59d5d0be83,3a365f5dd3e9d410585a34695bb444d67b220c4b40a9348288a540078bc27f75
joint,M1,False,2021-07-06,landsat-8,1068,66,1.127663118436805,1.4206341238110818,0.17025319301818784,0.8081589892285547,True,3b188221263ad4673846ce5170fa622b5395e51a4aaa750114e1793d3986975b,55416c987a2d25f9177dd974307ae595761c1db31ecaa9d7561fb6c42d4d5e7c,00d1e59ce78baffbf9d24361ac8ba16a1d577b22cb193e15596627259190ed07,0c06b88fd09cd514745b699e6b6a7e12901db8d3247e42b582feaf1f7e91c04a,1eafe424a4c718d6a3b18cff938036f958858c70b344740788993b119bfbb04b,9c2f903993167fc2a228b3cfe60a23fe33f57f252bae6299458338cb8eb967ad,3f630dfcc8a1c2a19b093e7fe0f4bdc7f830fef42266fcf1156112f0eb959046,11f4fe862570895441036964a9b308e92c2ee6ba8a87b5da9009ffd5208a4bda,2c6d6a597c6b1b321c4f632291c22dfe5788a058fe82fd65114a5a59d5d0be83,3a365f5dd3e9d410585a34695bb444d67b220c4b40a9348288a540078bc27f75
joint,M1,False,2021-08-07,landsat-8,1064,69,1.0644623570501308,1.4261033753004049,0.3154728137326585,0.8034194438120312,True,3b188221263ad4673846ce5170fa622b5395e51a4aaa750114e1793d3986975b,55416c987a2d25f9177dd974307ae595761c1db31ecaa9d7561fb6c42d4d5e7c,00d1e59ce78baffbf9d24361ac8ba16a1d577b22cb193e15596627259190ed07,0c06b88fd09cd514745b699e6b6a7e12901db8d3247e42b582feaf1f7e91c04a,1eafe424a4c718d6a3b18cff938036f958858c70b344740788993b119bfbb04b,9c2f903993167fc2a228b3cfe60a23fe33f57f252bae6299458338cb8eb967ad,3f630dfcc8a1c2a19b093e7fe0f4bdc7f830fef42266fcf1156112f0eb959046,11f4fe862570895441036964a9b308e92c2ee6ba8a87b5da9009ffd5208a4bda,2c6d6a597c6b1b321c4f632291c22dfe5788a058fe82fd65114a5a59d5d0be83,3a365f5dd3e9d410585a34695bb444d67b220c4b40a9348288a540078bc27f75
joint,M1,False,2021-09-08,landsat-8,1020,65,3.189578884546309,3.4312339771172846,3.1792713444664336,0.7707586060690148,True,3b188221263ad4673846ce5170fa622b5395e51a4aaa750114e1793d3986975b,55416c987a2d25f9177dd974307ae595761c1db31ecaa9d7561fb6c42d4d5e7c,00d1e59ce78baffbf9d24361ac8ba16a1d577b22cb193e15596627259190ed07,0c06b88fd09cd514745b699e6b6a7e12901db8d3247e42b582feaf1f7e91c04a,1eafe424a4c718d6a3b18cff938036f958858c70b344740788993b119bfbb04b,9c2f903993167fc2a228b3cfe60a23fe33f57f252bae6299458338cb8eb967ad,3f630dfcc8a1c2a19b093e7fe0f4bdc7f830fef42266fcf1156112f0eb959046,11f4fe862570895441036964a9b308e92c2ee6ba8a87b5da9009ffd5208a4bda,2c6d6a597c6b1b321c4f632291c22dfe5788a058fe82fd65114a5a59d5d0be83,3a365f5dd3e9d410585a34695bb444d67b220c4b40a9348288a540078bc27f75
joint,M1,False,2021-09-24,landsat-8,822,59,1.3352494124397634,1.5913070506732303,0.9259804940972629,0.6561470998306752,True,3b188221263ad4673846ce5170fa622b5395e51a4aaa750114e1793d3986975b,55416c987a2d25f9177dd974307ae595761c1db31ecaa9d7561fb6c42d4d5e7c,00d1e59ce78baffbf9d24361ac8ba16a1d577b22cb193e15596627259190ed07,0c06b88fd09cd514745b699e6b6a7e12901db8d3247e42b582feaf1f7e91c04a,1eafe424a4c718d6a3b18cff938036f958858c70b344740788993b119bfbb04b,9c2f903993167fc2a228b3cfe60a23fe33f57f252bae6299458338cb8eb967ad,3f630dfcc8a1c2a19b093e7fe0f4bdc7f830fef42266fcf1156112f0eb959046,11f4fe862570895441036964a9b308e92c2ee6ba8a87b5da9009ffd5208a4bda,2c6d6a597c6b1b321c4f632291c22dfe5788a058fe82fd65114a5a59d5d0be83,3a365f5dd3e9d410585a34695bb444d67b220c4b40a9348288a540078bc27f75
joint,M1,False,2021-10-10,landsat-8,905,65,4.688689996179134,4.802051632220433,-4.682652281473662,0.7515445892856965,True,3b188221263ad4673846ce5170fa622b5395e51a4aaa750114e1793d3986975b,55416c987a2d25f9177dd974307ae595761c1db31ecaa9d7561fb6c42d4d5e7c,00d1e59ce78baffbf9d24361ac8ba16a1d577b22cb193e15596627259190ed07,0c06b88fd09cd514745b699e6b6a7e12901db8d3247e42b582feaf1f7e91c04a,1eafe424a4c718d6a3b18cff938036f958858c70b344740788993b119bfbb04b,9c2f903993167fc2a228b3cfe60a23fe33f57f252bae6299458338cb8eb967ad,3f630dfcc8a1c2a19b093e7fe0f4bdc7f830fef42266fcf1156112f0eb959046,11f4fe862570895441036964a9b308e92c2ee6ba8a87b5da9009ffd5208a4bda,2c6d6a597c6b1b321c4f632291c22dfe5788a058fe82fd65114a5a59d5d0be83,3a365f5dd3e9d410585a34695bb444d67b220c4b40a9348288a540078bc27f75
joint,M1,False,2021-10-26,landsat-8,1094,71,1.8699136821726512,2.765441957026389,0.6293860339519028,0.32770606612927783,True,3b188221263ad4673846ce5170fa622b5395e51a4aaa750114e1793d3986975b,55416c987a2d25f9177dd974307ae595761c1db31ecaa9d7561fb6c42d4d5e7c,00d1e59ce78baffbf9d24361ac8ba16a1d577b22cb193e15596627259190ed07,0c06b88fd09cd514745b699e6b6a7e12901db8d3247e42b582feaf1f7e91c04a,1eafe424a4c718d6a3b18cff938036f958858c70b344740788993b119bfbb04b,9c2f903993167fc2a228b3cfe60a23fe33f57f252bae6299458338cb8eb967ad,3f630dfcc8a1c2a19b093e7fe0f4bdc7f830fef42266fcf1156112f0eb959046,11f4fe862570895441036964a9b308e92c2ee6ba8a87b5da9009ffd5208a4bda,2c6d6a597c6b1b321c4f632291c22dfe5788a058fe82fd65114a5a59d5d0be83,3a365f5dd3e9d410585a34695bb444d67b220c4b40a9348288a540078bc27f75
joint,M1,False,2022-05-06,landsat-8,978,62,1.1213347693006492,1.401562513353355,0.1649881419733193,0.8455909196395236,True,3b188221263ad4673846ce5170fa622b5395e51a4aaa750114e1793d3986975b,55416c987a2d25f9177dd974307ae595761c1db31ecaa9d7561fb6c42d4d5e7c,00d1e59ce78baffbf9d24361ac8ba16a1d577b22cb193e15596627259190ed07,0c06b88fd09cd514745b699e6b6a7e12901db8d3247e42b582feaf1f7e91c04a,1eafe424a4c718d6a3b18cff938036f958858c70b344740788993b119bfbb04b,9c2f903993167fc2a228b3cfe60a23fe33f57f252bae6299458338cb8eb967ad,3f630dfcc8a1c2a19b093e7fe0f4bdc7f830fef42266fcf1156112f0eb959046,11f4fe862570895441036964a9b308e92c2ee6ba8a87b5da9009ffd5208a4bda,2c6d6a597c6b1b321c4f632291c22dfe5788a058fe82fd65114a5a59d5d0be83,3a365f5dd3e9d410585a34695bb444d67b220c4b40a9348288a540078bc27f75
joint,M1,False,2022-05-14,landsat-9,989,69,2.5671029327246893,3.0066641134226177,-1.6860901829153543,0.6124887122861372,True,3b188221263ad4673846ce5170fa622b5395e51a4aaa750114e1793d3986975b,55416c987a2d25f9177dd974307ae595761c1db31ecaa9d7561fb6c42d4d5e7c,00d1e59ce78baffbf9d24361ac8ba16a1d577b22cb193e15596627259190ed07,0c06b88fd09cd514745b699e6b6a7e12901db8d3247e42b582feaf1f7e91c04a,1eafe424a4c718d6a3b18cff938036f958858c70b344740788993b119bfbb04b,9c2f903993167fc2a228b3cfe60a23fe33f57f252bae6299458338cb8eb967ad,3f630dfcc8a1c2a19b093e7fe0f4bdc7f830fef42266fcf1156112f0eb959046,11f4fe862570895441036964a9b308e92c2ee6ba8a87b5da9009ffd5208a4bda,2c6d6a597c6b1b321c4f632291c22dfe5788a058fe82fd65114a5a59d5d0be83,3a365f5dd3e9d410585a34695bb444d67b220c4b40a9348288a540078bc27f75
joint,M1,False,2022-05-22,landsat-8,818,58,1.938076184220616,2.194782130676955,0.062368092712143726,0.3812892346174387,True,3b188221263ad4673846ce5170fa622b5395e51a4aaa750114e1793d3986975b,55416c987a2d25f9177dd974307ae595761c1db31ecaa9d7561fb6c42d4d5e7c,00d1e59ce78baffbf9d24361ac8ba16a1d577b22cb193e15596627259190ed07,0c06b88fd09cd514745b699e6b6a7e12901db8d3247e42b582feaf1f7e91c04a,1eafe424a4c718d6a3b18cff938036f958858c70b344740788993b119bfbb04b,9c2f903993167fc2a228b3cfe60a23fe33f57f252bae6299458338cb8eb967ad,3f630dfcc8a1c2a19b093e7fe0f4bdc7f830fef42266fcf1156112f0eb959046,11f4fe862570895441036964a9b308e92c2ee6ba8a87b5da9009ffd5208a4bda,2c6d6a597c6b1b321c4f632291c22dfe5788a058fe82fd65114a5a59d5d0be83,3a365f5dd3e9d410585a34695bb444d67b220c4b40a9348288a540078bc27f75
joint,M1,False,2022-05-30,landsat-9,1055,67,1.5072401615396156,1.8176442434277562,-0.8315732302967813,0.7319936860805031,True,3b188221263ad4673846ce5170fa622b5395e51a4aaa750114e1793d3986975b,55416c987a2d25f9177dd974307ae595761c1db31ecaa9d7561fb6c42d4d5e7c,00d1e59ce78baffbf9d24361ac8ba16a1d577b22cb193e15596627259190ed07,0c06b88fd09cd514745b699e6b6a7e12901db8d3247e42b582feaf1f7e91c04a,1eafe424a4c718d6a3b18cff938036f958858c70b344740788993b119bfbb04b,9c2f903993167fc2a228b3cfe60a23fe33f57f252bae6299458338cb8eb967ad,3f630dfcc8a1c2a19b093e7fe0f4bdc7f830fef42266fcf1156112f0eb959046,11f4fe862570895441036964a9b308e92c2ee6ba8a87b5da9009ffd5208a4bda,2c6d6a597c6b1b321c4f632291c22dfe5788a058fe82fd65114a5a59d5d0be83,3a365f5dd3e9d410585a34695bb444d67b220c4b40a9348288a540078bc27f75
joint,M1,False,2022-06-07,landsat-8,967,61,1.1443016774691623,1.4525852899873155,-0.015333111161625203,0.751742961447006,True,3b188221263ad4673846ce5170fa622b5395e51a4aaa750114e1793d3986975b,55416c987a2d25f9177dd974307ae595761c1db31ecaa9d7561fb6c42d4d5e7c,00d1e59ce78baffbf9d24361ac8ba16a1d577b22cb193e15596627259190ed07,0c06b88fd09cd514745b699e6b6a7e12901db8d3247e42b582feaf1f7e91c04a,1eafe424a4c718d6a3b18cff938036f958858c70b344740788993b119bfbb04b,9c2f903993167fc2a228b3cfe60a23fe33f57f252bae6299458338cb8eb967ad,3f630dfcc8a1c2a19b093e7fe0f4bdc7f830fef42266fcf1156112f0eb959046,11f4fe862570895441036964a9b308e92c2ee6ba8a87b5da9009ffd5208a4bda,2c6d6a597c6b1b321c4f632291c22dfe5788a058fe82fd65114a5a59d5d0be83,3a365f5dd3e9d410585a34695bb444d67b220c4b40a9348288a540078bc27f75
joint,M1,False,2022-06-15,landsat-9,1067,69,1.2508110750715564,1.6429378372122474,0.6457562921812194,0.7905009949433587,True,3b188221263ad4673846ce5170fa622b5395e51a4aaa750114e1793d3986975b,55416c987a2d25f9177dd974307ae595761c1db31ecaa9d7561fb6c42d4d5e7c,00d1e59ce78baffbf9d24361ac8ba16a1d577b22cb193e15596627259190ed07,0c06b88fd09cd514745b699e6b6a7e12901db8d3247e42b582feaf1f7e91c04a,1eafe424a4c718d6a3b18cff938036f958858c70b344740788993b119bfbb04b,9c2f903993167fc2a228b3cfe60a23fe33f57f252bae6299458338cb8eb967ad,3f630dfcc8a1c2a19b093e7fe0f4bdc7f830fef42266fcf1156112f0eb959046,11f4fe862570895441036964a9b308e92c2ee6ba8a87b5da9009ffd5208a4bda,2c6d6a597c6b1b321c4f632291c22dfe5788a058fe82fd65114a5a59d5d0be83,3a365f5dd3e9d410585a34695bb444d67b220c4b40a9348288a540078bc27f75
joint,M1,False,2022-06-23,landsat-8,1059,69,1.6934171646810594,2.111272791376923,0.10178295209667602,0.8422964759995368,True,3b188221263ad4673846ce5170fa622b5395e51a4aaa750114e1793d3986975b,55416c987a2d25f9177dd974307ae595761c1db31ecaa9d7561fb6c42d4d5e7c,00d1e59ce78baffbf9d24361ac8ba16a1d577b22cb193e15596627259190ed07,0c06b88fd09cd514745b699e6b6a7e12901db8d3247e42b582feaf1f7e91c04a,1eafe424a4c718d6a3b18cff938036f958858c70b344740788993b119bfbb04b,9c2f903993167fc2a228b3cfe60a23fe33f57f252bae6299458338cb8eb967ad,3f630dfcc8a1c2a19b093e7fe0f4bdc7f830fef42266fcf1156112f0eb959046,11f4fe862570895441036964a9b308e92c2ee6ba8a87b5da9009ffd5208a4bda,2c6d6a597c6b1b321c4f632291c22dfe5788a058fe82fd65114a5a59d5d0be83,3a365f5dd3e9d410585a34695bb444d67b220c4b40a9348288a540078bc27f75
joint,M1,False,2022-07-01,landsat-9,1072,70,1.1988294087429265,1.5042290956369324,0.6002970479303122,0.7792790776610438,True,3b188221263ad4673846ce5170fa622b5395e51a4aaa750114e1793d3986975b,55416c987a2d25f9177dd974307ae595761c1db31ecaa9d7561fb6c42d4d5e7c,00d1e59ce78baffbf9d24361ac8ba16a1d577b22cb193e15596627259190ed07,0c06b88fd09cd514745b699e6b6a7e12901db8d3247e42b582feaf1f7e91c04a,1eafe424a4c718d6a3b18cff938036f958858c70b344740788993b119bfbb04b,9c2f903993167fc2a228b3cfe60a23fe33f57f252bae6299458338cb8eb967ad,3f630dfcc8a1c2a19b093e7fe0f4bdc7f830fef42266fcf1156112f0eb959046,11f4fe862570895441036964a9b308e92c2ee6ba8a87b5da9009ffd5208a4bda,2c6d6a597c6b1b321c4f632291c22dfe5788a058fe82fd65114a5a59d5d0be83,3a365f5dd3e9d410585a34695bb444d67b220c4b40a9348288a540078bc27f75
joint,M1,False,2022-07-09,landsat-8,1050,67,1.6953217011161381,2.1517302682354864,-0.46596506913052194,0.8367801951332653,True,3b188221263ad4673846ce5170fa622b5395e51a4aaa750114e1793d3986975b,55416c987a2d25f9177dd974307ae595761c1db31ecaa9d7561fb6c42d4d5e7c,00d1e59ce78baffbf9d24361ac8ba16a1d577b22cb193e15596627259190ed07,0c06b88fd09cd514745b699e6b6a7e12901db8d3247e42b582feaf1f7e91c04a,1eafe424a4c718d6a3b18cff938036f958858c70b344740788993b119bfbb04b,9c2f903993167fc2a228b3cfe60a23fe33f57f252bae6299458338cb8eb967ad,3f630dfcc8a1c2a19b093e7fe0f4bdc7f830fef42266fcf1156112f0eb959046,11f4fe862570895441036964a9b308e92c2ee6ba8a87b5da9009ffd5208a4bda,2c6d6a597c6b1b321c4f632291c22dfe5788a058fe82fd65114a5a59d5d0be83,3a365f5dd3e9d410585a34695bb444d67b220c4b40a9348288a540078bc27f75
joint,M1,False,2022-07-17,landsat-9,1008,69,5.639137194058851,5.898676137388909,-5.637102344650271,0.7534540678746927,True,3b188221263ad4673846ce5170fa622b5395e51a4aaa750114e1793d3986975b,55416c987a2d25f9177dd974307ae595761c1db31ecaa9d7561fb6c42d4d5e7c,00d1e59ce78baffbf9d24361ac8ba16a1d577b22cb193e15596627259190ed07,0c06b88fd09cd514745b699e6b6a7e12901db8d3247e42b582feaf1f7e91c04a,1eafe424a4c718d6a3b18cff938036f958858c70b344740788993b119bfbb04b,9c2f903993167fc2a228b3cfe60a23fe33f57f252bae6299458338cb8eb967ad,3f630dfcc8a1c2a19b093e7fe0f4bdc7f830fef42266fcf1156112f0eb959046,11f4fe862570895441036964a9b308e92c2ee6ba8a87b5da9009ffd5208a4bda,2c6d6a597c6b1b321c4f632291c22dfe5788a058fe82fd65114a5a59d5d0be83,3a365f5dd3e9d410585a34695bb444d67b220c4b40a9348288a540078bc27f75
joint,M1,False,2022-07-25,landsat-8,1054,68,1.0295422876666636,1.287631201298955,0.011702488374465532,0.8334033762313171,True,3b188221263ad4673846ce5170fa622b5395e51a4aaa750114e1793d3986975b,55416c987a2d25f9177dd974307ae595761c1db31ecaa9d7561fb6c42d4d5e7c,00d1e59ce78baffbf9d24361ac8ba16a1d577b22cb193e15596627259190ed07,0c06b88fd09cd514745b699e6b6a7e12901db8d3247e42b582feaf1f7e91c04a,1eafe424a4c718d6a3b18cff938036f958858c70b344740788993b119bfbb04b,9c2f903993167fc2a228b3cfe60a23fe33f57f252bae6299458338cb8eb967ad,3f630dfcc8a1c2a19b093e7fe0f4bdc7f830fef42266fcf1156112f0eb959046,11f4fe862570895441036964a9b308e92c2ee6ba8a87b5da9009ffd5208a4bda,2c6d6a597c6b1b321c4f632291c22dfe5788a058fe82fd65114a5a59d5d0be83,3a365f5dd3e9d410585a34695bb444d67b220c4b40a9348288a540078bc27f75
joint,M1,False,2022-08-02,landsat-9,1026,67,1.456366615583993,1.788072201163639,-0.011595297637736875,0.880611484773203,True,3b188221263ad4673846ce5170fa622b5395e51a4aaa750114e1793d3986975b,55416c987a2d25f9177dd974307ae595761c1db31ecaa9d7561fb6c42d4d5e7c,00d1e59ce78baffbf9d24361ac8ba16a1d577b22cb193e15596627259190ed07,0c06b88fd09cd514745b699e6b6a7e12901db8d3247e42b582feaf1f7e91c04a,1eafe424a4c718d6a3b18cff938036f958858c70b344740788993b119bfbb04b,9c2f903993167fc2a228b3cfe60a23fe33f57f252bae6299458338cb8eb967ad,3f630dfcc8a1c2a19b093e7fe0f4bdc7f830fef42266fcf1156112f0eb959046,11f4fe862570895441036964a9b308e92c2ee6ba8a87b5da9009ffd5208a4bda,2c6d6a597c6b1b321c4f632291c22dfe5788a058fe82fd65114a5a59d5d0be83,3a365f5dd3e9d410585a34695bb444d67b220c4b40a9348288a540078bc27f75
joint,M1,False,2022-08-18,landsat-9,1034,66,1.8892757844421386,2.210750256430838,-1.1735587040225974,0.919010731246898,True,3b188221263ad4673846ce5170fa622b5395e51a4aaa750114e1793d3986975b,55416c987a2d25f9177dd974307ae595761c1db31ecaa9d7561fb6c42d4d5e7c,00d1e59ce78baffbf9d24361ac8ba16a1d577b22cb193e15596627259190ed07,0c06b88fd09cd514745b699e6b6a7e12901db8d3247e42b582feaf1f7e91c04a,1eafe424a4c718d6a3b18cff938036f958858c70b344740788993b119bfbb04b,9c2f903993167fc2a228b3cfe60a23fe33f57f252bae6299458338cb8eb967ad,3f630dfcc8a1c2a19b093e7fe0f4bdc7f830fef42266fcf1156112f0eb959046,11f4fe862570895441036964a9b308e92c2ee6ba8a87b5da9009ffd5208a4bda,2c6d6a597c6b1b321c4f632291c22dfe5788a058fe82fd65114a5a59d5d0be83,3a365f5dd3e9d410585a34695bb444d67b220c4b40a9348288a540078bc27f75
joint,M1,False,2022-08-26,landsat-8,1058,69,2.1738016049419806,2.5788880933982123,-1.7379526042022249,0.8190568307726406,True,3b188221263ad4673846ce5170fa622b5395e51a4aaa750114e1793d3986975b,55416c987a2d25f9177dd974307ae595761c1db31ecaa9d7561fb6c42d4d5e7c,00d1e59ce78baffbf9d24361ac8ba16a1d577b22cb193e15596627259190ed07,0c06b88fd09cd514745b699e6b6a7e12901db8d3247e42b582feaf1f7e91c04a,1eafe424a4c718d6a3b18cff938036f958858c70b344740788993b119bfbb04b,9c2f903993167fc2a228b3cfe60a23fe33f57f252bae6299458338cb8eb967ad,3f630dfcc8a1c2a19b093e7fe0f4bdc7f830fef42266fcf1156112f0eb959046,11f4fe862570895441036964a9b308e92c2ee6ba8a87b5da9009ffd5208a4bda,2c6d6a597c6b1b321c4f632291c22dfe5788a058fe82fd65114a5a59d5d0be83,3a365f5dd3e9d410585a34695bb444d67b220c4b40a9348288a540078bc27f75
joint,M1,False,2022-09-03,landsat-9,1085,71,4.935974075453026,5.2047682699671975,-4.928181034305665,0.762957617015787,True,3b188221263ad4673846ce5170fa622b5395e51a4aaa750114e1793d3986975b,55416c987a2d25f9177dd974307ae595761c1db31ecaa9d7561fb6c42d4d5e7c,00d1e59ce78baffbf9d24361ac8ba16a1d577b22cb193e15596627259190ed07,0c06b88fd09cd514745b699e6b6a7e12901db8d3247e42b582feaf1f7e91c04a,1eafe424a4c718d6a3b18cff938036f958858c70b344740788993b119bfbb04b,9c2f903993167fc2a228b3cfe60a23fe33f57f252bae6299458338cb8eb967ad,3f630dfcc8a1c2a19b093e7fe0f4bdc7f830fef42266fcf1156112f0eb959046,11f4fe862570895441036964a9b308e92c2ee6ba8a87b5da9009ffd5208a4bda,2c6d6a597c6b1b321c4f632291c22dfe5788a058fe82fd65114a5a59d5d0be83,3a365f5dd3e9d410585a34695bb444d67b220c4b40a9348288a540078bc27f75
joint,M1,False,2022-09-27,landsat-8,1081,71,2.258748194764847,2.6629519972147317,-2.143842487499251,0.8075198189622522,True,3b188221263ad4673846ce5170fa622b5395e51a4aaa750114e1793d3986975b,55416c987a2d25f9177dd974307ae595761c1db31ecaa9d7561fb6c42d4d5e7c,00d1e59ce78baffbf9d24361ac8ba16a1d577b22cb193e15596627259190ed07,0c06b88fd09cd514745b699e6b6a7e12901db8d3247e42b582feaf1f7e91c04a,1eafe424a4c718d6a3b18cff938036f958858c70b344740788993b119bfbb04b,9c2f903993167fc2a228b3cfe60a23fe33f57f252bae6299458338cb8eb967ad,3f630dfcc8a1c2a19b093e7fe0f4bdc7f830fef42266fcf1156112f0eb959046,11f4fe862570895441036964a9b308e92c2ee6ba8a87b5da9009ffd5208a4bda,2c6d6a597c6b1b321c4f632291c22dfe5788a058fe82fd65114a5a59d5d0be83,3a365f5dd3e9d410585a34695bb444d67b220c4b40a9348288a540078bc27f75
joint,M1,False,2022-10-05,landsat-9,921,59,1.0332579833980082,1.3085520843186307,0.6942706781115631,0.7878793189772576,True,3b188221263ad4673846ce5170fa622b5395e51a4aaa750114e1793d3986975b,55416c987a2d25f9177dd974307ae595761c1db31ecaa9d7561fb6c42d4d5e7c,00d1e59ce78baffbf9d24361ac8ba16a1d577b22cb193e15596627259190ed07,0c06b88fd09cd514745b699e6b6a7e12901db8d3247e42b582feaf1f7e91c04a,1eafe424a4c718d6a3b18cff938036f958858c70b344740788993b119bfbb04b,9c2f903993167fc2a228b3cfe60a23fe33f57f252bae6299458338cb8eb967ad,3f630dfcc8a1c2a19b093e7fe0f4bdc7f830fef42266fcf1156112f0eb959046,11f4fe862570895441036964a9b308e92c2ee6ba8a87b5da9009ffd5208a4bda,2c6d6a597c6b1b321c4f632291c22dfe5788a058fe82fd65114a5a59d5d0be83,3a365f5dd3e9d410585a34695bb444d67b220c4b40a9348288a540078bc27f75
joint,M1,False,2022-10-21,landsat-9,701,63,3.7318536856487965,3.8818034612987984,3.7303203154839117,0.7229417387608614,True,3b188221263ad4673846ce5170fa622b5395e51a4aaa750114e1793d3986975b,55416c987a2d25f9177dd974307ae595761c1db31ecaa9d7561fb6c42d4d5e7c,00d1e59ce78baffbf9d24361ac8ba16a1d577b22cb193e15596627259190ed07,0c06b88fd09cd514745b699e6b6a7e12901db8d3247e42b582feaf1f7e91c04a,1eafe424a4c718d6a3b18cff938036f958858c70b344740788993b119bfbb04b,9c2f903993167fc2a228b3cfe60a23fe33f57f252bae6299458338cb8eb967ad,3f630dfcc8a1c2a19b093e7fe0f4bdc7f830fef42266fcf1156112f0eb959046,11f4fe862570895441036964a9b308e92c2ee6ba8a87b5da9009ffd5208a4bda,2c6d6a597c6b1b321c4f632291c22dfe5788a058fe82fd65114a5a59d5d0be83,3a365f5dd3e9d410585a34695bb444d67b220c4b40a9348288a540078bc27f75
joint,M1,False,2022-10-29,landsat-8,969,67,1.7993507416221646,2.033276915316691,1.717138149108981,0.6039368288574187,True,3b188221263ad4673846ce5170fa622b5395e51a4aaa750114e1793d3986975b,55416c987a2d25f9177dd974307ae595761c1db31ecaa9d7561fb6c42d4d5e7c,00d1e59ce78baffbf9d24361ac8ba16a1d577b22cb193e15596627259190ed07,0c06b88fd09cd514745b699e6b6a7e12901db8d3247e42b582feaf1f7e91c04a,1eafe424a4c718d6a3b18cff938036f958858c70b344740788993b119bfbb04b,9c2f903993167fc2a228b3cfe60a23fe33f57f252bae6299458338cb8eb967ad,3f630dfcc8a1c2a19b093e7fe0f4bdc7f830fef42266fcf1156112f0eb959046,11f4fe862570895441036964a9b308e92c2ee6ba8a87b5da9009ffd5208a4bda,2c6d6a597c6b1b321c4f632291c22dfe5788a058fe82fd65114a5a59d5d0be83,3a365f5dd3e9d410585a34695bb444d67b220c4b40a9348288a540078bc27f75
joint,M1,False,2023-05-17,landsat-9,788,52,2.770684478886979,3.001571521932678,2.673967850603432,0.78182994876473,True,3b188221263ad4673846ce5170fa622b5395e51a4aaa750114e1793d3986975b,55416c987a2d25f9177dd974307ae595761c1db31ecaa9d7561fb6c42d4d5e7c,00d1e59ce78baffbf9d24361ac8ba16a1d577b22cb193e15596627259190ed07,0c06b88fd09cd514745b699e6b6a7e12901db8d3247e42b582feaf1f7e91c04a,1eafe424a4c718d6a3b18cff938036f958858c70b344740788993b119bfbb04b,9c2f903993167fc2a228b3cfe60a23fe33f57f252bae6299458338cb8eb967ad,3f630dfcc8a1c2a19b093e7fe0f4bdc7f830fef42266fcf1156112f0eb959046,11f4fe862570895441036964a9b308e92c2ee6ba8a87b5da9009ffd5208a4bda,2c6d6a597c6b1b321c4f632291c22dfe5788a058fe82fd65114a5a59d5d0be83,3a365f5dd3e9d410585a34695bb444d67b220c4b40a9348288a540078bc27f75
joint,M1,False,2023-06-26,landsat-8,1038,62,1.6905919509168277,2.0970314189629238,-1.2872725616008927,0.7328532800733065,True,3b188221263ad4673846ce5170fa622b5395e51a4aaa750114e1793d3986975b,55416c987a2d25f9177dd974307ae595761c1db31ecaa9d7561fb6c42d4d5e7c,00d1e59ce78baffbf9d24361ac8ba16a1d577b22cb193e15596627259190ed07,0c06b88fd09cd514745b699e6b6a7e12901db8d3247e42b582feaf1f7e91c04a,1eafe424a4c718d6a3b18cff938036f958858c70b344740788993b119bfbb04b,9c2f903993167fc2a228b3cfe60a23fe33f57f252bae6299458338cb8eb967ad,3f630dfcc8a1c2a19b093e7fe0f4bdc7f830fef42266fcf1156112f0eb959046,11f4fe862570895441036964a9b308e92c2ee6ba8a87b5da9009ffd5208a4bda,2c6d6a597c6b1b321c4f632291c22dfe5788a058fe82fd65114a5a59d5d0be83,3a365f5dd3e9d410585a34695bb444d67b220c4b40a9348288a540078bc27f75
joint,M1,False,2023-07-04,landsat-9,1059,66,3.5593434272757816,4.1930748663459125,3.481048824573193,0.5318573972639857,True,3b188221263ad4673846ce5170fa622b5395e51a4aaa750114e1793d3986975b,55416c987a2d25f9177dd974307ae595761c1db31ecaa9d7561fb6c42d4d5e7c,00d1e59ce78baffbf9d24361ac8ba16a1d577b22cb193e15596627259190ed07,0c06b88fd09cd514745b699e6b6a7e12901db8d3247e42b582feaf1f7e91c04a,1eafe424a4c718d6a3b18cff938036f958858c70b344740788993b119bfbb04b,9c2f903993167fc2a228b3cfe60a23fe33f57f252bae6299458338cb8eb967ad,3f630dfcc8a1c2a19b093e7fe0f4bdc7f830fef42266fcf1156112f0eb959046,11f4fe862570895441036964a9b308e92c2ee6ba8a87b5da9009ffd5208a4bda,2c6d6a597c6b1b321c4f632291c22dfe5788a058fe82fd65114a5a59d5d0be83,3a365f5dd3e9d410585a34695bb444d67b220c4b40a9348288a540078bc27f75
joint,M1,False,2023-07-12,landsat-8,1060,69,2.445083101410593,2.9101140734936055,-2.3594840544996414,0.7839841611595791,True,3b188221263ad4673846ce5170fa622b5395e51a4aaa750114e1793d3986975b,55416c987a2d25f9177dd974307ae595761c1db31ecaa9d7561fb6c42d4d5e7c,00d1e59ce78baffbf9d24361ac8ba16a1d577b22cb193e15596627259190ed07,0c06b88fd09cd514745b699e6b6a7e12901db8d3247e42b582feaf1f7e91c04a,1eafe424a4c718d6a3b18cff938036f958858c70b344740788993b119bfbb04b,9c2f903993167fc2a228b3cfe60a23fe33f57f252bae6299458338cb8eb967ad,3f630dfcc8a1c2a19b093e7fe0f4bdc7f830fef42266fcf1156112f0eb959046,11f4fe862570895441036964a9b308e92c2ee6ba8a87b5da9009ffd5208a4bda,2c6d6a597c6b1b321c4f632291c22dfe5788a058fe82fd65114a5a59d5d0be83,3a365f5dd3e9d410585a34695bb444d67b220c4b40a9348288a540078bc27f75
joint,M1,False,2023-07-20,landsat-9,1072,69,1.3682048384008987,1.798507798656435,0.08819888595078723,0.8940884196034241,True,3b188221263ad4673846ce5170fa622b5395e51a4aaa750114e1793d3986975b,55416c987a2d25f9177dd974307ae595761c1db31ecaa9d7561fb6c42d4d5e7c,00d1e59ce78baffbf9d24361ac8ba16a1d577b22cb193e15596627259190ed07,0c06b88fd09cd514745b699e6b6a7e12901db8d3247e42b582feaf1f7e91c04a,1eafe424a4c718d6a3b18cff938036f958858c70b344740788993b119bfbb04b,9c2f903993167fc2a228b3cfe60a23fe33f57f252bae6299458338cb8eb967ad,3f630dfcc8a1c2a19b093e7fe0f4bdc7f830fef42266fcf1156112f0eb959046,11f4fe862570895441036964a9b308e92c2ee6ba8a87b5da9009ffd5208a4bda,2c6d6a597c6b1b321c4f632291c22dfe5788a058fe82fd65114a5a59d5d0be83,3a365f5dd3e9d410585a34695bb444d67b220c4b40a9348288a540078bc27f75
joint,M1,False,2023-07-28,landsat-8,983,66,2.8590518843967185,3.1957687106275694,2.8288952262008835,0.8634419329734522,True,3b188221263ad4673846ce5170fa622b5395e51a4aaa750114e1793d3986975b,55416c987a2d25f9177dd974307ae595761c1db31ecaa9d7561fb6c42d4d5e7c,00d1e59ce78baffbf9d24361ac8ba16a1d577b22cb193e15596627259190ed07,0c06b88fd09cd514745b699e6b6a7e12901db8d3247e42b582feaf1f7e91c04a,1eafe424a4c718d6a3b18cff938036f958858c70b344740788993b119bfbb04b,9c2f903993167fc2a228b3cfe60a23fe33f57f252bae6299458338cb8eb967ad,3f630dfcc8a1c2a19b093e7fe0f4bdc7f830fef42266fcf1156112f0eb959046,11f4fe862570895441036964a9b308e92c2ee6ba8a87b5da9009ffd5208a4bda,2c6d6a597c6b1b321c4f632291c22dfe5788a058fe82fd65114a5a59d5d0be83,3a365f5dd3e9d410585a34695bb444d67b220c4b40a9348288a540078bc27f75
joint,M1,False,2023-08-05,landsat-9,1076,69,2.3584323099758002,2.864256593925771,-1.8967660219373164,0.737370589935879,True,3b188221263ad4673846ce5170fa622b5395e51a4aaa750114e1793d3986975b,55416c987a2d25f9177dd974307ae595761c1db31ecaa9d7561fb6c42d4d5e7c,00d1e59ce78baffbf9d24361ac8ba16a1d577b22cb193e15596627259190ed07,0c06b88fd09cd514745b699e6b6a7e12901db8d3247e42b582feaf1f7e91c04a,1eafe424a4c718d6a3b18cff938036f958858c70b344740788993b119bfbb04b,9c2f903993167fc2a228b3cfe60a23fe33f57f252bae6299458338cb8eb967ad,3f630dfcc8a1c2a19b093e7fe0f4bdc7f830fef42266fcf1156112f0eb959046,11f4fe862570895441036964a9b308e92c2ee6ba8a87b5da9009ffd5208a4bda,2c6d6a597c6b1b321c4f632291c22dfe5788a058fe82fd65114a5a59d5d0be83,3a365f5dd3e9d410585a34695bb444d67b220c4b40a9348288a540078bc27f75
joint,M1,False,2023-08-13,landsat-8,1063,68,0.7917680810307038,1.048394643158171,-0.037449422495262966,0.89910424348821,True,3b188221263ad4673846ce5170fa622b5395e51a4aaa750114e1793d3986975b,55416c987a2d25f9177dd974307ae595761c1db31ecaa9d7561fb6c42d4d5e7c,00d1e59ce78baffbf9d24361ac8ba16a1d577b22cb193e15596627259190ed07,0c06b88fd09cd514745b699e6b6a7e12901db8d3247e42b582feaf1f7e91c04a,1eafe424a4c718d6a3b18cff938036f958858c70b344740788993b119bfbb04b,9c2f903993167fc2a228b3cfe60a23fe33f57f252bae6299458338cb8eb967ad,3f630dfcc8a1c2a19b093e7fe0f4bdc7f830fef42266fcf1156112f0eb959046,11f4fe862570895441036964a9b308e92c2ee6ba8a87b5da9009ffd5208a4bda,2c6d6a597c6b1b321c4f632291c22dfe5788a058fe82fd65114a5a59d5d0be83,3a365f5dd3e9d410585a34695bb444d67b220c4b40a9348288a540078bc27f75
joint,M1,False,2023-08-29,landsat-8,1088,71,3.311285367757776,3.6913188537923585,3.2193480118607427,0.809169169824973,True,3b188221263ad4673846ce5170fa622b5395e51a4aaa750114e1793d3986975b,55416c987a2d25f9177dd974307ae595761c1db31ecaa9d7561fb6c42d4d5e7c,00d1e59ce78baffbf9d24361ac8ba16a1d577b22cb193e15596627259190ed07,0c06b88fd09cd514745b699e6b6a7e12901db8d3247e42b582feaf1f7e91c04a,1eafe424a4c718d6a3b18cff938036f958858c70b344740788993b119bfbb04b,9c2f903993167fc2a228b3cfe60a23fe33f57f252bae6299458338cb8eb967ad,3f630dfcc8a1c2a19b093e7fe0f4bdc7f830fef42266fcf1156112f0eb959046,11f4fe862570895441036964a9b308e92c2ee6ba8a87b5da9009ffd5208a4bda,2c6d6a597c6b1b321c4f632291c22dfe5788a058fe82fd65114a5a59d5d0be83,3a365f5dd3e9d410585a34695bb444d67b220c4b40a9348288a540078bc27f75
joint,M1,False,2023-09-14,landsat-8,634,53,1.2186269490423414,1.5118497651638498,0.6264542293485379,0.6335283904013902,True,3b188221263ad4673846ce5170fa622b5395e51a4aaa750114e1793d3986975b,55416c987a2d25f9177dd974307ae595761c1db31ecaa9d7561fb6c42d4d5e7c,00d1e59ce78baffbf9d24361ac8ba16a1d577b22cb193e15596627259190ed07,0c06b88fd09cd514745b699e6b6a7e12901db8d3247e42b582feaf1f7e91c04a,1eafe424a4c718d6a3b18cff938036f958858c70b344740788993b119bfbb04b,9c2f903993167fc2a228b3cfe60a23fe33f57f252bae6299458338cb8eb967ad,3f630dfcc8a1c2a19b093e7fe0f4bdc7f830fef42266fcf1156112f0eb959046,11f4fe862570895441036964a9b308e92c2ee6ba8a87b5da9009ffd5208a4bda,2c6d6a597c6b1b321c4f632291c22dfe5788a058fe82fd65114a5a59d5d0be83,3a365f5dd3e9d410585a34695bb444d67b220c4b40a9348288a540078bc27f75
joint,M1,False,2023-09-22,landsat-9,707,54,1.4826870193348467,1.8700665608821867,-0.38807831675054505,0.6997209320252059,True,3b188221263ad4673846ce5170fa622b5395e51a4aaa750114e1793d3986975b,55416c987a2d25f9177dd974307ae595761c1db31ecaa9d7561fb6c42d4d5e7c,00d1e59ce78baffbf9d24361ac8ba16a1d577b22cb193e15596627259190ed07,0c06b88fd09cd514745b699e6b6a7e12901db8d3247e42b582feaf1f7e91c04a,1eafe424a4c718d6a3b18cff938036f958858c70b344740788993b119bfbb04b,9c2f903993167fc2a228b3cfe60a23fe33f57f252bae6299458338cb8eb967ad,3f630dfcc8a1c2a19b093e7fe0f4bdc7f830fef42266fcf1156112f0eb959046,11f4fe862570895441036964a9b308e92c2ee6ba8a87b5da9009ffd5208a4bda,2c6d6a597c6b1b321c4f632291c22dfe5788a058fe82fd65114a5a59d5d0be83,3a365f5dd3e9d410585a34695bb444d67b220c4b40a9348288a540078bc27f75
joint,M1,False,2023-10-08,landsat-9,952,61,1.7031164256380245,2.007640024641741,1.6022596867256955,0.89430463765176,True,3b188221263ad4673846ce5170fa622b5395e51a4aaa750114e1793d3986975b,55416c987a2d25f9177dd974307ae595761c1db31ecaa9d7561fb6c42d4d5e7c,00d1e59ce78baffbf9d24361ac8ba16a1d577b22cb193e15596627259190ed07,0c06b88fd09cd514745b699e6b6a7e12901db8d3247e42b582feaf1f7e91c04a,1eafe424a4c718d6a3b18cff938036f958858c70b344740788993b119bfbb04b,9c2f903993167fc2a228b3cfe60a23fe33f57f252bae6299458338cb8eb967ad,3f630dfcc8a1c2a19b093e7fe0f4bdc7f830fef42266fcf1156112f0eb959046,11f4fe862570895441036964a9b308e92c2ee6ba8a87b5da9009ffd5208a4bda,2c6d6a597c6b1b321c4f632291c22dfe5788a058fe82fd65114a5a59d5d0be83,3a365f5dd3e9d410585a34695bb444d67b220c4b40a9348288a540078bc27f75
joint,M1,False,2023-10-16,landsat-8,936,62,1.7555708503777077,2.0603190969807694,1.6661652663704558,0.8177324874533217,True,3b188221263ad4673846ce5170fa622b5395e51a4aaa750114e1793d3986975b,55416c987a2d25f9177dd974307ae595761c1db31ecaa9d7561fb6c42d4d5e7c,00d1e59ce78baffbf9d24361ac8ba16a1d577b22cb193e15596627259190ed07,0c06b88fd09cd514745b699e6b6a7e12901db8d3247e42b582feaf1f7e91c04a,1eafe424a4c718d6a3b18cff938036f958858c70b344740788993b119bfbb04b,9c2f903993167fc2a228b3cfe60a23fe33f57f252bae6299458338cb8eb967ad,3f630dfcc8a1c2a19b093e7fe0f4bdc7f830fef42266fcf1156112f0eb959046,11f4fe862570895441036964a9b308e92c2ee6ba8a87b5da9009ffd5208a4bda,2c6d6a597c6b1b321c4f632291c22dfe5788a058fe82fd65114a5a59d5d0be83,3a365f5dd3e9d410585a34695bb444d67b220c4b40a9348288a540078bc27f75
joint,M1,False,2023-10-24,landsat-9,699,51,1.0045194347400999,1.3203553173029106,-0.5635497453840614,0.7836872583620021,True,3b188221263ad4673846ce5170fa622b5395e51a4aaa750114e1793d3986975b,55416c987a2d25f9177dd974307ae595761c1db31ecaa9d7561fb6c42d4d5e7c,00d1e59ce78baffbf9d24361ac8ba16a1d577b22cb193e15596627259190ed07,0c06b88fd09cd514745b699e6b6a7e12901db8d3247e42b582feaf1f7e91c04a,1eafe424a4c718d6a3b18cff938036f958858c70b344740788993b119bfbb04b,9c2f903993167fc2a228b3cfe60a23fe33f57f252bae6299458338cb8eb967ad,3f630dfcc8a1c2a19b093e7fe0f4bdc7f830fef42266fcf1156112f0eb959046,11f4fe862570895441036964a9b308e92c2ee6ba8a87b5da9009ffd5208a4bda,2c6d6a597c6b1b321c4f632291c22dfe5788a058fe82fd65114a5a59d5d0be83,3a365f5dd3e9d410585a34695bb444d67b220c4b40a9348288a540078bc27f75
joint,M1,False,2024-05-11,landsat-8,861,55,1.357130231160095,1.723819741619194,0.3384589379537677,0.621446939315125,True,3b188221263ad4673846ce5170fa622b5395e51a4aaa750114e1793d3986975b,55416c987a2d25f9177dd974307ae595761c1db31ecaa9d7561fb6c42d4d5e7c,00d1e59ce78baffbf9d24361ac8ba16a1d577b22cb193e15596627259190ed07,0c06b88fd09cd514745b699e6b6a7e12901db8d3247e42b582feaf1f7e91c04a,1eafe424a4c718d6a3b18cff938036f958858c70b344740788993b119bfbb04b,9c2f903993167fc2a228b3cfe60a23fe33f57f252bae6299458338cb8eb967ad,3f630dfcc8a1c2a19b093e7fe0f4bdc7f830fef42266fcf1156112f0eb959046,11f4fe862570895441036964a9b308e92c2ee6ba8a87b5da9009ffd5208a4bda,2c6d6a597c6b1b321c4f632291c22dfe5788a058fe82fd65114a5a59d5d0be83,3a365f5dd3e9d410585a34695bb444d67b220c4b40a9348288a540078bc27f75
joint,M1,False,2024-05-27,landsat-8,680,46,1.4120013614568847,1.727683763334765,0.8599464656523698,0.5512657823382083,True,3b188221263ad4673846ce5170fa622b5395e51a4aaa750114e1793d3986975b,55416c987a2d25f9177dd974307ae595761c1db31ecaa9d7561fb6c42d4d5e7c,00d1e59ce78baffbf9d24361ac8ba16a1d577b22cb193e15596627259190ed07,0c06b88fd09cd514745b699e6b6a7e12901db8d3247e42b582feaf1f7e91c04a,1eafe424a4c718d6a3b18cff938036f958858c70b344740788993b119bfbb04b,9c2f903993167fc2a228b3cfe60a23fe33f57f252bae6299458338cb8eb967ad,3f630dfcc8a1c2a19b093e7fe0f4bdc7f830fef42266fcf1156112f0eb959046,11f4fe862570895441036964a9b308e92c2ee6ba8a87b5da9009ffd5208a4bda,2c6d6a597c6b1b321c4f632291c22dfe5788a058fe82fd65114a5a59d5d0be83,3a365f5dd3e9d410585a34695bb444d67b220c4b40a9348288a540078bc27f75
joint,M1,False,2024-06-20,landsat-9,1050,65,1.190549313271388,1.4701117822727607,-0.7780260155037859,0.826349557680729,True,3b188221263ad4673846ce5170fa622b5395e51a4aaa750114e1793d3986975b,55416c987a2d25f9177dd974307ae595761c1db31ecaa9d7561fb6c42d4d5e7c,00d1e59ce78baffbf9d24361ac8ba16a1d577b22cb193e15596627259190ed07,0c06b88fd09cd514745b699e6b6a7e12901db8d3247e42b582feaf1f7e91c04a,1eafe424a4c718d6a3b18cff938036f958858c70b344740788993b119bfbb04b,9c2f903993167fc2a228b3cfe60a23fe33f57f252bae6299458338cb8eb967ad,3f630dfcc8a1c2a19b093e7fe0f4bdc7f830fef42266fcf1156112f0eb959046,11f4fe862570895441036964a9b308e92c2ee6ba8a87b5da9009ffd5208a4bda,2c6d6a597c6b1b321c4f632291c22dfe5788a058fe82fd65114a5a59d5d0be83,3a365f5dd3e9d410585a34695bb444d67b220c4b40a9348288a540078bc27f75
joint,M1,False,2024-06-28,landsat-8,1060,69,1.4247876330668314,1.764238107425255,-0.2728876216919127,0.7186965356840778,True,3b188221263ad4673846ce5170fa622b5395e51a4aaa750114e1793d3986975b,55416c987a2d25f9177dd974307ae595761c1db31ecaa9d7561fb6c42d4d5e7c,00d1e59ce78baffbf9d24361ac8ba16a1d577b22cb193e15596627259190ed07,0c06b88fd09cd514745b699e6b6a7e12901db8d3247e42b582feaf1f7e91c04a,1eafe424a4c718d6a3b18cff938036f958858c70b344740788993b119bfbb04b,9c2f903993167fc2a228b3cfe60a23fe33f57f252bae6299458338cb8eb967ad,3f630dfcc8a1c2a19b093e7fe0f4bdc7f830fef42266fcf1156112f0eb959046,11f4fe862570895441036964a9b308e92c2ee6ba8a87b5da9009ffd5208a4bda,2c6d6a597c6b1b321c4f632291c22dfe5788a058fe82fd65114a5a59d5d0be83,3a365f5dd3e9d410585a34695bb444d67b220c4b40a9348288a540078bc27f75
joint,M1,False,2024-07-14,landsat-8,592,47,3.0701383746012945,3.4261933278934866,3.0447818678371594,0.8208434762935495,True,3b188221263ad4673846ce5170fa622b5395e51a4aaa750114e1793d3986975b,55416c987a2d25f9177dd974307ae595761c1db31ecaa9d7561fb6c42d4d5e7c,00d1e59ce78baffbf9d24361ac8ba16a1d577b22cb193e15596627259190ed07,0c06b88fd09cd514745b699e6b6a7e12901db8d3247e42b582feaf1f7e91c04a,1eafe424a4c718d6a3b18cff938036f958858c70b344740788993b119bfbb04b,9c2f903993167fc2a228b3cfe60a23fe33f57f252bae6299458338cb8eb967ad,3f630dfcc8a1c2a19b093e7fe0f4bdc7f830fef42266fcf1156112f0eb959046,11f4fe862570895441036964a9b308e92c2ee6ba8a87b5da9009ffd5208a4bda,2c6d6a597c6b1b321c4f632291c22dfe5788a058fe82fd65114a5a59d5d0be83,3a365f5dd3e9d410585a34695bb444d67b220c4b40a9348288a540078bc27f75
joint,M1,False,2024-07-22,landsat-9,976,67,1.7254335169350923,2.167445400824993,-0.13085145554462904,0.7831440353424383,True,3b188221263ad4673846ce5170fa622b5395e51a4aaa750114e1793d3986975b,55416c987a2d25f9177dd974307ae595761c1db31ecaa9d7561fb6c42d4d5e7c,00d1e59ce78baffbf9d24361ac8ba16a1d577b22cb193e15596627259190ed07,0c06b88fd09cd514745b699e6b6a7e12901db8d3247e42b582feaf1f7e91c04a,1eafe424a4c718d6a3b18cff938036f958858c70b344740788993b119bfbb04b,9c2f903993167fc2a228b3cfe60a23fe33f57f252bae6299458338cb8eb967ad,3f630dfcc8a1c2a19b093e7fe0f4bdc7f830fef42266fcf1156112f0eb959046,11f4fe862570895441036964a9b308e92c2ee6ba8a87b5da9009ffd5208a4bda,2c6d6a597c6b1b321c4f632291c22dfe5788a058fe82fd65114a5a59d5d0be83,3a365f5dd3e9d410585a34695bb444d67b220c4b40a9348288a540078bc27f75
joint,M1,False,2024-07-30,landsat-8,1064,69,1.4682584353826658,1.867898167695774,0.9459572958208912,0.8721923870110925,True,3b188221263ad4673846ce5170fa622b5395e51a4aaa750114e1793d3986975b,55416c987a2d25f9177dd974307ae595761c1db31ecaa9d7561fb6c42d4d5e7c,00d1e59ce78baffbf9d24361ac8ba16a1d577b22cb193e15596627259190ed07,0c06b88fd09cd514745b699e6b6a7e12901db8d3247e42b582feaf1f7e91c04a,1eafe424a4c718d6a3b18cff938036f958858c70b344740788993b119bfbb04b,9c2f903993167fc2a228b3cfe60a23fe33f57f252bae6299458338cb8eb967ad,3f630dfcc8a1c2a19b093e7fe0f4bdc7f830fef42266fcf1156112f0eb959046,11f4fe862570895441036964a9b308e92c2ee6ba8a87b5da9009ffd5208a4bda,2c6d6a597c6b1b321c4f632291c22dfe5788a058fe82fd65114a5a59d5d0be83,3a365f5dd3e9d410585a34695bb444d67b220c4b40a9348288a540078bc27f75
joint,M1,False,2024-08-07,landsat-9,849,67,3.5620501592905955,4.024487269757657,3.5497210616743984,0.7928387517093691,True,3b188221263ad4673846ce5170fa622b5395e51a4aaa750114e1793d3986975b,55416c987a2d25f9177dd974307ae595761c1db31ecaa9d7561fb6c42d4d5e7c,00d1e59ce78baffbf9d24361ac8ba16a1d577b22cb193e15596627259190ed07,0c06b88fd09cd514745b699e6b6a7e12901db8d3247e42b582feaf1f7e91c04a,1eafe424a4c718d6a3b18cff938036f958858c70b344740788993b119bfbb04b,9c2f903993167fc2a228b3cfe60a23fe33f57f252bae6299458338cb8eb967ad,3f630dfcc8a1c2a19b093e7fe0f4bdc7f830fef42266fcf1156112f0eb959046,11f4fe862570895441036964a9b308e92c2ee6ba8a87b5da9009ffd5208a4bda,2c6d6a597c6b1b321c4f632291c22dfe5788a058fe82fd65114a5a59d5d0be83,3a365f5dd3e9d410585a34695bb444d67b220c4b40a9348288a540078bc27f75
joint,M1,False,2024-08-15,landsat-8,1083,71,1.6216018744528746,1.980070792060428,1.0850123367385873,0.8456936096765775,True,3b188221263ad4673846ce5170fa622b5395e51a4aaa750114e1793d3986975b,55416c987a2d25f9177dd974307ae595761c1db31ecaa9d7561fb6c42d4d5e7c,00d1e59ce78baffbf9d24361ac8ba16a1d577b22cb193e15596627259190ed07,0c06b88fd09cd514745b699e6b6a7e12901db8d3247e42b582feaf1f7e91c04a,1eafe424a4c718d6a3b18cff938036f958858c70b344740788993b119bfbb04b,9c2f903993167fc2a228b3cfe60a23fe33f57f252bae6299458338cb8eb967ad,3f630dfcc8a1c2a19b093e7fe0f4bdc7f830fef42266fcf1156112f0eb959046,11f4fe862570895441036964a9b308e92c2ee6ba8a87b5da9009ffd5208a4bda,2c6d6a597c6b1b321c4f632291c22dfe5788a058fe82fd65114a5a59d5d0be83,3a365f5dd3e9d410585a34695bb444d67b220c4b40a9348288a540078bc27f75
joint,M1,False,2024-08-23,landsat-9,1041,70,1.6189414031116967,1.9252364956990928,1.254290815826928,0.6643802148969572,True,3b188221263ad4673846ce5170fa622b5395e51a4aaa750114e1793d3986975b,55416c987a2d25f9177dd974307ae595761c1db31ecaa9d7561fb6c42d4d5e7c,00d1e59ce78baffbf9d24361ac8ba16a1d577b22cb193e15596627259190ed07,0c06b88fd09cd514745b699e6b6a7e12901db8d3247e42b582feaf1f7e91c04a,1eafe424a4c718d6a3b18cff938036f958858c70b344740788993b119bfbb04b,9c2f903993167fc2a228b3cfe60a23fe33f57f252bae6299458338cb8eb967ad,3f630dfcc8a1c2a19b093e7fe0f4bdc7f830fef42266fcf1156112f0eb959046,11f4fe862570895441036964a9b308e92c2ee6ba8a87b5da9009ffd5208a4bda,2c6d6a597c6b1b321c4f632291c22dfe5788a058fe82fd65114a5a59d5d0be83,3a365f5dd3e9d410585a34695bb444d67b220c4b40a9348288a540078bc27f75
joint,M1,False,2024-08-31,landsat-8,1048,66,1.1185014261359851,1.4040971861793818,-0.03507370075554184,0.8229483224427709,True,3b188221263ad4673846ce5170fa622b5395e51a4aaa750114e1793d3986975b,55416c987a2d25f9177dd974307ae595761c1db31ecaa9d7561fb6c42d4d5e7c,00d1e59ce78baffbf9d24361ac8ba16a1d577b22cb193e15596627259190ed07,0c06b88fd09cd514745b699e6b6a7e12901db8d3247e42b582feaf1f7e91c04a,1eafe424a4c718d6a3b18cff938036f958858c70b344740788993b119bfbb04b,9c2f903993167fc2a228b3cfe60a23fe33f57f252bae6299458338cb8eb967ad,3f630dfcc8a1c2a19b093e7fe0f4bdc7f830fef42266fcf1156112f0eb959046,11f4fe862570895441036964a9b308e92c2ee6ba8a87b5da9009ffd5208a4bda,2c6d6a597c6b1b321c4f632291c22dfe5788a058fe82fd65114a5a59d5d0be83,3a365f5dd3e9d410585a34695bb444d67b220c4b40a9348288a540078bc27f75
joint,M1,False,2024-09-08,landsat-9,1087,71,4.660839324928441,4.982906636297405,-4.660839324928441,0.7151131296824665,True,3b188221263ad4673846ce5170fa622b5395e51a4aaa750114e1793d3986975b,55416c987a2d25f9177dd974307ae595761c1db31ecaa9d7561fb6c42d4d5e7c,00d1e59ce78baffbf9d24361ac8ba16a1d577b22cb193e15596627259190ed07,0c06b88fd09cd514745b699e6b6a7e12901db8d3247e42b582feaf1f7e91c04a,1eafe424a4c718d6a3b18cff938036f958858c70b344740788993b119bfbb04b,9c2f903993167fc2a228b3cfe60a23fe33f57f252bae6299458338cb8eb967ad,3f630dfcc8a1c2a19b093e7fe0f4bdc7f830fef42266fcf1156112f0eb959046,11f4fe862570895441036964a9b308e92c2ee6ba8a87b5da9009ffd5208a4bda,2c6d6a597c6b1b321c4f632291c22dfe5788a058fe82fd65114a5a59d5d0be83,3a365f5dd3e9d410585a34695bb444d67b220c4b40a9348288a540078bc27f75
joint,M1,False,2024-09-24,landsat-9,641,50,4.936948544151537,5.267815834831623,4.866610543698093,0.8870719229138567,True,3b188221263ad4673846ce5170fa622b5395e51a4aaa750114e1793d3986975b,55416c987a2d25f9177dd974307ae595761c1db31ecaa9d7561fb6c42d4d5e7c,00d1e59ce78baffbf9d24361ac8ba16a1d577b22cb193e15596627259190ed07,0c06b88fd09cd514745b699e6b6a7e12901db8d3247e42b582feaf1f7e91c04a,1eafe424a4c718d6a3b18cff938036f958858c70b344740788993b119bfbb04b,9c2f903993167fc2a228b3cfe60a23fe33f57f252bae6299458338cb8eb967ad,3f630dfcc8a1c2a19b093e7fe0f4bdc7f830fef42266fcf1156112f0eb959046,11f4fe862570895441036964a9b308e92c2ee6ba8a87b5da9009ffd5208a4bda,2c6d6a597c6b1b321c4f632291c22dfe5788a058fe82fd65114a5a59d5d0be83,3a365f5dd3e9d410585a34695bb444d67b220c4b40a9348288a540078bc27f75
joint,M1,False,2024-10-02,landsat-8,1001,63,1.6531261857379116,2.0929704665322406,0.8010064843786895,0.9124866750719302,True,3b188221263ad4673846ce5170fa622b5395e51a4aaa750114e1793d3986975b,55416c987a2d25f9177dd974307ae595761c1db31ecaa9d7561fb6c42d4d5e7c,00d1e59ce78baffbf9d24361ac8ba16a1d577b22cb193e15596627259190ed07,0c06b88fd09cd514745b699e6b6a7e12901db8d3247e42b582feaf1f7e91c04a,1eafe424a4c718d6a3b18cff938036f958858c70b344740788993b119bfbb04b,9c2f903993167fc2a228b3cfe60a23fe33f57f252bae6299458338cb8eb967ad,3f630dfcc8a1c2a19b093e7fe0f4bdc7f830fef42266fcf1156112f0eb959046,11f4fe862570895441036964a9b308e92c2ee6ba8a87b5da9009ffd5208a4bda,2c6d6a597c6b1b321c4f632291c22dfe5788a058fe82fd65114a5a59d5d0be83,3a365f5dd3e9d410585a34695bb444d67b220c4b40a9348288a540078bc27f75
joint,M1,False,2024-10-10,landsat-9,870,58,0.9654288567365512,1.1622770225458856,0.26725939564590073,0.8251995728377276,True,3b188221263ad4673846ce5170fa622b5395e51a4aaa750114e1793d3986975b,55416c987a2d25f9177dd974307ae595761c1db31ecaa9d7561fb6c42d4d5e7c,00d1e59ce78baffbf9d24361ac8ba16a1d577b22cb193e15596627259190ed07,0c06b88fd09cd514745b699e6b6a7e12901db8d3247e42b582feaf1f7e91c04a,1eafe424a4c718d6a3b18cff938036f958858c70b344740788993b119bfbb04b,9c2f903993167fc2a228b3cfe60a23fe33f57f252bae6299458338cb8eb967ad,3f630dfcc8a1c2a19b093e7fe0f4bdc7f830fef42266fcf1156112f0eb959046,11f4fe862570895441036964a9b308e92c2ee6ba8a87b5da9009ffd5208a4bda,2c6d6a597c6b1b321c4f632291c22dfe5788a058fe82fd65114a5a59d5d0be83,3a365f5dd3e9d410585a34695bb444d67b220c4b40a9348288a540078bc27f75
joint,M1,False,2024-10-18,landsat-8,1091,71,1.8986424096731016,2.2976010102451805,-0.24204243649556972,0.4213157341525883,True,3b188221263ad4673846ce5170fa622b5395e51a4aaa750114e1793d3986975b,55416c987a2d25f9177dd974307ae595761c1db31ecaa9d7561fb6c42d4d5e7c,00d1e59ce78baffbf9d24361ac8ba16a1d577b22cb193e15596627259190ed07,0c06b88fd09cd514745b699e6b6a7e12901db8d3247e42b582feaf1f7e91c04a,1eafe424a4c718d6a3b18cff938036f958858c70b344740788993b119bfbb04b,9c2f903993167fc2a228b3cfe60a23fe33f57f252bae6299458338cb8eb967ad,3f630dfcc8a1c2a19b093e7fe0f4bdc7f830fef42266fcf1156112f0eb959046,11f4fe862570895441036964a9b308e92c2ee6ba8a87b5da9009ffd5208a4bda,2c6d6a597c6b1b321c4f632291c22dfe5788a058fe82fd65114a5a59d5d0be83,3a365f5dd3e9d410585a34695bb444d67b220c4b40a9348288a540078bc27f75
joint,M2,True,2020-05-16,landsat-8,1061,69,4.346501904580142,4.7418864222582435,-4.279209766210898,0.6304324043134049,True,3b188221263ad4673846ce5170fa622b5395e51a4aaa750114e1793d3986975b,55416c987a2d25f9177dd974307ae595761c1db31ecaa9d7561fb6c42d4d5e7c,00d1e59ce78baffbf9d24361ac8ba16a1d577b22cb193e15596627259190ed07,0c06b88fd09cd514745b699e6b6a7e12901db8d3247e42b582feaf1f7e91c04a,1eafe424a4c718d6a3b18cff938036f958858c70b344740788993b119bfbb04b,9c2f903993167fc2a228b3cfe60a23fe33f57f252bae6299458338cb8eb967ad,3f630dfcc8a1c2a19b093e7fe0f4bdc7f830fef42266fcf1156112f0eb959046,11f4fe862570895441036964a9b308e92c2ee6ba8a87b5da9009ffd5208a4bda,2c6d6a597c6b1b321c4f632291c22dfe5788a058fe82fd65114a5a59d5d0be83,3a365f5dd3e9d410585a34695bb444d67b220c4b40a9348288a540078bc27f75
joint,M2,True,2020-07-03,landsat-8,1073,70,1.7583307780287316,2.0998075568497736,-1.4314835333664109,0.8352440347946928,True,3b188221263ad4673846ce5170fa622b5395e51a4aaa750114e1793d3986975b,55416c987a2d25f9177dd974307ae595761c1db31ecaa9d7561fb6c42d4d5e7c,00d1e59ce78baffbf9d24361ac8ba16a1d577b22cb193e15596627259190ed07,0c06b88fd09cd514745b699e6b6a7e12901db8d3247e42b582feaf1f7e91c04a,1eafe424a4c718d6a3b18cff938036f958858c70b344740788993b119bfbb04b,9c2f903993167fc2a228b3cfe60a23fe33f57f252bae6299458338cb8eb967ad,3f630dfcc8a1c2a19b093e7fe0f4bdc7f830fef42266fcf1156112f0eb959046,11f4fe862570895441036964a9b308e92c2ee6ba8a87b5da9009ffd5208a4bda,2c6d6a597c6b1b321c4f632291c22dfe5788a058fe82fd65114a5a59d5d0be83,3a365f5dd3e9d410585a34695bb444d67b220c4b40a9348288a540078bc27f75
joint,M2,True,2020-07-19,landsat-8,1050,68,1.1459051520100838,1.4490584618661224,-0.05461550483973927,0.9043656123597494,True,3b188221263ad4673846ce5170fa622b5395e51a4aaa750114e1793d3986975b,55416c987a2d25f9177dd974307ae595761c1db31ecaa9d7561fb6c42d4d5e7c,00d1e59ce78baffbf9d24361ac8ba16a1d577b22cb193e15596627259190ed07,0c06b88fd09cd514745b699e6b6a7e12901db8d3247e42b582feaf1f7e91c04a,1eafe424a4c718d6a3b18cff938036f958858c70b344740788993b119bfbb04b,9c2f903993167fc2a228b3cfe60a23fe33f57f252bae6299458338cb8eb967ad,3f630dfcc8a1c2a19b093e7fe0f4bdc7f830fef42266fcf1156112f0eb959046,11f4fe862570895441036964a9b308e92c2ee6ba8a87b5da9009ffd5208a4bda,2c6d6a597c6b1b321c4f632291c22dfe5788a058fe82fd65114a5a59d5d0be83,3a365f5dd3e9d410585a34695bb444d67b220c4b40a9348288a540078bc27f75
joint,M2,True,2020-08-20,landsat-8,1080,71,1.8177550740850426,2.1372630377749773,1.1411064898223902,0.7418179063090341,True,3b188221263ad4673846ce5170fa622b5395e51a4aaa750114e1793d3986975b,55416c987a2d25f9177dd974307ae595761c1db31ecaa9d7561fb6c42d4d5e7c,00d1e59ce78baffbf9d24361ac8ba16a1d577b22cb193e15596627259190ed07,0c06b88fd09cd514745b699e6b6a7e12901db8d3247e42b582feaf1f7e91c04a,1eafe424a4c718d6a3b18cff938036f958858c70b344740788993b119bfbb04b,9c2f903993167fc2a228b3cfe60a23fe33f57f252bae6299458338cb8eb967ad,3f630dfcc8a1c2a19b093e7fe0f4bdc7f830fef42266fcf1156112f0eb959046,11f4fe862570895441036964a9b308e92c2ee6ba8a87b5da9009ffd5208a4bda,2c6d6a597c6b1b321c4f632291c22dfe5788a058fe82fd65114a5a59d5d0be83,3a365f5dd3e9d410585a34695bb444d67b220c4b40a9348288a540078bc27f75
joint,M2,True,2020-09-05,landsat-8,1086,71,6.139841058032956,6.458076596041138,-6.110599477710495,0.8522931939137175,True,3b188221263ad4673846ce5170fa622b5395e51a4aaa750114e1793d3986975b,55416c987a2d25f9177dd974307ae595761c1db31ecaa9d7561fb6c42d4d5e7c,00d1e59ce78baffbf9d24361ac8ba16a1d577b22cb193e15596627259190ed07,0c06b88fd09cd514745b699e6b6a7e12901db8d3247e42b582feaf1f7e91c04a,1eafe424a4c718d6a3b18cff938036f958858c70b344740788993b119bfbb04b,9c2f903993167fc2a228b3cfe60a23fe33f57f252bae6299458338cb8eb967ad,3f630dfcc8a1c2a19b093e7fe0f4bdc7f830fef42266fcf1156112f0eb959046,11f4fe862570895441036964a9b308e92c2ee6ba8a87b5da9009ffd5208a4bda,2c6d6a597c6b1b321c4f632291c22dfe5788a058fe82fd65114a5a59d5d0be83,3a365f5dd3e9d410585a34695bb444d67b220c4b40a9348288a540078bc27f75
joint,M2,True,2020-09-21,landsat-8,1007,65,1.097025903913353,1.3766280974643237,0.5332287798711094,0.6957600463442778,True,3b188221263ad4673846ce5170fa622b5395e51a4aaa750114e1793d3986975b,55416c987a2d25f9177dd974307ae595761c1db31ecaa9d7561fb6c42d4d5e7c,00d1e59ce78baffbf9d24361ac8ba16a1d577b22cb193e15596627259190ed07,0c06b88fd09cd514745b699e6b6a7e12901db8d3247e42b582feaf1f7e91c04a,1eafe424a4c718d6a3b18cff938036f958858c70b344740788993b119bfbb04b,9c2f903993167fc2a228b3cfe60a23fe33f57f252bae6299458338cb8eb967ad,3f630dfcc8a1c2a19b093e7fe0f4bdc7f830fef42266fcf1156112f0eb959046,11f4fe862570895441036964a9b308e92c2ee6ba8a87b5da9009ffd5208a4bda,2c6d6a597c6b1b321c4f632291c22dfe5788a058fe82fd65114a5a59d5d0be83,3a365f5dd3e9d410585a34695bb444d67b220c4b40a9348288a540078bc27f75
joint,M2,True,2020-10-07,landsat-8,967,66,1.540729619719531,1.8310273774873111,1.2102779948801328,0.718306584638063,True,3b188221263ad4673846ce5170fa622b5395e51a4aaa750114e1793d3986975b,55416c987a2d25f9177dd974307ae595761c1db31ecaa9d7561fb6c42d4d5e7c,00d1e59ce78baffbf9d24361ac8ba16a1d577b22cb193e15596627259190ed07,0c06b88fd09cd514745b699e6b6a7e12901db8d3247e42b582feaf1f7e91c04a,1eafe424a4c718d6a3b18cff938036f958858c70b344740788993b119bfbb04b,9c2f903993167fc2a228b3cfe60a23fe33f57f252bae6299458338cb8eb967ad,3f630dfcc8a1c2a19b093e7fe0f4bdc7f830fef42266fcf1156112f0eb959046,11f4fe862570895441036964a9b308e92c2ee6ba8a87b5da9009ffd5208a4bda,2c6d6a597c6b1b321c4f632291c22dfe5788a058fe82fd65114a5a59d5d0be83,3a365f5dd3e9d410585a34695bb444d67b220c4b40a9348288a540078bc27f75
joint,M2,True,2021-05-03,landsat-8,1019,64,1.385324640056282,1.7343082315012495,-0.5742244819476318,0.7508075230484189,True,3b188221263ad4673846ce5170fa622b5395e51a4aaa750114e1793d3986975b,55416c987a2d25f9177dd974307ae595761c1db31ecaa9d7561fb6c42d4d5e7c,00d1e59ce78baffbf9d24361ac8ba16a1d577b22cb193e15596627259190ed07,0c06b88fd09cd514745b699e6b6a7e12901db8d3247e42b582feaf1f7e91c04a,1eafe424a4c718d6a3b18cff938036f958858c70b344740788993b119bfbb04b,9c2f903993167fc2a228b3cfe60a23fe33f57f252bae6299458338cb8eb967ad,3f630dfcc8a1c2a19b093e7fe0f4bdc7f830fef42266fcf1156112f0eb959046,11f4fe862570895441036964a9b308e92c2ee6ba8a87b5da9009ffd5208a4bda,2c6d6a597c6b1b321c4f632291c22dfe5788a058fe82fd65114a5a59d5d0be83,3a365f5dd3e9d410585a34695bb444d67b220c4b40a9348288a540078bc27f75
joint,M2,True,2021-06-04,landsat-8,953,61,1.9924774340796199,2.3439024442067056,1.8826671117663527,0.792785472915799,True,3b188221263ad4673846ce5170fa622b5395e51a4aaa750114e1793d3986975b,55416c987a2d25f9177dd974307ae595761c1db31ecaa9d7561fb6c42d4d5e7c,00d1e59ce78baffbf9d24361ac8ba16a1d577b22cb193e15596627259190ed07,0c06b88fd09cd514745b699e6b6a7e12901db8d3247e42b582feaf1f7e91c04a,1eafe424a4c718d6a3b18cff938036f958858c70b344740788993b119bfbb04b,9c2f903993167fc2a228b3cfe60a23fe33f57f252bae6299458338cb8eb967ad,3f630dfcc8a1c2a19b093e7fe0f4bdc7f830fef42266fcf1156112f0eb959046,11f4fe862570895441036964a9b308e92c2ee6ba8a87b5da9009ffd5208a4bda,2c6d6a597c6b1b321c4f632291c22dfe5788a058fe82fd65114a5a59d5d0be83,3a365f5dd3e9d410585a34695bb444d67b220c4b40a9348288a540078bc27f75
joint,M2,True,2021-06-20,landsat-8,993,62,1.3541352632800598,1.7642517304858991,0.7404497275917602,0.8084368209409666,True,3b188221263ad4673846ce5170fa622b5395e51a4aaa750114e1793d3986975b,55416c987a2d25f9177dd974307ae595761c1db31ecaa9d7561fb6c42d4d5e7c,00d1e59ce78baffbf9d24361ac8ba16a1d577b22cb193e15596627259190ed07,0c06b88fd09cd514745b699e6b6a7e12901db8d3247e42b582feaf1f7e91c04a,1eafe424a4c718d6a3b18cff938036f958858c70b344740788993b119bfbb04b,9c2f903993167fc2a228b3cfe60a23fe33f57f252bae6299458338cb8eb967ad,3f630dfcc8a1c2a19b093e7fe0f4bdc7f830fef42266fcf1156112f0eb959046,11f4fe862570895441036964a9b308e92c2ee6ba8a87b5da9009ffd5208a4bda,2c6d6a597c6b1b321c4f632291c22dfe5788a058fe82fd65114a5a59d5d0be83,3a365f5dd3e9d410585a34695bb444d67b220c4b40a9348288a540078bc27f75
joint,M2,True,2021-07-06,landsat-8,1068,66,1.116109402399782,1.3979252833895104,0.19458319521557965,0.7935459460880224,True,3b188221263ad4673846ce5170fa622b5395e51a4aaa750114e1793d3986975b,55416c987a2d25f9177dd974307ae595761c1db31ecaa9d7561fb6c42d4d5e7c,00d1e59ce78baffbf9d24361ac8ba16a1d577b22cb193e15596627259190ed07,0c06b88fd09cd514745b699e6b6a7e12901db8d3247e42b582feaf1f7e91c04a,1eafe424a4c718d6a3b18cff938036f958858c70b344740788993b119bfbb04b,9c2f903993167fc2a228b3cfe60a23fe33f57f252bae6299458338cb8eb967ad,3f630dfcc8a1c2a19b093e7fe0f4bdc7f830fef42266fcf1156112f0eb959046,11f4fe862570895441036964a9b308e92c2ee6ba8a87b5da9009ffd5208a4bda,2c6d6a597c6b1b321c4f632291c22dfe5788a058fe82fd65114a5a59d5d0be83,3a365f5dd3e9d410585a34695bb444d67b220c4b40a9348288a540078bc27f75
joint,M2,True,2021-08-07,landsat-8,1064,69,1.263388020788513,1.5796652408020175,-0.18064263177173281,0.6719652228207957,True,3b188221263ad4673846ce5170fa622b5395e51a4aaa750114e1793d3986975b,55416c987a2d25f9177dd974307ae595761c1db31ecaa9d7561fb6c42d4d5e7c,00d1e59ce78baffbf9d24361ac8ba16a1d577b22cb193e15596627259190ed07,0c06b88fd09cd514745b699e6b6a7e12901db8d3247e42b582feaf1f7e91c04a,1eafe424a4c718d6a3b18cff938036f958858c70b344740788993b119bfbb04b,9c2f903993167fc2a228b3cfe60a23fe33f57f252bae6299458338cb8eb967ad,3f630dfcc8a1c2a19b093e7fe0f4bdc7f830fef42266fcf1156112f0eb959046,11f4fe862570895441036964a9b308e92c2ee6ba8a87b5da9009ffd5208a4bda,2c6d6a597c6b1b321c4f632291c22dfe5788a058fe82fd65114a5a59d5d0be83,3a365f5dd3e9d410585a34695bb444d67b220c4b40a9348288a540078bc27f75
joint,M2,True,2021-09-08,landsat-8,1020,65,5.279504811164062,5.626531865965545,5.279325651211136,0.7481496860831808,True,3b188221263ad4673846ce5170fa622b5395e51a4aaa750114e1793d3986975b,55416c987a2d25f9177dd974307ae595761c1db31ecaa9d7561fb6c42d4d5e7c,00d1e59ce78baffbf9d24361ac8ba16a1d577b22cb193e15596627259190ed07,0c06b88fd09cd514745b699e6b6a7e12901db8d3247e42b582feaf1f7e91c04a,1eafe424a4c718d6a3b18cff938036f958858c70b344740788993b119bfbb04b,9c2f903993167fc2a228b3cfe60a23fe33f57f252bae6299458338cb8eb967ad,3f630dfcc8a1c2a19b093e7fe0f4bdc7f830fef42266fcf1156112f0eb959046,11f4fe862570895441036964a9b308e92c2ee6ba8a87b5da9009ffd5208a4bda,2c6d6a597c6b1b321c4f632291c22dfe5788a058fe82fd65114a5a59d5d0be83,3a365f5dd3e9d410585a34695bb444d67b220c4b40a9348288a540078bc27f75
joint,M2,True,2021-09-24,landsat-8,822,59,1.0648032165815007,1.3082282873877003,0.9126123916249416,0.7839082205110972,True,3b188221263ad4673846ce5170fa622b5395e51a4aaa750114e1793d3986975b,55416c987a2d25f9177dd974307ae595761c1db31ecaa9d7561fb6c42d4d5e7c,00d1e59ce78baffbf9d24361ac8ba16a1d577b22cb193e15596627259190ed07,0c06b88fd09cd514745b699e6b6a7e12901db8d3247e42b582feaf1f7e91c04a,1eafe424a4c718d6a3b18cff938036f958858c70b344740788993b119bfbb04b,9c2f903993167fc2a228b3cfe60a23fe33f57f252bae6299458338cb8eb967ad,3f630dfcc8a1c2a19b093e7fe0f4bdc7f830fef42266fcf1156112f0eb959046,11f4fe862570895441036964a9b308e92c2ee6ba8a87b5da9009ffd5208a4bda,2c6d6a597c6b1b321c4f632291c22dfe5788a058fe82fd65114a5a59d5d0be83,3a365f5dd3e9d410585a34695bb444d67b220c4b40a9348288a540078bc27f75
joint,M2,True,2021-10-10,landsat-8,905,65,1.575069649564273,1.7766260237070308,-1.5325679299988015,0.7080390265689358,True,3b188221263ad4673846ce5170fa622b5395e51a4aaa750114e1793d3986975b,55416c987a2d25f9177dd974307ae595761c1db31ecaa9d7561fb6c42d4d5e7c,00d1e59ce78baffbf9d24361ac8ba16a1d577b22cb193e15596627259190ed07,0c06b88fd09cd514745b699e6b6a7e12901db8d3247e42b582feaf1f7e91c04a,1eafe424a4c718d6a3b18cff938036f958858c70b344740788993b119bfbb04b,9c2f903993167fc2a228b3cfe60a23fe33f57f252bae6299458338cb8eb967ad,3f630dfcc8a1c2a19b093e7fe0f4bdc7f830fef42266fcf1156112f0eb959046,11f4fe862570895441036964a9b308e92c2ee6ba8a87b5da9009ffd5208a4bda,2c6d6a597c6b1b321c4f632291c22dfe5788a058fe82fd65114a5a59d5d0be83,3a365f5dd3e9d410585a34695bb444d67b220c4b40a9348288a540078bc27f75
joint,M2,True,2021-10-26,landsat-8,1094,71,2.9749249857553033,3.211126927982922,2.9724772668043853,0.7204047456105731,True,3b188221263ad4673846ce5170fa622b5395e51a4aaa750114e1793d3986975b,55416c987a2d25f9177dd974307ae595761c1db31ecaa9d7561fb6c42d4d5e7c,00d1e59ce78baffbf9d24361ac8ba16a1d577b22cb193e15596627259190ed07,0c06b88fd09cd514745b699e6b6a7e12901db8d3247e42b582feaf1f7e91c04a,1eafe424a4c718d6a3b18cff938036f958858c70b344740788993b119bfbb04b,9c2f903993167fc2a228b3cfe60a23fe33f57f252bae6299458338cb8eb967ad,3f630dfcc8a1c2a19b093e7fe0f4bdc7f830fef42266fcf1156112f0eb959046,11f4fe862570895441036964a9b308e92c2ee6ba8a87b5da9009ffd5208a4bda,2c6d6a597c6b1b321c4f632291c22dfe5788a058fe82fd65114a5a59d5d0be83,3a365f5dd3e9d410585a34695bb444d67b220c4b40a9348288a540078bc27f75
joint,M2,True,2022-05-06,landsat-8,978,62,1.1598638964741244,1.421190925695637,0.6200532934979026,0.8644735944048315,True,3b188221263ad4673846ce5170fa622b5395e51a4aaa750114e1793d3986975b,55416c987a2d25f9177dd974307ae595761c1db31ecaa9d7561fb6c42d4d5e7c,00d1e59ce78baffbf9d24361ac8ba16a1d577b22cb193e15596627259190ed07,0c06b88fd09cd514745b699e6b6a7e12901db8d3247e42b582feaf1f7e91c04a,1eafe424a4c718d6a3b18cff938036f958858c70b344740788993b119bfbb04b,9c2f903993167fc2a228b3cfe60a23fe33f57f252bae6299458338cb8eb967ad,3f630dfcc8a1c2a19b093e7fe0f4bdc7f830fef42266fcf1156112f0eb959046,11f4fe862570895441036964a9b308e92c2ee6ba8a87b5da9009ffd5208a4bda,2c6d6a597c6b1b321c4f632291c22dfe5788a058fe82fd65114a5a59d5d0be83,3a365f5dd3e9d410585a34695bb444d67b220c4b40a9348288a540078bc27f75
joint,M2,True,2022-05-14,landsat-9,989,69,4.235162981734354,4.667280462107778,-3.658807389804908,0.48319957134654423,True,3b188221263ad4673846ce5170fa622b5395e51a4aaa750114e1793d3986975b,55416c987a2d25f9177dd974307ae595761c1db31ecaa9d7561fb6c42d4d5e7c,00d1e59ce78baffbf9d24361ac8ba16a1d577b22cb193e15596627259190ed07,0c06b88fd09cd514745b699e6b6a7e12901db8d3247e42b582feaf1f7e91c04a,1eafe424a4c718d6a3b18cff938036f958858c70b344740788993b119bfbb04b,9c2f903993167fc2a228b3cfe60a23fe33f57f252bae6299458338cb8eb967ad,3f630dfcc8a1c2a19b093e7fe0f4bdc7f830fef42266fcf1156112f0eb959046,11f4fe862570895441036964a9b308e92c2ee6ba8a87b5da9009ffd5208a4bda,2c6d6a597c6b1b321c4f632291c22dfe5788a058fe82fd65114a5a59d5d0be83,3a365f5dd3e9d410585a34695bb444d67b220c4b40a9348288a540078bc27f75
joint,M2,True,2022-05-22,landsat-8,818,58,1.7452970891425024,1.991649941045741,0.45448342032485173,0.5581937318184824,True,3b188221263ad4673846ce5170fa622b5395e51a4aaa750114e1793d3986975b,55416c987a2d25f9177dd974307ae595761c1db31ecaa9d7561fb6c42d4d5e7c,00d1e59ce78baffbf9d24361ac8ba16a1d577b22cb193e15596627259190ed07,0c06b88fd09cd514745b699e6b6a7e12901db8d3247e42b582feaf1f7e91c04a,1eafe424a4c718d6a3b18cff938036f958858c70b344740788993b119bfbb04b,9c2f903993167fc2a228b3cfe60a23fe33f57f252bae6299458338cb8eb967ad,3f630dfcc8a1c2a19b093e7fe0f4bdc7f830fef42266fcf1156112f0eb959046,11f4fe862570895441036964a9b308e92c2ee6ba8a87b5da9009ffd5208a4bda,2c6d6a597c6b1b321c4f632291c22dfe5788a058fe82fd65114a5a59d5d0be83,3a365f5dd3e9d410585a34695bb444d67b220c4b40a9348288a540078bc27f75
joint,M2,True,2022-05-30,landsat-9,1055,67,1.3226592414204126,1.6459912537417736,-0.8393739412243804,0.836657665217898,True,3b188221263ad4673846ce5170fa622b5395e51a4aaa750114e1793d3986975b,55416c987a2d25f9177dd974307ae595761c1db31ecaa9d7561fb6c42d4d5e7c,00d1e59ce78baffbf9d24361ac8ba16a1d577b22cb193e15596627259190ed07,0c06b88fd09cd514745b699e6b6a7e12901db8d3247e42b582feaf1f7e91c04a,1eafe424a4c718d6a3b18cff938036f958858c70b344740788993b119bfbb04b,9c2f903993167fc2a228b3cfe60a23fe33f57f252bae6299458338cb8eb967ad,3f630dfcc8a1c2a19b093e7fe0f4bdc7f830fef42266fcf1156112f0eb959046,11f4fe862570895441036964a9b308e92c2ee6ba8a87b5da9009ffd5208a4bda,2c6d6a597c6b1b321c4f632291c22dfe5788a058fe82fd65114a5a59d5d0be83,3a365f5dd3e9d410585a34695bb444d67b220c4b40a9348288a540078bc27f75
joint,M2,True,2022-06-07,landsat-8,967,61,1.4682663492373165,1.7693197793170765,-1.2156282833711172,0.8282804068007884,True,3b188221263ad4673846ce5170fa622b5395e51a4aaa750114e1793d3986975b,55416c987a2d25f9177dd974307ae595761c1db31ecaa9d7561fb6c42d4d5e7c,00d1e59ce78baffbf9d24361ac8ba16a1d577b22cb193e15596627259190ed07,0c06b88fd09cd514745b699e6b6a7e12901db8d3247e42b582feaf1f7e91c04a,1eafe424a4c718d6a3b18cff938036f958858c70b344740788993b119bfbb04b,9c2f903993167fc2a228b3cfe60a23fe33f57f252bae6299458338cb8eb967ad,3f630dfcc8a1c2a19b093e7fe0f4bdc7f830fef42266fcf1156112f0eb959046,11f4fe862570895441036964a9b308e92c2ee6ba8a87b5da9009ffd5208a4bda,2c6d6a597c6b1b321c4f632291c22dfe5788a058fe82fd65114a5a59d5d0be83,3a365f5dd3e9d410585a34695bb444d67b220c4b40a9348288a540078bc27f75
joint,M2,True,2022-06-15,landsat-9,1067,69,1.0249350837339695,1.384887699044582,0.46503273256915817,0.8502046924733613,True,3b188221263ad4673846ce5170fa622b5395e51a4aaa750114e1793d3986975b,55416c987a2d25f9177dd974307ae595761c1db31ecaa9d7561fb6c42d4d5e7c,00d1e59ce78baffbf9d24361ac8ba16a1d577b22cb193e15596627259190ed07,0c06b88fd09cd514745b699e6b6a7e12901db8d3247e42b582feaf1f7e91c04a,1eafe424a4c718d6a3b18cff938036f958858c70b344740788993b119bfbb04b,9c2f903993167fc2a228b3cfe60a23fe33f57f252bae6299458338cb8eb967ad,3f630dfcc8a1c2a19b093e7fe0f4bdc7f830fef42266fcf1156112f0eb959046,11f4fe862570895441036964a9b308e92c2ee6ba8a87b5da9009ffd5208a4bda,2c6d6a597c6b1b321c4f632291c22dfe5788a058fe82fd65114a5a59d5d0be83,3a365f5dd3e9d410585a34695bb444d67b220c4b40a9348288a540078bc27f75
joint,M2,True,2022-06-23,landsat-8,1059,69,1.9090533152176783,2.396562394081253,-0.7606204496120311,0.7907925604897894,True,3b188221263ad4673846ce5170fa622b5395e51a4aaa750114e1793d3986975b,55416c987a2d25f9177dd974307ae595761c1db31ecaa9d7561fb6c42d4d5e7c,00d1e59ce78baffbf9d24361ac8ba16a1d577b22cb193e15596627259190ed07,0c06b88fd09cd514745b699e6b6a7e12901db8d3247e42b582feaf1f7e91c04a,1eafe424a4c718d6a3b18cff938036f958858c70b344740788993b119bfbb04b,9c2f903993167fc2a228b3cfe60a23fe33f57f252bae6299458338cb8eb967ad,3f630dfcc8a1c2a19b093e7fe0f4bdc7f830fef42266fcf1156112f0eb959046,11f4fe862570895441036964a9b308e92c2ee6ba8a87b5da9009ffd5208a4bda,2c6d6a597c6b1b321c4f632291c22dfe5788a058fe82fd65114a5a59d5d0be83,3a365f5dd3e9d410585a34695bb444d67b220c4b40a9348288a540078bc27f75
joint,M2,True,2022-07-01,landsat-9,1072,70,1.6446699104782092,1.9049153205466678,-1.4441600385926399,0.836782294549289,True,3b188221263ad4673846ce5170fa622b5395e51a4aaa750114e1793d3986975b,55416c987a2d25f9177dd974307ae595761c1db31ecaa9d7561fb6c42d4d5e7c,00d1e59ce78baffbf9d24361ac8ba16a1d577b22cb193e15596627259190ed07,0c06b88fd09cd514745b699e6b6a7e12901db8d3247e42b582feaf1f7e91c04a,1eafe424a4c718d6a3b18cff938036f958858c70b344740788993b119bfbb04b,9c2f903993167fc2a228b3cfe60a23fe33f57f252bae6299458338cb8eb967ad,3f630dfcc8a1c2a19b093e7fe0f4bdc7f830fef42266fcf1156112f0eb959046,11f4fe862570895441036964a9b308e92c2ee6ba8a87b5da9009ffd5208a4bda,2c6d6a597c6b1b321c4f632291c22dfe5788a058fe82fd65114a5a59d5d0be83,3a365f5dd3e9d410585a34695bb444d67b220c4b40a9348288a540078bc27f75
joint,M2,True,2022-07-09,landsat-8,1050,67,1.391935528849934,1.7543659807617884,0.2025759799813593,0.873128969199921,True,3b188221263ad4673846ce5170fa622b5395e51a4aaa750114e1793d3986975b,55416c987a2d25f9177dd974307ae595761c1db31ecaa9d7561fb6c42d4d5e7c,00d1e59ce78baffbf9d24361ac8ba16a1d577b22cb193e15596627259190ed07,0c06b88fd09cd514745b699e6b6a7e12901db8d3247e42b582feaf1f7e91c04a,1eafe424a4c718d6a3b18cff938036f958858c70b344740788993b119bfbb04b,9c2f903993167fc2a228b3cfe60a23fe33f57f252bae6299458338cb8eb967ad,3f630dfcc8a1c2a19b093e7fe0f4bdc7f830fef42266fcf1156112f0eb959046,11f4fe862570895441036964a9b308e92c2ee6ba8a87b5da9009ffd5208a4bda,2c6d6a597c6b1b321c4f632291c22dfe5788a058fe82fd65114a5a59d5d0be83,3a365f5dd3e9d410585a34695bb444d67b220c4b40a9348288a540078bc27f75
joint,M2,True,2022-07-17,landsat-9,1008,69,5.9421265212759735,6.20726648774679,-5.93530158719528,0.7636429674112701,True,3b188221263ad4673846ce5170fa622b5395e51a4aaa750114e1793d3986975b,55416c987a2d25f9177dd974307ae595761c1db31ecaa9d7561fb6c42d4d5e7c,00d1e59ce78baffbf9d24361ac8ba16a1d577b22cb193e15596627259190ed07,0c06b88fd09cd514745b699e6b6a7e12901db8d3247e42b582feaf1f7e91c04a,1eafe424a4c718d6a3b18cff938036f958858c70b344740788993b119bfbb04b,9c2f903993167fc2a228b3cfe60a23fe33f57f252bae6299458338cb8eb967ad,3f630dfcc8a1c2a19b093e7fe0f4bdc7f830fef42266fcf1156112f0eb959046,11f4fe862570895441036964a9b308e92c2ee6ba8a87b5da9009ffd5208a4bda,2c6d6a597c6b1b321c4f632291c22dfe5788a058fe82fd65114a5a59d5d0be83,3a365f5dd3e9d410585a34695bb444d67b220c4b40a9348288a540078bc27f75
joint,M2,True,2022-07-25,landsat-8,1054,68,1.3860356089208865,1.6669677438269748,1.2950995065735451,0.8700643876173223,True,3b188221263ad4673846ce5170fa622b5395e51a4aaa750114e1793d3986975b,55416c987a2d25f9177dd974307ae595761c1db31ecaa9d7561fb6c42d4d5e7c,00d1e59ce78baffbf9d24361ac8ba16a1d577b22cb193e15596627259190ed07,0c06b88fd09cd514745b699e6b6a7e12901db8d3247e42b582feaf1f7e91c04a,1eafe424a4c718d6a3b18cff938036f958858c70b344740788993b119bfbb04b,9c2f903993167fc2a228b3cfe60a23fe33f57f252bae6299458338cb8eb967ad,3f630dfcc8a1c2a19b093e7fe0f4bdc7f830fef42266fcf1156112f0eb959046,11f4fe862570895441036964a9b308e92c2ee6ba8a87b5da9009ffd5208a4bda,2c6d6a597c6b1b321c4f632291c22dfe5788a058fe82fd65114a5a59d5d0be83,3a365f5dd3e9d410585a34695bb444d67b220c4b40a9348288a540078bc27f75
joint,M2,True,2022-08-02,landsat-9,1026,67,1.6117489292973186,2.043061424248223,-0.8202716669321274,0.8290534486227835,True,3b188221263ad4673846ce5170fa622b5395e51a4aaa750114e1793d3986975b,55416c987a2d25f9177dd974307ae595761c1db31ecaa9d7561fb6c42d4d5e7c,00d1e59ce78baffbf9d24361ac8ba16a1d577b22cb193e15596627259190ed07,0c06b88fd09cd514745b699e6b6a7e12901db8d3247e42b582feaf1f7e91c04a,1eafe424a4c718d6a3b18cff938036f958858c70b344740788993b119bfbb04b,9c2f903993167fc2a228b3cfe60a23fe33f57f252bae6299458338cb8eb967ad,3f630dfcc8a1c2a19b093e7fe0f4bdc7f830fef42266fcf1156112f0eb959046,11f4fe862570895441036964a9b308e92c2ee6ba8a87b5da9009ffd5208a4bda,2c6d6a597c6b1b321c4f632291c22dfe5788a058fe82fd65114a5a59d5d0be83,3a365f5dd3e9d410585a34695bb444d67b220c4b40a9348288a540078bc27f75
joint,M2,True,2022-08-18,landsat-9,1034,66,1.4324664727253753,1.8054955384663876,-0.6049716167721845,0.8937764696998923,True,3b188221263ad4673846ce5170fa622b5395e51a4aaa750114e1793d3986975b,55416c987a2d25f9177dd974307ae595761c1db31ecaa9d7561fb6c42d4d5e7c,00d1e59ce78baffbf9d24361ac8ba16a1d577b22cb193e15596627259190ed07,0c06b88fd09cd514745b699e6b6a7e12901db8d3247e42b582feaf1f7e91c04a,1eafe424a4c718d6a3b18cff938036f958858c70b344740788993b119bfbb04b,9c2f903993167fc2a228b3cfe60a23fe33f57f252bae6299458338cb8eb967ad,3f630dfcc8a1c2a19b093e7fe0f4bdc7f830fef42266fcf1156112f0eb959046,11f4fe862570895441036964a9b308e92c2ee6ba8a87b5da9009ffd5208a4bda,2c6d6a597c6b1b321c4f632291c22dfe5788a058fe82fd65114a5a59d5d0be83,3a365f5dd3e9d410585a34695bb444d67b220c4b40a9348288a540078bc27f75
joint,M2,True,2022-08-26,landsat-8,1058,69,1.7553735783348998,2.2997021544513125,-0.9957431854897584,0.6412495061833791,True,3b188221263ad4673846ce5170fa622b5395e51a4aaa750114e1793d3986975b,55416c987a2d25f9177dd974307ae595761c1db31ecaa9d7561fb6c42d4d5e7c,00d1e59ce78baffbf9d24361ac8ba16a1d577b22cb193e15596627259190ed07,0c06b88fd09cd514745b699e6b6a7e12901db8d3247e42b582feaf1f7e91c04a,1eafe424a4c718d6a3b18cff938036f958858c70b344740788993b119bfbb04b,9c2f903993167fc2a228b3cfe60a23fe33f57f252bae6299458338cb8eb967ad,3f630dfcc8a1c2a19b093e7fe0f4bdc7f830fef42266fcf1156112f0eb959046,11f4fe862570895441036964a9b308e92c2ee6ba8a87b5da9009ffd5208a4bda,2c6d6a597c6b1b321c4f632291c22dfe5788a058fe82fd65114a5a59d5d0be83,3a365f5dd3e9d410585a34695bb444d67b220c4b40a9348288a540078bc27f75
joint,M2,True,2022-09-03,landsat-9,1085,71,1.6797716674338405,2.0027078622022856,-1.203497093373478,0.7661441731403165,True,3b188221263ad4673846ce5170fa622b5395e51a4aaa750114e1793d3986975b,55416c987a2d25f9177dd974307ae595761c1db31ecaa9d7561fb6c42d4d5e7c,00d1e59ce78baffbf9d24361ac8ba16a1d577b22cb193e15596627259190ed07,0c06b88fd09cd514745b699e6b6a7e12901db8d3247e42b582feaf1f7e91c04a,1eafe424a4c718d6a3b18cff938036f958858c70b344740788993b119bfbb04b,9c2f903993167fc2a228b3cfe60a23fe33f57f252bae6299458338cb8eb967ad,3f630dfcc8a1c2a19b093e7fe0f4bdc7f830fef42266fcf1156112f0eb959046,11f4fe862570895441036964a9b308e92c2ee6ba8a87b5da9009ffd5208a4bda,2c6d6a597c6b1b321c4f632291c22dfe5788a058fe82fd65114a5a59d5d0be83,3a365f5dd3e9d410585a34695bb444d67b220c4b40a9348288a540078bc27f75
joint,M2,True,2022-09-27,landsat-8,1081,71,3.8616329123783624,4.140746149401264,-3.8578061701692663,0.8214255454712472,True,3b188221263ad4673846ce5170fa622b5395e51a4aaa750114e1793d3986975b,55416c987a2d25f9177dd974307ae595761c1db31ecaa9d7561fb6c42d4d5e7c,00d1e59ce78baffbf9d24361ac8ba16a1d577b22cb193e15596627259190ed07,0c06b88fd09cd514745b699e6b6a7e12901db8d3247e42b582feaf1f7e91c04a,1eafe424a4c718d6a3b18cff938036f958858c70b344740788993b119bfbb04b,9c2f903993167fc2a228b3cfe60a23fe33f57f252bae6299458338cb8eb967ad,3f630dfcc8a1c2a19b093e7fe0f4bdc7f830fef42266fcf1156112f0eb959046,11f4fe862570895441036964a9b308e92c2ee6ba8a87b5da9009ffd5208a4bda,2c6d6a597c6b1b321c4f632291c22dfe5788a058fe82fd65114a5a59d5d0be83,3a365f5dd3e9d410585a34695bb444d67b220c4b40a9348288a540078bc27f75
joint,M2,True,2022-10-05,landsat-9,921,59,1.189079027474024,1.3973054534648606,-0.9805537160291812,0.8443999082631627,True,3b188221263ad4673846ce5170fa622b5395e51a4aaa750114e1793d3986975b,55416c987a2d25f9177dd974307ae595761c1db31ecaa9d7561fb6c42d4d5e7c,00d1e59ce78baffbf9d24361ac8ba16a1d577b22cb193e15596627259190ed07,0c06b88fd09cd514745b699e6b6a7e12901db8d3247e42b582feaf1f7e91c04a,1eafe424a4c718d6a3b18cff938036f958858c70b344740788993b119bfbb04b,9c2f903993167fc2a228b3cfe60a23fe33f57f252bae6299458338cb8eb967ad,3f630dfcc8a1c2a19b093e7fe0f4bdc7f830fef42266fcf1156112f0eb959046,11f4fe862570895441036964a9b308e92c2ee6ba8a87b5da9009ffd5208a4bda,2c6d6a597c6b1b321c4f632291c22dfe5788a058fe82fd65114a5a59d5d0be83,3a365f5dd3e9d410585a34695bb444d67b220c4b40a9348288a540078bc27f75
joint,M2,True,2022-10-21,landsat-9,701,63,0.8132293924565844,1.1804975723368243,0.4930026818003428,0.5826115110860517,True,3b188221263ad4673846ce5170fa622b5395e51a4aaa750114e1793d3986975b,55416c987a2d25f9177dd974307ae595761c1db31ecaa9d7561fb6c42d4d5e7c,00d1e59ce78baffbf9d24361ac8ba16a1d577b22cb193e15596627259190ed07,0c06b88fd09cd514745b699e6b6a7e12901db8d3247e42b582feaf1f7e91c04a,1eafe424a4c718d6a3b18cff938036f958858c70b344740788993b119bfbb04b,9c2f903993167fc2a228b3cfe60a23fe33f57f252bae6299458338cb8eb967ad,3f630dfcc8a1c2a19b093e7fe0f4bdc7f830fef42266fcf1156112f0eb959046,11f4fe862570895441036964a9b308e92c2ee6ba8a87b5da9009ffd5208a4bda,2c6d6a597c6b1b321c4f632291c22dfe5788a058fe82fd65114a5a59d5d0be83,3a365f5dd3e9d410585a34695bb444d67b220c4b40a9348288a540078bc27f75
joint,M2,True,2022-10-29,landsat-8,969,67,1.5487216894857185,1.800811495542875,1.378542532411717,0.5115629388919546,True,3b188221263ad4673846ce5170fa622b5395e51a4aaa750114e1793d3986975b,55416c987a2d25f9177dd974307ae595761c1db31ecaa9d7561fb6c42d4d5e7c,00d1e59ce78baffbf9d24361ac8ba16a1d577b22cb193e15596627259190ed07,0c06b88fd09cd514745b699e6b6a7e12901db8d3247e42b582feaf1f7e91c04a,1eafe424a4c718d6a3b18cff938036f958858c70b344740788993b119bfbb04b,9c2f903993167fc2a228b3cfe60a23fe33f57f252bae6299458338cb8eb967ad,3f630dfcc8a1c2a19b093e7fe0f4bdc7f830fef42266fcf1156112f0eb959046,11f4fe862570895441036964a9b308e92c2ee6ba8a87b5da9009ffd5208a4bda,2c6d6a597c6b1b321c4f632291c22dfe5788a058fe82fd65114a5a59d5d0be83,3a365f5dd3e9d410585a34695bb444d67b220c4b40a9348288a540078bc27f75
joint,M2,True,2023-05-17,landsat-9,788,52,2.762225325485216,2.9916332905683984,2.649234731875594,0.8090098782878864,True,3b188221263ad4673846ce5170fa622b5395e51a4aaa750114e1793d3986975b,55416c987a2d25f9177dd974307ae595761c1db31ecaa9d7561fb6c42d4d5e7c,00d1e59ce78baffbf9d24361ac8ba16a1d577b22cb193e15596627259190ed07,0c06b88fd09cd514745b699e6b6a7e12901db8d3247e42b582feaf1f7e91c04a,1eafe424a4c718d6a3b18cff938036f958858c70b344740788993b119bfbb04b,9c2f903993167fc2a228b3cfe60a23fe33f57f252bae6299458338cb8eb967ad,3f630dfcc8a1c2a19b093e7fe0f4bdc7f830fef42266fcf1156112f0eb959046,11f4fe862570895441036964a9b308e92c2ee6ba8a87b5da9009ffd5208a4bda,2c6d6a597c6b1b321c4f632291c22dfe5788a058fe82fd65114a5a59d5d0be83,3a365f5dd3e9d410585a34695bb444d67b220c4b40a9348288a540078bc27f75
joint,M2,True,2023-06-26,landsat-8,1038,62,1.3589502376367522,1.673338380404757,1.0914165576852422,0.864007873406918,True,3b188221263ad4673846ce5170fa622b5395e51a4aaa750114e1793d3986975b,55416c987a2d25f9177dd974307ae595761c1db31ecaa9d7561fb6c42d4d5e7c,00d1e59ce78baffbf9d24361ac8ba16a1d577b22cb193e15596627259190ed07,0c06b88fd09cd514745b699e6b6a7e12901db8d3247e42b582feaf1f7e91c04a,1eafe424a4c718d6a3b18cff938036f958858c70b344740788993b119bfbb04b,9c2f903993167fc2a228b3cfe60a23fe33f57f252bae6299458338cb8eb967ad,3f630dfcc8a1c2a19b093e7fe0f4bdc7f830fef42266fcf1156112f0eb959046,11f4fe862570895441036964a9b308e92c2ee6ba8a87b5da9009ffd5208a4bda,2c6d6a597c6b1b321c4f632291c22dfe5788a058fe82fd65114a5a59d5d0be83,3a365f5dd3e9d410585a34695bb444d67b220c4b40a9348288a540078bc27f75
joint,M2,True,2023-07-04,landsat-9,1059,66,4.281904816498909,4.68683406373319,4.2808420635932904,0.6307244549098531,True,3b188221263ad4673846ce5170fa622b5395e51a4aaa750114e1793d3986975b,55416c987a2d25f9177dd974307ae595761c1db31ecaa9d7561fb6c42d4d5e7c,00d1e59ce78baffbf9d24361ac8ba16a1d577b22cb193e15596627259190ed07,0c06b88fd09cd514745b699e6b6a7e12901db8d3247e42b582feaf1f7e91c04a,1eafe424a4c718d6a3b18cff938036f958858c70b344740788993b119bfbb04b,9c2f903993167fc2a228b3cfe60a23fe33f57f252bae6299458338cb8eb967ad,3f630dfcc8a1c2a19b093e7fe0f4bdc7f830fef42266fcf1156112f0eb959046,11f4fe862570895441036964a9b308e92c2ee6ba8a87b5da9009ffd5208a4bda,2c6d6a597c6b1b321c4f632291c22dfe5788a058fe82fd65114a5a59d5d0be83,3a365f5dd3e9d410585a34695bb444d67b220c4b40a9348288a540078bc27f75
joint,M2,True,2023-07-12,landsat-8,1060,69,2.4987515205056656,3.025403349332994,-2.4387856558570853,0.7551207986722815,True,3b188221263ad4673846ce5170fa622b5395e51a4aaa750114e1793d3986975b,55416c987a2d25f9177dd974307ae595761c1db31ecaa9d7561fb6c42d4d5e7c,00d1e59ce78baffbf9d24361ac8ba16a1d577b22cb193e15596627259190ed07,0c06b88fd09cd514745b699e6b6a7e12901db8d3247e42b582feaf1f7e91c04a,1eafe424a4c718d6a3b18cff938036f958858c70b344740788993b119bfbb04b,9c2f903993167fc2a228b3cfe60a23fe33f57f252bae6299458338cb8eb967ad,3f630dfcc8a1c2a19b093e7fe0f4bdc7f830fef42266fcf1156112f0eb959046,11f4fe862570895441036964a9b308e92c2ee6ba8a87b5da9009ffd5208a4bda,2c6d6a597c6b1b321c4f632291c22dfe5788a058fe82fd65114a5a59d5d0be83,3a365f5dd3e9d410585a34695bb444d67b220c4b40a9348288a540078bc27f75
joint,M2,True,2023-07-20,landsat-9,1072,69,1.2829429997687358,1.6381630834243208,-0.09212092092883667,0.8918323532443884,True,3b188221263ad4673846ce5170fa622b5395e51a4aaa750114e1793d3986975b,55416c987a2d25f9177dd974307ae595761c1db31ecaa9d7561fb6c42d4d5e7c,00d1e59ce78baffbf9d24361ac8ba16a1d577b22cb193e15596627259190ed07,0c06b88fd09cd514745b699e6b6a7e12901db8d3247e42b582feaf1f7e91c04a,1eafe424a4c718d6a3b18cff938036f958858c70b344740788993b119bfbb04b,9c2f903993167fc2a228b3cfe60a23fe33f57f252bae6299458338cb8eb967ad,3f630dfcc8a1c2a19b093e7fe0f4bdc7f830fef42266fcf1156112f0eb959046,11f4fe862570895441036964a9b308e92c2ee6ba8a87b5da9009ffd5208a4bda,2c6d6a597c6b1b321c4f632291c22dfe5788a058fe82fd65114a5a59d5d0be83,3a365f5dd3e9d410585a34695bb444d67b220c4b40a9348288a540078bc27f75
joint,M2,True,2023-07-28,landsat-8,983,66,1.7078989327254692,2.1724685425398857,1.4595396526587834,0.8254624586800294,True,3b188221263ad4673846ce5170fa622b5395e51a4aaa750114e1793d3986975b,55416c987a2d25f9177dd974307ae595761c1db31ecaa9d7561fb6c42d4d5e7c,00d1e59ce78baffbf9d24361ac8ba16a1d577b22cb193e15596627259190ed07,0c06b88fd09cd514745b699e6b6a7e12901db8d3247e42b582feaf1f7e91c04a,1eafe424a4c718d6a3b18cff938036f958858c70b344740788993b119bfbb04b,9c2f903993167fc2a228b3cfe60a23fe33f57f252bae6299458338cb8eb967ad,3f630dfcc8a1c2a19b093e7fe0f4bdc7f830fef42266fcf1156112f0eb959046,11f4fe862570895441036964a9b308e92c2ee6ba8a87b5da9009ffd5208a4bda,2c6d6a597c6b1b321c4f632291c22dfe5788a058fe82fd65114a5a59d5d0be83,3a365f5dd3e9d410585a34695bb444d67b220c4b40a9348288a540078bc27f75
joint,M2,True,2023-08-05,landsat-9,1076,69,1.747297771536199,2.190643436514473,-1.3520676179305608,0.8423445810613015,True,3b188221263ad4673846ce5170fa622b5395e51a4aaa750114e1793d3986975b,55416c987a2d25f9177dd974307ae595761c1db31ecaa9d7561fb6c42d4d5e7c,00d1e59ce78baffbf9d24361ac8ba16a1d577b22cb193e15596627259190ed07,0c06b88fd09cd514745b699e6b6a7e12901db8d3247e42b582feaf1f7e91c04a,1eafe424a4c718d6a3b18cff938036f958858c70b344740788993b119bfbb04b,9c2f903993167fc2a228b3cfe60a23fe33f57f252bae6299458338cb8eb967ad,3f630dfcc8a1c2a19b093e7fe0f4bdc7f830fef42266fcf1156112f0eb959046,11f4fe862570895441036964a9b308e92c2ee6ba8a87b5da9009ffd5208a4bda,2c6d6a597c6b1b321c4f632291c22dfe5788a058fe82fd65114a5a59d5d0be83,3a365f5dd3e9d410585a34695bb444d67b220c4b40a9348288a540078bc27f75
joint,M2,True,2023-08-13,landsat-8,1063,68,2.174410750696855,2.4368021836412823,-2.124383192154158,0.8514123391152496,True,3b188221263ad4673846ce5170fa622b5395e51a4aaa750114e1793d3986975b,55416c987a2d25f9177dd974307ae595761c1db31ecaa9d7561fb6c42d4d5e7c,00d1e59ce78baffbf9d24361ac8ba16a1d577b22cb193e15596627259190ed07,0c06b88fd09cd514745b699e6b6a7e12901db8d3247e42b582feaf1f7e91c04a,1eafe424a4c718d6a3b18cff938036f958858c70b344740788993b119bfbb04b,9c2f903993167fc2a228b3cfe60a23fe33f57f252bae6299458338cb8eb967ad,3f630dfcc8a1c2a19b093e7fe0f4bdc7f830fef42266fcf1156112f0eb959046,11f4fe862570895441036964a9b308e92c2ee6ba8a87b5da9009ffd5208a4bda,2c6d6a597c6b1b321c4f632291c22dfe5788a058fe82fd65114a5a59d5d0be83,3a365f5dd3e9d410585a34695bb444d67b220c4b40a9348288a540078bc27f75
joint,M2,True,2023-08-29,landsat-8,1088,71,2.9574100400159398,3.2999978981633733,2.745593233795126,0.7781027127698354,True,3b188221263ad4673846ce5170fa622b5395e51a4aaa750114e1793d3986975b,55416c987a2d25f9177dd974307ae595761c1db31ecaa9d7561fb6c42d4d5e7c,00d1e59ce78baffbf9d24361ac8ba16a1d577b22cb193e15596627259190ed07,0c06b88fd09cd514745b699e6b6a7e12901db8d3247e42b582feaf1f7e91c04a,1eafe424a4c718d6a3b18cff938036f958858c70b344740788993b119bfbb04b,9c2f903993167fc2a228b3cfe60a23fe33f57f252bae6299458338cb8eb967ad,3f630dfcc8a1c2a19b093e7fe0f4bdc7f830fef42266fcf1156112f0eb959046,11f4fe862570895441036964a9b308e92c2ee6ba8a87b5da9009ffd5208a4bda,2c6d6a597c6b1b321c4f632291c22dfe5788a058fe82fd65114a5a59d5d0be83,3a365f5dd3e9d410585a34695bb444d67b220c4b40a9348288a540078bc27f75
joint,M2,True,2023-09-14,landsat-8,634,53,0.9524711952305644,1.221781681786313,-0.013479046450740474,0.7050404783384424,True,3b188221263ad4673846ce5170fa622b5395e51a4aaa750114e1793d3986975b,55416c987a2d25f9177dd974307ae595761c1db31ecaa9d7561fb6c42d4d5e7c,00d1e59ce78baffbf9d24361ac8ba16a1d577b22cb193e15596627259190ed07,0c06b88fd09cd514745b699e6b6a7e12901db8d3247e42b582feaf1f7e91c04a,1eafe424a4c718d6a3b18cff938036f958858c70b344740788993b119bfbb04b,9c2f903993167fc2a228b3cfe60a23fe33f57f252bae6299458338cb8eb967ad,3f630dfcc8a1c2a19b093e7fe0f4bdc7f830fef42266fcf1156112f0eb959046,11f4fe862570895441036964a9b308e92c2ee6ba8a87b5da9009ffd5208a4bda,2c6d6a597c6b1b321c4f632291c22dfe5788a058fe82fd65114a5a59d5d0be83,3a365f5dd3e9d410585a34695bb444d67b220c4b40a9348288a540078bc27f75
joint,M2,True,2023-09-22,landsat-9,707,54,2.140127843782766,2.6872262908792877,1.8293108401969453,0.6641905409425087,True,3b188221263ad4673846ce5170fa622b5395e51a4aaa750114e1793d3986975b,55416c987a2d25f9177dd974307ae595761c1db31ecaa9d7561fb6c42d4d5e7c,00d1e59ce78baffbf9d24361ac8ba16a1d577b22cb193e15596627259190ed07,0c06b88fd09cd514745b699e6b6a7e12901db8d3247e42b582feaf1f7e91c04a,1eafe424a4c718d6a3b18cff938036f958858c70b344740788993b119bfbb04b,9c2f903993167fc2a228b3cfe60a23fe33f57f252bae6299458338cb8eb967ad,3f630dfcc8a1c2a19b093e7fe0f4bdc7f830fef42266fcf1156112f0eb959046,11f4fe862570895441036964a9b308e92c2ee6ba8a87b5da9009ffd5208a4bda,2c6d6a597c6b1b321c4f632291c22dfe5788a058fe82fd65114a5a59d5d0be83,3a365f5dd3e9d410585a34695bb444d67b220c4b40a9348288a540078bc27f75
joint,M2,True,2023-10-08,landsat-9,952,61,1.1231513217250633,1.3711452744600805,-0.5552725236651476,0.8862668350923861,True,3b188221263ad4673846ce5170fa622b5395e51a4aaa750114e1793d3986975b,55416c987a2d25f9177dd974307ae595761c1db31ecaa9d7561fb6c42d4d5e7c,00d1e59ce78baffbf9d24361ac8ba16a1d577b22cb193e15596627259190ed07,0c06b88fd09cd514745b699e6b6a7e12901db8d3247e42b582feaf1f7e91c04a,1eafe424a4c718d6a3b18cff938036f958858c70b344740788993b119bfbb04b,9c2f903993167fc2a228b3cfe60a23fe33f57f252bae6299458338cb8eb967ad,3f630dfcc8a1c2a19b093e7fe0f4bdc7f830fef42266fcf1156112f0eb959046,11f4fe862570895441036964a9b308e92c2ee6ba8a87b5da9009ffd5208a4bda,2c6d6a597c6b1b321c4f632291c22dfe5788a058fe82fd65114a5a59d5d0be83,3a365f5dd3e9d410585a34695bb444d67b220c4b40a9348288a540078bc27f75
joint,M2,True,2023-10-16,landsat-8,936,62,2.110302385553768,2.3627019941478764,-2.073096829977511,0.7220916582285632,True,3b188221263ad4673846ce5170fa622b5395e51a4aaa750114e1793d3986975b,55416c987a2d25f9177dd974307ae595761c1db31ecaa9d7561fb6c42d4d5e7c,00d1e59ce78baffbf9d24361ac8ba16a1d577b22cb193e15596627259190ed07,0c06b88fd09cd514745b699e6b6a7e12901db8d3247e42b582feaf1f7e91c04a,1eafe424a4c718d6a3b18cff938036f958858c70b344740788993b119bfbb04b,9c2f903993167fc2a228b3cfe60a23fe33f57f252bae6299458338cb8eb967ad,3f630dfcc8a1c2a19b093e7fe0f4bdc7f830fef42266fcf1156112f0eb959046,11f4fe862570895441036964a9b308e92c2ee6ba8a87b5da9009ffd5208a4bda,2c6d6a597c6b1b321c4f632291c22dfe5788a058fe82fd65114a5a59d5d0be83,3a365f5dd3e9d410585a34695bb444d67b220c4b40a9348288a540078bc27f75
joint,M2,True,2023-10-24,landsat-9,699,51,0.9598840823804266,1.2461189768629437,0.4034119163252454,0.6488592921300695,True,3b188221263ad4673846ce5170fa622b5395e51a4aaa750114e1793d3986975b,55416c987a2d25f9177dd974307ae595761c1db31ecaa9d7561fb6c42d4d5e7c,00d1e59ce78baffbf9d24361ac8ba16a1d577b22cb193e15596627259190ed07,0c06b88fd09cd514745b699e6b6a7e12901db8d3247e42b582feaf1f7e91c04a,1eafe424a4c718d6a3b18cff938036f958858c70b344740788993b119bfbb04b,9c2f903993167fc2a228b3cfe60a23fe33f57f252bae6299458338cb8eb967ad,3f630dfcc8a1c2a19b093e7fe0f4bdc7f830fef42266fcf1156112f0eb959046,11f4fe862570895441036964a9b308e92c2ee6ba8a87b5da9009ffd5208a4bda,2c6d6a597c6b1b321c4f632291c22dfe5788a058fe82fd65114a5a59d5d0be83,3a365f5dd3e9d410585a34695bb444d67b220c4b40a9348288a540078bc27f75
joint,M2,True,2024-05-11,landsat-8,861,55,1.2681189268725948,1.5221663102210325,0.9277464377712883,0.82796667117106,True,3b188221263ad4673846ce5170fa622b5395e51a4aaa750114e1793d3986975b,55416c987a2d25f9177dd974307ae595761c1db31ecaa9d7561fb6c42d4d5e7c,00d1e59ce78baffbf9d24361ac8ba16a1d577b22cb193e15596627259190ed07,0c06b88fd09cd514745b699e6b6a7e12901db8d3247e42b582feaf1f7e91c04a,1eafe424a4c718d6a3b18cff938036f958858c70b344740788993b119bfbb04b,9c2f903993167fc2a228b3cfe60a23fe33f57f252bae6299458338cb8eb967ad,3f630dfcc8a1c2a19b093e7fe0f4bdc7f830fef42266fcf1156112f0eb959046,11f4fe862570895441036964a9b308e92c2ee6ba8a87b5da9009ffd5208a4bda,2c6d6a597c6b1b321c4f632291c22dfe5788a058fe82fd65114a5a59d5d0be83,3a365f5dd3e9d410585a34695bb444d67b220c4b40a9348288a540078bc27f75
joint,M2,True,2024-05-27,landsat-8,680,46,1.8142423616952201,2.073410425256678,1.7818590642666892,0.7107894049939492,True,3b188221263ad4673846ce5170fa622b5395e51a4aaa750114e1793d3986975b,55416c987a2d25f9177dd974307ae595761c1db31ecaa9d7561fb6c42d4d5e7c,00d1e59ce78baffbf9d24361ac8ba16a1d577b22cb193e15596627259190ed07,0c06b88fd09cd514745b699e6b6a7e12901db8d3247e42b582feaf1f7e91c04a,1eafe424a4c718d6a3b18cff938036f958858c70b344740788993b119bfbb04b,9c2f903993167fc2a228b3cfe60a23fe33f57f252bae6299458338cb8eb967ad,3f630dfcc8a1c2a19b093e7fe0f4bdc7f830fef42266fcf1156112f0eb959046,11f4fe862570895441036964a9b308e92c2ee6ba8a87b5da9009ffd5208a4bda,2c6d6a597c6b1b321c4f632291c22dfe5788a058fe82fd65114a5a59d5d0be83,3a365f5dd3e9d410585a34695bb444d67b220c4b40a9348288a540078bc27f75
joint,M2,True,2024-06-20,landsat-9,1050,65,0.865089951554613,1.1752184442832216,-0.06774460599676714,0.8652546539842625,True,3b188221263ad4673846ce5170fa622b5395e51a4aaa750114e1793d3986975b,55416c987a2d25f9177dd974307ae595761c1db31ecaa9d7561fb6c42d4d5e7c,00d1e59ce78baffbf9d24361ac8ba16a1d577b22cb193e15596627259190ed07,0c06b88fd09cd514745b699e6b6a7e12901db8d3247e42b582feaf1f7e91c04a,1eafe424a4c718d6a3b18cff938036f958858c70b344740788993b119bfbb04b,9c2f903993167fc2a228b3cfe60a23fe33f57f252bae6299458338cb8eb967ad,3f630dfcc8a1c2a19b093e7fe0f4bdc7f830fef42266fcf1156112f0eb959046,11f4fe862570895441036964a9b308e92c2ee6ba8a87b5da9009ffd5208a4bda,2c6d6a597c6b1b321c4f632291c22dfe5788a058fe82fd65114a5a59d5d0be83,3a365f5dd3e9d410585a34695bb444d67b220c4b40a9348288a540078bc27f75
joint,M2,True,2024-06-28,landsat-8,1060,69,1.237813315065519,1.5814176400886975,-0.5201024886305873,0.8068452833005747,True,3b188221263ad4673846ce5170fa622b5395e51a4aaa750114e1793d3986975b,55416c987a2d25f9177dd974307ae595761c1db31ecaa9d7561fb6c42d4d5e7c,00d1e59ce78baffbf9d24361ac8ba16a1d577b22cb193e15596627259190ed07,0c06b88fd09cd514745b699e6b6a7e12901db8d3247e42b582feaf1f7e91c04a,1eafe424a4c718d6a3b18cff938036f958858c70b344740788993b119bfbb04b,9c2f903993167fc2a228b3cfe60a23fe33f57f252bae6299458338cb8eb967ad,3f630dfcc8a1c2a19b093e7fe0f4bdc7f830fef42266fcf1156112f0eb959046,11f4fe862570895441036964a9b308e92c2ee6ba8a87b5da9009ffd5208a4bda,2c6d6a597c6b1b321c4f632291c22dfe5788a058fe82fd65114a5a59d5d0be83,3a365f5dd3e9d410585a34695bb444d67b220c4b40a9348288a540078bc27f75
joint,M2,True,2024-07-14,landsat-8,592,47,6.635071844963997,6.86137316896827,6.635071844963997,0.7740345641077809,True,3b188221263ad4673846ce5170fa622b5395e51a4aaa750114e1793d3986975b,55416c987a2d25f9177dd974307ae595761c1db31ecaa9d7561fb6c42d4d5e7c,00d1e59ce78baffbf9d24361ac8ba16a1d577b22cb193e15596627259190ed07,0c06b88fd09cd514745b699e6b6a7e12901db8d3247e42b582feaf1f7e91c04a,1eafe424a4c718d6a3b18cff938036f958858c70b344740788993b119bfbb04b,9c2f903993167fc2a228b3cfe60a23fe33f57f252bae6299458338cb8eb967ad,3f630dfcc8a1c2a19b093e7fe0f4bdc7f830fef42266fcf1156112f0eb959046,11f4fe862570895441036964a9b308e92c2ee6ba8a87b5da9009ffd5208a4bda,2c6d6a597c6b1b321c4f632291c22dfe5788a058fe82fd65114a5a59d5d0be83,3a365f5dd3e9d410585a34695bb444d67b220c4b40a9348288a540078bc27f75
joint,M2,True,2024-07-22,landsat-9,976,67,1.631263424712665,2.1074887045158435,-0.5752695095655682,0.7967917763317158,True,3b188221263ad4673846ce5170fa622b5395e51a4aaa750114e1793d3986975b,55416c987a2d25f9177dd974307ae595761c1db31ecaa9d7561fb6c42d4d5e7c,00d1e59ce78baffbf9d24361ac8ba16a1d577b22cb193e15596627259190ed07,0c06b88fd09cd514745b699e6b6a7e12901db8d3247e42b582feaf1f7e91c04a,1eafe424a4c718d6a3b18cff938036f958858c70b344740788993b119bfbb04b,9c2f903993167fc2a228b3cfe60a23fe33f57f252bae6299458338cb8eb967ad,3f630dfcc8a1c2a19b093e7fe0f4bdc7f830fef42266fcf1156112f0eb959046,11f4fe862570895441036964a9b308e92c2ee6ba8a87b5da9009ffd5208a4bda,2c6d6a597c6b1b321c4f632291c22dfe5788a058fe82fd65114a5a59d5d0be83,3a365f5dd3e9d410585a34695bb444d67b220c4b40a9348288a540078bc27f75
joint,M2,True,2024-07-30,landsat-8,1064,69,1.2453087329108892,1.643644718540456,0.9252998733713836,0.9052991762570404,True,3b188221263ad4673846ce5170fa622b5395e51a4aaa750114e1793d3986975b,55416c987a2d25f9177dd974307ae595761c1db31ecaa9d7561fb6c42d4d5e7c,00d1e59ce78baffbf9d24361ac8ba16a1d577b22cb193e15596627259190ed07,0c06b88fd09cd514745b699e6b6a7e12901db8d3247e42b582feaf1f7e91c04a,1eafe424a4c718d6a3b18cff938036f958858c70b344740788993b119bfbb04b,9c2f903993167fc2a228b3cfe60a23fe33f57f252bae6299458338cb8eb967ad,3f630dfcc8a1c2a19b093e7fe0f4bdc7f830fef42266fcf1156112f0eb959046,11f4fe862570895441036964a9b308e92c2ee6ba8a87b5da9009ffd5208a4bda,2c6d6a597c6b1b321c4f632291c22dfe5788a058fe82fd65114a5a59d5d0be83,3a365f5dd3e9d410585a34695bb444d67b220c4b40a9348288a540078bc27f75
joint,M2,True,2024-08-07,landsat-9,849,67,2.3758152227974305,3.0302896835025317,2.2756575727510695,0.7695474955734668,True,3b188221263ad4673846ce5170fa622b5395e51a4aaa750114e1793d3986975b,55416c987a2d25f9177dd974307ae595761c1db31ecaa9d7561fb6c42d4d5e7c,00d1e59ce78baffbf9d24361ac8ba16a1d577b22cb193e15596627259190ed07,0c06b88fd09cd514745b699e6b6a7e12901db8d3247e42b582feaf1f7e91c04a,1eafe424a4c718d6a3b18cff938036f958858c70b344740788993b119bfbb04b,9c2f903993167fc2a228b3cfe60a23fe33f57f252bae6299458338cb8eb967ad,3f630dfcc8a1c2a19b093e7fe0f4bdc7f830fef42266fcf1156112f0eb959046,11f4fe862570895441036964a9b308e92c2ee6ba8a87b5da9009ffd5208a4bda,2c6d6a597c6b1b321c4f632291c22dfe5788a058fe82fd65114a5a59d5d0be83,3a365f5dd3e9d410585a34695bb444d67b220c4b40a9348288a540078bc27f75
joint,M2,True,2024-08-15,landsat-8,1083,71,1.2182585547862335,1.5261432566232158,0.5049850473064097,0.8796611243573951,True,3b188221263ad4673846ce5170fa622b5395e51a4aaa750114e1793d3986975b,55416c987a2d25f9177dd974307ae595761c1db31ecaa9d7561fb6c42d4d5e7c,00d1e59ce78baffbf9d24361ac8ba16a1d577b22cb193e15596627259190ed07,0c06b88fd09cd514745b699e6b6a7e12901db8d3247e42b582feaf1f7e91c04a,1eafe424a4c718d6a3b18cff938036f958858c70b344740788993b119bfbb04b,9c2f903993167fc2a228b3cfe60a23fe33f57f252bae6299458338cb8eb967ad,3f630dfcc8a1c2a19b093e7fe0f4bdc7f830fef42266fcf1156112f0eb959046,11f4fe862570895441036964a9b308e92c2ee6ba8a87b5da9009ffd5208a4bda,2c6d6a597c6b1b321c4f632291c22dfe5788a058fe82fd65114a5a59d5d0be83,3a365f5dd3e9d410585a34695bb444d67b220c4b40a9348288a540078bc27f75
joint,M2,True,2024-08-23,landsat-9,1041,70,2.6365239560068017,3.3247294335037005,2.1581690318347744,0.42181583096511405,True,3b188221263ad4673846ce5170fa622b5395e51a4aaa750114e1793d3986975b,55416c987a2d25f9177dd974307ae595761c1db31ecaa9d7561fb6c42d4d5e7c,00d1e59ce78baffbf9d24361ac8ba16a1d577b22cb193e15596627259190ed07,0c06b88fd09cd514745b699e6b6a7e12901db8d3247e42b582feaf1f7e91c04a,1eafe424a4c718d6a3b18cff938036f958858c70b344740788993b119bfbb04b,9c2f903993167fc2a228b3cfe60a23fe33f57f252bae6299458338cb8eb967ad,3f630dfcc8a1c2a19b093e7fe0f4bdc7f830fef42266fcf1156112f0eb959046,11f4fe862570895441036964a9b308e92c2ee6ba8a87b5da9009ffd5208a4bda,2c6d6a597c6b1b321c4f632291c22dfe5788a058fe82fd65114a5a59d5d0be83,3a365f5dd3e9d410585a34695bb444d67b220c4b40a9348288a540078bc27f75
joint,M2,True,2024-08-31,landsat-8,1048,66,1.452187832545871,1.7694191484399917,0.4014144306851,0.8312802507845836,True,3b188221263ad4673846ce5170fa622b5395e51a4aaa750114e1793d3986975b,55416c987a2d25f9177dd974307ae595761c1db31ecaa9d7561fb6c42d4d5e7c,00d1e59ce78baffbf9d24361ac8ba16a1d577b22cb193e15596627259190ed07,0c06b88fd09cd514745b699e6b6a7e12901db8d3247e42b582feaf1f7e91c04a,1eafe424a4c718d6a3b18cff938036f958858c70b344740788993b119bfbb04b,9c2f903993167fc2a228b3cfe60a23fe33f57f252bae6299458338cb8eb967ad,3f630dfcc8a1c2a19b093e7fe0f4bdc7f830fef42266fcf1156112f0eb959046,11f4fe862570895441036964a9b308e92c2ee6ba8a87b5da9009ffd5208a4bda,2c6d6a597c6b1b321c4f632291c22dfe5788a058fe82fd65114a5a59d5d0be83,3a365f5dd3e9d410585a34695bb444d67b220c4b40a9348288a540078bc27f75
joint,M2,True,2024-09-08,landsat-9,1087,71,5.285558526865531,5.503113405206611,-5.280400230015385,0.7847143783099504,True,3b188221263ad4673846ce5170fa622b5395e51a4aaa750114e1793d3986975b,55416c987a2d25f9177dd974307ae595761c1db31ecaa9d7561fb6c42d4d5e7c,00d1e59ce78baffbf9d24361ac8ba16a1d577b22cb193e15596627259190ed07,0c06b88fd09cd514745b699e6b6a7e12901db8d3247e42b582feaf1f7e91c04a,1eafe424a4c718d6a3b18cff938036f958858c70b344740788993b119bfbb04b,9c2f903993167fc2a228b3cfe60a23fe33f57f252bae6299458338cb8eb967ad,3f630dfcc8a1c2a19b093e7fe0f4bdc7f830fef42266fcf1156112f0eb959046,11f4fe862570895441036964a9b308e92c2ee6ba8a87b5da9009ffd5208a4bda,2c6d6a597c6b1b321c4f632291c22dfe5788a058fe82fd65114a5a59d5d0be83,3a365f5dd3e9d410585a34695bb444d67b220c4b40a9348288a540078bc27f75
joint,M2,True,2024-09-24,landsat-9,641,50,2.8918144675474733,3.365864177335798,2.721922361171048,0.8276493959511645,True,3b188221263ad4673846ce5170fa622b5395e51a4aaa750114e1793d3986975b,55416c987a2d25f9177dd974307ae595761c1db31ecaa9d7561fb6c42d4d5e7c,00d1e59ce78baffbf9d24361ac8ba16a1d577b22cb193e15596627259190ed07,0c06b88fd09cd514745b699e6b6a7e12901db8d3247e42b582feaf1f7e91c04a,1eafe424a4c718d6a3b18cff938036f958858c70b344740788993b119bfbb04b,9c2f903993167fc2a228b3cfe60a23fe33f57f252bae6299458338cb8eb967ad,3f630dfcc8a1c2a19b093e7fe0f4bdc7f830fef42266fcf1156112f0eb959046,11f4fe862570895441036964a9b308e92c2ee6ba8a87b5da9009ffd5208a4bda,2c6d6a597c6b1b321c4f632291c22dfe5788a058fe82fd65114a5a59d5d0be83,3a365f5dd3e9d410585a34695bb444d67b220c4b40a9348288a540078bc27f75
joint,M2,True,2024-10-02,landsat-8,1001,63,0.9849241850367705,1.2923460149322477,-0.21004568482007555,0.9269070141457874,True,3b188221263ad4673846ce5170fa622b5395e51a4aaa750114e1793d3986975b,55416c987a2d25f9177dd974307ae595761c1db31ecaa9d7561fb6c42d4d5e7c,00d1e59ce78baffbf9d24361ac8ba16a1d577b22cb193e15596627259190ed07,0c06b88fd09cd514745b699e6b6a7e12901db8d3247e42b582feaf1f7e91c04a,1eafe424a4c718d6a3b18cff938036f958858c70b344740788993b119bfbb04b,9c2f903993167fc2a228b3cfe60a23fe33f57f252bae6299458338cb8eb967ad,3f630dfcc8a1c2a19b093e7fe0f4bdc7f830fef42266fcf1156112f0eb959046,11f4fe862570895441036964a9b308e92c2ee6ba8a87b5da9009ffd5208a4bda,2c6d6a597c6b1b321c4f632291c22dfe5788a058fe82fd65114a5a59d5d0be83,3a365f5dd3e9d410585a34695bb444d67b220c4b40a9348288a540078bc27f75
joint,M2,True,2024-10-10,landsat-9,870,58,2.0087012438499166,2.265654053838791,1.9424143681423578,0.6481788415650267,True,3b188221263ad4673846ce5170fa622b5395e51a4aaa750114e1793d3986975b,55416c987a2d25f9177dd974307ae595761c1db31ecaa9d7561fb6c42d4d5e7c,00d1e59ce78baffbf9d24361ac8ba16a1d577b22cb193e15596627259190ed07,0c06b88fd09cd514745b699e6b6a7e12901db8d3247e42b582feaf1f7e91c04a,1eafe424a4c718d6a3b18cff938036f958858c70b344740788993b119bfbb04b,9c2f903993167fc2a228b3cfe60a23fe33f57f252bae6299458338cb8eb967ad,3f630dfcc8a1c2a19b093e7fe0f4bdc7f830fef42266fcf1156112f0eb959046,11f4fe862570895441036964a9b308e92c2ee6ba8a87b5da9009ffd5208a4bda,2c6d6a597c6b1b321c4f632291c22dfe5788a058fe82fd65114a5a59d5d0be83,3a365f5dd3e9d410585a34695bb444d67b220c4b40a9348288a540078bc27f75
joint,M2,True,2024-10-18,landsat-8,1091,71,2.48893670779678,3.0759146473399985,2.3608844484128184,0.3739698361427257,True,3b188221263ad4673846ce5170fa622b5395e51a4aaa750114e1793d3986975b,55416c987a2d25f9177dd974307ae595761c1db31ecaa9d7561fb6c42d4d5e7c,00d1e59ce78baffbf9d24361ac8ba16a1d577b22cb193e15596627259190ed07,0c06b88fd09cd514745b699e6b6a7e12901db8d3247e42b582feaf1f7e91c04a,1eafe424a4c718d6a3b18cff938036f958858c70b344740788993b119bfbb04b,9c2f903993167fc2a228b3cfe60a23fe33f57f252bae6299458338cb8eb967ad,3f630dfcc8a1c2a19b093e7fe0f4bdc7f830fef42266fcf1156112f0eb959046,11f4fe862570895441036964a9b308e92c2ee6ba8a87b5da9009ffd5208a4bda,2c6d6a597c6b1b321c4f632291c22dfe5788a058fe82fd65114a5a59d5d0be83,3a365f5dd3e9d410585a34695bb444d67b220c4b40a9348288a540078bc27f75
