family,model_id,target_date,tract_date_row_count_on_date,observed_spatial_block_count,rook_edge_count,mean_block_residual_c,morans_i,randomization_expectation,permutation_count,permutation_seed,permutation_p_value_two_sided,authenticated_tract_date_row_count,authenticated_independent_date_count,authenticated_spatial_block_count,input_oof_predictions_sha256,input_compile_provenance_file_sha256,input_compile_provenance_commit_sha256,input_target_manifest_sha256,input_tract_manifest_sha256,input_tract_manifest_semantic_sha256,input_split_provenance_file_sha256,input_split_provenance_commit_sha256,input_split_promotion_file_sha256,input_split_promotion_commit_sha256,diagnostic_config_semantic_sha256
joint,B1,2020-05-16,1061,69,109,-0.9011175587601052,0.5775152828537804,-0.014705882352941176,999,1855334418,0.001,63403,65,71,0c06b88fd09cd514745b699e6b6a7e12901db8d3247e42b582feaf1f7e91c04a,55416c987a2d25f9177dd974307ae595761c1db31ecaa9d7561fb6c42d4d5e7c,00d1e59ce78baffbf9d24361ac8ba16a1d577b22cb193e15596627259190ed07,11f4fe862570895441036964a9b308e92c2ee6ba8a87b5da9009ffd5208a4bda,fbdcd5b6e3a6d5f55d972a1f19178b453d753e3f9b3878c8074c1972eb0f68bd,73fde5df7372404a0b4700981b612c0ded5a2c3d5edaa3fc88d4fa2626c440b0,8b03a143c11e1df85f7916627011f95b6c4d33edea7b81e530abbd2a0801498f,4a2a0bee89a87bae9c98e35a480606171d570ccaa743355fa0d3639d68fee213,055cda0b265c98e7fccad08c1d5772132c101ad342230c7ae609fcd6f818fcdb,6a72169db012cf8c12aeecde573275e23205363608e60d4cde616a681fa08fcc,4fb61a5f38588633d7f462b2ef852457b07882162f1d26cada21fc731ece59e2
joint,B1,2020-07-03,1073,70,112,0.041208698515982245,0.6970267093848733,-0.014492753623188406,999,2936239245,0.001,63403,65,71,0c06b88fd09cd514745b699e6b6a7e12901db8d3247e42b582feaf1f7e91c04a,55416c987a2d25f9177dd974307ae595761c1db31ecaa9d7561fb6c42d4d5e7c,00d1e59ce78baffbf9d24361ac8ba16a1d577b22cb193e15596627259190ed07,11f4fe862570895441036964a9b308e92c2ee6ba8a87b5da9009ffd5208a4bda,fbdcd5b6e3a6d5f55d972a1f19178b453d753e3f9b3878c8074c1972eb0f68bd,73fde5df7372404a0b4700981b612c0ded5a2c3d5edaa3fc88d4fa2626c440b0,8b03a143c11e1df85f7916627011f95b6c4d33edea7b81e530abbd2a0801498f,4a2a0bee89a87bae9c98e35a480606171d570ccaa743355fa0d3639d68fee213,055cda0b265c98e7fccad08c1d5772132c101ad342230c7ae609fcd6f818fcdb,6a72169db012cf8c12aeecde573275e23205363608e60d4cde616a681fa08fcc,4fb61a5f38588633d7f462b2ef852457b07882162f1d26cada21fc731ece59e2
joint,B1,2020-07-19,1050,68,108,-1.0063225053218683,0.6692067044858454,-0.014925373134328358,999,1842974032,0.001,63403,65,71,0c06b88fd09cd514745b699e6b6a7e12901db8d3247e42b582feaf1f7e91c04a,55416c987a2d25f9177dd974307ae595761c1db31ecaa9d7561fb6c42d4d5e7c,00d1e59ce78baffbf9d24361ac8ba16a1d577b22cb193e15596627259190ed07,11f4fe862570895441036964a9b308e92c2ee6ba8a87b5da9009ffd5208a4bda,fbdcd5b6e3a6d5f55d972a1f19178b453d753e3f9b3878c8074c1972eb0f68bd,73fde5df7372404a0b4700981b612c0ded5a2c3d5edaa3fc88d4fa2626c440b0,8b03a143c11e1df85f7916627011f95b6c4d33edea7b81e530abbd2a0801498f,4a2a0bee89a87bae9c98e35a480606171d570ccaa743355fa0d3639d68fee213,055cda0b265c98e7fccad08c1d5772132c101ad342230c7ae609fcd6f818fcdb,6a72169db012cf8c12aeecde573275e23205363608e60d4cde616a681fa08fcc,4fb61a5f38588633d7f462b2ef852457b07882162f1d26cada21fc731ece59e2
joint,B1,2020-08-20,1080,71,114,1.5731968433719186,0.7402694726074942,-0.014285714285714285,999,616005792,0.001,63403,65,71,0c06b88fd09cd514745b699e6b6a7e12901db8d3247e42b582feaf1f7e91c04a,55416c987a2d25f9177dd974307ae595761c1db31ecaa9d7561fb6c42d4d5e7c,00d1e59ce78baffbf9d24361ac8ba16a1d577b22cb193e15596627259190ed07,11f4fe862570895441036964a9b308e92c2ee6ba8a87b5da9009ffd5208a4bda,fbdcd5b6e3a6d5f55d972a1f19178b453d753e3f9b3878c8074c1972eb0f68bd,73fde5df7372404a0b4700981b612c0ded5a2c3d5edaa3fc88d4fa2626c440b0,8b03a143c11e1df85f7916627011f95b6c4d33edea7b81e530abbd2a0801498f,4a2a0bee89a87bae9c98e35a480606171d570ccaa743355fa0d3639d68fee213,055cda0b265c98e7fccad08c1d5772132c101ad342230c7ae609fcd6f818fcdb,6a72169db012cf8c12aeecde573275e23205363608e60d4cde616a681fa08fcc,4fb61a5f38588633d7f462b2ef852457b07882162f1d26cada21fc731ece59e2
joint,B1,2020-09-05,1086,71,114,-3.856283935429653,0.7018913984836092,-0.014285714285714285,999,694502176,0.001,63403,65,71,0c06b88fd09cd514745b699e6b6a7e12901db8d3247e42b582feaf1f7e91c04a,55416c987a2d25f9177dd974307ae595761c1db31ecaa9d7561fb6c42d4d5e7c,00d1e59ce78baffbf9d24361ac8ba16a1d577b22cb193e15596627259190ed07,11f4fe862570895441036964a9b308e92c2ee6ba8a87b5da9009ffd5208a4bda,fbdcd5b6e3a6d5f55d972a1f19178b453d753e3f9b3878c8074c1972eb0f68bd,73fde5df7372404a0b4700981b612c0ded5a2c3d5edaa3fc88d4fa2626c440b0,8b03a143c11e1df85f7916627011f95b6c4d33edea7b81e530abbd2a0801498f,4a2a0bee89a87bae9c98e35a480606171d570ccaa743355fa0d3639d68fee213,055cda0b265c98e7fccad08c1d5772132c101ad342230c7ae609fcd6f818fcdb,6a72169db012cf8c12aeecde573275e23205363608e60d4cde616a681fa08fcc,4fb61a5f38588633d7f462b2ef852457b07882162f1d26cada21fc731ece59e2
joint,B1,2020-09-21,1007,65,100,0.9996696361339664,0.6653711168119141,-0.015625,999,1261507552,0.001,63403,65,71,0c06b88fd09cd514745b699e6b6a7e12901db8d3247e42b582feaf1f7e91c04a,55416c987a2d25f9177dd974307ae595761c1db31ecaa9d7561fb6c42d4d5e7c,00d1e59ce78baffbf9d24361ac8ba16a1d577b22cb193e15596627259190ed07,11f4fe862570895441036964a9b308e92c2ee6ba8a87b5da9009ffd5208a4bda,fbdcd5b6e3a6d5f55d972a1f19178b453d753e3f9b3878c8074c1972eb0f68bd,73fde5df7372404a0b4700981b612c0ded5a2c3d5edaa3fc88d4fa2626c440b0,8b03a143c11e1df85f7916627011f95b6c4d33edea7b81e530abbd2a0801498f,4a2a0bee89a87bae9c98e35a480606171d570ccaa743355fa0d3639d68fee213,055cda0b265c98e7fccad08c1d5772132c101ad342230c7ae609fcd6f818fcdb,6a72169db012cf8c12aeecde573275e23205363608e60d4cde616a681fa08fcc,4fb61a5f38588633d7f462b2ef852457b07882162f1d26cada21fc731ece59e2
joint,B1,2020-10-07,967,66,105,2.0178892450691652,0.7570955966550518,-0.015384615384615385,999,3137167738,0.001,63403,65,71,0c06b88fd09cd514745b699e6b6a7e12901db8d3247e42b582feaf1f7e91c04a,55416c987a2d25f9177dd974307ae595761c1db31ecaa9d7561fb6c42d4d5e7c,00d1e59ce78baffbf9d24361ac8ba16a1d577b22cb193e15596627259190ed07,11f4fe862570895441036964a9b308e92c2ee6ba8a87b5da9009ffd5208a4bda,fbdcd5b6e3a6d5f55d972a1f19178b453d753e3f9b3878c8074c1972eb0f68bd,73fde5df7372404a0b4700981b612c0ded5a2c3d5edaa3fc88d4fa2626c440b0,8b03a143c11e1df85f7916627011f95b6c4d33edea7b81e530abbd2a0801498f,4a2a0bee89a87bae9c98e35a480606171d570ccaa743355fa0d3639d68fee213,055cda0b265c98e7fccad08c1d5772132c101ad342230c7ae609fcd6f818fcdb,6a72169db012cf8c12aeecde573275e23205363608e60d4cde616a681fa08fcc,4fb61a5f38588633d7f462b2ef852457b07882162f1d26cada21fc731ece59e2
joint,B1,2021-05-03,1019,64,99,-3.2231846801917063,0.7813565290805167,-0.015873015873015872,999,3301893518,0.001,63403,65,71,0c06b88fd09cd514745b699e6b6a7e12901db8d3247e42b582feaf1f7e91c04a,55416c987a2d25f9177dd974307ae595761c1db31ecaa9d7561fb6c42d4d5e7c,00d1e59ce78baffbf9d24361ac8ba16a1d577b22cb193e15596627259190ed07,11f4fe862570895441036964a9b308e92c2ee6ba8a87b5da9009ffd5208a4bda,fbdcd5b6e3a6d5f55d972a1f19178b453d753e3f9b3878c8074c1972eb0f68bd,73fde5df7372404a0b4700981b612c0ded5a2c3d5edaa3fc88d4fa2626c440b0,8b03a143c11e1df85f7916627011f95b6c4d33edea7b81e530abbd2a0801498f,4a2a0bee89a87bae9c98e35a480606171d570ccaa743355fa0d3639d68fee213,055cda0b265c98e7fccad08c1d5772132c101ad342230c7ae609fcd6f818fcdb,6a72169db012cf8c12aeecde573275e23205363608e60d4cde616a681fa08fcc,4fb61a5f38588633d7f462b2ef852457b07882162f1d26cada21fc731ece59e2
joint,B1,2021-06-04,953,61,94,1.652876465861088,0.5383748827256393,-0.016666666666666666,999,4207573651,0.001,63403,65,71,0c06b88fd09cd514745b699e6b6a7e12901db8d3247e42b582feaf1f7e91c04a,55416c987a2d25f9177dd974307ae595761c1db31ecaa9d7561fb6c42d4d5e7c,00d1e59ce78baffbf9d24361ac8ba16a1d577b22cb193e15596627259190ed07,11f4fe862570895441036964a9b308e92c2ee6ba8a87b5da9009ffd5208a4bda,fbdcd5b6e3a6d5f55d972a1f19178b453d753e3f9b3878c8074c1972eb0f68bd,73fde5df7372404a0b4700981b612c0ded5a2c3d5edaa3fc88d4fa2626c440b0,8b03a143c11e1df85f7916627011f95b6c4d33edea7b81e530abbd2a0801498f,4a2a0bee89a87bae9c98e35a480606171d570ccaa743355fa0d3639d68fee213,055cda0b265c98e7fccad08c1d5772132c101ad342230c7ae609fcd6f818fcdb,6a72169db012cf8c12aeecde573275e23205363608e60d4cde616a681fa08fcc,4fb61a5f38588633d7f462b2ef852457b07882162f1d26cada21fc731ece59e2
joint,B1,2021-06-20,993,62,98,0.06209217059159779,0.7212278381048961,-0.01639344262295082,999,203457805,0.001,63403,65,71,0c06b88fd09cd514745b699e6b6a7e12901db8d3247e42b582feaf1f7e91c04a,55416c987a2d25f9177dd974307ae595761c1db31ecaa9d7561fb6c42d4d5e7c,00d1e59ce78baffbf9d24361ac8ba16a1d577b22cb193e15596627259190ed07,11f4fe862570895441036964a9b308e92c2ee6ba8a87b5da9009ffd5208a4bda,fbdcd5b6e3a6d5f55d972a1f19178b453d753e3f9b3878c8074c1972eb0f68bd,73fde5df7372404a0b4700981b612c0ded5a2c3d5edaa3fc88d4fa2626c440b0,8b03a143c11e1df85f7916627011f95b6c4d33edea7b81e530abbd2a0801498f,4a2a0bee89a87bae9c98e35a480606171d570ccaa743355fa0d3639d68fee213,055cda0b265c98e7fccad08c1d5772132c101ad342230c7ae609fcd6f818fcdb,6a72169db012cf8c12aeecde573275e23205363608e60d4cde616a681fa08fcc,4fb61a5f38588633d7f462b2ef852457b07882162f1d26cada21fc731ece59e2
joint,B1,2021-07-06,1068,66,105,0.46033045748402557,0.6840728665168974,-0.015384615384615385,999,2187808822,0.001,63403,65,71,0c06b88fd09cd514745b699e6b6a7e12901db8d3247e42b582feaf1f7e91c04a,55416c987a2d25f9177dd974307ae595761c1db31ecaa9d7561fb6c42d4d5e7c,00d1e59ce78baffbf9d24361ac8ba16a1d577b22cb193e15596627259190ed07,11f4fe862570895441036964a9b308e92c2ee6ba8a87b5da9009ffd5208a4bda,fbdcd5b6e3a6d5f55d972a1f19178b453d753e3f9b3878c8074c1972eb0f68bd,73fde5df7372404a0b4700981b612c0ded5a2c3d5edaa3fc88d4fa2626c440b0,8b03a143c11e1df85f7916627011f95b6c4d33edea7b81e530abbd2a0801498f,4a2a0bee89a87bae9c98e35a480606171d570ccaa743355fa0d3639d68fee213,055cda0b265c98e7fccad08c1d5772132c101ad342230c7ae609fcd6f818fcdb,6a72169db012cf8c12aeecde573275e23205363608e60d4cde616a681fa08fcc,4fb61a5f38588633d7f462b2ef852457b07882162f1d26cada21fc731ece59e2
joint,B1,2021-08-07,1064,69,111,0.405102570875207,0.6727288849903865,-0.014705882352941176,999,372839107,0.001,63403,65,71,0c06b88fd09cd514745b699e6b6a7e12901db8d3247e42b582feaf1f7e91c04a,55416c987a2d25f9177dd974307ae595761c1db31ecaa9d7561fb6c42d4d5e7c,00d1e59ce78baffbf9d24361ac8ba16a1d577b22cb193e15596627259190ed07,11f4fe862570895441036964a9b308e92c2ee6ba8a87b5da9009ffd5208a4bda,fbdcd5b6e3a6d5f55d972a1f19178b453d753e3f9b3878c8074c1972eb0f68bd,73fde5df7372404a0b4700981b612c0ded5a2c3d5edaa3fc88d4fa2626c440b0,8b03a143c11e1df85f7916627011f95b6c4d33edea7b81e530abbd2a0801498f,4a2a0bee89a87bae9c98e35a480606171d570ccaa743355fa0d3639d68fee213,055cda0b265c98e7fccad08c1d5772132c101ad342230c7ae609fcd6f818fcdb,6a72169db012cf8c12aeecde573275e23205363608e60d4cde616a681fa08fcc,4fb61a5f38588633d7f462b2ef852457b07882162f1d26cada21fc731ece59e2
joint,B1,2021-09-08,1020,65,104,3.0002250773245245,0.6831775874525635,-0.015625,999,4130124903,0.001,63403,65,71,0c06b88fd09cd514745b699e6b6a7e12901db8d3247e42b582feaf1f7e91c04a,55416c987a2d25f9177dd974307ae595761c1db31ecaa9d7561fb6c42d4d5e7c,00d1e59ce78baffbf9d24361ac8ba16a1d577b22cb193e15596627259190ed07,11f4fe862570895441036964a9b308e92c2ee6ba8a87b5da9009ffd5208a4bda,fbdcd5b6e3a6d5f55d972a1f19178b453d753e3f9b3878c8074c1972eb0f68bd,73fde5df7372404a0b4700981b612c0ded5a2c3d5edaa3fc88d4fa2626c440b0,8b03a143c11e1df85f7916627011f95b6c4d33edea7b81e530abbd2a0801498f,4a2a0bee89a87bae9c98e35a480606171d570ccaa743355fa0d3639d68fee213,055cda0b265c98e7fccad08c1d5772132c101ad342230c7ae609fcd6f818fcdb,6a72169db012cf8c12aeecde573275e23205363608e60d4cde616a681fa08fcc,4fb61a5f38588633d7f462b2ef852457b07882162f1d26cada21fc731ece59e2
joint,B1,2021-09-24,822,59,89,1.0058381995439107,0.7288557733262317,-0.017241379310344827,999,3444185690,0.001,63403,65,71,0c06b88fd09cd514745b699e6b6a7e12901db8d3247e42b582feaf1f7e91c04a,55416c987a2d25f9177dd974307ae595761c1db31ecaa9d7561fb6c42d4d5e7c,00d1e59ce78baffbf9d24361ac8ba16a1d577b22cb193e15596627259190ed07,11f4fe862570895441036964a9b308e92c2ee6ba8a87b5da9009ffd5208a4bda,fbdcd5b6e3a6d5f55d972a1f19178b453d753e3f9b3878c8074c1972eb0f68bd,73fde5df7372404a0b4700981b612c0ded5a2c3d5edaa3fc88d4fa2626c440b0,8b03a143c11e1df85f7916627011f95b6c4d33edea7b81e530abbd2a0801498f,4a2a0bee89a87bae9c98e35a480606171d570ccaa743355fa0d3639d68fee213,055cda0b265c98e7fccad08c1d5772132c101ad342230c7ae609fcd6f818fcdb,6a72169db012cf8c12aeecde573275e23205363608e60d4cde616a681fa08fcc,4fb61a5f38588633d7f462b2ef852457b07882162f1d26cada21fc731ece59e2
joint,B1,2021-10-10,905,65,103,-4.6762821052656145,0.6893856043271919,-0.015625,999,3577211018,0.001,63403,65,71,0c06b88fd09cd514745b699e6b6a7e12901db8d3247e42b582feaf1f7e91c04a,55416c987a2d25f9177dd974307ae595761c1db31ecaa9d7561fb6c42d4d5e7c,00d1e59ce78baffbf9d24361ac8ba16a1d577b22cb193e15596627259190ed07,11f4fe862570895441036964a9b308e92c2ee6ba8a87b5da9009ffd5208a4bda,fbdcd5b6e3a6d5f55d972a1f19178b453d753e3f9b3878c8074c1972eb0f68bd,73fde5df7372404a0b4700981b612c0ded5a2c3d5edaa3fc88d4fa2626c440b0,8b03a143c11e1df85f7916627011f95b6c4d33edea7b81e530abbd2a0801498f,4a2a0bee89a87bae9c98e35a480606171d570ccaa743355fa0d3639d68fee213,055cda0b265c98e7fccad08c1d5772132c101ad342230c7ae609fcd6f818fcdb,6a72169db012cf8c12aeecde573275e23205363608e60d4cde616a681fa08fcc,4fb61a5f38588633d7f462b2ef852457b07882162f1d26cada21fc731ece59e2
joint,B1,2021-10-26,1094,71,114,-2.5228634042663507,0.4803974987797465,-0.014285714285714285,999,121474009,0.001,63403,65,71,0c06b88fd09cd514745b699e6b6a7e12901db8d3247e42b582feaf1f7e91c04a,55416c987a2d25f9177dd974307ae595761c1db31ecaa9d7561fb6c42d4d5e7c,00d1e59ce78baffbf9d24361ac8ba16a1d577b22cb193e15596627259190ed07,11f4fe862570895441036964a9b308e92c2ee6ba8a87b5da9009ffd5208a4bda,fbdcd5b6e3a6d5f55d972a1f19178b453d753e3f9b3878c8074c1972eb0f68bd,73fde5df7372404a0b4700981b612c0ded5a2c3d5edaa3fc88d4fa2626c440b0,8b03a143c11e1df85f7916627011f95b6c4d33edea7b81e530abbd2a0801498f,4a2a0bee89a87bae9c98e35a480606171d570ccaa743355fa0d3639d68fee213,055cda0b265c98e7fccad08c1d5772132c101ad342230c7ae609fcd6f818fcdb,6a72169db012cf8c12aeecde573275e23205363608e60d4cde616a681fa08fcc,4fb61a5f38588633d7f462b2ef852457b07882162f1d26cada21fc731ece59e2
joint,B1,2022-05-06,978,62,98,1.4520036017296987,0.5677525499546241,-0.01639344262295082,999,1418378148,0.001,63403,65,71,0c06b88fd09cd514745b699e6b6a7e12901db8d3247e42b582feaf1f7e91c04a,55416c987a2d25f9177dd974307ae595761c1db31ecaa9d7561fb6c42d4d5e7c,00d1e59ce78baffbf9d24361ac8ba16a1d577b22cb193e15596627259190ed07,11f4fe862570895441036964a9b308e92c2ee6ba8a87b5da9009ffd5208a4bda,fbdcd5b6e3a6d5f55d972a1f19178b453d753e3f9b3878c8074c1972eb0f68bd,73fde5df7372404a0b4700981b612c0ded5a2c3d5edaa3fc88d4fa2626c440b0,8b03a143c11e1df85f7916627011f95b6c4d33edea7b81e530abbd2a0801498f,4a2a0bee89a87bae9c98e35a480606171d570ccaa743355fa0d3639d68fee213,055cda0b265c98e7fccad08c1d5772132c101ad342230c7ae609fcd6f818fcdb,6a72169db012cf8c12aeecde573275e23205363608e60d4cde616a681fa08fcc,4fb61a5f38588633d7f462b2ef852457b07882162f1d26cada21fc731ece59e2
joint,B1,2022-05-14,989,69,110,0.8158875179147732,0.6717681605375481,-0.014705882352941176,999,288926976,0.001,63403,65,71,0c06b88fd09cd514745b699e6b6a7e12901db8d3247e42b582feaf1f7e91c04a,55416c987a2d25f9177dd974307ae595761c1db31ecaa9d7561fb6c42d4d5e7c,00d1e59ce78baffbf9d24361ac8ba16a1d577b22cb193e15596627259190ed07,11f4fe862570895441036964a9b308e92c2ee6ba8a87b5da9009ffd5208a4bda,fbdcd5b6e3a6d5f55d972a1f19178b453d753e3f9b3878c8074c1972eb0f68bd,73fde5df7372404a0b4700981b612c0ded5a2c3d5edaa3fc88d4fa2626c440b0,8b03a143c11e1df85f7916627011f95b6c4d33edea7b81e530abbd2a0801498f,4a2a0bee89a87bae9c98e35a480606171d570ccaa743355fa0d3639d68fee213,055cda0b265c98e7fccad08c1d5772132c101ad342230c7ae609fcd6f818fcdb,6a72169db012cf8c12aeecde573275e23205363608e60d4cde616a681fa08fcc,4fb61a5f38588633d7f462b2ef852457b07882162f1d26cada21fc731ece59e2
joint,B1,2022-05-22,818,58,86,1.4355326947375866,0.8670567065268896,-0.017543859649122806,999,923203949,0.001,63403,65,71,0c06b88fd09cd514745b699e6b6a7e12901db8d3247e42b582feaf1f7e91c04a,55416c987a2d25f9177dd974307ae595761c1db31ecaa9d7561fb6c42d4d5e7c,00d1e59ce78baffbf9d24361ac8ba16a1d577b22cb193e15596627259190ed07,11f4fe862570895441036964a9b308e92c2ee6ba8a87b5da9009ffd5208a4bda,fbdcd5b6e3a6d5f55d972a1f19178b453d753e3f9b3878c8074c1972eb0f68bd,73fde5df7372404a0b4700981b612c0ded5a2c3d5edaa3fc88d4fa2626c440b0,8b03a143c11e1df85f7916627011f95b6c4d33edea7b81e530abbd2a0801498f,4a2a0bee89a87bae9c98e35a480606171d570ccaa743355fa0d3639d68fee213,055cda0b265c98e7fccad08c1d5772132c101ad342230c7ae609fcd6f818fcdb,6a72169db012cf8c12aeecde573275e23205363608e60d4cde616a681fa08fcc,4fb61a5f38588633d7f462b2ef852457b07882162f1d26cada21fc731ece59e2
joint,B1,2022-05-30,1055,67,103,0.666227415583671,0.3279648153501071,-0.015151515151515152,999,471659695,0.001,63403,65,71,0c06b88fd09cd514745b699e6b6a7e12901db8d3247e42b582feaf1f7e91c04a,55416c987a2d25f9177dd974307ae595761c1db31ecaa9d7561fb6c42d4d5e7c,00d1e59ce78baffbf9d24361ac8ba16a1d577b22cb193e15596627259190ed07,11f4fe862570895441036964a9b308e92c2ee6ba8a87b5da9009ffd5208a4bda,fbdcd5b6e3a6d5f55d972a1f19178b453d753e3f9b3878c8074c1972eb0f68bd,73fde5df7372404a0b4700981b612c0ded5a2c3d5edaa3fc88d4fa2626c440b0,8b03a143c11e1df85f7916627011f95b6c4d33edea7b81e530abbd2a0801498f,4a2a0bee89a87bae9c98e35a480606171d570ccaa743355fa0d3639d68fee213,055cda0b265c98e7fccad08c1d5772132c101ad342230c7ae609fcd6f818fcdb,6a72169db012cf8c12aeecde573275e23205363608e60d4cde616a681fa08fcc,4fb61a5f38588633d7f462b2ef852457b07882162f1d26cada21fc731ece59e2
joint,B1,2022-06-07,967,61,97,2.1711458274136137,0.6138794587132248,-0.016666666666666666,999,1187737618,0.001,63403,65,71,0c06b88fd09cd514745b699e6b6a7e12901db8d3247e42b582feaf1f7e91c04a,55416c987a2d25f9177dd974307ae595761c1db31ecaa9d7561fb6c42d4d5e7c,00d1e59ce78baffbf9d24361ac8ba16a1d577b22cb193e15596627259190ed07,11f4fe862570895441036964a9b308e92c2ee6ba8a87b5da9009ffd5208a4bda,fbdcd5b6e3a6d5f55d972a1f19178b453d753e3f9b3878c8074c1972eb0f68bd,73fde5df7372404a0b4700981b612c0ded5a2c3d5edaa3fc88d4fa2626c440b0,8b03a143c11e1df85f7916627011f95b6c4d33edea7b81e530abbd2a0801498f,4a2a0bee89a87bae9c98e35a480606171d570ccaa743355fa0d3639d68fee213,055cda0b265c98e7fccad08c1d5772132c101ad342230c7ae609fcd6f818fcdb,6a72169db012cf8c12aeecde573275e23205363608e60d4cde616a681fa08fcc,4fb61a5f38588633d7f462b2ef852457b07882162f1d26cada21fc731ece59e2
joint,B1,2022-06-15,1067,69,111,1.872735036150163,0.6665077586870701,-0.014705882352941176,999,3015643966,0.001,63403,65,71,0c06b88fd09cd514745b699e6b6a7e12901db8d3247e42b582feaf1f7e91c04a,55416c987a2d25f9177dd974307ae595761c1db31ecaa9d7561fb6c42d4d5e7c,00d1e59ce78baffbf9d24361ac8ba16a1d577b22cb193e15596627259190ed07,11f4fe862570895441036964a9b308e92c2ee6ba8a87b5da9009ffd5208a4bda,fbdcd5b6e3a6d5f55d972a1f19178b453d753e3f9b3878c8074c1972eb0f68bd,73fde5df7372404a0b4700981b612c0ded5a2c3d5edaa3fc88d4fa2626c440b0,8b03a143c11e1df85f7916627011f95b6c4d33edea7b81e530abbd2a0801498f,4a2a0bee89a87bae9c98e35a480606171d570ccaa743355fa0d3639d68fee213,055cda0b265c98e7fccad08c1d5772132c101ad342230c7ae609fcd6f818fcdb,6a72169db012cf8c12aeecde573275e23205363608e60d4cde616a681fa08fcc,4fb61a5f38588633d7f462b2ef852457b07882162f1d26cada21fc731ece59e2
joint,B1,2022-06-23,1059,69,110,0.224998590599068,0.6950258724210189,-0.014705882352941176,999,1061801030,0.001,63403,65,71,0c06b88fd09cd514745b699e6b6a7e12901db8d3247e42b582feaf1f7e91c04a,55416c987a2d25f9177dd974307ae595761c1db31ecaa9d7561fb6c42d4d5e7c,00d1e59ce78baffbf9d24361ac8ba16a1d577b22cb193e15596627259190ed07,11f4fe862570895441036964a9b308e92c2ee6ba8a87b5da9009ffd5208a4bda,fbdcd5b6e3a6d5f55d972a1f19178b453d753e3f9b3878c8074c1972eb0f68bd,73fde5df7372404a0b4700981b612c0ded5a2c3d5edaa3fc88d4fa2626c440b0,8b03a143c11e1df85f7916627011f95b6c4d33edea7b81e530abbd2a0801498f,4a2a0bee89a87bae9c98e35a480606171d570ccaa743355fa0d3639d68fee213,055cda0b265c98e7fccad08c1d5772132c101ad342230c7ae609fcd6f818fcdb,6a72169db012cf8c12aeecde573275e23205363608e60d4cde616a681fa08fcc,4fb61a5f38588633d7f462b2ef852457b07882162f1d26cada21fc731ece59e2
joint,B1,2022-07-01,1072,70,112,1.1973776114479548,0.6179646579342181,-0.014492753623188406,999,2525143454,0.001,63403,65,71,0c06b88fd09cd514745b699e6b6a7e12901db8d3247e42b582feaf1f7e91c04a,55416c987a2d25f9177dd974307ae595761c1db31ecaa9d7561fb6c42d4d5e7c,00d1e59ce78baffbf9d24361ac8ba16a1d577b22cb193e15596627259190ed07,11f4fe862570895441036964a9b308e92c2ee6ba8a87b5da9009ffd5208a4bda,fbdcd5b6e3a6d5f55d972a1f19178b453d753e3f9b3878c8074c1972eb0f68bd,73fde5df7372404a0b4700981b612c0ded5a2c3d5edaa3fc88d4fa2626c440b0,8b03a143c11e1df85f7916627011f95b6c4d33edea7b81e530abbd2a0801498f,4a2a0bee89a87bae9c98e35a480606171d570ccaa743355fa0d3639d68fee213,055cda0b265c98e7fccad08c1d5772132c101ad342230c7ae609fcd6f818fcdb,6a72169db012cf8c12aeecde573275e23205363608e60d4cde616a681fa08fcc,4fb61a5f38588633d7f462b2ef852457b07882162f1d26cada21fc731ece59e2
joint,B1,2022-07-09,1050,67,107,-0.14972162548794282,0.7371954706160913,-0.015151515151515152,999,1629122234,0.001,63403,65,71,0c06b88fd09cd514745b699e6b6a7e12901db8d3247e42b582feaf1f7e91c04a,55416c987a2d25f9177dd974307ae595761c1db31ecaa9d7561fb6c42d4d5e7c,00d1e59ce78baffbf9d24361ac8ba16a1d577b22cb193e15596627259190ed07,11f4fe862570895441036964a9b308e92c2ee6ba8a87b5da9009ffd5208a4bda,fbdcd5b6e3a6d5f55d972a1f19178b453d753e3f9b3878c8074c1972eb0f68bd,73fde5df7372404a0b4700981b612c0ded5a2c3d5edaa3fc88d4fa2626c440b0,8b03a143c11e1df85f7916627011f95b6c4d33edea7b81e530abbd2a0801498f,4a2a0bee89a87bae9c98e35a480606171d570ccaa743355fa0d3639d68fee213,055cda0b265c98e7fccad08c1d5772132c101ad342230c7ae609fcd6f818fcdb,6a72169db012cf8c12aeecde573275e23205363608e60d4cde616a681fa08fcc,4fb61a5f38588633d7f462b2ef852457b07882162f1d26cada21fc731ece59e2
joint,B1,2022-07-17,1008,69,111,-4.017225873347797,0.612908990385701,-0.014705882352941176,999,3439641182,0.001,63403,65,71,0c06b88fd09cd514745b699e6b6a7e12901db8d3247e42b582feaf1f7e91c04a,55416c987a2d25f9177dd974307ae595761c1db31ecaa9d7561fb6c42d4d5e7c,00d1e59ce78baffbf9d24361ac8ba16a1d577b22cb193e15596627259190ed07,11f4fe862570895441036964a9b308e92c2ee6ba8a87b5da9009ffd5208a4bda,fbdcd5b6e3a6d5f55d972a1f19178b453d753e3f9b3878c8074c1972eb0f68bd,73fde5df7372404a0b4700981b612c0ded5a2c3d5edaa3fc88d4fa2626c440b0,8b03a143c11e1df85f7916627011f95b6c4d33edea7b81e530abbd2a0801498f,4a2a0bee89a87bae9c98e35a480606171d570ccaa743355fa0d3639d68fee213,055cda0b265c98e7fccad08c1d5772132c101ad342230c7ae609fcd6f818fcdb,6a72169db012cf8c12aeecde573275e23205363608e60d4cde616a681fa08fcc,4fb61a5f38588633d7f462b2ef852457b07882162f1d26cada21fc731ece59e2
joint,B1,2022-07-25,1054,68,109,0.8141005861068766,0.6440611098823291,-0.014925373134328358,999,4214485970,0.001,63403,65,71,0c06b88fd09cd514745b699e6b6a7e12901db8d3247e42b582feaf1f7e91c04a,55416c987a2d25f9177dd974307ae595761c1db31ecaa9d7561fb6c42d4d5e7c,00d1e59ce78baffbf9d24361ac8ba16a1d577b22cb193e15596627259190ed07,11f4fe862570895441036964a9b308e92c2ee6ba8a87b5da9009ffd5208a4bda,fbdcd5b6e3a6d5f55d972a1f19178b453d753e3f9b3878c8074c1972eb0f68bd,73fde5df7372404a0b4700981b612c0ded5a2c3d5edaa3fc88d4fa2626c440b0,8b03a143c11e1df85f7916627011f95b6c4d33edea7b81e530abbd2a0801498f,4a2a0bee89a87bae9c98e35a480606171d570ccaa743355fa0d3639d68fee213,055cda0b265c98e7fccad08c1d5772132c101ad342230c7ae609fcd6f818fcdb,6a72169db012cf8c12aeecde573275e23205363608e60d4cde616a681fa08fcc,4fb61a5f38588633d7f462b2ef852457b07882162f1d26cada21fc731ece59e2
joint,B1,2022-08-02,1026,67,107,0.6387235035013527,0.6875584791905668,-0.015151515151515152,999,2327512610,0.001,63403,65,71,0c06b88fd09cd514745b699e6b6a7e12901db8d3247e42b582feaf1f7e91c04a,55416c987a2d25f9177dd974307ae595761c1db31ecaa9d7561fb6c42d4d5e7c,00d1e59ce78baffbf9d24361ac8ba16a1d577b22cb193e15596627259190ed07,11f4fe862570895441036964a9b308e92c2ee6ba8a87b5da9009ffd5208a4bda,fbdcd5b6e3a6d5f55d972a1f19178b453d753e3f9b3878c8074c1972eb0f68bd,73fde5df7372404a0b4700981b612c0ded5a2c3d5edaa3fc88d4fa2626c440b0,8b03a143c11e1df85f7916627011f95b6c4d33edea7b81e530abbd2a0801498f,4a2a0bee89a87bae9c98e35a480606171d570ccaa743355fa0d3639d68fee213,055cda0b265c98e7fccad08c1d5772132c101ad342230c7ae609fcd6f818fcdb,6a72169db012cf8c12aeecde573275e23205363608e60d4cde616a681fa08fcc,4fb61a5f38588633d7f462b2ef852457b07882162f1d26cada21fc731ece59e2
joint,B1,2022-08-18,1034,66,105,-0.7605720086579223,0.718318519101806,-0.015384615384615385,999,793017622,0.001,63403,65,71,0c06b88fd09cd514745b699e6b6a7e12901db8d3247e42b582feaf1f7e91c04a,55416c987a2d25f9177dd974307ae595761c1db31ecaa9d7561fb6c42d4d5e7c,00d1e59ce78baffbf9d24361ac8ba16a1d577b22cb193e15596627259190ed07,11f4fe862570895441036964a9b308e92c2ee6ba8a87b5da9009ffd5208a4bda,fbdcd5b6e3a6d5f55d972a1f19178b453d753e3f9b3878c8074c1972eb0f68bd,73fde5df7372404a0b4700981b612c0ded5a2c3d5edaa3fc88d4fa2626c440b0,8b03a143c11e1df85f7916627011f95b6c4d33edea7b81e530abbd2a0801498f,4a2a0bee89a87bae9c98e35a480606171d570ccaa743355fa0d3639d68fee213,055cda0b265c98e7fccad08c1d5772132c101ad342230c7ae609fcd6f818fcdb,6a72169db012cf8c12aeecde573275e23205363608e60d4cde616a681fa08fcc,4fb61a5f38588633d7f462b2ef852457b07882162f1d26cada21fc731ece59e2
joint,B1,2022-08-26,1058,69,110,-1.0677238246084078,0.7520705195622219,-0.014705882352941176,999,1271621150,0.001,63403,65,71,0c06b88fd09cd514745b699e6b6a7e12901db8d3247e42b582feaf1f7e91c04a,55416c987a2d25f9177dd974307ae595761c1db31ecaa9d7561fb6c42d4d5e7c,00d1e59ce78baffbf9d24361ac8ba16a1d577b22cb193e15596627259190ed07,11f4fe862570895441036964a9b308e92c2ee6ba8a87b5da9009ffd5208a4bda,fbdcd5b6e3a6d5f55d972a1f19178b453d753e3f9b3878c8074c1972eb0f68bd,73fde5df7372404a0b4700981b612c0ded5a2c3d5edaa3fc88d4fa2626c440b0,8b03a143c11e1df85f7916627011f95b6c4d33edea7b81e530abbd2a0801498f,4a2a0bee89a87bae9c98e35a480606171d570ccaa743355fa0d3639d68fee213,055cda0b265c98e7fccad08c1d5772132c101ad342230c7ae609fcd6f818fcdb,6a72169db012cf8c12aeecde573275e23205363608e60d4cde616a681fa08fcc,4fb61a5f38588633d7f462b2ef852457b07882162f1d26cada21fc731ece59e2
joint,B1,2022-09-03,1085,71,114,-4.331826751913766,0.7600649232193963,-0.014285714285714285,999,2889105574,0.001,63403,65,71,0c06b88fd09cd514745b699e6b6a7e12901db8d3247e42b582feaf1f7e91c04a,55416c987a2d25f9177dd974307ae595761c1db31ecaa9d7561fb6c42d4d5e7c,00d1e59ce78baffbf9d24361ac8ba16a1d577b22cb193e15596627259190ed07,11f4fe862570895441036964a9b308e92c2ee6ba8a87b5da9009ffd5208a4bda,fbdcd5b6e3a6d5f55d972a1f19178b453d753e3f9b3878c8074c1972eb0f68bd,73fde5df7372404a0b4700981b612c0ded5a2c3d5edaa3fc88d4fa2626c440b0,8b03a143c11e1df85f7916627011f95b6c4d33edea7b81e530abbd2a0801498f,4a2a0bee89a87bae9c98e35a480606171d570ccaa743355fa0d3639d68fee213,055cda0b265c98e7fccad08c1d5772132c101ad342230c7ae609fcd6f818fcdb,6a72169db012cf8c12aeecde573275e23205363608e60d4cde616a681fa08fcc,4fb61a5f38588633d7f462b2ef852457b07882162f1d26cada21fc731ece59e2
joint,B1,2022-09-27,1081,71,114,-1.7556166787044494,0.7470230409715204,-0.014285714285714285,999,3682181098,0.001,63403,65,71,0c06b88fd09cd514745b699e6b6a7e12901db8d3247e42b582feaf1f7e91c04a,55416c987a2d25f9177dd974307ae595761c1db31ecaa9d7561fb6c42d4d5e7c,00d1e59ce78baffbf9d24361ac8ba16a1d577b22cb193e15596627259190ed07,11f4fe862570895441036964a9b308e92c2ee6ba8a87b5da9009ffd5208a4bda,fbdcd5b6e3a6d5f55d972a1f19178b453d753e3f9b3878c8074c1972eb0f68bd,73fde5df7372404a0b4700981b612c0ded5a2c3d5edaa3fc88d4fa2626c440b0,8b03a143c11e1df85f7916627011f95b6c4d33edea7b81e530abbd2a0801498f,4a2a0bee89a87bae9c98e35a480606171d570ccaa743355fa0d3639d68fee213,055cda0b265c98e7fccad08c1d5772132c101ad342230c7ae609fcd6f818fcdb,6a72169db012cf8c12aeecde573275e23205363608e60d4cde616a681fa08fcc,4fb61a5f38588633d7f462b2ef852457b07882162f1d26cada21fc731ece59e2
joint,B1,2022-10-05,921,59,91,0.4280139561726543,0.6772472463189675,-0.017241379310344827,999,1975661341,0.001,63403,65,71,0c06b88fd09cd514745b699e6b6a7e12901db8d3247e42b582feaf1f7e91c04a,55416c987a2d25f9177dd974307ae595761c1db31ecaa9d7561fb6c42d4d5e7c,00d1e59ce78baffbf9d24361ac8ba16a1d577b22cb193e15596627259190ed07,11f4fe862570895441036964a9b308e92c2ee6ba8a87b5da9009ffd5208a4bda,fbdcd5b6e3a6d5f55d972a1f19178b453d753e3f9b3878c8074c1972eb0f68bd,73fde5df7372404a0b4700981b612c0ded5a2c3d5edaa3fc88d4fa2626c440b0,8b03a143c11e1df85f7916627011f95b6c4d33edea7b81e530abbd2a0801498f,4a2a0bee89a87bae9c98e35a480606171d570ccaa743355fa0d3639d68fee213,055cda0b265c98e7fccad08c1d5772132c101ad342230c7ae609fcd6f818fcdb,6a72169db012cf8c12aeecde573275e23205363608e60d4cde616a681fa08fcc,4fb61a5f38588633d7f462b2ef852457b07882162f1d26cada21fc731ece59e2
joint,B1,2022-10-21,701,63,95,3.1440424718160473,0.3329204657420196,-0.016129032258064516,999,3291414568,0.002,63403,65,71,0c06b88fd09cd514745b699e6b6a7e12901db8d3247e42b582feaf1f7e91c04a,55416c987a2d25f9177dd974307ae595761c1db31ecaa9d7561fb6c42d4d5e7c,00d1e59ce78baffbf9d24361ac8ba16a1d577b22cb193e15596627259190ed07,11f4fe862570895441036964a9b308e92c2ee6ba8a87b5da9009ffd5208a4bda,fbdcd5b6e3a6d5f55d972a1f19178b453d753e3f9b3878c8074c1972eb0f68bd,73fde5df7372404a0b4700981b612c0ded5a2c3d5edaa3fc88d4fa2626c440b0,8b03a143c11e1df85f7916627011f95b6c4d33edea7b81e530abbd2a0801498f,4a2a0bee89a87bae9c98e35a480606171d570ccaa743355fa0d3639d68fee213,055cda0b265c98e7fccad08c1d5772132c101ad342230c7ae609fcd6f818fcdb,6a72169db012cf8c12aeecde573275e23205363608e60d4cde616a681fa08fcc,4fb61a5f38588633d7f462b2ef852457b07882162f1d26cada21fc731ece59e2
joint,B1,2022-10-29,969,67,106,0.8629637471502618,0.7053395254788426,-0.015151515151515152,999,960592500,0.001,63403,65,71,0c06b88fd09cd514745b699e6b6a7e12901db8d3247e42b582feaf1f7e91c04a,55416c987a2d25f9177dd974307ae595761c1db31ecaa9d7561fb6c42d4d5e7c,00d1e59ce78baffbf9d24361ac8ba16a1d577b22cb193e15596627259190ed07,11f4fe862570895441036964a9b308e92c2ee6ba8a87b5da9009ffd5208a4bda,fbdcd5b6e3a6d5f55d972a1f19178b453d753e3f9b3878c8074c1972eb0f68bd,73fde5df7372404a0b4700981b612c0ded5a2c3d5edaa3fc88d4fa2626c440b0,8b03a143c11e1df85f7916627011f95b6c4d33edea7b81e530abbd2a0801498f,4a2a0bee89a87bae9c98e35a480606171d570ccaa743355fa0d3639d68fee213,055cda0b265c98e7fccad08c1d5772132c101ad342230c7ae609fcd6f818fcdb,6a72169db012cf8c12aeecde573275e23205363608e60d4cde616a681fa08fcc,4fb61a5f38588633d7f462b2ef852457b07882162f1d26cada21fc731ece59e2
joint,B1,2023-05-17,788,52,78,2.372502601083428,0.5525597948559079,-0.0196078431372549,999,1529273742,0.001,63403,65,71,0c06b88fd09cd514745b699e6b6a7e12901db8d3247e42b582feaf1f7e91c04a,55416c987a2d25f9177dd974307ae595761c1db31ecaa9d7561fb6c42d4d5e7c,00d1e59ce78baffbf9d24361ac8ba16a1d577b22cb193e15596627259190ed07,11f4fe862570895441036964a9b308e92c2ee6ba8a87b5da9009ffd5208a4bda,fbdcd5b6e3a6d5f55d972a1f19178b453d753e3f9b3878c8074c1972eb0f68bd,73fde5df7372404a0b4700981b612c0ded5a2c3d5edaa3fc88d4fa2626c440b0,8b03a143c11e1df85f7916627011f95b6c4d33edea7b81e530abbd2a0801498f,4a2a0bee89a87bae9c98e35a480606171d570ccaa743355fa0d3639d68fee213,055cda0b265c98e7fccad08c1d5772132c101ad342230c7ae609fcd6f818fcdb,6a72169db012cf8c12aeecde573275e23205363608e60d4cde616a681fa08fcc,4fb61a5f38588633d7f462b2ef852457b07882162f1d26cada21fc731ece59e2
joint,B1,2023-06-26,1038,62,97,-0.8987024306257955,0.5946270027535172,-0.01639344262295082,999,3442238520,0.001,63403,65,71,0c06b88fd09cd514745b699e6b6a7e12901db8d3247e42b582feaf1f7e91c04a,55416c987a2d25f9177dd974307ae595761c1db31ecaa9d7561fb6c42d4d5e7c,00d1e59ce78baffbf9d24361ac8ba16a1d577b22cb193e15596627259190ed07,11f4fe862570895441036964a9b308e92c2ee6ba8a87b5da9009ffd5208a4bda,fbdcd5b6e3a6d5f55d972a1f19178b453d753e3f9b3878c8074c1972eb0f68bd,73fde5df7372404a0b4700981b612c0ded5a2c3d5edaa3fc88d4fa2626c440b0,8b03a143c11e1df85f7916627011f95b6c4d33edea7b81e530abbd2a0801498f,4a2a0bee89a87bae9c98e35a480606171d570ccaa743355fa0d3639d68fee213,055cda0b265c98e7fccad08c1d5772132c101ad342230c7ae609fcd6f818fcdb,6a72169db012cf8c12aeecde573275e23205363608e60d4cde616a681fa08fcc,4fb61a5f38588633d7f462b2ef852457b07882162f1d26cada21fc731ece59e2
joint,B1,2023-07-04,1059,66,106,4.639757225574677,0.6838404884413045,-0.015384615384615385,999,3409337059,0.001,63403,65,71,0c06b88fd09cd514745b699e6b6a7e12901db8d3247e42b582feaf1f7e91c04a,55416c987a2d25f9177dd974307ae595761c1db31ecaa9d7561fb6c42d4d5e7c,00d1e59ce78baffbf9d24361ac8ba16a1d577b22cb193e15596627259190ed07,11f4fe862570895441036964a9b308e92c2ee6ba8a87b5da9009ffd5208a4bda,fbdcd5b6e3a6d5f55d972a1f19178b453d753e3f9b3878c8074c1972eb0f68bd,73fde5df7372404a0b4700981b612c0ded5a2c3d5edaa3fc88d4fa2626c440b0,8b03a143c11e1df85f7916627011f95b6c4d33edea7b81e530abbd2a0801498f,4a2a0bee89a87bae9c98e35a480606171d570ccaa743355fa0d3639d68fee213,055cda0b265c98e7fccad08c1d5772132c101ad342230c7ae609fcd6f818fcdb,6a72169db012cf8c12aeecde573275e23205363608e60d4cde616a681fa08fcc,4fb61a5f38588633d7f462b2ef852457b07882162f1d26cada21fc731ece59e2
joint,B1,2023-07-12,1060,69,110,-1.253091764999072,0.621862776098473,-0.014705882352941176,999,2198586312,0.001,63403,65,71,0c06b88fd09cd514745b699e6b6a7e12901db8d3247e42b582feaf1f7e91c04a,55416c987a2d25f9177dd974307ae595761c1db31ecaa9d7561fb6c42d4d5e7c,00d1e59ce78baffbf9d24361ac8ba16a1d577b22cb193e15596627259190ed07,11f4fe862570895441036964a9b308e92c2ee6ba8a87b5da9009ffd5208a4bda,fbdcd5b6e3a6d5f55d972a1f19178b453d753e3f9b3878c8074c1972eb0f68bd,73fde5df7372404a0b4700981b612c0ded5a2c3d5edaa3fc88d4fa2626c440b0,8b03a143c11e1df85f7916627011f95b6c4d33edea7b81e530abbd2a0801498f,4a2a0bee89a87bae9c98e35a480606171d570ccaa743355fa0d3639d68fee213,055cda0b265c98e7fccad08c1d5772132c101ad342230c7ae609fcd6f818fcdb,6a72169db012cf8c12aeecde573275e23205363608e60d4cde616a681fa08fcc,4fb61a5f38588633d7f462b2ef852457b07882162f1d26cada21fc731ece59e2
joint,B1,2023-07-20,1072,69,110,0.9535275305073135,0.6556753335943437,-0.014705882352941176,999,2495730226,0.001,63403,65,71,0c06b88fd09cd514745b699e6b6a7e12901db8d3247e42b582feaf1f7e91c04a,55416c987a2d25f9177dd974307ae595761c1db31ecaa9d7561fb6c42d4d5e7c,00d1e59ce78baffbf9d24361ac8ba16a1d577b22cb193e15596627259190ed07,11f4fe862570895441036964a9b308e92c2ee6ba8a87b5da9009ffd5208a4bda,fbdcd5b6e3a6d5f55d972a1f19178b453d753e3f9b3878c8074c1972eb0f68bd,73fde5df7372404a0b4700981b612c0ded5a2c3d5edaa3fc88d4fa2626c440b0,8b03a143c11e1df85f7916627011f95b6c4d33edea7b81e530abbd2a0801498f,4a2a0bee89a87bae9c98e35a480606171d570ccaa743355fa0d3639d68fee213,055cda0b265c98e7fccad08c1d5772132c101ad342230c7ae609fcd6f818fcdb,6a72169db012cf8c12aeecde573275e23205363608e60d4cde616a681fa08fcc,4fb61a5f38588633d7f462b2ef852457b07882162f1d26cada21fc731ece59e2
joint,B1,2023-07-28,983,66,104,3.9048880788606155,0.5277704302728716,-0.015384615384615385,999,770850544,0.001,63403,65,71,0c06b88fd09cd514745b699e6b6a7e12901db8d3247e42b582feaf1f7e91c04a,55416c987a2d25f9177dd974307ae595761c1db31ecaa9d7561fb6c42d4d5e7c,00d1e59ce78baffbf9d24361ac8ba16a1d577b22cb193e15596627259190ed07,11f4fe862570895441036964a9b308e92c2ee6ba8a87b5da9009ffd5208a4bda,fbdcd5b6e3a6d5f55d972a1f19178b453d753e3f9b3878c8074c1972eb0f68bd,73fde5df7372404a0b4700981b612c0ded5a2c3d5edaa3fc88d4fa2626c440b0,8b03a143c11e1df85f7916627011f95b6c4d33edea7b81e530abbd2a0801498f,4a2a0bee89a87bae9c98e35a480606171d570ccaa743355fa0d3639d68fee213,055cda0b265c98e7fccad08c1d5772132c101ad342230c7ae609fcd6f818fcdb,6a72169db012cf8c12aeecde573275e23205363608e60d4cde616a681fa08fcc,4fb61a5f38588633d7f462b2ef852457b07882162f1d26cada21fc731ece59e2
joint,B1,2023-08-05,1076,69,111,-0.8867067782254898,0.739921775096047,-0.014705882352941176,999,1788508234,0.001,63403,65,71,0c06b88fd09cd514745b699e6b6a7e12901db8d3247e42b582feaf1f7e91c04a,55416c987a2d25f9177dd974307ae595761c1db31ecaa9d7561fb6c42d4d5e7c,00d1e59ce78baffbf9d24361ac8ba16a1d577b22cb193e15596627259190ed07,11f4fe862570895441036964a9b308e92c2ee6ba8a87b5da9009ffd5208a4bda,fbdcd5b6e3a6d5f55d972a1f19178b453d753e3f9b3878c8074c1972eb0f68bd,73fde5df7372404a0b4700981b612c0ded5a2c3d5edaa3fc88d4fa2626c440b0,8b03a143c11e1df85f7916627011f95b6c4d33edea7b81e530abbd2a0801498f,4a2a0bee89a87bae9c98e35a480606171d570ccaa743355fa0d3639d68fee213,055cda0b265c98e7fccad08c1d5772132c101ad342230c7ae609fcd6f818fcdb,6a72169db012cf8c12aeecde573275e23205363608e60d4cde616a681fa08fcc,4fb61a5f38588633d7f462b2ef852457b07882162f1d26cada21fc731ece59e2
joint,B1,2023-08-13,1063,68,109,1.2061841387766798,0.6253881061645215,-0.014925373134328358,999,435316392,0.001,63403,65,71,0c06b88fd09cd514745b699e6b6a7e12901db8d3247e42b582feaf1f7e91c04a,55416c987a2d25f9177dd974307ae595761c1db31ecaa9d7561fb6c42d4d5e7c,00d1e59ce78baffbf9d24361ac8ba16a1d577b22cb193e15596627259190ed07,11f4fe862570895441036964a9b308e92c2ee6ba8a87b5da9009ffd5208a4bda,fbdcd5b6e3a6d5f55d972a1f19178b453d753e3f9b3878c8074c1972eb0f68bd,73fde5df7372404a0b4700981b612c0ded5a2c3d5edaa3fc88d4fa2626c440b0,8b03a143c11e1df85f7916627011f95b6c4d33edea7b81e530abbd2a0801498f,4a2a0bee89a87bae9c98e35a480606171d570ccaa743355fa0d3639d68fee213,055cda0b265c98e7fccad08c1d5772132c101ad342230c7ae609fcd6f818fcdb,6a72169db012cf8c12aeecde573275e23205363608e60d4cde616a681fa08fcc,4fb61a5f38588633d7f462b2ef852457b07882162f1d26cada21fc731ece59e2
joint,B1,2023-08-29,1088,71,114,3.9168686419701078,0.6802977490873415,-0.014285714285714285,999,3807384765,0.001,63403,65,71,0c06b88fd09cd514745b699e6b6a7e12901db8d3247e42b582feaf1f7e91c04a,55416c987a2d25f9177dd974307ae595761c1db31ecaa9d7561fb6c42d4d5e7c,00d1e59ce78baffbf9d24361ac8ba16a1d577b22cb193e15596627259190ed07,11f4fe862570895441036964a9b308e92c2ee6ba8a87b5da9009ffd5208a4bda,fbdcd5b6e3a6d5f55d972a1f19178b453d753e3f9b3878c8074c1972eb0f68bd,73fde5df7372404a0b4700981b612c0ded5a2c3d5edaa3fc88d4fa2626c440b0,8b03a143c11e1df85f7916627011f95b6c4d33edea7b81e530abbd2a0801498f,4a2a0bee89a87bae9c98e35a480606171d570ccaa743355fa0d3639d68fee213,055cda0b265c98e7fccad08c1d5772132c101ad342230c7ae609fcd6f818fcdb,6a72169db012cf8c12aeecde573275e23205363608e60d4cde616a681fa08fcc,4fb61a5f38588633d7f462b2ef852457b07882162f1d26cada21fc731ece59e2
joint,B1,2023-09-14,634,53,77,0.8923978911836526,0.5279727378224599,-0.019230769230769232,999,2830654563,0.001,63403,65,71,0c06b88fd09cd514745b699e6b6a7e12901db8d3247e42b582feaf1f7e91c04a,55416c987a2d25f9177dd974307ae595761c1db31ecaa9d7561fb6c42d4d5e7c,00d1e59ce78baffbf9d24361ac8ba16a1d577b22cb193e15596627259190ed07,11f4fe862570895441036964a9b308e92c2ee6ba8a87b5da9009ffd5208a4bda,fbdcd5b6e3a6d5f55d972a1f19178b453d753e3f9b3878c8074c1972eb0f68bd,73fde5df7372404a0b4700981b612c0ded5a2c3d5edaa3fc88d4fa2626c440b0,8b03a143c11e1df85f7916627011f95b6c4d33edea7b81e530abbd2a0801498f,4a2a0bee89a87bae9c98e35a480606171d570ccaa743355fa0d3639d68fee213,055cda0b265c98e7fccad08c1d5772132c101ad342230c7ae609fcd6f818fcdb,6a72169db012cf8c12aeecde573275e23205363608e60d4cde616a681fa08fcc,4fb61a5f38588633d7f462b2ef852457b07882162f1d26cada21fc731ece59e2
joint,B1,2023-09-22,707,54,80,1.534293833455492,0.566216018291162,-0.018867924528301886,999,4271863876,0.001,63403,65,71,0c06b88fd09cd514745b699e6b6a7e12901db8d3247e42b582feaf1f7e91c04a,55416c987a2d25f9177dd974307ae595761c1db31ecaa9d7561fb6c42d4d5e7c,00d1e59ce78baffbf9d24361ac8ba16a1d577b22cb193e15596627259190ed07,11f4fe862570895441036964a9b308e92c2ee6ba8a87b5da9009ffd5208a4bda,fbdcd5b6e3a6d5f55d972a1f19178b453d753e3f9b3878c8074c1972eb0f68bd,73fde5df7372404a0b4700981b612c0ded5a2c3d5edaa3fc88d4fa2626c440b0,8b03a143c11e1df85f7916627011f95b6c4d33edea7b81e530abbd2a0801498f,4a2a0bee89a87bae9c98e35a480606171d570ccaa743355fa0d3639d68fee213,055cda0b265c98e7fccad08c1d5772132c101ad342230c7ae609fcd6f818fcdb,6a72169db012cf8c12aeecde573275e23205363608e60d4cde616a681fa08fcc,4fb61a5f38588633d7f462b2ef852457b07882162f1d26cada21fc731ece59e2
joint,B1,2023-10-08,952,61,95,2.01271957421014,0.5690596482552963,-0.016666666666666666,999,107407022,0.001,63403,65,71,0c06b88fd09cd514745b699e6b6a7e12901db8d3247e42b582feaf1f7e91c04a,55416c987a2d25f9177dd974307ae595761c1db31ecaa9d7561fb6c42d4d5e7c,00d1e59ce78baffbf9d24361ac8ba16a1d577b22cb193e15596627259190ed07,11f4fe862570895441036964a9b308e92c2ee6ba8a87b5da9009ffd5208a4bda,fbdcd5b6e3a6d5f55d972a1f19178b453d753e3f9b3878c8074c1972eb0f68bd,73fde5df7372404a0b4700981b612c0ded5a2c3d5edaa3fc88d4fa2626c440b0,8b03a143c11e1df85f7916627011f95b6c4d33edea7b81e530abbd2a0801498f,4a2a0bee89a87bae9c98e35a480606171d570ccaa743355fa0d3639d68fee213,055cda0b265c98e7fccad08c1d5772132c101ad342230c7ae609fcd6f818fcdb,6a72169db012cf8c12aeecde573275e23205363608e60d4cde616a681fa08fcc,4fb61a5f38588633d7f462b2ef852457b07882162f1d26cada21fc731ece59e2
joint,B1,2023-10-16,936,62,96,2.303965987622527,0.6169235576890936,-0.01639344262295082,999,610634445,0.001,63403,65,71,0c06b88fd09cd514745b699e6b6a7e12901db8d3247e42b582feaf1f7e91c04a,55416c987a2d25f9177dd974307ae595761c1db31ecaa9d7561fb6c42d4d5e7c,00d1e59ce78baffbf9d24361ac8ba16a1d577b22cb193e15596627259190ed07,11f4fe862570895441036964a9b308e92c2ee6ba8a87b5da9009ffd5208a4bda,fbdcd5b6e3a6d5f55d972a1f19178b453d753e3f9b3878c8074c1972eb0f68bd,73fde5df7372404a0b4700981b612c0ded5a2c3d5edaa3fc88d4fa2626c440b0,8b03a143c11e1df85f7916627011f95b6c4d33edea7b81e530abbd2a0801498f,4a2a0bee89a87bae9c98e35a480606171d570ccaa743355fa0d3639d68fee213,055cda0b265c98e7fccad08c1d5772132c101ad342230c7ae609fcd6f818fcdb,6a72169db012cf8c12aeecde573275e23205363608e60d4cde616a681fa08fcc,4fb61a5f38588633d7f462b2ef852457b07882162f1d26cada21fc731ece59e2
joint,B1,2023-10-24,699,51,82,-0.2346766912563982,0.3901728252316004,-0.02,999,2936697510,0.001,63403,65,71,0c06b88fd09cd514745b699e6b6a7e12901db8d3247e42b582feaf1f7e91c04a,55416c987a2d25f9177dd974307ae595761c1db31ecaa9d7561fb6c42d4d5e7c,00d1e59ce78baffbf9d24361ac8ba16a1d577b22cb193e15596627259190ed07,11f4fe862570895441036964a9b308e92c2ee6ba8a87b5da9009ffd5208a4bda,fbdcd5b6e3a6d5f55d972a1f19178b453d753e3f9b3878c8074c1972eb0f68bd,73fde5df7372404a0b4700981b612c0ded5a2c3d5edaa3fc88d4fa2626c440b0,8b03a143c11e1df85f7916627011f95b6c4d33edea7b81e530abbd2a0801498f,4a2a0bee89a87bae9c98e35a480606171d570ccaa743355fa0d3639d68fee213,055cda0b265c98e7fccad08c1d5772132c101ad342230c7ae609fcd6f818fcdb,6a72169db012cf8c12aeecde573275e23205363608e60d4cde616a681fa08fcc,4fb61a5f38588633d7f462b2ef852457b07882162f1d26cada21fc731ece59e2
joint,B1,2024-05-11,861,55,84,0.732916447505161,0.5925355351814484,-0.018518518518518517,999,3677770986,0.001,63403,65,71,0c06b88fd09cd514745b699e6b6a7e12901db8d3247e42b582feaf1f7e91c04a,55416c987a2d25f9177dd974307ae595761c1db31ecaa9d7561fb6c42d4d5e7c,00d1e59ce78baffbf9d24361ac8ba16a1d577b22cb193e15596627259190ed07,11f4fe862570895441036964a9b308e92c2ee6ba8a87b5da9009ffd5208a4bda,fbdcd5b6e3a6d5f55d972a1f19178b453d753e3f9b3878c8074c1972eb0f68bd,73fde5df7372404a0b4700981b612c0ded5a2c3d5edaa3fc88d4fa2626c440b0,8b03a143c11e1df85f7916627011f95b6c4d33edea7b81e530abbd2a0801498f,4a2a0bee89a87bae9c98e35a480606171d570ccaa743355fa0d3639d68fee213,055cda0b265c98e7fccad08c1d5772132c101ad342230c7ae609fcd6f818fcdb,6a72169db012cf8c12aeecde573275e23205363608e60d4cde616a681fa08fcc,4fb61a5f38588633d7f462b2ef852457b07882162f1d26cada21fc731ece59e2
joint,B1,2024-05-27,680,46,70,0.9752901636427351,0.4545662945569119,-0.022222222222222223,999,2757349596,0.001,63403,65,71,0c06b88fd09cd514745b699e6b6a7e12901db8d3247e42b582feaf1f7e91c04a,55416c987a2d25f9177dd974307ae595761c1db31ecaa9d7561fb6c42d4d5e7c,00d1e59ce78baffbf9d24361ac8ba16a1d577b22cb193e15596627259190ed07,11f4fe862570895441036964a9b308e92c2ee6ba8a87b5da9009ffd5208a4bda,fbdcd5b6e3a6d5f55d972a1f19178b453d753e3f9b3878c8074c1972eb0f68bd,73fde5df7372404a0b4700981b612c0ded5a2c3d5edaa3fc88d4fa2626c440b0,8b03a143c11e1df85f7916627011f95b6c4d33edea7b81e530abbd2a0801498f,4a2a0bee89a87bae9c98e35a480606171d570ccaa743355fa0d3639d68fee213,055cda0b265c98e7fccad08c1d5772132c101ad342230c7ae609fcd6f818fcdb,6a72169db012cf8c12aeecde573275e23205363608e60d4cde616a681fa08fcc,4fb61a5f38588633d7f462b2ef852457b07882162f1d26cada21fc731ece59e2
joint,B1,2024-06-20,1050,65,102,-0.1342450168059924,0.3796936541407443,-0.015625,999,3350722814,0.001,63403,65,71,0c06b88fd09cd514745b699e6b6a7e12901db8d3247e42b582feaf1f7e91c04a,55416c987a2d25f9177dd974307ae595761c1db31ecaa9d7561fb6c42d4d5e7c,00d1e59ce78baffbf9d24361ac8ba16a1d577b22cb193e15596627259190ed07,11f4fe862570895441036964a9b308e92c2ee6ba8a87b5da9009ffd5208a4bda,fbdcd5b6e3a6d5f55d972a1f19178b453d753e3f9b3878c8074c1972eb0f68bd,73fde5df7372404a0b4700981b612c0ded5a2c3d5edaa3fc88d4fa2626c440b0,8b03a143c11e1df85f7916627011f95b6c4d33edea7b81e530abbd2a0801498f,4a2a0bee89a87bae9c98e35a480606171d570ccaa743355fa0d3639d68fee213,055cda0b265c98e7fccad08c1d5772132c101ad342230c7ae609fcd6f818fcdb,6a72169db012cf8c12aeecde573275e23205363608e60d4cde616a681fa08fcc,4fb61a5f38588633d7f462b2ef852457b07882162f1d26cada21fc731ece59e2
joint,B1,2024-06-28,1060,69,111,1.2544828238618277,0.6264263438167433,-0.014705882352941176,999,609358527,0.001,63403,65,71,0c06b88fd09cd514745b699e6b6a7e12901db8d3247e42b582feaf1f7e91c04a,55416c987a2d25f9177dd974307ae595761c1db31ecaa9d7561fb6c42d4d5e7c,00d1e59ce78baffbf9d24361ac8ba16a1d577b22cb193e15596627259190ed07,11f4fe862570895441036964a9b308e92c2ee6ba8a87b5da9009ffd5208a4bda,fbdcd5b6e3a6d5f55d972a1f19178b453d753e3f9b3878c8074c1972eb0f68bd,73fde5df7372404a0b4700981b612c0ded5a2c3d5edaa3fc88d4fa2626c440b0,8b03a143c11e1df85f7916627011f95b6c4d33edea7b81e530abbd2a0801498f,4a2a0bee89a87bae9c98e35a480606171d570ccaa743355fa0d3639d68fee213,055cda0b265c98e7fccad08c1d5772132c101ad342230c7ae609fcd6f818fcdb,6a72169db012cf8c12aeecde573275e23205363608e60d4cde616a681fa08fcc,4fb61a5f38588633d7f462b2ef852457b07882162f1d26cada21fc731ece59e2
joint,B1,2024-07-14,592,47,66,2.8472929231772275,0.5527612138526738,-0.021739130434782608,999,1814540113,0.001,63403,65,71,0c06b88fd09cd514745b699e6b6a7e12901db8d3247e42b582feaf1f7e91c04a,55416c987a2d25f9177dd974307ae595761c1db31ecaa9d7561fb6c42d4d5e7c,00d1e59ce78baffbf9d24361ac8ba16a1d577b22cb193e15596627259190ed07,11f4fe862570895441036964a9b308e92c2ee6ba8a87b5da9009ffd5208a4bda,fbdcd5b6e3a6d5f55d972a1f19178b453d753e3f9b3878c8074c1972eb0f68bd,73fde5df7372404a0b4700981b612c0ded5a2c3d5edaa3fc88d4fa2626c440b0,8b03a143c11e1df85f7916627011f95b6c4d33edea7b81e530abbd2a0801498f,4a2a0bee89a87bae9c98e35a480606171d570ccaa743355fa0d3639d68fee213,055cda0b265c98e7fccad08c1d5772132c101ad342230c7ae609fcd6f818fcdb,6a72169db012cf8c12aeecde573275e23205363608e60d4cde616a681fa08fcc,4fb61a5f38588633d7f462b2ef852457b07882162f1d26cada21fc731ece59e2
joint,B1,2024-07-22,976,67,105,0.2630641051825972,0.5300255124134944,-0.015151515151515152,999,1055587845,0.001,63403,65,71,0c06b88fd09cd514745b699e6b6a7e12901db8d3247e42b582feaf1f7e91c04a,55416c987a2d25f9177dd974307ae595761c1db31ecaa9d7561fb6c42d4d5e7c,00d1e59ce78baffbf9d24361ac8ba16a1d577b22cb193e15596627259190ed07,11f4fe862570895441036964a9b308e92c2ee6ba8a87b5da9009ffd5208a4bda,fbdcd5b6e3a6d5f55d972a1f19178b453d753e3f9b3878c8074c1972eb0f68bd,73fde5df7372404a0b4700981b612c0ded5a2c3d5edaa3fc88d4fa2626c440b0,8b03a143c11e1df85f7916627011f95b6c4d33edea7b81e530abbd2a0801498f,4a2a0bee89a87bae9c98e35a480606171d570ccaa743355fa0d3639d68fee213,055cda0b265c98e7fccad08c1d5772132c101ad342230c7ae609fcd6f818fcdb,6a72169db012cf8c12aeecde573275e23205363608e60d4cde616a681fa08fcc,4fb61a5f38588633d7f462b2ef852457b07882162f1d26cada21fc731ece59e2
joint,B1,2024-07-30,1064,69,110,1.5706349704608211,0.6729941286727633,-0.014705882352941176,999,918520952,0.001,63403,65,71,0c06b88fd09cd514745b699e6b6a7e12901db8d3247e42b582feaf1f7e91c04a,55416c987a2d25f9177dd974307ae595761c1db31ecaa9d7561fb6c42d4d5e7c,00d1e59ce78baffbf9d24361ac8ba16a1d577b22cb193e15596627259190ed07,11f4fe862570895441036964a9b308e92c2ee6ba8a87b5da9009ffd5208a4bda,fbdcd5b6e3a6d5f55d972a1f19178b453d753e3f9b3878c8074c1972eb0f68bd,73fde5df7372404a0b4700981b612c0ded5a2c3d5edaa3fc88d4fa2626c440b0,8b03a143c11e1df85f7916627011f95b6c4d33edea7b81e530abbd2a0801498f,4a2a0bee89a87bae9c98e35a480606171d570ccaa743355fa0d3639d68fee213,055cda0b265c98e7fccad08c1d5772132c101ad342230c7ae609fcd6f818fcdb,6a72169db012cf8c12aeecde573275e23205363608e60d4cde616a681fa08fcc,4fb61a5f38588633d7f462b2ef852457b07882162f1d26cada21fc731ece59e2
joint,B1,2024-08-07,849,67,104,5.154588008699226,0.5556347882145616,-0.015151515151515152,999,936754807,0.001,63403,65,71,0c06b88fd09cd514745b699e6b6a7e12901db8d3247e42b582feaf1f7e91c04a,55416c987a2d25f9177dd974307ae595761c1db31ecaa9d7561fb6c42d4d5e7c,00d1e59ce78baffbf9d24361ac8ba16a1d577b22cb193e15596627259190ed07,11f4fe862570895441036964a9b308e92c2ee6ba8a87b5da9009ffd5208a4bda,fbdcd5b6e3a6d5f55d972a1f19178b453d753e3f9b3878c8074c1972eb0f68bd,73fde5df7372404a0b4700981b612c0ded5a2c3d5edaa3fc88d4fa2626c440b0,8b03a143c11e1df85f7916627011f95b6c4d33edea7b81e530abbd2a0801498f,4a2a0bee89a87bae9c98e35a480606171d570ccaa743355fa0d3639d68fee213,055cda0b265c98e7fccad08c1d5772132c101ad342230c7ae609fcd6f818fcdb,6a72169db012cf8c12aeecde573275e23205363608e60d4cde616a681fa08fcc,4fb61a5f38588633d7f462b2ef852457b07882162f1d26cada21fc731ece59e2
joint,B1,2024-08-15,1083,71,114,2.121424008173499,0.7443188080886259,-0.014285714285714285,999,1888428259,0.001,63403,65,71,0c06b88fd09cd514745b699e6b6a7e12901db8d3247e42b582feaf1f7e91c04a,55416c987a2d25f9177dd974307ae595761c1db31ecaa9d7561fb6c42d4d5e7c,00d1e59ce78baffbf9d24361ac8ba16a1d577b22cb193e15596627259190ed07,11f4fe862570895441036964a9b308e92c2ee6ba8a87b5da9009ffd5208a4bda,fbdcd5b6e3a6d5f55d972a1f19178b453d753e3f9b3878c8074c1972eb0f68bd,73fde5df7372404a0b4700981b612c0ded5a2c3d5edaa3fc88d4fa2626c440b0,8b03a143c11e1df85f7916627011f95b6c4d33edea7b81e530abbd2a0801498f,4a2a0bee89a87bae9c98e35a480606171d570ccaa743355fa0d3639d68fee213,055cda0b265c98e7fccad08c1d5772132c101ad342230c7ae609fcd6f818fcdb,6a72169db012cf8c12aeecde573275e23205363608e60d4cde616a681fa08fcc,4fb61a5f38588633d7f462b2ef852457b07882162f1d26cada21fc731ece59e2
joint,B1,2024-08-23,1041,70,112,2.584443756195345,0.6176917433133198,-0.014492753623188406,999,3164969767,0.001,63403,65,71,0c06b88fd09cd514745b699e6b6a7e12901db8d3247e42b582feaf1f7e91c04a,55416c987a2d25f9177dd974307ae595761c1db31ecaa9d7561fb6c42d4d5e7c,00d1e59ce78baffbf9d24361ac8ba16a1d577b22cb193e15596627259190ed07,11f4fe862570895441036964a9b308e92c2ee6ba8a87b5da9009ffd5208a4bda,fbdcd5b6e3a6d5f55d972a1f19178b453d753e3f9b3878c8074c1972eb0f68bd,73fde5df7372404a0b4700981b612c0ded5a2c3d5edaa3fc88d4fa2626c440b0,8b03a143c11e1df85f7916627011f95b6c4d33edea7b81e530abbd2a0801498f,4a2a0bee89a87bae9c98e35a480606171d570ccaa743355fa0d3639d68fee213,055cda0b265c98e7fccad08c1d5772132c101ad342230c7ae609fcd6f818fcdb,6a72169db012cf8c12aeecde573275e23205363608e60d4cde616a681fa08fcc,4fb61a5f38588633d7f462b2ef852457b07882162f1d26cada21fc731ece59e2
joint,B1,2024-08-31,1048,66,106,0.5038377609053005,0.6129712628504664,-0.015384615384615385,999,2632734786,0.001,63403,65,71,0c06b88fd09cd514745b699e6b6a7e12901db8d3247e42b582feaf1f7e91c04a,55416c987a2d25f9177dd974307ae595761c1db31ecaa9d7561fb6c42d4d5e7c,00d1e59ce78baffbf9d24361ac8ba16a1d577b22cb193e15596627259190ed07,11f4fe862570895441036964a9b308e92c2ee6ba8a87b5da9009ffd5208a4bda,fbdcd5b6e3a6d5f55d972a1f19178b453d753e3f9b3878c8074c1972eb0f68bd,73fde5df7372404a0b4700981b612c0ded5a2c3d5edaa3fc88d4fa2626c440b0,8b03a143c11e1df85f7916627011f95b6c4d33edea7b81e530abbd2a0801498f,4a2a0bee89a87bae9c98e35a480606171d570ccaa743355fa0d3639d68fee213,055cda0b265c98e7fccad08c1d5772132c101ad342230c7ae609fcd6f818fcdb,6a72169db012cf8c12aeecde573275e23205363608e60d4cde616a681fa08fcc,4fb61a5f38588633d7f462b2ef852457b07882162f1d26cada21fc731ece59e2
joint,B1,2024-09-08,1087,71,114,-2.9839900194679503,0.6960820963331577,-0.014285714285714285,999,2128698500,0.001,63403,65,71,0c06b88fd09cd514745b699e6b6a7e12901db8d3247e42b582feaf1f7e91c04a,55416c987a2d25f9177dd974307ae595761c1db31ecaa9d7561fb6c42d4d5e7c,00d1e59ce78baffbf9d24361ac8ba16a1d577b22cb193e15596627259190ed07,11f4fe862570895441036964a9b308e92c2ee6ba8a87b5da9009ffd5208a4bda,fbdcd5b6e3a6d5f55d972a1f19178b453d753e3f9b3878c8074c1972eb0f68bd,73fde5df7372404a0b4700981b612c0ded5a2c3d5edaa3fc88d4fa2626c440b0,8b03a143c11e1df85f7916627011f95b6c4d33edea7b81e530abbd2a0801498f,4a2a0bee89a87bae9c98e35a480606171d570ccaa743355fa0d3639d68fee213,055cda0b265c98e7fccad08c1d5772132c101ad342230c7ae609fcd6f818fcdb,6a72169db012cf8c12aeecde573275e23205363608e60d4cde616a681fa08fcc,4fb61a5f38588633d7f462b2ef852457b07882162f1d26cada21fc731ece59e2
joint,B1,2024-09-24,641,50,73,5.303133537468433,0.6742401468227301,-0.02040816326530612,999,4230951647,0.001,63403,65,71,0c06b88fd09cd514745b699e6b6a7e12901db8d3247e42b582feaf1f7e91c04a,55416c987a2d25f9177dd974307ae595761c1db31ecaa9d7561fb6c42d4d5e7c,00d1e59ce78baffbf9d24361ac8ba16a1d577b22cb193e15596627259190ed07,11f4fe862570895441036964a9b308e92c2ee6ba8a87b5da9009ffd5208a4bda,fbdcd5b6e3a6d5f55d972a1f19178b453d753e3f9b3878c8074c1972eb0f68bd,73fde5df7372404a0b4700981b612c0ded5a2c3d5edaa3fc88d4fa2626c440b0,8b03a143c11e1df85f7916627011f95b6c4d33edea7b81e530abbd2a0801498f,4a2a0bee89a87bae9c98e35a480606171d570ccaa743355fa0d3639d68fee213,055cda0b265c98e7fccad08c1d5772132c101ad342230c7ae609fcd6f818fcdb,6a72169db012cf8c12aeecde573275e23205363608e60d4cde616a681fa08fcc,4fb61a5f38588633d7f462b2ef852457b07882162f1d26cada21fc731ece59e2
joint,B1,2024-10-02,1001,63,100,1.137029961445642,0.7634702690810968,-0.016129032258064516,999,4211339019,0.001,63403,65,71,0c06b88fd09cd514745b699e6b6a7e12901db8d3247e42b582feaf1f7e91c04a,55416c987a2d25f9177dd974307ae595761c1db31ecaa9d7561fb6c42d4d5e7c,00d1e59ce78baffbf9d24361ac8ba16a1d577b22cb193e15596627259190ed07,11f4fe862570895441036964a9b308e92c2ee6ba8a87b5da9009ffd5208a4bda,fbdcd5b6e3a6d5f55d972a1f19178b453d753e3f9b3878c8074c1972eb0f68bd,73fde5df7372404a0b4700981b612c0ded5a2c3d5edaa3fc88d4fa2626c440b0,8b03a143c11e1df85f7916627011f95b6c4d33edea7b81e530abbd2a0801498f,4a2a0bee89a87bae9c98e35a480606171d570ccaa743355fa0d3639d68fee213,055cda0b265c98e7fccad08c1d5772132c101ad342230c7ae609fcd6f818fcdb,6a72169db012cf8c12aeecde573275e23205363608e60d4cde616a681fa08fcc,4fb61a5f38588633d7f462b2ef852457b07882162f1d26cada21fc731ece59e2
joint,B1,2024-10-10,870,58,88,0.7554872431296751,0.7126930686672265,-0.017543859649122806,999,1770997722,0.001,63403,65,71,0c06b88fd09cd514745b699e6b6a7e12901db8d3247e42b582feaf1f7e91c04a,55416c987a2d25f9177dd974307ae595761c1db31ecaa9d7561fb6c42d4d5e7c,00d1e59ce78baffbf9d24361ac8ba16a1d577b22cb193e15596627259190ed07,11f4fe862570895441036964a9b308e92c2ee6ba8a87b5da9009ffd5208a4bda,fbdcd5b6e3a6d5f55d972a1f19178b453d753e3f9b3878c8074c1972eb0f68bd,73fde5df7372404a0b4700981b612c0ded5a2c3d5edaa3fc88d4fa2626c440b0,8b03a143c11e1df85f7916627011f95b6c4d33edea7b81e530abbd2a0801498f,4a2a0bee89a87bae9c98e35a480606171d570ccaa743355fa0d3639d68fee213,055cda0b265c98e7fccad08c1d5772132c101ad342230c7ae609fcd6f818fcdb,6a72169db012cf8c12aeecde573275e23205363608e60d4cde616a681fa08fcc,4fb61a5f38588633d7f462b2ef852457b07882162f1d26cada21fc731ece59e2
joint,B1,2024-10-18,1091,71,114,1.169233261184413,0.8118935820271194,-0.014285714285714285,999,1915022731,0.001,63403,65,71,0c06b88fd09cd514745b699e6b6a7e12901db8d3247e42b582feaf1f7e91c04a,55416c987a2d25f9177dd974307ae595761c1db31ecaa9d7561fb6c42d4d5e7c,00d1e59ce78baffbf9d24361ac8ba16a1d577b22cb193e15596627259190ed07,11f4fe862570895441036964a9b308e92c2ee6ba8a87b5da9009ffd5208a4bda,fbdcd5b6e3a6d5f55d972a1f19178b453d753e3f9b3878c8074c1972eb0f68bd,73fde5df7372404a0b4700981b612c0ded5a2c3d5edaa3fc88d4fa2626c440b0,8b03a143c11e1df85f7916627011f95b6c4d33edea7b81e530abbd2a0801498f,4a2a0bee89a87bae9c98e35a480606171d570ccaa743355fa0d3639d68fee213,055cda0b265c98e7fccad08c1d5772132c101ad342230c7ae609fcd6f818fcdb,6a72169db012cf8c12aeecde573275e23205363608e60d4cde616a681fa08fcc,4fb61a5f38588633d7f462b2ef852457b07882162f1d26cada21fc731ece59e2
joint,M2,2020-05-16,1061,69,109,-3.6139858337382944,0.5122390498916002,-0.014705882352941176,999,2566816180,0.001,63403,65,71,0c06b88fd09cd514745b699e6b6a7e12901db8d3247e42b582feaf1f7e91c04a,55416c987a2d25f9177dd974307ae595761c1db31ecaa9d7561fb6c42d4d5e7c,00d1e59ce78baffbf9d24361ac8ba16a1d577b22cb193e15596627259190ed07,11f4fe862570895441036964a9b308e92c2ee6ba8a87b5da9009ffd5208a4bda,fbdcd5b6e3a6d5f55d972a1f19178b453d753e3f9b3878c8074c1972eb0f68bd,73fde5df7372404a0b4700981b612c0ded5a2c3d5edaa3fc88d4fa2626c440b0,8b03a143c11e1df85f7916627011f95b6c4d33edea7b81e530abbd2a0801498f,4a2a0bee89a87bae9c98e35a480606171d570ccaa743355fa0d3639d68fee213,055cda0b265c98e7fccad08c1d5772132c101ad342230c7ae609fcd6f818fcdb,6a72169db012cf8c12aeecde573275e23205363608e60d4cde616a681fa08fcc,4fb61a5f38588633d7f462b2ef852457b07882162f1d26cada21fc731ece59e2
joint,M2,2020-07-03,1073,70,112,-1.3342426345156133,0.508288693687245,-0.014492753623188406,999,3531951407,0.001,63403,65,71,0c06b88fd09cd514745b699e6b6a7e12901db8d3247e42b582feaf1f7e91c04a,55416c987a2d25f9177dd974307ae595761c1db31ecaa9d7561fb6c42d4d5e7c,00d1e59ce78baffbf9d24361ac8ba16a1d577b22cb193e15596627259190ed07,11f4fe862570895441036964a9b308e92c2ee6ba8a87b5da9009ffd5208a4bda,fbdcd5b6e3a6d5f55d972a1f19178b453d753e3f9b3878c8074c1972eb0f68bd,73fde5df7372404a0b4700981b612c0ded5a2c3d5edaa3fc88d4fa2626c440b0,8b03a143c11e1df85f7916627011f95b6c4d33edea7b81e530abbd2a0801498f,4a2a0bee89a87bae9c98e35a480606171d570ccaa743355fa0d3639d68fee213,055cda0b265c98e7fccad08c1d5772132c101ad342230c7ae609fcd6f818fcdb,6a72169db012cf8c12aeecde573275e23205363608e60d4cde616a681fa08fcc,4fb61a5f38588633d7f462b2ef852457b07882162f1d26cada21fc731ece59e2
joint,M2,2020-07-19,1050,68,108,0.2440441143205377,0.45229688600745593,-0.014925373134328358,999,288805800,0.001,63403,65,71,0c06b88fd09cd514745b699e6b6a7e12901db8d3247e42b582feaf1f7e91c04a,55416c987a2d25f9177dd974307ae595761c1db31ecaa9d7561fb6c42d4d5e7c,00d1e59ce78baffbf9d24361ac8ba16a1d577b22cb193e15596627259190ed07,11f4fe862570895441036964a9b308e92c2ee6ba8a87b5da9009ffd5208a4bda,fbdcd5b6e3a6d5f55d972a1f19178b453d753e3f9b3878c8074c1972eb0f68bd,73fde5df7372404a0b4700981b612c0ded5a2c3d5edaa3fc88d4fa2626c440b0,8b03a143c11e1df85f7916627011f95b6c4d33edea7b81e530abbd2a0801498f,4a2a0bee89a87bae9c98e35a480606171d570ccaa743355fa0d3639d68fee213,055cda0b265c98e7fccad08c1d5772132c101ad342230c7ae609fcd6f818fcdb,6a72169db012cf8c12aeecde573275e23205363608e60d4cde616a681fa08fcc,4fb61a5f38588633d7f462b2ef852457b07882162f1d26cada21fc731ece59e2
joint,M2,2020-08-20,1080,71,114,0.9848643384455902,0.6228620330743326,-0.014285714285714285,999,1330780583,0.001,63403,65,71,0c06b88fd09cd514745b699e6b6a7e12901db8d3247e42b582feaf1f7e91c04a,55416c987a2d25f9177dd974307ae595761c1db31ecaa9d7561fb6c42d4d5e7c,00d1e59ce78baffbf9d24361ac8ba16a1d577b22cb193e15596627259190ed07,11f4fe862570895441036964a9b308e92c2ee6ba8a87b5da9009ffd5208a4bda,fbdcd5b6e3a6d5f55d972a1f19178b453d753e3f9b3878c8074c1972eb0f68bd,73fde5df7372404a0b4700981b612c0ded5a2c3d5edaa3fc88d4fa2626c440b0,8b03a143c11e1df85f7916627011f95b6c4d33edea7b81e530abbd2a0801498f,4a2a0bee89a87bae9c98e35a480606171d570ccaa743355fa0d3639d68fee213,055cda0b265c98e7fccad08c1d5772132c101ad342230c7ae609fcd6f818fcdb,6a72169db012cf8c12aeecde573275e23205363608e60d4cde616a681fa08fcc,4fb61a5f38588633d7f462b2ef852457b07882162f1d26cada21fc731ece59e2
joint,M2,2020-09-05,1086,71,114,-6.394889284383133,0.6026294353480681,-0.014285714285714285,999,4151059897,0.001,63403,65,71,0c06b88fd09cd514745b699e6b6a7e12901db8d3247e42b582feaf1f7e91c04a,55416c987a2d25f9177dd974307ae595761c1db31ecaa9d7561fb6c42d4d5e7c,00d1e59ce78baffbf9d24361ac8ba16a1d577b22cb193e15596627259190ed07,11f4fe862570895441036964a9b308e92c2ee6ba8a87b5da9009ffd5208a4bda,fbdcd5b6e3a6d5f55d972a1f19178b453d753e3f9b3878c8074c1972eb0f68bd,73fde5df7372404a0b4700981b612c0ded5a2c3d5edaa3fc88d4fa2626c440b0,8b03a143c11e1df85f7916627011f95b6c4d33edea7b81e530abbd2a0801498f,4a2a0bee89a87bae9c98e35a480606171d570ccaa743355fa0d3639d68fee213,055cda0b265c98e7fccad08c1d5772132c101ad342230c7ae609fcd6f818fcdb,6a72169db012cf8c12aeecde573275e23205363608e60d4cde616a681fa08fcc,4fb61a5f38588633d7f462b2ef852457b07882162f1d26cada21fc731ece59e2
joint,M2,2020-09-21,1007,65,100,0.7859792696425162,0.5640257077912132,-0.015625,999,1652667793,0.001,63403,65,71,0c06b88fd09cd514745b699e6b6a7e12901db8d3247e42b582feaf1f7e91c04a,55416c987a2d25f9177dd974307ae595761c1db31ecaa9d7561fb6c42d4d5e7c,00d1e59ce78baffbf9d24361ac8ba16a1d577b22cb193e15596627259190ed07,11f4fe862570895441036964a9b308e92c2ee6ba8a87b5da9009ffd5208a4bda,fbdcd5b6e3a6d5f55d972a1f19178b453d753e3f9b3878c8074c1972eb0f68bd,73fde5df7372404a0b4700981b612c0ded5a2c3d5edaa3fc88d4fa2626c440b0,8b03a143c11e1df85f7916627011f95b6c4d33edea7b81e530abbd2a0801498f,4a2a0bee89a87bae9c98e35a480606171d570ccaa743355fa0d3639d68fee213,055cda0b265c98e7fccad08c1d5772132c101ad342230c7ae609fcd6f818fcdb,6a72169db012cf8c12aeecde573275e23205363608e60d4cde616a681fa08fcc,4fb61a5f38588633d7f462b2ef852457b07882162f1d26cada21fc731ece59e2
joint,M2,2020-10-07,967,66,105,0.926519692089616,0.7629732695800726,-0.015384615384615385,999,3523041565,0.001,63403,65,71,0c06b88fd09cd514745b699e6b6a7e12901db8d3247e42b582feaf1f7e91c04a,55416c987a2d25f9177dd974307ae595761c1db31ecaa9d7561fb6c42d4d5e7c,00d1e59ce78baffbf9d24361ac8ba16a1d577b22cb193e15596627259190ed07,11f4fe862570895441036964a9b308e92c2ee6ba8a87b5da9009ffd5208a4bda,fbdcd5b6e3a6d5f55d972a1f19178b453d753e3f9b3878c8074c1972eb0f68bd,73fde5df7372404a0b4700981b612c0ded5a2c3d5edaa3fc88d4fa2626c440b0,8b03a143c11e1df85f7916627011f95b6c4d33edea7b81e530abbd2a0801498f,4a2a0bee89a87bae9c98e35a480606171d570ccaa743355fa0d3639d68fee213,055cda0b265c98e7fccad08c1d5772132c101ad342230c7ae609fcd6f818fcdb,6a72169db012cf8c12aeecde573275e23205363608e60d4cde616a681fa08fcc,4fb61a5f38588633d7f462b2ef852457b07882162f1d26cada21fc731ece59e2
joint,M2,2021-05-03,1019,64,99,-0.87394994435487,0.6717075880347638,-0.015873015873015872,999,2185191156,0.001,63403,65,71,0c06b88fd09cd514745b699e6b6a7e12901db8d3247e42b582feaf1f7e91c04a,55416c987a2d25f9177dd974307ae595761c1db31ecaa9d7561fb6c42d4d5e7c,00d1e59ce78baffbf9d24361ac8ba16a1d577b22cb193e15596627259190ed07,11f4fe862570895441036964a9b308e92c2ee6ba8a87b5da9009ffd5208a4bda,fbdcd5b6e3a6d5f55d972a1f19178b453d753e3f9b3878c8074c1972eb0f68bd,73fde5df7372404a0b4700981b612c0ded5a2c3d5edaa3fc88d4fa2626c440b0,8b03a143c11e1df85f7916627011f95b6c4d33edea7b81e530abbd2a0801498f,4a2a0bee89a87bae9c98e35a480606171d570ccaa743355fa0d3639d68fee213,055cda0b265c98e7fccad08c1d5772132c101ad342230c7ae609fcd6f818fcdb,6a72169db012cf8c12aeecde573275e23205363608e60d4cde616a681fa08fcc,4fb61a5f38588633d7f462b2ef852457b07882162f1d26cada21fc731ece59e2
joint,M2,2021-06-04,953,61,94,1.5846289813575551,0.630455554437484,-0.016666666666666666,999,1704335213,0.001,63403,65,71,0c06b88fd09cd514745b699e6b6a7e12901db8d3247e42b582feaf1f7e91c04a,55416c987a2d25f9177dd974307ae595761c1db31ecaa9d7561fb6c42d4d5e7c,00d1e59ce78baffbf9d24361ac8ba16a1d577b22cb193e15596627259190ed07,11f4fe862570895441036964a9b308e92c2ee6ba8a87b5da9009ffd5208a4bda,fbdcd5b6e3a6d5f55d972a1f19178b453d753e3f9b3878c8074c1972eb0f68bd,73fde5df7372404a0b4700981b612c0ded5a2c3d5edaa3fc88d4fa2626c440b0,8b03a143c11e1df85f7916627011f95b6c4d33edea7b81e530abbd2a0801498f,4a2a0bee89a87bae9c98e35a480606171d570ccaa743355fa0d3639d68fee213,055cda0b265c98e7fccad08c1d5772132c101ad342230c7ae609fcd6f818fcdb,6a72169db012cf8c12aeecde573275e23205363608e60d4cde616a681fa08fcc,4fb61a5f38588633d7f462b2ef852457b07882162f1d26cada21fc731ece59e2
joint,M2,2021-06-20,993,62,98,0.41562494883191203,0.7012745727798322,-0.01639344262295082,999,706583800,0.001,63403,65,71,0c06b88fd09cd514745b699e6b6a7e12901db8d3247e42b582feaf1f7e91c04a,55416c987a2d25f9177dd974307ae595761c1db31ecaa9d7561fb6c42d4d5e7c,00d1e59ce78baffbf9d24361ac8ba16a1d577b22cb193e15596627259190ed07,11f4fe862570895441036964a9b308e92c2ee6ba8a87b5da9009ffd5208a4bda,fbdcd5b6e3a6d5f55d972a1f19178b453d753e3f9b3878c8074c1972eb0f68bd,73fde5df7372404a0b4700981b612c0ded5a2c3d5edaa3fc88d4fa2626c440b0,8b03a143c11e1df85f7916627011f95b6c4d33edea7b81e530abbd2a0801498f,4a2a0bee89a87bae9c98e35a480606171d570ccaa743355fa0d3639d68fee213,055cda0b265c98e7fccad08c1d5772132c101ad342230c7ae609fcd6f818fcdb,6a72169db012cf8c12aeecde573275e23205363608e60d4cde616a681fa08fcc,4fb61a5f38588633d7f462b2ef852457b07882162f1d26cada21fc731ece59e2
joint,M2,2021-07-06,1068,66,105,0.3719417286063899,0.5462853158044565,-0.015384615384615385,999,3920377152,0.001,63403,65,71,0c06b88fd09cd514745b699e6b6a7e12901db8d3247e42b582feaf1f7e91c04a,55416c987a2d25f9177dd974307ae595761c1db31ecaa9d7561fb6c42d4d5e7c,00d1e59ce78baffbf9d24361ac8ba16a1d577b22cb193e15596627259190ed07,11f4fe862570895441036964a9b308e92c2ee6ba8a87b5da9009ffd5208a4bda,fbdcd5b6e3a6d5f55d972a1f19178b453d753e3f9b3878c8074c1972eb0f68bd,73fde5df7372404a0b4700981b612c0ded5a2c3d5edaa3fc88d4fa2626c440b0,8b03a143c11e1df85f7916627011f95b6c4d33edea7b81e530abbd2a0801498f,4a2a0bee89a87bae9c98e35a480606171d570ccaa743355fa0d3639d68fee213,055cda0b265c98e7fccad08c1d5772132c101ad342230c7ae609fcd6f818fcdb,6a72169db012cf8c12aeecde573275e23205363608e60d4cde616a681fa08fcc,4fb61a5f38588633d7f462b2ef852457b07882162f1d26cada21fc731ece59e2
joint,M2,2021-08-07,1064,69,111,0.16130660339734787,0.578831760321751,-0.014705882352941176,999,3419197541,0.001,63403,65,71,0c06b88fd09cd514745b699e6b6a7e12901db8d3247e42b582feaf1f7e91c04a,55416c987a2d25f9177dd974307ae595761c1db31ecaa9d7561fb6c42d4d5e7c,00d1e59ce78baffbf9d24361ac8ba16a1d577b22cb193e15596627259190ed07,11f4fe862570895441036964a9b308e92c2ee6ba8a87b5da9009ffd5208a4bda,fbdcd5b6e3a6d5f55d972a1f19178b453d753e3f9b3878c8074c1972eb0f68bd,73fde5df7372404a0b4700981b612c0ded5a2c3d5edaa3fc88d4fa2626c440b0,8b03a143c11e1df85f7916627011f95b6c4d33edea7b81e530abbd2a0801498f,4a2a0bee89a87bae9c98e35a480606171d570ccaa743355fa0d3639d68fee213,055cda0b265c98e7fccad08c1d5772132c101ad342230c7ae609fcd6f818fcdb,6a72169db012cf8c12aeecde573275e23205363608e60d4cde616a681fa08fcc,4fb61a5f38588633d7f462b2ef852457b07882162f1d26cada21fc731ece59e2
joint,M2,2021-09-08,1020,65,104,5.6758226449120945,0.6533521053778298,-0.015625,999,3641528153,0.001,63403,65,71,0c06b88fd09cd514745b699e6b6a7e12901db8d3247e42b582feaf1f7e91c04a,55416c987a2d25f9177dd974307ae595761c1db31ecaa9d7561fb6c42d4d5e7c,00d1e59ce78baffbf9d24361ac8ba16a1d577b22cb193e15596627259190ed07,11f4fe862570895441036964a9b308e92c2ee6ba8a87b5da9009ffd5208a4bda,fbdcd5b6e3a6d5f55d972a1f19178b453d753e3f9b3878c8074c1972eb0f68bd,73fde5df7372404a0b4700981b612c0ded5a2c3d5edaa3fc88d4fa2626c440b0,8b03a143c11e1df85f7916627011f95b6c4d33edea7b81e530abbd2a0801498f,4a2a0bee89a87bae9c98e35a480606171d570ccaa743355fa0d3639d68fee213,055cda0b265c98e7fccad08c1d5772132c101ad342230c7ae609fcd6f818fcdb,6a72169db012cf8c12aeecde573275e23205363608e60d4cde616a681fa08fcc,4fb61a5f38588633d7f462b2ef852457b07882162f1d26cada21fc731ece59e2
joint,M2,2021-09-24,822,59,89,0.9096491957866931,0.535822844626256,-0.017241379310344827,999,4037069526,0.001,63403,65,71,0c06b88fd09cd514745b699e6b6a7e12901db8d3247e42b582feaf1f7e91c04a,55416c987a2d25f9177dd974307ae595761c1db31ecaa9d7561fb6c42d4d5e7c,00d1e59ce78baffbf9d24361ac8ba16a1d577b22cb193e15596627259190ed07,11f4fe862570895441036964a9b308e92c2ee6ba8a87b5da9009ffd5208a4bda,fbdcd5b6e3a6d5f55d972a1f19178b453d753e3f9b3878c8074c1972eb0f68bd,73fde5df7372404a0b4700981b612c0ded5a2c3d5edaa3fc88d4fa2626c440b0,8b03a143c11e1df85f7916627011f95b6c4d33edea7b81e530abbd2a0801498f,4a2a0bee89a87bae9c98e35a480606171d570ccaa743355fa0d3639d68fee213,055cda0b265c98e7fccad08c1d5772132c101ad342230c7ae609fcd6f818fcdb,6a72169db012cf8c12aeecde573275e23205363608e60d4cde616a681fa08fcc,4fb61a5f38588633d7f462b2ef852457b07882162f1d26cada21fc731ece59e2
joint,M2,2021-10-10,905,65,103,-1.6567867028805239,0.5342524452275835,-0.015625,999,254132984,0.001,63403,65,71,0c06b88fd09cd514745b699e6b6a7e12901db8d3247e42b582feaf1f7e91c04a,55416c987a2d25f9177dd974307ae595761c1db31ecaa9d7561fb6c42d4d5e7c,00d1e59ce78baffbf9d24361ac8ba16a1d577b22cb193e15596627259190ed07,11f4fe862570895441036964a9b308e92c2ee6ba8a87b5da9009ffd5208a4bda,fbdcd5b6e3a6d5f55d972a1f19178b453d753e3f9b3878c8074c1972eb0f68bd,73fde5df7372404a0b4700981b612c0ded5a2c3d5edaa3fc88d4fa2626c440b0,8b03a143c11e1df85f7916627011f95b6c4d33edea7b81e530abbd2a0801498f,4a2a0bee89a87bae9c98e35a480606171d570ccaa743355fa0d3639d68fee213,055cda0b265c98e7fccad08c1d5772132c101ad342230c7ae609fcd6f818fcdb,6a72169db012cf8c12aeecde573275e23205363608e60d4cde616a681fa08fcc,4fb61a5f38588633d7f462b2ef852457b07882162f1d26cada21fc731ece59e2
joint,M2,2021-10-26,1094,71,114,3.3301817057011864,0.551077676433999,-0.014285714285714285,999,2208673222,0.001,63403,65,71,0c06b88fd09cd514745b699e6b6a7e12901db8d3247e42b582feaf1f7e91c04a,55416c987a2d25f9177dd974307ae595761c1db31ecaa9d7561fb6c42d4d5e7c,00d1e59ce78baffbf9d24361ac8ba16a1d577b22cb193e15596627259190ed07,11f4fe862570895441036964a9b308e92c2ee6ba8a87b5da9009ffd5208a4bda,fbdcd5b6e3a6d5f55d972a1f19178b453d753e3f9b3878c8074c1972eb0f68bd,73fde5df7372404a0b4700981b612c0ded5a2c3d5edaa3fc88d4fa2626c440b0,8b03a143c11e1df85f7916627011f95b6c4d33edea7b81e530abbd2a0801498f,4a2a0bee89a87bae9c98e35a480606171d570ccaa743355fa0d3639d68fee213,055cda0b265c98e7fccad08c1d5772132c101ad342230c7ae609fcd6f818fcdb,6a72169db012cf8c12aeecde573275e23205363608e60d4cde616a681fa08fcc,4fb61a5f38588633d7f462b2ef852457b07882162f1d26cada21fc731ece59e2
joint,M2,2022-05-06,978,62,98,0.7412950452611987,0.4147335095348997,-0.01639344262295082,999,1097453802,0.001,63403,65,71,0c06b88fd09cd514745b699e6b6a7e12901db8d3247e42b582feaf1f7e91c04a,55416c987a2d25f9177dd974307ae595761c1db31ecaa9d7561fb6c42d4d5e7c,00d1e59ce78baffbf9d24361ac8ba16a1d577b22cb193e15596627259190ed07,11f4fe862570895441036964a9b308e92c2ee6ba8a87b5da9009ffd5208a4bda,fbdcd5b6e3a6d5f55d972a1f19178b453d753e3f9b3878c8074c1972eb0f68bd,73fde5df7372404a0b4700981b612c0ded5a2c3d5edaa3fc88d4fa2626c440b0,8b03a143c11e1df85f7916627011f95b6c4d33edea7b81e530abbd2a0801498f,4a2a0bee89a87bae9c98e35a480606171d570ccaa743355fa0d3639d68fee213,055cda0b265c98e7fccad08c1d5772132c101ad342230c7ae609fcd6f818fcdb,6a72169db012cf8c12aeecde573275e23205363608e60d4cde616a681fa08fcc,4fb61a5f38588633d7f462b2ef852457b07882162f1d26cada21fc731ece59e2
joint,M2,2022-05-14,989,69,110,-3.121851651583991,0.6415556541475496,-0.014705882352941176,999,1022174235,0.001,63403,65,71,0c06b88fd09cd514745b699e6b6a7e12901db8d3247e42b582feaf1f7e91c04a,55416c987a2d25f9177dd974307ae595761c1db31ecaa9d7561fb6c42d4d5e7c,00d1e59ce78baffbf9d24361ac8ba16a1d577b22cb193e15596627259190ed07,11f4fe862570895441036964a9b308e92c2ee6ba8a87b5da9009ffd5208a4bda,fbdcd5b6e3a6d5f55d972a1f19178b453d753e3f9b3878c8074c1972eb0f68bd,73fde5df7372404a0b4700981b612c0ded5a2c3d5edaa3fc88d4fa2626c440b0,8b03a143c11e1df85f7916627011f95b6c4d33edea7b81e530abbd2a0801498f,4a2a0bee89a87bae9c98e35a480606171d570ccaa743355fa0d3639d68fee213,055cda0b265c98e7fccad08c1d5772132c101ad342230c7ae609fcd6f818fcdb,6a72169db012cf8c12aeecde573275e23205363608e60d4cde616a681fa08fcc,4fb61a5f38588633d7f462b2ef852457b07882162f1d26cada21fc731ece59e2
joint,M2,2022-05-22,818,58,86,0.20231593483246943,0.7756997422099272,-0.017543859649122806,999,1431725349,0.001,63403,65,71,0c06b88fd09cd514745b699e6b6a7e12901db8d3247e42b582feaf1f7e91c04a,55416c987a2d25f9177dd974307ae595761c1db31ecaa9d7561fb6c42d4d5e7c,00d1e59ce78baffbf9d24361ac8ba16a1d577b22cb193e15596627259190ed07,11f4fe862570895441036964a9b308e92c2ee6ba8a87b5da9009ffd5208a4bda,fbdcd5b6e3a6d5f55d972a1f19178b453d753e3f9b3878c8074c1972eb0f68bd,73fde5df7372404a0b4700981b612c0ded5a2c3d5edaa3fc88d4fa2626c440b0,8b03a143c11e1df85f7916627011f95b6c4d33edea7b81e530abbd2a0801498f,4a2a0bee89a87bae9c98e35a480606171d570ccaa743355fa0d3639d68fee213,055cda0b265c98e7fccad08c1d5772132c101ad342230c7ae609fcd6f818fcdb,6a72169db012cf8c12aeecde573275e23205363608e60d4cde616a681fa08fcc,4fb61a5f38588633d7f462b2ef852457b07882162f1d26cada21fc731ece59e2
joint,M2,2022-05-30,1055,67,103,-0.6195701678029606,0.2942687794728751,-0.015151515151515152,999,386885690,0.001,63403,65,71,0c06b88fd09cd514745b699e6b6a7e12901db8d3247e42b582feaf1f7e91c04a,55416c987a2d25f9177dd974307ae595761c1db31ecaa9d7561fb6c42d4d5e7c,00d1e59ce78baffbf9d24361ac8ba16a1d577b22cb193e15596627259190ed07,11f4fe862570895441036964a9b308e92c2ee6ba8a87b5da9009ffd5208a4bda,fbdcd5b6e3a6d5f55d972a1f19178b453d753e3f9b3878c8074c1972eb0f68bd,73fde5df7372404a0b4700981b612c0ded5a2c3d5edaa3fc88d4fa2626c440b0,8b03a143c11e1df85f7916627011f95b6c4d33edea7b81e530abbd2a0801498f,4a2a0bee89a87bae9c98e35a480606171d570ccaa743355fa0d3639d68fee213,055cda0b265c98e7fccad08c1d5772132c101ad342230c7ae609fcd6f818fcdb,6a72169db012cf8c12aeecde573275e23205363608e60d4cde616a681fa08fcc,4fb61a5f38588633d7f462b2ef852457b07882162f1d26cada21fc731ece59e2
joint,M2,2022-06-07,967,61,97,-0.9530697522942069,0.3687751318762764,-0.016666666666666666,999,1403963193,0.002,63403,65,71,0c06b88fd09cd514745b699e6b6a7e12901db8d3247e42b582feaf1f7e91c04a,55416c987a2d25f9177dd974307ae595761c1db31ecaa9d7561fb6c42d4d5e7c,00d1e59ce78baffbf9d24361ac8ba16a1d577b22cb193e15596627259190ed07,11f4fe862570895441036964a9b308e92c2ee6ba8a87b5da9009ffd5208a4bda,fbdcd5b6e3a6d5f55d972a1f19178b453d753e3f9b3878c8074c1972eb0f68bd,73fde5df7372404a0b4700981b612c0ded5a2c3d5edaa3fc88d4fa2626c440b0,8b03a143c11e1df85f7916627011f95b6c4d33edea7b81e530abbd2a0801498f,4a2a0bee89a87bae9c98e35a480606171d570ccaa743355fa0d3639d68fee213,055cda0b265c98e7fccad08c1d5772132c101ad342230c7ae609fcd6f818fcdb,6a72169db012cf8c12aeecde573275e23205363608e60d4cde616a681fa08fcc,4fb61a5f38588633d7f462b2ef852457b07882162f1d26cada21fc731ece59e2
joint,M2,2022-06-15,1067,69,111,0.4055958941942631,0.49989094355739194,-0.014705882352941176,999,2001001643,0.001,63403,65,71,0c06b88fd09cd514745b699e6b6a7e12901db8d3247e42b582feaf1f7e91c04a,55416c987a2d25f9177dd974307ae595761c1db31ecaa9d7561fb6c42d4d5e7c,00d1e59ce78baffbf9d24361ac8ba16a1d577b22cb193e15596627259190ed07,11f4fe862570895441036964a9b308e92c2ee6ba8a87b5da9009ffd5208a4bda,fbdcd5b6e3a6d5f55d972a1f19178b453d753e3f9b3878c8074c1972eb0f68bd,73fde5df7372404a0b4700981b612c0ded5a2c3d5edaa3fc88d4fa2626c440b0,8b03a143c11e1df85f7916627011f95b6c4d33edea7b81e530abbd2a0801498f,4a2a0bee89a87bae9c98e35a480606171d570ccaa743355fa0d3639d68fee213,055cda0b265c98e7fccad08c1d5772132c101ad342230c7ae609fcd6f818fcdb,6a72169db012cf8c12aeecde573275e23205363608e60d4cde616a681fa08fcc,4fb61a5f38588633d7f462b2ef852457b07882162f1d26cada21fc731ece59e2
joint,M2,2022-06-23,1059,69,110,-1.1125906662365956,0.7239702058235329,-0.014705882352941176,999,3768135587,0.001,63403,65,71,0c06b88fd09cd514745b699e6b6a7e12901db8d3247e42b582feaf1f7e91c04a,55416c987a2d25f9177dd974307ae595761c1db31ecaa9d7561fb6c42d4d5e7c,00d1e59ce78baffbf9d24361ac8ba16a1d577b22cb193e15596627259190ed07,11f4fe862570895441036964a9b308e92c2ee6ba8a87b5da9009ffd5208a4bda,fbdcd5b6e3a6d5f55d972a1f19178b453d753e3f9b3878c8074c1972eb0f68bd,73fde5df7372404a0b4700981b612c0ded5a2c3d5edaa3fc88d4fa2626c440b0,8b03a143c11e1df85f7916627011f95b6c4d33edea7b81e530abbd2a0801498f,4a2a0bee89a87bae9c98e35a480606171d570ccaa743355fa0d3639d68fee213,055cda0b265c98e7fccad08c1d5772132c101ad342230c7ae609fcd6f818fcdb,6a72169db012cf8c12aeecde573275e23205363608e60d4cde616a681fa08fcc,4fb61a5f38588633d7f462b2ef852457b07882162f1d26cada21fc731ece59e2
joint,M2,2022-07-01,1072,70,112,-1.2822319854449784,0.4596045417404116,-0.014492753623188406,999,620104846,0.001,63403,65,71,0c06b88fd09cd514745b699e6b6a7e12901db8d3247e42b582feaf1f7e91c04a,55416c987a2d25f9177dd974307ae595761c1db31ecaa9d7561fb6c42d4d5e7c,00d1e59ce78baffbf9d24361ac8ba16a1d577b22cb193e15596627259190ed07,11f4fe862570895441036964a9b308e92c2ee6ba8a87b5da9009ffd5208a4bda,fbdcd5b6e3a6d5f55d972a1f19178b453d753e3f9b3878c8074c1972eb0f68bd,73fde5df7372404a0b4700981b612c0ded5a2c3d5edaa3fc88d4fa2626c440b0,8b03a143c11e1df85f7916627011f95b6c4d33edea7b81e530abbd2a0801498f,4a2a0bee89a87bae9c98e35a480606171d570ccaa743355fa0d3639d68fee213,055cda0b265c98e7fccad08c1d5772132c101ad342230c7ae609fcd6f818fcdb,6a72169db012cf8c12aeecde573275e23205363608e60d4cde616a681fa08fcc,4fb61a5f38588633d7f462b2ef852457b07882162f1d26cada21fc731ece59e2
joint,M2,2022-07-09,1050,67,107,-0.030714782946765162,0.7012848918039648,-0.015151515151515152,999,1303243432,0.001,63403,65,71,0c06b88fd09cd514745b699e6b6a7e12901db8d3247e42b582feaf1f7e91c04a,55416c987a2d25f9177dd974307ae595761c1db31ecaa9d7561fb6c42d4d5e7c,00d1e59ce78baffbf9d24361ac8ba16a1d577b22cb193e15596627259190ed07,11f4fe862570895441036964a9b308e92c2ee6ba8a87b5da9009ffd5208a4bda,fbdcd5b6e3a6d5f55d972a1f19178b453d753e3f9b3878c8074c1972eb0f68bd,73fde5df7372404a0b4700981b612c0ded5a2c3d5edaa3fc88d4fa2626c440b0,8b03a143c11e1df85f7916627011f95b6c4d33edea7b81e530abbd2a0801498f,4a2a0bee89a87bae9c98e35a480606171d570ccaa743355fa0d3639d68fee213,055cda0b265c98e7fccad08c1d5772132c101ad342230c7ae609fcd6f818fcdb,6a72169db012cf8c12aeecde573275e23205363608e60d4cde616a681fa08fcc,4fb61a5f38588633d7f462b2ef852457b07882162f1d26cada21fc731ece59e2
joint,M2,2022-07-17,1008,69,111,-5.362708446685757,0.6388676975749221,-0.014705882352941176,999,2775041213,0.001,63403,65,71,0c06b88fd09cd514745b699e6b6a7e12901db8d3247e42b582feaf1f7e91c04a,55416c987a2d25f9177dd974307ae595761c1db31ecaa9d7561fb6c42d4d5e7c,00d1e59ce78baffbf9d24361ac8ba16a1d577b22cb193e15596627259190ed07,11f4fe862570895441036964a9b308e92c2ee6ba8a87b5da9009ffd5208a4bda,fbdcd5b6e3a6d5f55d972a1f19178b453d753e3f9b3878c8074c1972eb0f68bd,73fde5df7372404a0b4700981b612c0ded5a2c3d5edaa3fc88d4fa2626c440b0,8b03a143c11e1df85f7916627011f95b6c4d33edea7b81e530abbd2a0801498f,4a2a0bee89a87bae9c98e35a480606171d570ccaa743355fa0d3639d68fee213,055cda0b265c98e7fccad08c1d5772132c101ad342230c7ae609fcd6f818fcdb,6a72169db012cf8c12aeecde573275e23205363608e60d4cde616a681fa08fcc,4fb61a5f38588633d7f462b2ef852457b07882162f1d26cada21fc731ece59e2
joint,M2,2022-07-25,1054,68,109,1.4844644377623184,0.3572126885943653,-0.014925373134328358,999,4265804676,0.001,63403,65,71,0c06b88fd09cd514745b699e6b6a7e12901db8d3247e42b582feaf1f7e91c04a,55416c987a2d25f9177dd974307ae595761c1db31ecaa9d7561fb6c42d4d5e7c,00d1e59ce78baffbf9d24361ac8ba16a1d577b22cb193e15596627259190ed07,11f4fe862570895441036964a9b308e92c2ee6ba8a87b5da9009ffd5208a4bda,fbdcd5b6e3a6d5f55d972a1f19178b453d753e3f9b3878c8074c1972eb0f68bd,73fde5df7372404a0b4700981b612c0ded5a2c3d5edaa3fc88d4fa2626c440b0,8b03a143c11e1df85f7916627011f95b6c4d33edea7b81e530abbd2a0801498f,4a2a0bee89a87bae9c98e35a480606171d570ccaa743355fa0d3639d68fee213,055cda0b265c98e7fccad08c1d5772132c101ad342230c7ae609fcd6f818fcdb,6a72169db012cf8c12aeecde573275e23205363608e60d4cde616a681fa08fcc,4fb61a5f38588633d7f462b2ef852457b07882162f1d26cada21fc731ece59e2
joint,M2,2022-08-02,1026,67,107,-1.0202988370324797,0.8083044543429263,-0.015151515151515152,999,1011083064,0.001,63403,65,71,0c06b88fd09cd514745b699e6b6a7e12901db8d3247e42b582feaf1f7e91c04a,55416c987a2d25f9177dd974307ae595761c1db31ecaa9d7561fb6c42d4d5e7c,00d1e59ce78baffbf9d24361ac8ba16a1d577b22cb193e15596627259190ed07,11f4fe862570895441036964a9b308e92c2ee6ba8a87b5da9009ffd5208a4bda,fbdcd5b6e3a6d5f55d972a1f19178b453d753e3f9b3878c8074c1972eb0f68bd,73fde5df7372404a0b4700981b612c0ded5a2c3d5edaa3fc88d4fa2626c440b0,8b03a143c11e1df85f7916627011f95b6c4d33edea7b81e530abbd2a0801498f,4a2a0bee89a87bae9c98e35a480606171d570ccaa743355fa0d3639d68fee213,055cda0b265c98e7fccad08c1d5772132c101ad342230c7ae609fcd6f818fcdb,6a72169db012cf8c12aeecde573275e23205363608e60d4cde616a681fa08fcc,4fb61a5f38588633d7f462b2ef852457b07882162f1d26cada21fc731ece59e2
joint,M2,2022-08-18,1034,66,105,-0.7798485675398045,0.7542944033017251,-0.015384615384615385,999,673589887,0.001,63403,65,71,0c06b88fd09cd514745b699e6b6a7e12901db8d3247e42b582feaf1f7e91c04a,55416c987a2d25f9177dd974307ae595761c1db31ecaa9d7561fb6c42d4d5e7c,00d1e59ce78baffbf9d24361ac8ba16a1d577b22cb193e15596627259190ed07,11f4fe862570895441036964a9b308e92c2ee6ba8a87b5da9009ffd5208a4bda,fbdcd5b6e3a6d5f55d972a1f19178b453d753e3f9b3878c8074c1972eb0f68bd,73fde5df7372404a0b4700981b612c0ded5a2c3d5edaa3fc88d4fa2626c440b0,8b03a143c11e1df85f7916627011f95b6c4d33edea7b81e530abbd2a0801498f,4a2a0bee89a87bae9c98e35a480606171d570ccaa743355fa0d3639d68fee213,055cda0b265c98e7fccad08c1d5772132c101ad342230c7ae609fcd6f818fcdb,6a72169db012cf8c12aeecde573275e23205363608e60d4cde616a681fa08fcc,4fb61a5f38588633d7f462b2ef852457b07882162f1d26cada21fc731ece59e2
joint,M2,2022-08-26,1058,69,110,-1.317778274972229,0.8107015410651598,-0.014705882352941176,999,4008825789,0.001,63403,65,71,0c06b88fd09cd514745b699e6b6a7e12901db8d3247e42b582feaf1f7e91c04a,55416c987a2d25f9177dd974307ae595761c1db31ecaa9d7561fb6c42d4d5e7c,00d1e59ce78baffbf9d24361ac8ba16a1d577b22cb193e15596627259190ed07,11f4fe862570895441036964a9b308e92c2ee6ba8a87b5da9009ffd5208a4bda,fbdcd5b6e3a6d5f55d972a1f19178b453d753e3f9b3878c8074c1972eb0f68bd,73fde5df7372404a0b4700981b612c0ded5a2c3d5edaa3fc88d4fa2626c440b0,8b03a143c11e1df85f7916627011f95b6c4d33edea7b81e530abbd2a0801498f,4a2a0bee89a87bae9c98e35a480606171d570ccaa743355fa0d3639d68fee213,055cda0b265c98e7fccad08c1d5772132c101ad342230c7ae609fcd6f818fcdb,6a72169db012cf8c12aeecde573275e23205363608e60d4cde616a681fa08fcc,4fb61a5f38588633d7f462b2ef852457b07882162f1d26cada21fc731ece59e2
joint,M2,2022-09-03,1085,71,114,-1.2706766850164237,0.6060616110003016,-0.014285714285714285,999,785155104,0.001,63403,65,71,0c06b88fd09cd514745b699e6b6a7e12901db8d3247e42b582feaf1f7e91c04a,55416c987a2d25f9177dd974307ae595761c1db31ecaa9d7561fb6c42d4d5e7c,00d1e59ce78baffbf9d24361ac8ba16a1d577b22cb193e15596627259190ed07,11f4fe862570895441036964a9b308e92c2ee6ba8a87b5da9009ffd5208a4bda,fbdcd5b6e3a6d5f55d972a1f19178b453d753e3f9b3878c8074c1972eb0f68bd,73fde5df7372404a0b4700981b612c0ded5a2c3d5edaa3fc88d4fa2626c440b0,8b03a143c11e1df85f7916627011f95b6c4d33edea7b81e530abbd2a0801498f,4a2a0bee89a87bae9c98e35a480606171d570ccaa743355fa0d3639d68fee213,055cda0b265c98e7fccad08c1d5772132c101ad342230c7ae609fcd6f818fcdb,6a72169db012cf8c12aeecde573275e23205363608e60d4cde616a681fa08fcc,4fb61a5f38588633d7f462b2ef852457b07882162f1d26cada21fc731ece59e2
joint,M2,2022-09-27,1081,71,114,-4.004926612537015,0.5824297621925209,-0.014285714285714285,999,3737731522,0.001,63403,65,71,0c06b88fd09cd514745b699e6b6a7e12901db8d3247e42b582feaf1f7e91c04a,55416c987a2d25f9177dd974307ae595761c1db31ecaa9d7561fb6c42d4d5e7c,00d1e59ce78baffbf9d24361ac8ba16a1d577b22cb193e15596627259190ed07,11f4fe862570895441036964a9b308e92c2ee6ba8a87b5da9009ffd5208a4bda,fbdcd5b6e3a6d5f55d972a1f19178b453d753e3f9b3878c8074c1972eb0f68bd,73fde5df7372404a0b4700981b612c0ded5a2c3d5edaa3fc88d4fa2626c440b0,8b03a143c11e1df85f7916627011f95b6c4d33edea7b81e530abbd2a0801498f,4a2a0bee89a87bae9c98e35a480606171d570ccaa743355fa0d3639d68fee213,055cda0b265c98e7fccad08c1d5772132c101ad342230c7ae609fcd6f818fcdb,6a72169db012cf8c12aeecde573275e23205363608e60d4cde616a681fa08fcc,4fb61a5f38588633d7f462b2ef852457b07882162f1d26cada21fc731ece59e2
joint,M2,2022-10-05,921,59,91,-1.030625637751013,0.6857665707326385,-0.017241379310344827,999,451777487,0.001,63403,65,71,0c06b88fd09cd514745b699e6b6a7e12901db8d3247e42b582feaf1f7e91c04a,55416c987a2d25f9177dd974307ae595761c1db31ecaa9d7561fb6c42d4d5e7c,00d1e59ce78baffbf9d24361ac8ba16a1d577b22cb193e15596627259190ed07,11f4fe862570895441036964a9b308e92c2ee6ba8a87b5da9009ffd5208a4bda,fbdcd5b6e3a6d5f55d972a1f19178b453d753e3f9b3878c8074c1972eb0f68bd,73fde5df7372404a0b4700981b612c0ded5a2c3d5edaa3fc88d4fa2626c440b0,8b03a143c11e1df85f7916627011f95b6c4d33edea7b81e530abbd2a0801498f,4a2a0bee89a87bae9c98e35a480606171d570ccaa743355fa0d3639d68fee213,055cda0b265c98e7fccad08c1d5772132c101ad342230c7ae609fcd6f818fcdb,6a72169db012cf8c12aeecde573275e23205363608e60d4cde616a681fa08fcc,4fb61a5f38588633d7f462b2ef852457b07882162f1d26cada21fc731ece59e2
joint,M2,2022-10-21,701,63,95,0.552382719295589,0.32688752923816616,-0.016129032258064516,999,2202921286,0.001,63403,65,71,0c06b88fd09cd514745b699e6b6a7e12901db8d3247e42b582feaf1f7e91c04a,55416c987a2d25f9177dd974307ae595761c1db31ecaa9d7561fb6c42d4d5e7c,00d1e59ce78baffbf9d24361ac8ba16a1d577b22cb193e15596627259190ed07,11f4fe862570895441036964a9b308e92c2ee6ba8a87b5da9009ffd5208a4bda,fbdcd5b6e3a6d5f55d972a1f19178b453d753e3f9b3878c8074c1972eb0f68bd,73fde5df7372404a0b4700981b612c0ded5a2c3d5edaa3fc88d4fa2626c440b0,8b03a143c11e1df85f7916627011f95b6c4d33edea7b81e530abbd2a0801498f,4a2a0bee89a87bae9c98e35a480606171d570ccaa743355fa0d3639d68fee213,055cda0b265c98e7fccad08c1d5772132c101ad342230c7ae609fcd6f818fcdb,6a72169db012cf8c12aeecde573275e23205363608e60d4cde616a681fa08fcc,4fb61a5f38588633d7f462b2ef852457b07882162f1d26cada21fc731ece59e2
joint,M2,2022-10-29,969,67,106,1.2513660228739034,0.6249426521716218,-0.015151515151515152,999,501006934,0.001,63403,65,71,0c06b88fd09cd514745b699e6b6a7e12901db8d3247e42b582feaf1f7e91c04a,55416c987a2d25f9177dd974307ae595761c1db31ecaa9d7561fb6c42d4d5e7c,00d1e59ce78baffbf9d24361ac8ba16a1d577b22cb193e15596627259190ed07,11f4fe862570895441036964a9b308e92c2ee6ba8a87b5da9009ffd5208a4bda,fbdcd5b6e3a6d5f55d972a1f19178b453d753e3f9b3878c8074c1972eb0f68bd,73fde5df7372404a0b4700981b612c0ded5a2c3d5edaa3fc88d4fa2626c440b0,8b03a143c11e1df85f7916627011f95b6c4d33edea7b81e530abbd2a0801498f,4a2a0bee89a87bae9c98e35a480606171d570ccaa743355fa0d3639d68fee213,055cda0b265c98e7fccad08c1d5772132c101ad342230c7ae609fcd6f818fcdb,6a72169db012cf8c12aeecde573275e23205363608e60d4cde616a681fa08fcc,4fb61a5f38588633d7f462b2ef852457b07882162f1d26cada21fc731ece59e2
joint,M2,2023-05-17,788,52,78,2.191047446528013,0.5966185578542303,-0.0196078431372549,999,3474820554,0.001,63403,65,71,0c06b88fd09cd514745b699e6b6a7e12901db8d3247e42b582feaf1f7e91c04a,55416c987a2d25f9177dd974307ae595761c1db31ecaa9d7561fb6c42d4d5e7c,00d1e59ce78baffbf9d24361ac8ba16a1d577b22cb193e15596627259190ed07,11f4fe862570895441036964a9b308e92c2ee6ba8a87b5da9009ffd5208a4bda,fbdcd5b6e3a6d5f55d972a1f19178b453d753e3f9b3878c8074c1972eb0f68bd,73fde5df7372404a0b4700981b612c0ded5a2c3d5edaa3fc88d4fa2626c440b0,8b03a143c11e1df85f7916627011f95b6c4d33edea7b81e530abbd2a0801498f,4a2a0bee89a87bae9c98e35a480606171d570ccaa743355fa0d3639d68fee213,055cda0b265c98e7fccad08c1d5772132c101ad342230c7ae609fcd6f818fcdb,6a72169db012cf8c12aeecde573275e23205363608e60d4cde616a681fa08fcc,4fb61a5f38588633d7f462b2ef852457b07882162f1d26cada21fc731ece59e2
joint,M2,2023-06-26,1038,62,97,1.2056174025221393,0.44784943061634513,-0.01639344262295082,999,2670351366,0.001,63403,65,71,0c06b88fd09cd514745b699e6b6a7e12901db8d3247e42b582feaf1f7e91c04a,55416c987a2d25f9177dd974307ae595761c1db31ecaa9d7561fb6c42d4d5e7c,00d1e59ce78baffbf9d24361ac8ba16a1d577b22cb193e15596627259190ed07,11f4fe862570895441036964a9b308e92c2ee6ba8a87b5da9009ffd5208a4bda,fbdcd5b6e3a6d5f55d972a1f19178b453d753e3f9b3878c8074c1972eb0f68bd,73fde5df7372404a0b4700981b612c0ded5a2c3d5edaa3fc88d4fa2626c440b0,8b03a143c11e1df85f7916627011f95b6c4d33edea7b81e530abbd2a0801498f,4a2a0bee89a87bae9c98e35a480606171d570ccaa743355fa0d3639d68fee213,055cda0b265c98e7fccad08c1d5772132c101ad342230c7ae609fcd6f818fcdb,6a72169db012cf8c12aeecde573275e23205363608e60d4cde616a681fa08fcc,4fb61a5f38588633d7f462b2ef852457b07882162f1d26cada21fc731ece59e2
joint,M2,2023-07-04,1059,66,106,4.712682050154022,0.7354531867677526,-0.015384615384615385,999,3134139887,0.001,63403,65,71,0c06b88fd09cd514745b699e6b6a7e12901db8d3247e42b582feaf1f7e91c04a,55416c987a2d25f9177dd974307ae595761c1db31ecaa9d7561fb6c42d4d5e7c,00d1e59ce78baffbf9d24361ac8ba16a1d577b22cb193e15596627259190ed07,11f4fe862570895441036964a9b308e92c2ee6ba8a87b5da9009ffd5208a4bda,fbdcd5b6e3a6d5f55d972a1f19178b453d753e3f9b3878c8074c1972eb0f68bd,73fde5df7372404a0b4700981b612c0ded5a2c3d5edaa3fc88d4fa2626c440b0,8b03a143c11e1df85f7916627011f95b6c4d33edea7b81e530abbd2a0801498f,4a2a0bee89a87bae9c98e35a480606171d570ccaa743355fa0d3639d68fee213,055cda0b265c98e7fccad08c1d5772132c101ad342230c7ae609fcd6f818fcdb,6a72169db012cf8c12aeecde573275e23205363608e60d4cde616a681fa08fcc,4fb61a5f38588633d7f462b2ef852457b07882162f1d26cada21fc731ece59e2
joint,M2,2023-07-12,1060,69,110,-2.1109953326057402,0.576182529850063,-0.014705882352941176,999,4253726988,0.001,63403,65,71,0c06b88fd09cd514745b699e6b6a7e12901db8d3247e42b582feaf1f7e91c04a,55416c987a2d25f9177dd974307ae595761c1db31ecaa9d7561fb6c42d4d5e7c,00d1e59ce78baffbf9d24361ac8ba16a1d577b22cb193e15596627259190ed07,11f4fe862570895441036964a9b308e92c2ee6ba8a87b5da9009ffd5208a4bda,fbdcd5b6e3a6d5f55d972a1f19178b453d753e3f9b3878c8074c1972eb0f68bd,73fde5df7372404a0b4700981b612c0ded5a2c3d5edaa3fc88d4fa2626c440b0,8b03a143c11e1df85f7916627011f95b6c4d33edea7b81e530abbd2a0801498f,4a2a0bee89a87bae9c98e35a480606171d570ccaa743355fa0d3639d68fee213,055cda0b265c98e7fccad08c1d5772132c101ad342230c7ae609fcd6f818fcdb,6a72169db012cf8c12aeecde573275e23205363608e60d4cde616a681fa08fcc,4fb61a5f38588633d7f462b2ef852457b07882162f1d26cada21fc731ece59e2
joint,M2,2023-07-20,1072,69,110,0.04768296442795002,0.5785864828736789,-0.014705882352941176,999,3385780059,0.001,63403,65,71,0c06b88fd09cd514745b699e6b6a7e12901db8d3247e42b582feaf1f7e91c04a,55416c987a2d25f9177dd974307ae595761c1db31ecaa9d7561fb6c42d4d5e7c,00d1e59ce78baffbf9d24361ac8ba16a1d577b22cb193e15596627259190ed07,11f4fe862570895441036964a9b308e92c2ee6ba8a87b5da9009ffd5208a4bda,fbdcd5b6e3a6d5f55d972a1f19178b453d753e3f9b3878c8074c1972eb0f68bd,73fde5df7372404a0b4700981b612c0ded5a2c3d5edaa3fc88d4fa2626c440b0,8b03a143c11e1df85f7916627011f95b6c4d33edea7b81e530abbd2a0801498f,4a2a0bee89a87bae9c98e35a480606171d570ccaa743355fa0d3639d68fee213,055cda0b265c98e7fccad08c1d5772132c101ad342230c7ae609fcd6f818fcdb,6a72169db012cf8c12aeecde573275e23205363608e60d4cde616a681fa08fcc,4fb61a5f38588633d7f462b2ef852457b07882162f1d26cada21fc731ece59e2
joint,M2,2023-07-28,983,66,104,1.647684900762411,0.485419264195571,-0.015384615384615385,999,2434517936,0.001,63403,65,71,0c06b88fd09cd514745b699e6b6a7e12901db8d3247e42b582feaf1f7e91c04a,55416c987a2d25f9177dd974307ae595761c1db31ecaa9d7561fb6c42d4d5e7c,00d1e59ce78baffbf9d24361ac8ba16a1d577b22cb193e15596627259190ed07,11f4fe862570895441036964a9b308e92c2ee6ba8a87b5da9009ffd5208a4bda,fbdcd5b6e3a6d5f55d972a1f19178b453d753e3f9b3878c8074c1972eb0f68bd,73fde5df7372404a0b4700981b612c0ded5a2c3d5edaa3fc88d4fa2626c440b0,8b03a143c11e1df85f7916627011f95b6c4d33edea7b81e530abbd2a0801498f,4a2a0bee89a87bae9c98e35a480606171d570ccaa743355fa0d3639d68fee213,055cda0b265c98e7fccad08c1d5772132c101ad342230c7ae609fcd6f818fcdb,6a72169db012cf8c12aeecde573275e23205363608e60d4cde616a681fa08fcc,4fb61a5f38588633d7f462b2ef852457b07882162f1d26cada21fc731ece59e2
joint,M2,2023-08-05,1076,69,111,-1.354093530512608,0.6325624425036801,-0.014705882352941176,999,1180431261,0.001,63403,65,71,0c06b88fd09cd514745b699e6b6a7e12901db8d3247e42b582feaf1f7e91c04a,55416c987a2d25f9177dd974307ae595761c1db31ecaa9d7561fb6c42d4d5e7c,00d1e59ce78baffbf9d24361ac8ba16a1d577b22cb193e15596627259190ed07,11f4fe862570895441036964a9b308e92c2ee6ba8a87b5da9009ffd5208a4bda,fbdcd5b6e3a6d5f55d972a1f19178b453d753e3f9b3878c8074c1972eb0f68bd,73fde5df7372404a0b4700981b612c0ded5a2c3d5edaa3fc88d4fa2626c440b0,8b03a143c11e1df85f7916627011f95b6c4d33edea7b81e530abbd2a0801498f,4a2a0bee89a87bae9c98e35a480606171d570ccaa743355fa0d3639d68fee213,055cda0b265c98e7fccad08c1d5772132c101ad342230c7ae609fcd6f818fcdb,6a72169db012cf8c12aeecde573275e23205363608e60d4cde616a681fa08fcc,4fb61a5f38588633d7f462b2ef852457b07882162f1d26cada21fc731ece59e2
joint,M2,2023-08-13,1063,68,109,-1.8116155312132582,0.40194961860217254,-0.014925373134328358,999,1648435705,0.001,63403,65,71,0c06b88fd09cd514745b699e6b6a7e12901db8d3247e42b582feaf1f7e91c04a,55416c987a2d25f9177dd974307ae595761c1db31ecaa9d7561fb6c42d4d5e7c,00d1e59ce78baffbf9d24361ac8ba16a1d577b22cb193e15596627259190ed07,11f4fe862570895441036964a9b308e92c2ee6ba8a87b5da9009ffd5208a4bda,fbdcd5b6e3a6d5f55d972a1f19178b453d753e3f9b3878c8074c1972eb0f68bd,73fde5df7372404a0b4700981b612c0ded5a2c3d5edaa3fc88d4fa2626c440b0,8b03a143c11e1df85f7916627011f95b6c4d33edea7b81e530abbd2a0801498f,4a2a0bee89a87bae9c98e35a480606171d570ccaa743355fa0d3639d68fee213,055cda0b265c98e7fccad08c1d5772132c101ad342230c7ae609fcd6f818fcdb,6a72169db012cf8c12aeecde573275e23205363608e60d4cde616a681fa08fcc,4fb61a5f38588633d7f462b2ef852457b07882162f1d26cada21fc731ece59e2
joint,M2,2023-08-29,1088,71,114,2.5962693330276965,0.5487567875660925,-0.014285714285714285,999,3477968978,0.001,63403,65,71,0c06b88fd09cd514745b699e6b6a7e12901db8d3247e42b582feaf1f7e91c04a,55416c987a2d25f9177dd974307ae595761c1db31ecaa9d7561fb6c42d4d5e7c,00d1e59ce78baffbf9d24361ac8ba16a1d577b22cb193e15596627259190ed07,11f4fe862570895441036964a9b308e92c2ee6ba8a87b5da9009ffd5208a4bda,fbdcd5b6e3a6d5f55d972a1f19178b453d753e3f9b3878c8074c1972eb0f68bd,73fde5df7372404a0b4700981b612c0ded5a2c3d5edaa3fc88d4fa2626c440b0,8b03a143c11e1df85f7916627011f95b6c4d33edea7b81e530abbd2a0801498f,4a2a0bee89a87bae9c98e35a480606171d570ccaa743355fa0d3639d68fee213,055cda0b265c98e7fccad08c1d5772132c101ad342230c7ae609fcd6f818fcdb,6a72169db012cf8c12aeecde573275e23205363608e60d4cde616a681fa08fcc,4fb61a5f38588633d7f462b2ef852457b07882162f1d26cada21fc731ece59e2
joint,M2,2023-09-14,634,53,77,0.3517981893930085,0.5050208543360198,-0.019230769230769232,999,2409708321,0.001,63403,65,71,0c06b88fd09cd514745b699e6b6a7e12901db8d3247e42b582feaf1f7e91c04a,55416c987a2d25f9177dd974307ae595761c1db31ecaa9d7561fb6c42d4d5e7c,00d1e59ce78baffbf9d24361ac8ba16a1d577b22cb193e15596627259190ed07,11f4fe862570895441036964a9b308e92c2ee6ba8a87b5da9009ffd5208a4bda,fbdcd5b6e3a6d5f55d972a1f19178b453d753e3f9b3878c8074c1972eb0f68bd,73fde5df7372404a0b4700981b612c0ded5a2c3d5edaa3fc88d4fa2626c440b0,8b03a143c11e1df85f7916627011f95b6c4d33edea7b81e530abbd2a0801498f,4a2a0bee89a87bae9c98e35a480606171d570ccaa743355fa0d3639d68fee213,055cda0b265c98e7fccad08c1d5772132c101ad342230c7ae609fcd6f818fcdb,6a72169db012cf8c12aeecde573275e23205363608e60d4cde616a681fa08fcc,4fb61a5f38588633d7f462b2ef852457b07882162f1d26cada21fc731ece59e2
joint,M2,2023-09-22,707,54,80,2.819148398590121,0.49554243761407596,-0.018867924528301886,999,4004703858,0.001,63403,65,71,0c06b88fd09cd514745b699e6b6a7e12901db8d3247e42b582feaf1f7e91c04a,55416c987a2d25f9177dd974307ae595761c1db31ecaa9d7561fb6c42d4d5e7c,00d1e59ce78baffbf9d24361ac8ba16a1d577b22cb193e15596627259190ed07,11f4fe862570895441036964a9b308e92c2ee6ba8a87b5da9009ffd5208a4bda,fbdcd5b6e3a6d5f55d972a1f19178b453d753e3f9b3878c8074c1972eb0f68bd,73fde5df7372404a0b4700981b612c0ded5a2c3d5edaa3fc88d4fa2626c440b0,8b03a143c11e1df85f7916627011f95b6c4d33edea7b81e530abbd2a0801498f,4a2a0bee89a87bae9c98e35a480606171d570ccaa743355fa0d3639d68fee213,055cda0b265c98e7fccad08c1d5772132c101ad342230c7ae609fcd6f818fcdb,6a72169db012cf8c12aeecde573275e23205363608e60d4cde616a681fa08fcc,4fb61a5f38588633d7f462b2ef852457b07882162f1d26cada21fc731ece59e2
joint,M2,2023-10-08,952,61,95,-0.4023384764216218,0.3753836351579279,-0.016666666666666666,999,2179898531,0.001,63403,65,71,0c06b88fd09cd514745b699e6b6a7e12901db8d3247e42b582feaf1f7e91c04a,55416c987a2d25f9177dd974307ae595761c1db31ecaa9d7561fb6c42d4d5e7c,00d1e59ce78baffbf9d24361ac8ba16a1d577b22cb193e15596627259190ed07,11f4fe862570895441036964a9b308e92c2ee6ba8a87b5da9009ffd5208a4bda,fbdcd5b6e3a6d5f55d972a1f19178b453d753e3f9b3878c8074c1972eb0f68bd,73fde5df7372404a0b4700981b612c0ded5a2c3d5edaa3fc88d4fa2626c440b0,8b03a143c11e1df85f7916627011f95b6c4d33edea7b81e530abbd2a0801498f,4a2a0bee89a87bae9c98e35a480606171d570ccaa743355fa0d3639d68fee213,055cda0b265c98e7fccad08c1d5772132c101ad342230c7ae609fcd6f818fcdb,6a72169db012cf8c12aeecde573275e23205363608e60d4cde616a681fa08fcc,4fb61a5f38588633d7f462b2ef852457b07882162f1d26cada21fc731ece59e2
joint,M2,2023-10-16,936,62,96,-2.079432347608302,0.5621282246789728,-0.01639344262295082,999,3868317663,0.001,63403,65,71,0c06b88fd09cd514745b699e6b6a7e12901db8d3247e42b582feaf1f7e91c04a,55416c987a2d25f9177dd974307ae595761c1db31ecaa9d7561fb6c42d4d5e7c,00d1e59ce78baffbf9d24361ac8ba16a1d577b22cb193e15596627259190ed07,11f4fe862570895441036964a9b308e92c2ee6ba8a87b5da9009ffd5208a4bda,fbdcd5b6e3a6d5f55d972a1f19178b453d753e3f9b3878c8074c1972eb0f68bd,73fde5df7372404a0b4700981b612c0ded5a2c3d5edaa3fc88d4fa2626c440b0,8b03a143c11e1df85f7916627011f95b6c4d33edea7b81e530abbd2a0801498f,4a2a0bee89a87bae9c98e35a480606171d570ccaa743355fa0d3639d68fee213,055cda0b265c98e7fccad08c1d5772132c101ad342230c7ae609fcd6f818fcdb,6a72169db012cf8c12aeecde573275e23205363608e60d4cde616a681fa08fcc,4fb61a5f38588633d7f462b2ef852457b07882162f1d26cada21fc731ece59e2
joint,M2,2023-10-24,699,51,82,0.7790875857263782,0.529536497988296,-0.02,999,264352480,0.001,63403,65,71,0c06b88fd09cd514745b699e6b6a7e12901db8d3247e42b582feaf1f7e91c04a,55416c987a2d25f9177dd974307ae595761c1db31ecaa9d7561fb6c42d4d5e7c,00d1e59ce78baffbf9d24361ac8ba16a1d577b22cb193e15596627259190ed07,11f4fe862570895441036964a9b308e92c2ee6ba8a87b5da9009ffd5208a4bda,fbdcd5b6e3a6d5f55d972a1f19178b453d753e3f9b3878c8074c1972eb0f68bd,73fde5df7372404a0b4700981b612c0ded5a2c3d5edaa3fc88d4fa2626c440b0,8b03a143c11e1df85f7916627011f95b6c4d33edea7b81e530abbd2a0801498f,4a2a0bee89a87bae9c98e35a480606171d570ccaa743355fa0d3639d68fee213,055cda0b265c98e7fccad08c1d5772132c101ad342230c7ae609fcd6f818fcdb,6a72169db012cf8c12aeecde573275e23205363608e60d4cde616a681fa08fcc,4fb61a5f38588633d7f462b2ef852457b07882162f1d26cada21fc731ece59e2
joint,M2,2024-05-11,861,55,84,0.7479492232236601,0.6938682403395162,-0.018518518518518517,999,3422189163,0.001,63403,65,71,0c06b88fd09cd514745b699e6b6a7e12901db8d3247e42b582feaf1f7e91c04a,55416c987a2d25f9177dd974307ae595761c1db31ecaa9d7561fb6c42d4d5e7c,00d1e59ce78baffbf9d24361ac8ba16a1d577b22cb193e15596627259190ed07,11f4fe862570895441036964a9b308e92c2ee6ba8a87b5da9009ffd5208a4bda,fbdcd5b6e3a6d5f55d972a1f19178b453d753e3f9b3878c8074c1972eb0f68bd,73fde5df7372404a0b4700981b612c0ded5a2c3d5edaa3fc88d4fa2626c440b0,8b03a143c11e1df85f7916627011f95b6c4d33edea7b81e530abbd2a0801498f,4a2a0bee89a87bae9c98e35a480606171d570ccaa743355fa0d3639d68fee213,055cda0b265c98e7fccad08c1d5772132c101ad342230c7ae609fcd6f818fcdb,6a72169db012cf8c12aeecde573275e23205363608e60d4cde616a681fa08fcc,4fb61a5f38588633d7f462b2ef852457b07882162f1d26cada21fc731ece59e2
joint,M2,2024-05-27,680,46,70,1.8002816887870414,0.48316088841850086,-0.022222222222222223,999,1502253358,0.001,63403,65,71,0c06b88fd09cd514745b699e6b6a7e12901db8d3247e42b582feaf1f7e91c04a,55416c987a2d25f9177dd974307ae595761c1db31ecaa9d7561fb6c42d4d5e7c,00d1e59ce78baffbf9d24361ac8ba16a1d577b22cb193e15596627259190ed07,11f4fe862570895441036964a9b308e92c2ee6ba8a87b5da9009ffd5208a4bda,fbdcd5b6e3a6d5f55d972a1f19178b453d753e3f9b3878c8074c1972eb0f68bd,73fde5df7372404a0b4700981b612c0ded5a2c3d5edaa3fc88d4fa2626c440b0,8b03a143c11e1df85f7916627011f95b6c4d33edea7b81e530abbd2a0801498f,4a2a0bee89a87bae9c98e35a480606171d570ccaa743355fa0d3639d68fee213,055cda0b265c98e7fccad08c1d5772132c101ad342230c7ae609fcd6f818fcdb,6a72169db012cf8c12aeecde573275e23205363608e60d4cde616a681fa08fcc,4fb61a5f38588633d7f462b2ef852457b07882162f1d26cada21fc731ece59e2
joint,M2,2024-06-20,1050,65,102,0.08597502086485495,0.19292769492563158,-0.015625,999,2161228777,0.02,63403,65,71,0c06b88fd09cd514745b699e6b6a7e12901db8d3247e42b582feaf1f7e91c04a,55416c987a2d25f9177dd974307ae595761c1db31ecaa9d7561fb6c42d4d5e7c,00d1e59ce78baffbf9d24361ac8ba16a1d577b22cb193e15596627259190ed07,11f4fe862570895441036964a9b308e92c2ee6ba8a87b5da9009ffd5208a4bda,fbdcd5b6e3a6d5f55d972a1f19178b453d753e3f9b3878c8074c1972eb0f68bd,73fde5df7372404a0b4700981b612c0ded5a2c3d5edaa3fc88d4fa2626c440b0,8b03a143c11e1df85f7916627011f95b6c4d33edea7b81e530abbd2a0801498f,4a2a0bee89a87bae9c98e35a480606171d570ccaa743355fa0d3639d68fee213,055cda0b265c98e7fccad08c1d5772132c101ad342230c7ae609fcd6f818fcdb,6a72169db012cf8c12aeecde573275e23205363608e60d4cde616a681fa08fcc,4fb61a5f38588633d7f462b2ef852457b07882162f1d26cada21fc731ece59e2
joint,M2,2024-06-28,1060,69,111,0.2503386713215306,0.5148542375837369,-0.014705882352941176,999,3786170937,0.001,63403,65,71,0c06b88fd09cd514745b699e6b6a7e12901db8d3247e42b582feaf1f7e91c04a,55416c987a2d25f9177dd974307ae595761c1db31ecaa9d7561fb6c42d4d5e7c,00d1e59ce78baffbf9d24361ac8ba16a1d577b22cb193e15596627259190ed07,11f4fe862570895441036964a9b308e92c2ee6ba8a87b5da9009ffd5208a4bda,fbdcd5b6e3a6d5f55d972a1f19178b453d753e3f9b3878c8074c1972eb0f68bd,73fde5df7372404a0b4700981b612c0ded5a2c3d5edaa3fc88d4fa2626c440b0,8b03a143c11e1df85f7916627011f95b6c4d33edea7b81e530abbd2a0801498f,4a2a0bee89a87bae9c98e35a480606171d570ccaa743355fa0d3639d68fee213,055cda0b265c98e7fccad08c1d5772132c101ad342230c7ae609fcd6f818fcdb,6a72169db012cf8c12aeecde573275e23205363608e60d4cde616a681fa08fcc,4fb61a5f38588633d7f462b2ef852457b07882162f1d26cada21fc731ece59e2
joint,M2,2024-07-14,592,47,66,6.301639825777191,0.5742615464048014,-0.021739130434782608,999,2331187050,0.001,63403,65,71,0c06b88fd09cd514745b699e6b6a7e12901db8d3247e42b582feaf1f7e91c04a,55416c987a2d25f9177dd974307ae595761c1db31ecaa9d7561fb6c42d4d5e7c,00d1e59ce78baffbf9d24361ac8ba16a1d577b22cb193e15596627259190ed07,11f4fe862570895441036964a9b308e92c2ee6ba8a87b5da9009ffd5208a4bda,fbdcd5b6e3a6d5f55d972a1f19178b453d753e3f9b3878c8074c1972eb0f68bd,73fde5df7372404a0b4700981b612c0ded5a2c3d5edaa3fc88d4fa2626c440b0,8b03a143c11e1df85f7916627011f95b6c4d33edea7b81e530abbd2a0801498f,4a2a0bee89a87bae9c98e35a480606171d570ccaa743355fa0d3639d68fee213,055cda0b265c98e7fccad08c1d5772132c101ad342230c7ae609fcd6f818fcdb,6a72169db012cf8c12aeecde573275e23205363608e60d4cde616a681fa08fcc,4fb61a5f38588633d7f462b2ef852457b07882162f1d26cada21fc731ece59e2
joint,M2,2024-07-22,976,67,105,-0.9155974030107602,0.519619995862311,-0.015151515151515152,999,2323181407,0.001,63403,65,71,0c06b88fd09cd514745b699e6b6a7e12901db8d3247e42b582feaf1f7e91c04a,55416c987a2d25f9177dd974307ae595761c1db31ecaa9d7561fb6c42d4d5e7c,00d1e59ce78baffbf9d24361ac8ba16a1d577b22cb193e15596627259190ed07,11f4fe862570895441036964a9b308e92c2ee6ba8a87b5da9009ffd5208a4bda,fbdcd5b6e3a6d5f55d972a1f19178b453d753e3f9b3878c8074c1972eb0f68bd,73fde5df7372404a0b4700981b612c0ded5a2c3d5edaa3fc88d4fa2626c440b0,8b03a143c11e1df85f7916627011f95b6c4d33edea7b81e530abbd2a0801498f,4a2a0bee89a87bae9c98e35a480606171d570ccaa743355fa0d3639d68fee213,055cda0b265c98e7fccad08c1d5772132c101ad342230c7ae609fcd6f818fcdb,6a72169db012cf8c12aeecde573275e23205363608e60d4cde616a681fa08fcc,4fb61a5f38588633d7f462b2ef852457b07882162f1d26cada21fc731ece59e2
joint,M2,2024-07-30,1064,69,110,0.9636495217035133,0.575017986647105,-0.014705882352941176,999,4210858510,0.001,63403,65,71,0c06b88fd09cd514745b699e6b6a7e12901db8d3247e42b582feaf1f7e91c04a,55416c987a2d25f9177dd974307ae595761c1db31ecaa9d7561fb6c42d4d5e7c,00d1e59ce78baffbf9d24361ac8ba16a1d577b22cb193e15596627259190ed07,11f4fe862570895441036964a9b308e92c2ee6ba8a87b5da9009ffd5208a4bda,fbdcd5b6e3a6d5f55d972a1f19178b453d753e3f9b3878c8074c1972eb0f68bd,73fde5df7372404a0b4700981b612c0ded5a2c3d5edaa3fc88d4fa2626c440b0,8b03a143c11e1df85f7916627011f95b6c4d33edea7b81e530abbd2a0801498f,4a2a0bee89a87bae9c98e35a480606171d570ccaa743355fa0d3639d68fee213,055cda0b265c98e7fccad08c1d5772132c101ad342230c7ae609fcd6f818fcdb,6a72169db012cf8c12aeecde573275e23205363608e60d4cde616a681fa08fcc,4fb61a5f38588633d7f462b2ef852457b07882162f1d26cada21fc731ece59e2
joint,M2,2024-08-07,849,67,104,2.70438551019951,0.5822586874028813,-0.015151515151515152,999,1952186430,0.001,63403,65,71,0c06b88fd09cd514745b699e6b6a7e12901db8d3247e42b582feaf1f7e91c04a,55416c987a2d25f9177dd974307ae595761c1db31ecaa9d7561fb6c42d4d5e7c,00d1e59ce78baffbf9d24361ac8ba16a1d577b22cb193e15596627259190ed07,11f4fe862570895441036964a9b308e92c2ee6ba8a87b5da9009ffd5208a4bda,fbdcd5b6e3a6d5f55d972a1f19178b453d753e3f9b3878c8074c1972eb0f68bd,73fde5df7372404a0b4700981b612c0ded5a2c3d5edaa3fc88d4fa2626c440b0,8b03a143c11e1df85f7916627011f95b6c4d33edea7b81e530abbd2a0801498f,4a2a0bee89a87bae9c98e35a480606171d570ccaa743355fa0d3639d68fee213,055cda0b265c98e7fccad08c1d5772132c101ad342230c7ae609fcd6f818fcdb,6a72169db012cf8c12aeecde573275e23205363608e60d4cde616a681fa08fcc,4fb61a5f38588633d7f462b2ef852457b07882162f1d26cada21fc731ece59e2
joint,M2,2024-08-15,1083,71,114,0.4736531020059826,0.5608007722527836,-0.014285714285714285,999,2495426697,0.001,63403,65,71,0c06b88fd09cd514745b699e6b6a7e12901db8d3247e42b582feaf1f7e91c04a,55416c987a2d25f9177dd974307ae595761c1db31ecaa9d7561fb6c42d4d5e7c,00d1e59ce78baffbf9d24361ac8ba16a1d577b22cb193e15596627259190ed07,11f4fe862570895441036964a9b308e92c2ee6ba8a87b5da9009ffd5208a4bda,fbdcd5b6e3a6d5f55d972a1f19178b453d753e3f9b3878c8074c1972eb0f68bd,73fde5df7372404a0b4700981b612c0ded5a2c3d5edaa3fc88d4fa2626c440b0,8b03a143c11e1df85f7916627011f95b6c4d33edea7b81e530abbd2a0801498f,4a2a0bee89a87bae9c98e35a480606171d570ccaa743355fa0d3639d68fee213,055cda0b265c98e7fccad08c1d5772132c101ad342230c7ae609fcd6f818fcdb,6a72169db012cf8c12aeecde573275e23205363608e60d4cde616a681fa08fcc,4fb61a5f38588633d7f462b2ef852457b07882162f1d26cada21fc731ece59e2
joint,M2,2024-08-23,1041,70,112,2.861776191971593,0.8492845261594804,-0.014492753623188406,999,1628206736,0.001,63403,65,71,0c06b88fd09cd514745b699e6b6a7e12901db8d3247e42b582feaf1f7e91c04a,55416c987a2d25f9177dd974307ae595761c1db31ecaa9d7561fb6c42d4d5e7c,00d1e59ce78baffbf9d24361ac8ba16a1d577b22cb193e15596627259190ed07,11f4fe862570895441036964a9b308e92c2ee6ba8a87b5da9009ffd5208a4bda,fbdcd5b6e3a6d5f55d972a1f19178b453d753e3f9b3878c8074c1972eb0f68bd,73fde5df7372404a0b4700981b612c0ded5a2c3d5edaa3fc88d4fa2626c440b0,8b03a143c11e1df85f7916627011f95b6c4d33edea7b81e530abbd2a0801498f,4a2a0bee89a87bae9c98e35a480606171d570ccaa743355fa0d3639d68fee213,055cda0b265c98e7fccad08c1d5772132c101ad342230c7ae609fcd6f818fcdb,6a72169db012cf8c12aeecde573275e23205363608e60d4cde616a681fa08fcc,4fb61a5f38588633d7f462b2ef852457b07882162f1d26cada21fc731ece59e2
joint,M2,2024-08-31,1048,66,106,0.6206827316854977,0.6759418827914765,-0.015384615384615385,999,1551556392,0.001,63403,65,71,0c06b88fd09cd514745b699e6b6a7e12901db8d3247e42b582feaf1f7e91c04a,55416c987a2d25f9177dd974307ae595761c1db31ecaa9d7561fb6c42d4d5e7c,00d1e59ce78baffbf9d24361ac8ba16a1d577b22cb193e15596627259190ed07,11f4fe862570895441036964a9b308e92c2ee6ba8a87b5da9009ffd5208a4bda,fbdcd5b6e3a6d5f55d972a1f19178b453d753e3f9b3878c8074c1972eb0f68bd,73fde5df7372404a0b4700981b612c0ded5a2c3d5edaa3fc88d4fa2626c440b0,8b03a143c11e1df85f7916627011f95b6c4d33edea7b81e530abbd2a0801498f,4a2a0bee89a87bae9c98e35a480606171d570ccaa743355fa0d3639d68fee213,055cda0b265c98e7fccad08c1d5772132c101ad342230c7ae609fcd6f818fcdb,6a72169db012cf8c12aeecde573275e23205363608e60d4cde616a681fa08fcc,4fb61a5f38588633d7f462b2ef852457b07882162f1d26cada21fc731ece59e2
joint,M2,2024-09-08,1087,71,114,-4.924541164514583,0.4753520469036476,-0.014285714285714285,999,973550029,0.001,63403,65,71,0c06b88fd09cd514745b699e6b6a7e12901db8d3247e42b582feaf1f7e91c04a,55416c987a2d25f9177dd974307ae595761c1db31ecaa9d7561fb6c42d4d5e7c,00d1e59ce78baffbf9d24361ac8ba16a1d577b22cb193e15596627259190ed07,11f4fe862570895441036964a9b308e92c2ee6ba8a87b5da9009ffd5208a4bda,fbdcd5b6e3a6d5f55d972a1f19178b453d753e3f9b3878c8074c1972eb0f68bd,73fde5df7372404a0b4700981b612c0ded5a2c3d5edaa3fc88d4fa2626c440b0,8b03a143c11e1df85f7916627011f95b6c4d33edea7b81e530abbd2a0801498f,4a2a0bee89a87bae9c98e35a480606171d570ccaa743355fa0d3639d68fee213,055cda0b265c98e7fccad08c1d5772132c101ad342230c7ae609fcd6f818fcdb,6a72169db012cf8c12aeecde573275e23205363608e60d4cde616a681fa08fcc,4fb61a5f38588633d7f462b2ef852457b07882162f1d26cada21fc731ece59e2
joint,M2,2024-09-24,641,50,73,2.6850449002232235,0.6182650902863814,-0.02040816326530612,999,1614194157,0.001,63403,65,71,0c06b88fd09cd514745b699e6b6a7e12901db8d3247e42b582feaf1f7e91c04a,55416c987a2d25f9177dd974307ae595761c1db31ecaa9d7561fb6c42d4d5e7c,00d1e59ce78baffbf9d24361ac8ba16a1d577b22cb193e15596627259190ed07,11f4fe862570895441036964a9b308e92c2ee6ba8a87b5da9009ffd5208a4bda,fbdcd5b6e3a6d5f55d972a1f19178b453d753e3f9b3878c8074c1972eb0f68bd,73fde5df7372404a0b4700981b612c0ded5a2c3d5edaa3fc88d4fa2626c440b0,8b03a143c11e1df85f7916627011f95b6c4d33edea7b81e530abbd2a0801498f,4a2a0bee89a87bae9c98e35a480606171d570ccaa743355fa0d3639d68fee213,055cda0b265c98e7fccad08c1d5772132c101ad342230c7ae609fcd6f818fcdb,6a72169db012cf8c12aeecde573275e23205363608e60d4cde616a681fa08fcc,4fb61a5f38588633d7f462b2ef852457b07882162f1d26cada21fc731ece59e2
joint,M2,2024-10-02,1001,63,100,-0.3663151577057376,0.5165076520907377,-0.016129032258064516,999,4293460684,0.001,63403,65,71,0c06b88fd09cd514745b699e6b6a7e12901db8d3247e42b582feaf1f7e91c04a,55416c987a2d25f9177dd974307ae595761c1db31ecaa9d7561fb6c42d4d5e7c,00d1e59ce78baffbf9d24361ac8ba16a1d577b22cb193e15596627259190ed07,11f4fe862570895441036964a9b308e92c2ee6ba8a87b5da9009ffd5208a4bda,fbdcd5b6e3a6d5f55d972a1f19178b453d753e3f9b3878c8074c1972eb0f68bd,73fde5df7372404a0b4700981b612c0ded5a2c3d5edaa3fc88d4fa2626c440b0,8b03a143c11e1df85f7916627011f95b6c4d33edea7b81e530abbd2a0801498f,4a2a0bee89a87bae9c98e35a480606171d570ccaa743355fa0d3639d68fee213,055cda0b265c98e7fccad08c1d5772132c101ad342230c7ae609fcd6f818fcdb,6a72169db012cf8c12aeecde573275e23205363608e60d4cde616a681fa08fcc,4fb61a5f38588633d7f462b2ef852457b07882162f1d26cada21fc731ece59e2
joint,M2,2024-10-10,870,58,88,1.629836880336381,0.6555466717341468,-0.017543859649122806,999,3619523665,0.001,63403,65,71,0c06b88fd09cd514745b699e6b6a7e12901db8d3247e42b582feaf1f7e91c04a,55416c987a2d25f9177dd974307ae595761c1db31ecaa9d7561fb6c42d4d5e7c,00d1e59ce78baffbf9d24361ac8ba16a1d577b22cb193e15596627259190ed07,11f4fe862570895441036964a9b308e92c2ee6ba8a87b5da9009ffd5208a4bda,fbdcd5b6e3a6d5f55d972a1f19178b453d753e3f9b3878c8074c1972eb0f68bd,73fde5df7372404a0b4700981b612c0ded5a2c3d5edaa3fc88d4fa2626c440b0,8b03a143c11e1df85f7916627011f95b6c4d33edea7b81e530abbd2a0801498f,4a2a0bee89a87bae9c98e35a480606171d570ccaa743355fa0d3639d68fee213,055cda0b265c98e7fccad08c1d5772132c101ad342230c7ae609fcd6f818fcdb,6a72169db012cf8c12aeecde573275e23205363608e60d4cde616a681fa08fcc,4fb61a5f38588633d7f462b2ef852457b07882162f1d26cada21fc731ece59e2
joint,M2,2024-10-18,1091,71,114,2.4174149365661357,0.8707792725739025,-0.014285714285714285,999,3106339094,0.001,63403,65,71,0c06b88fd09cd514745b699e6b6a7e12901db8d3247e42b582feaf1f7e91c04a,55416c987a2d25f9177dd974307ae595761c1db31ecaa9d7561fb6c42d4d5e7c,00d1e59ce78baffbf9d24361ac8ba16a1d577b22cb193e15596627259190ed07,11f4fe862570895441036964a9b308e92c2ee6ba8a87b5da9009ffd5208a4bda,fbdcd5b6e3a6d5f55d972a1f19178b453d753e3f9b3878c8074c1972eb0f68bd,73fde5df7372404a0b4700981b612c0ded5a2c3d5edaa3fc88d4fa2626c440b0,8b03a143c11e1df85f7916627011f95b6c4d33edea7b81e530abbd2a0801498f,4a2a0bee89a87bae9c98e35a480606171d570ccaa743355fa0d3639d68fee213,055cda0b265c98e7fccad08c1d5772132c101ad342230c7ae609fcd6f818fcdb,6a72169db012cf8c12aeecde573275e23205363608e60d4cde616a681fa08fcc,4fb61a5f38588633d7f462b2ef852457b07882162f1d26cada21fc731ece59e2
